epoch,step,train_loss,val_loss,val_mae,val_rmse
0,4,3.0289151668548584,,,
0,9,2.336487293243408,,,
0,14,1.0810214281082153,,,
0,19,2.0809621810913086,,,
0,24,0.8952091336250305,,,
0,29,0.704795241355896,,,
0,34,0.4447892904281616,,,
0,39,0.2624053955078125,,,
0,44,0.180056631565094,,,
0,49,0.056283239275217056,,,
0,54,0.06051404029130936,,,
0,59,0.028608419001102448,,,
0,64,-0.016509462147951126,,,
0,69,0.31836357712745667,,,
0,74,-0.047530852258205414,,,
0,79,0.129542276263237,,,
0,84,-0.03731030225753784,,,
0,89,0.009371472522616386,,,
0,94,0.17791487276554108,,,
0,99,0.0032157786190509796,,,
0,104,-0.029600415378808975,,,
0,109,0.027115676552057266,,,
0,114,-0.02743806317448616,,,
0,119,0.06307335197925568,,,
0,124,0.021181490272283554,,,
0,129,0.18766172230243683,,,
0,134,-0.01124475710093975,,,
0,139,0.05253045633435249,,,
0,144,0.03703692555427551,,,
0,149,0.022968733683228493,,,
0,154,0.06880122423171997,,,
0,159,-0.06285157054662704,,,
0,164,-0.016739677637815475,,,
0,169,-0.012681334279477596,,,
0,174,-0.01579669676721096,,,
0,179,0.08462457358837128,,,
0,184,-0.03131148964166641,,,
0,189,1.288068413734436,,,
0,194,0.1685790866613388,,,
0,199,-0.03193050995469093,,,
0,204,-0.034485772252082825,,,
0,209,0.031785618513822556,,,
0,214,-0.053791120648384094,,,
0,219,0.07800791412591934,,,
0,224,0.07961073517799377,,,
0,229,-0.018571248278021812,,,
0,234,-0.06467703729867935,,,
0,239,0.018091298639774323,,,
0,244,0.005654709413647652,,,
0,249,1.3796203136444092,,,
0,254,-0.09050725400447845,,,
0,259,-0.042566876858472824,,,
0,264,0.011390527710318565,,,
0,269,-0.0336814783513546,,,
0,274,-0.012956786900758743,,,
0,279,-0.03662659972906113,,,
0,284,-0.04340372234582901,,,
0,289,-0.03586285561323166,,,
0,294,-0.02200288139283657,,,
0,299,0.11087481677532196,,,
0,304,-0.053595975041389465,,,
0,309,0.01388462819159031,,,
0,314,-0.014315132051706314,,,
0,319,-0.024603910744190216,,,
0,324,0.01421046257019043,,,
0,329,-0.07992859184741974,,,
0,334,-0.008381184190511703,,,
0,339,-0.02669553831219673,,,
0,344,-0.047524869441986084,,,
0,349,-0.07670986652374268,,,
0,354,-0.018125291913747787,,,
0,359,-0.06079905852675438,,,
0,364,-0.007357181515544653,,,
0,369,-0.08492865413427353,,,
0,374,0.08150040358304977,,,
0,379,-0.0446254163980484,,,
0,384,-0.07882922887802124,,,
0,389,-0.09501722455024719,,,
0,394,-0.0902634859085083,,,
0,399,-0.021120937541127205,,,
0,404,-0.04216505214571953,,,
0,409,-0.0835646241903305,,,
0,414,-0.0566420704126358,,,
0,419,-0.075232595205307,,,
0,424,-0.036300815641880035,,,
0,429,-0.03597143292427063,,,
0,434,-0.0029395902529358864,,,
0,439,-0.04971439763903618,,,
0,444,-0.032320618629455566,,,
0,449,-0.003912508487701416,,,
0,454,-0.06693266332149506,,,
0,459,-0.04801123961806297,,,
0,464,-0.12204094231128693,,,
0,469,-0.055421046912670135,,,
0,474,-0.07049652934074402,,,
0,479,-0.0720149576663971,,,
0,484,-0.08792803436517715,,,
0,489,-0.045417144894599915,,,
0,494,-0.011296486482024193,,,
0,499,-0.05367296189069748,,,
0,504,-0.07109848409891129,,,
0,509,-0.05921469256281853,,,
0,514,0.014918200671672821,,,
0,519,-0.0976092517375946,,,
0,524,-0.07483029365539551,,,
0,529,-0.10395094752311707,,,
0,534,-0.00549653172492981,,,
0,539,-0.05082884430885315,,,
0,544,-0.021437235176563263,,,
0,549,-0.05634041875600815,,,
0,554,-0.08909951150417328,,,
0,559,-0.0894571840763092,,,
0,564,-0.022266458719968796,,,
0,569,-0.1137891486287117,,,
0,574,-0.02503567934036255,,,
0,579,-0.0333930179476738,,,
0,584,-0.07414678484201431,,,
0,589,-0.04045800119638443,,,
0,594,-0.041798535734415054,,,
0,599,0.009596371091902256,,,
0,604,0.0018046116456389427,,,
0,609,0.0010537393391132355,,,
0,614,0.019590280950069427,,,
0,619,-0.09918472170829773,,,
0,624,-0.04408379644155502,,,
0,629,-0.08035584539175034,,,
0,634,-0.03640134632587433,,,
0,639,0.021272335201501846,,,
0,644,-0.07889163494110107,,,
0,649,-0.07901366800069809,,,
0,654,-0.024685803800821304,,,
0,659,-0.05560474842786789,,,
0,664,-0.033204928040504456,,,
0,669,-0.0800994336605072,,,
0,674,-0.07557091116905212,,,
0,679,-0.012331238947808743,,,
0,684,-0.06382004171609879,,,
0,689,-0.0767417699098587,,,
0,694,-0.0774105042219162,,,
0,699,0.0002296827733516693,,,
0,704,-0.024367010220885277,,,
0,709,-0.0825929343700409,,,
0,714,-0.08305561542510986,,,
0,719,0.1510474532842636,,,
0,724,-0.047651078552007675,,,
0,729,0.031624145805835724,,,
0,734,-0.05372468754649162,,,
0,739,-0.062384385615587234,,,
0,744,-0.06338397413492203,,,
0,749,-0.05364175885915756,,,
0,754,0.008917450904846191,,,
0,759,-0.06574693322181702,,,
0,764,-0.05766621604561806,,,
0,769,-0.06153972074389458,,,
0,774,-0.046753764152526855,,,
0,779,-0.07646827399730682,,,
0,784,-0.06477582454681396,,,
0,789,-0.029695075005292892,,,
0,794,-0.053734831511974335,,,
0,799,-0.0717301070690155,,,
0,804,-0.05621887743473053,,,
0,809,-0.05968591198325157,,,
0,814,-0.033990148454904556,,,
0,819,-0.027721891179680824,,,
0,824,-0.07834210991859436,,,
0,829,-0.05628824979066849,,,
0,834,-0.06709855794906616,,,
0,839,-0.08632198721170425,,,
0,844,-0.07704231142997742,,,
0,849,-0.05619490519165993,,,
0,854,-0.08762714266777039,,,
0,859,-0.07722979784011841,,,
0,864,-0.06995782256126404,,,
0,869,0.05770459771156311,,,
0,874,-0.01202487200498581,,,
0,879,0.0025832857936620712,,,
0,884,-0.06762251257896423,,,
0,889,0.00411277636885643,,,
0,894,-0.013953138142824173,,,
0,899,-0.0523834303021431,,,
0,904,-0.05111001804471016,,,
0,909,0.007419481873512268,,,
0,914,-0.04479506239295006,,,
0,919,-0.060942165553569794,,,
0,924,-0.01082245446741581,,,
0,929,-0.06330646574497223,,,
0,934,-0.09112068265676498,,,
0,939,-0.02639039233326912,,,
0,944,-0.024276509881019592,,,
0,949,-0.05090581625699997,,,
0,954,-0.019447999075055122,,,
0,959,-0.062023527920246124,,,
0,964,-0.05863381177186966,,,
0,969,-0.025190025568008423,,,
0,974,0.00751702394336462,,,
0,979,-0.041747547686100006,,,
0,984,-0.048314668238162994,,,
0,989,-0.03549548611044884,,,
0,994,-0.04060647636651993,,,
0,999,-0.03796454519033432,,,
0,1004,-0.07245668768882751,,,
0,1009,-0.06888967752456665,,,
0,1014,0.020109957084059715,,,
0,1019,0.006311705335974693,,,
0,1024,-0.007053829729557037,,,
0,1029,-0.07330518960952759,,,
0,1034,-0.07348288595676422,,,
0,1039,-0.0352364145219326,,,
0,1044,-0.024830829352140427,,,
0,1049,-0.05299992486834526,,,
0,1054,-0.022290807217359543,,,
0,1059,0.11280731856822968,,,
0,1064,-0.015204798430204391,,,
0,1069,-0.06266725063323975,,,
0,1074,-0.007646379992365837,,,
0,1079,-0.04419752210378647,,,
0,1084,-0.030589429661631584,,,
0,1089,-0.01409246027469635,,,
0,1094,-0.0240738894790411,,,
0,1099,-0.06021597236394882,,,
0,1104,-0.08049476891756058,,,
0,1109,-0.08562784641981125,,,
0,1114,-0.04795503616333008,,,
0,1119,-0.05558650940656662,,,
0,1124,-0.0833841860294342,,,
0,1129,0.00707102008163929,,,
0,1134,-0.03517182916402817,,,
0,1139,-0.015324722975492477,,,
0,1144,-0.0923614576458931,,,
0,1149,0.03587806597352028,,,
0,1154,0.011430732905864716,,,
0,1159,-0.026439912617206573,,,
0,1164,-0.00649433396756649,,,
0,1169,-0.02128790318965912,,,
0,1174,-0.027309227734804153,,,
0,1179,-0.01036803238093853,,,
0,1184,0.0075396280735731125,,,
0,1189,-0.003494878299534321,,,
0,1194,0.05541572719812393,,,
0,1199,-0.0714566558599472,,,
0,1204,-0.02676813304424286,,,
0,1209,-0.07960502803325653,,,
0,1214,-0.02015744522213936,,,
0,1219,-0.04766028746962547,,,
0,1224,0.016111306846141815,,,
0,1229,-0.0750071257352829,,,
0,1234,-0.06316237151622772,,,
0,1239,-0.008952928707003593,,,
0,1244,-0.08004991710186005,,,
0,1249,-0.07057225704193115,,,
0,1254,-0.05438104271888733,,,
0,1259,-0.0660148561000824,,,
0,1264,-0.04069685563445091,,,
0,1269,-0.05500401556491852,,,
0,1274,-0.06379185616970062,,,
0,1279,-0.04887202009558678,,,
0,1284,-0.07595525681972504,,,
0,1289,-0.07905635237693787,,,
0,1294,0.008725695312023163,,,
0,1299,-0.02216498553752899,,,
0,1304,-0.038461796939373016,,,
0,1309,0.039015837013721466,,,
0,1314,-0.0529034361243248,,,
0,1319,-0.06845465302467346,,,
0,1324,-0.03706338629126549,,,
0,1329,-0.05978202074766159,,,
0,1334,-0.0744154304265976,,,
0,1339,-0.0634123757481575,,,
0,1344,-0.022750306874513626,,,
0,1349,-0.04421595111489296,,,
0,1354,-0.05329368636012077,,,
0,1359,-0.0848534107208252,,,
0,1364,-0.04703417420387268,,,
0,1369,-0.028273195028305054,,,
0,1374,-0.07784219086170197,,,
0,1379,-0.05526658892631531,,,
0,1384,-0.05051843076944351,,,
0,1389,-0.03352358937263489,,,
0,1394,-0.01855405420064926,,,
0,1399,-0.04930996149778366,,,
0,1404,0.03165767341852188,,,
0,1409,-0.05073327571153641,,,
0,1414,-0.028540033847093582,,,
0,1419,-0.05492815002799034,,,
0,1424,-0.03929490968585014,,,
0,1429,0.01636139675974846,,,
0,1434,-0.042862650007009506,,,
0,1439,-0.0350792370736599,,,
0,1444,-0.05888204276561737,,,
0,1449,-0.05732732266187668,,,
0,1454,-0.027193870395421982,,,
0,1459,-0.03576983883976936,,,
0,1464,-0.046312954276800156,,,
0,1469,-0.002186903730034828,,,
0,1474,-0.04493939131498337,,,
0,1479,-0.01577136293053627,,,
0,1484,-0.06573218107223511,,,
0,1489,-0.0873413011431694,,,
0,1494,-0.03591880947351456,,,
0,1499,-0.059946686029434204,,,
0,1504,-0.0031468840315937996,,,
0,1509,-0.049137379974126816,,,
0,1514,-0.06963828206062317,,,
0,1519,-0.06245269626379013,,,
0,1524,-0.03367522731423378,,,
0,1529,-0.06514967232942581,,,
0,1534,-0.008913466706871986,,,
0,1539,0.024049654603004456,,,
0,1544,-0.058701686561107635,,,
0,1549,-0.02652992494404316,,,
0,1554,0.0031382013112306595,,,
0,1559,-0.02732042782008648,,,
0,1564,-0.06881103664636612,,,
0,1569,-0.01104614045470953,,,
0,1574,-0.08207601308822632,,,
0,1579,-0.014951455406844616,,,
0,1584,-0.04806065559387207,,,
0,1589,-0.031703148037195206,,,
0,1594,-0.013172579929232597,,,
0,1599,-0.07786828279495239,,,
0,1604,-0.0297387782484293,,,
0,1609,-0.057604383677244186,,,
0,1614,-0.031725481152534485,,,
0,1619,-0.03586971014738083,,,
0,1624,0.044764384627342224,,,
0,1629,-0.06405377388000488,,,
0,1634,-0.05409083515405655,,,
0,1639,-0.08925476670265198,,,
0,1644,-0.03706853836774826,,,
0,1649,-0.014841982163488865,,,
0,1654,-0.07347358763217926,,,
0,1659,-0.09585192799568176,,,
0,1664,-0.03571534901857376,,,
0,1669,-0.05608860403299332,,,
0,1674,-0.06122147664427757,,,
0,1679,-0.007937459275126457,,,
0,1684,-0.05404641851782799,,,
0,1689,0.009616468101739883,,,
0,1694,-0.039464615285396576,,,
0,1699,-0.05075517296791077,,,
0,1704,-0.06640307605266571,,,
0,1709,-0.04276324808597565,,,
0,1714,-0.051677461713552475,,,
0,1719,0.058102160692214966,,,
0,1724,-0.07365353405475616,,,
0,1729,-0.05271478742361069,,,
0,1734,-0.004860209301114082,,,
0,1739,-0.036607660353183746,,,
0,1744,0.0669097974896431,,,
0,1749,-0.01244589127600193,,,
0,1754,0.0004818355664610863,,,
0,1759,-0.030868489295244217,,,
0,1764,-0.05724058672785759,,,
0,1769,-0.018042458221316338,,,
0,1774,-0.05564273148775101,,,
0,1779,-0.05001191422343254,,,
0,1784,-0.004675222560763359,,,
0,1789,-0.038066696375608444,,,
0,1794,-0.028506292030215263,,,
0,1799,-0.08582348376512527,,,
0,1804,-0.016750779002904892,,,
0,1809,-0.0608435682952404,,,
0,1814,-0.057970620691776276,,,
0,1819,0.02149922400712967,,,
0,1824,-0.05246206745505333,,,
0,1829,-0.042086727917194366,,,
0,1834,-0.05523410066962242,,,
0,1839,-0.06255972385406494,,,
0,1844,-0.05063411593437195,,,
0,1849,-0.07063774764537811,,,
0,1854,-0.05651596188545227,,,
0,1859,-0.026204103603959084,,,
0,1864,-0.04056403785943985,,,
0,1869,-0.07440102100372314,,,
0,1874,-0.08068143576383591,,,
0,1879,-0.02040807157754898,,,
0,1884,-0.020208023488521576,,,
0,1889,-0.05914917588233948,,,
0,1894,0.042123448103666306,,,
0,1899,-0.07408460974693298,,,
0,1904,-0.010872703045606613,,,
0,1909,-0.013938989490270615,,,
0,1914,-0.007963066920638084,,,
0,1919,-0.06075836345553398,,,
0,1924,-0.039825450628995895,,,
0,1929,-0.05644496902823448,,,
0,1934,-0.04961070045828819,,,
0,1939,-0.03471258282661438,,,
0,1944,-0.05418996512889862,,,
0,1949,-0.06499571353197098,,,
0,1954,-0.07527023553848267,,,
0,1959,-0.041430018842220306,,,
0,1964,-0.06075914204120636,,,
0,1969,-0.025774035602808,,,
0,1974,-0.06582961976528168,,,
0,1979,-0.07246075570583344,,,
0,1984,-0.00021426193416118622,,,
0,1989,-0.05006349831819534,,,
0,1994,-0.07402952015399933,,,
0,1999,0.024577345699071884,,,
0,2004,-0.08286601305007935,,,
0,2009,-0.06756269186735153,,,
0,2014,-0.04729127138853073,,,
0,2019,-0.041271064430475235,,,
0,2024,-0.017601650208234787,,,
0,2029,-0.04320909455418587,,,
0,2034,-0.05494781583547592,,,
0,2039,-0.05400259792804718,,,
0,2044,-0.0603126659989357,,,
0,2049,-0.08220610022544861,,,
0,2054,-0.06045234203338623,,,
0,2059,-0.0069336355663836,,,
0,2064,-0.02387428656220436,,,
0,2069,-0.035244327038526535,,,
0,2074,-0.08253468573093414,,,
0,2079,-0.06367295980453491,,,
0,2084,-0.04777339845895767,,,
0,2089,-0.030298519879579544,,,
0,2094,0.024567831307649612,,,
0,2099,-0.044832829385995865,,,
0,2104,-0.06539332866668701,,,
0,2109,-0.07945846021175385,,,
0,2114,-0.0368148572742939,,,
0,2119,-0.03664981573820114,,,
0,2124,0.00025209877640008926,,,
0,2129,-0.025376826524734497,,,
0,2134,-0.08976380527019501,,,
0,2139,0.0014683827757835388,,,
0,2144,-0.025376776233315468,,,
0,2149,-0.05877833068370819,,,
0,2154,-0.09584388136863708,,,
0,2159,-0.033635757863521576,,,
0,2164,-0.06640367954969406,,,
0,2169,-0.05275809392333031,,,
0,2174,-0.06600721925497055,,,
0,2179,-0.02330932579934597,,,
0,2184,-0.059685785323381424,,,
0,2189,-0.07114630192518234,,,
0,2194,0.01403792854398489,,,
0,2199,-0.07987631857395172,,,
0,2204,-0.0840596929192543,,,
0,2209,-0.03811082988977432,,,
0,2214,-0.04098046198487282,,,
0,2219,-0.0584414042532444,,,
0,2224,-0.04315314441919327,,,
0,2229,-0.061269361525774,,,
0,2234,-0.06880949437618256,,,
0,2239,-0.06984834372997284,,,
0,2244,-0.03426724672317505,,,
0,2249,-0.036544572561979294,,,
0,2254,-0.024604812264442444,,,
0,2259,0.032288335263729095,,,
0,2264,-0.03775778040289879,,,
0,2269,-0.06578989326953888,,,
0,2274,-0.06443962454795837,,,
0,2279,0.013354036957025528,,,
0,2284,-0.05396970734000206,,,
0,2289,-0.022890402004122734,,,
0,2294,-0.039583101868629456,,,
0,2299,-0.02613419108092785,,,
0,2304,-0.023079022765159607,,,
0,2309,-0.0902150496840477,,,
0,2314,-0.012194872833788395,,,
0,2319,-0.015704572200775146,,,
0,2324,-0.06527163088321686,,,
0,2329,-0.05577872321009636,,,
0,2334,-0.07251732051372528,,,
0,2339,-0.03269100934267044,,,
0,2344,-0.06462652236223221,,,
0,2349,-0.09217140078544617,,,
0,2354,-0.029227780178189278,,,
0,2359,-0.06522416323423386,,,
0,2364,-0.05568956211209297,,,
0,2369,-0.04693523049354553,,,
0,2374,-0.06265771389007568,,,
0,2379,-0.04999392107129097,,,
0,2384,-0.05024421587586403,,,
0,2389,-0.07073666155338287,,,
0,2394,-0.0009026648476719856,,,
0,2399,-0.003065444529056549,,,
0,2404,-0.03486417979001999,,,
0,2409,-0.06165221706032753,,,
0,2414,-0.08139325678348541,,,
0,2419,-0.0683552697300911,,,
0,2424,0.0036150775849819183,,,
0,2429,-0.068744957447052,,,
0,2434,-0.05097483843564987,,,
0,2439,-0.018468094989657402,,,
0,2444,-0.08005309104919434,,,
0,2449,-0.02130615897476673,,,
0,2454,-0.051046792417764664,,,
0,2459,-0.051375843584537506,,,
0,2464,-0.06761659681797028,,,
0,2469,-0.038431424647569656,,,
0,2474,0.04175780713558197,,,
0,2479,-0.045136094093322754,,,
0,2484,-0.07169772684574127,,,
0,2489,-0.046781718730926514,,,
0,2494,0.001375960186123848,,,
0,2499,-0.008036116138100624,,,
0,2499,,-0.03273434937000275,0.6414999961853027,1.024646282196045
1,2504,-0.04266919568181038,,,
1,2509,-0.017454715445637703,,,
1,2514,0.006471380591392517,,,
1,2519,-0.04622865840792656,,,
1,2524,0.0014489591121673584,,,
1,2529,-0.06116235628724098,,,
1,2534,-0.0373249389231205,,,
1,2539,-0.0641784816980362,,,
1,2544,-0.04678104445338249,,,
1,2549,-0.026522712782025337,,,
1,2554,-0.07027895748615265,,,
1,2559,-0.07336749136447906,,,
1,2564,-0.04954789578914642,,,
1,2569,0.022201593965291977,,,
1,2574,-0.05401502549648285,,,
1,2579,-0.03654561936855316,,,
1,2584,-0.046403996646404266,,,
1,2589,0.004467313177883625,,,
1,2594,-0.07777191698551178,,,
1,2599,-0.0686129480600357,,,
1,2604,0.010053303092718124,,,
1,2609,-0.049869805574417114,,,
1,2614,-0.05136427283287048,,,
1,2619,-0.07326803356409073,,,
1,2624,-0.06020217761397362,,,
1,2629,-0.07210023701190948,,,
1,2634,-0.04819903522729874,,,
1,2639,0.04445759207010269,,,
1,2644,-0.06223040819168091,,,
1,2649,-0.04780182987451553,,,
1,2654,-0.07991138845682144,,,
1,2659,-0.04555313289165497,,,
1,2664,-0.05956743285059929,,,
1,2669,-0.05204116553068161,,,
1,2674,-0.009438191540539265,,,
1,2679,-0.05937490612268448,,,
1,2684,-0.0751107782125473,,,
1,2689,-0.04554712772369385,,,
1,2694,-0.06402440369129181,,,
1,2699,-0.07136567682027817,,,
1,2704,-0.06872963160276413,,,
1,2709,-0.05437560752034187,,,
1,2714,-0.056455519050359726,,,
1,2719,-0.07403431832790375,,,
1,2724,-0.03478569537401199,,,
1,2729,-0.0820750743150711,,,
1,2734,-0.0924011766910553,,,
1,2739,0.0011646118946373463,,,
1,2744,-0.0015909764915704727,,,
1,2749,-0.06687687337398529,,,
1,2754,-0.03066345676779747,,,
1,2759,-0.02769293636083603,,,
1,2764,0.009458201937377453,,,
1,2769,-0.08599521219730377,,,
1,2774,-0.02619202807545662,,,
1,2779,-0.03044605627655983,,,
1,2784,-0.0359308160841465,,,
1,2789,-0.09277862310409546,,,
1,2794,-0.0328766293823719,,,
1,2799,-0.08141517639160156,,,
1,2804,0.0004998957738280296,,,
1,2809,-0.042279042303562164,,,
1,2814,-0.06356886774301529,,,
1,2819,-0.056019946932792664,,,
1,2824,-0.049215421080589294,,,
1,2829,-0.021284926682710648,,,
1,2834,0.012679073959589005,,,
1,2839,-0.05373722314834595,,,
1,2844,-0.05382224917411804,,,
1,2849,-0.05871499329805374,,,
1,2854,-0.05637026205658913,,,
1,2859,-0.060989558696746826,,,
1,2864,-0.04454429820179939,,,
1,2869,-0.055303752422332764,,,
1,2874,-0.06397650390863419,,,
1,2879,-0.03220437467098236,,,
1,2884,-0.05722321569919586,,,
1,2889,-0.012425325810909271,,,
1,2894,-0.04858289659023285,,,
1,2899,-0.0694265365600586,,,
1,2904,-0.03512129932641983,,,
1,2909,-0.03202436864376068,,,
1,2914,-0.031158624216914177,,,
1,2919,-0.07308264076709747,,,
1,2924,-0.06347008794546127,,,
1,2929,-0.07172094285488129,,,
1,2934,-0.021205490455031395,,,
1,2939,-0.06120901554822922,,,
1,2944,-0.028052760288119316,,,
1,2949,-0.07414327561855316,,,
1,2954,-0.00989091582596302,,,
1,2959,-0.013392671011388302,,,
1,2964,-0.07927572727203369,,,
1,2969,-0.052742909640073776,,,
1,2974,-0.025980859994888306,,,
1,2979,-0.09188229590654373,,,
1,2984,-0.07980145514011383,,,
1,2989,0.050205353647470474,,,
1,2994,-0.03728342801332474,,,
1,2999,-0.08118472993373871,,,
1,3004,-0.06630434095859528,,,
1,3009,-0.009591711685061455,,,
1,3014,-0.07189851999282837,,,
1,3019,-0.034412942826747894,,,
1,3024,-0.01808229088783264,,,
1,3029,-0.02258075401186943,,,
1,3034,-0.07155853509902954,,,
1,3039,-0.06549278646707535,,,
1,3044,-0.04770543426275253,,,
1,3049,-0.05334597826004028,,,
1,3054,-0.019585786387324333,,,
1,3059,-0.07369563728570938,,,
1,3064,-0.09228990972042084,,,
1,3069,-0.01592598855495453,,,
1,3074,-0.03621349483728409,,,
1,3079,-0.07886511832475662,,,
1,3084,-0.025305189192295074,,,
1,3089,-0.04399367421865463,,,
1,3094,-0.02104518562555313,,,
1,3099,-0.033396780490875244,,,
1,3104,-0.050383858382701874,,,
1,3109,0.013900324702262878,,,
1,3114,-0.03943023830652237,,,
1,3119,-0.06633666902780533,,,
1,3124,-0.05244023725390434,,,
1,3129,-0.04594322666525841,,,
1,3134,-0.0751701295375824,,,
1,3139,-0.062031492590904236,,,
1,3144,-0.06108614057302475,,,
1,3149,-0.027310600504279137,,,
1,3154,-0.04398852214217186,,,
1,3159,-0.05403206869959831,,,
1,3164,-0.010974634438753128,,,
1,3169,-0.07734572887420654,,,
1,3174,-0.06911470741033554,,,
1,3179,-0.060047343373298645,,,
1,3184,-0.10612738132476807,,,
1,3189,-0.03556201234459877,,,
1,3194,-0.029225792735815048,,,
1,3199,-0.06570670008659363,,,
1,3204,-0.0393935889005661,,,
1,3209,-0.0629734992980957,,,
1,3214,-0.06261041015386581,,,
1,3219,-0.03256705030798912,,,
1,3224,-0.0806872546672821,,,
1,3229,-0.04378468543291092,,,
1,3234,-0.08034832030534744,,,
1,3239,-0.040917493402957916,,,
1,3244,-0.03804737329483032,,,
1,3249,-0.04258131980895996,,,
1,3254,-0.04728759825229645,,,
1,3259,-0.013955021277070045,,,
1,3264,-0.05495350435376167,,,
1,3269,-0.031924206763505936,,,
1,3274,-0.08213008940219879,,,
1,3279,-0.057069920003414154,,,
1,3284,-0.03643672913312912,,,
1,3289,-0.062280844897031784,,,
1,3294,-0.02219262346625328,,,
1,3299,-0.06309909373521805,,,
1,3304,-0.03250545263290405,,,
1,3309,-0.08613701164722443,,,
1,3314,-0.027522210031747818,,,
1,3319,-0.07390251755714417,,,
1,3324,-0.03454321622848511,,,
1,3329,-0.05267765372991562,,,
1,3334,-0.057258814573287964,,,
1,3339,-0.03626143932342529,,,
1,3344,-0.06599710881710052,,,
1,3349,-0.041428107768297195,,,
1,3354,-0.053491830825805664,,,
1,3359,-0.0438670739531517,,,
1,3364,-0.05429340898990631,,,
1,3369,-0.056630201637744904,,,
1,3374,-0.038197241723537445,,,
1,3379,-0.07326798886060715,,,
1,3384,-0.03756733983755112,,,
1,3389,-0.027469176799058914,,,
1,3394,-0.05321728438138962,,,
1,3399,-0.049997925758361816,,,
1,3404,-0.04555831104516983,,,
1,3409,0.002432557987049222,,,
1,3414,-0.07486285269260406,,,
1,3419,-0.024732446298003197,,,
1,3424,-0.06220699101686478,,,
1,3429,-0.04708097130060196,,,
1,3434,-0.07532929629087448,,,
1,3439,-0.06865319609642029,,,
1,3444,-0.009893590584397316,,,
1,3449,-0.0317828394472599,,,
1,3454,-0.0771729126572609,,,
1,3459,-0.06467095017433167,,,
1,3464,-0.08273162692785263,,,
1,3469,-0.027325423434376717,,,
1,3474,-0.0661926120519638,,,
1,3479,-0.04617387801408768,,,
1,3484,-0.04747197777032852,,,
1,3489,-0.036436937749385834,,,
1,3494,-0.05609001964330673,,,
1,3499,-0.0696328729391098,,,
1,3504,-0.05759698152542114,,,
1,3509,-0.03352011740207672,,,
1,3514,-0.06405562907457352,,,
1,3519,-0.06788399815559387,,,
1,3524,-0.04932408034801483,,,
1,3529,-0.029542498290538788,,,
1,3534,-0.048599451780319214,,,
1,3539,-0.05794854462146759,,,
1,3544,-0.019035086035728455,,,
1,3549,-0.07172475755214691,,,
1,3554,-0.07420007139444351,,,
1,3559,0.004977554082870483,,,
1,3564,-0.06510823965072632,,,
1,3569,-0.06797091662883759,,,
1,3574,-0.06462351977825165,,,
1,3579,-0.05028672143816948,,,
1,3584,-0.046253569424152374,,,
1,3589,-0.03449179604649544,,,
1,3594,-0.034997835755348206,,,
1,3599,-0.06132443994283676,,,
1,3604,-0.06297428905963898,,,
1,3609,-0.041080765426158905,,,
1,3614,-0.06626969575881958,,,
1,3619,-0.06189367547631264,,,
1,3624,-0.036202799528837204,,,
1,3629,0.027870777994394302,,,
1,3634,-0.04987147077918053,,,
1,3639,-0.07108189910650253,,,
1,3644,-0.029187029227614403,,,
1,3649,-0.04780394583940506,,,
1,3654,-0.06109510362148285,,,
1,3659,-0.06836232542991638,,,
1,3664,-0.06713493913412094,,,
1,3669,-0.0215597003698349,,,
1,3674,-0.030567068606615067,,,
1,3679,-0.036086294800043106,,,
1,3684,-0.06007249653339386,,,
1,3689,-0.08444911986589432,,,
1,3694,-0.0780758410692215,,,
1,3699,-0.032536495476961136,,,
1,3704,-0.043015796691179276,,,
1,3709,-0.047682613134384155,,,
1,3714,-0.006902940571308136,,,
1,3719,-0.06715986132621765,,,
1,3724,-0.09251738339662552,,,
1,3729,-0.05389096587896347,,,
1,3734,-0.032245635986328125,,,
1,3739,-0.05863635987043381,,,
1,3744,-0.037063118070364,,,
1,3749,-0.07251926511526108,,,
1,3754,-0.037984538823366165,,,
1,3759,-0.060037679970264435,,,
1,3764,-0.029281437397003174,,,
1,3769,-0.057961054146289825,,,
1,3774,-0.05543772876262665,,,
1,3779,-0.05130381882190704,,,
1,3784,0.009687013924121857,,,
1,3789,-0.05479828640818596,,,
1,3794,-0.02491215616464615,,,
1,3799,-0.02303696796298027,,,
1,3804,-0.03557717427611351,,,
1,3809,-0.055445797741413116,,,
1,3814,-0.0383521243929863,,,
1,3819,-0.07944547384977341,,,
1,3824,-0.04737618565559387,,,
1,3829,-0.0711619108915329,,,
1,3834,-0.01820487715303898,,,
1,3839,0.0203111432492733,,,
1,3844,-0.046579569578170776,,,
1,3849,-0.04191088676452637,,,
1,3854,-0.06388530135154724,,,
1,3859,-0.04391486942768097,,,
1,3864,0.0005311490967869759,,,
1,3869,-0.026293683797121048,,,
1,3874,-0.043676380068063736,,,
1,3879,-0.06206521391868591,,,
1,3884,-0.032843124121427536,,,
1,3889,-0.05395834892988205,,,
1,3894,-0.0025282055139541626,,,
1,3899,-0.08236366510391235,,,
1,3904,-0.05584658309817314,,,
1,3909,-0.02598898857831955,,,
1,3914,-0.03419508412480354,,,
1,3919,-0.007643897086381912,,,
1,3924,-0.010047150775790215,,,
1,3929,-0.053133025765419006,,,
1,3934,-0.06248343735933304,,,
1,3939,0.010571529157459736,,,
1,3944,-0.031793199479579926,,,
1,3949,-0.0027955714613199234,,,
1,3954,-0.0839240550994873,,,
1,3959,-0.04900509864091873,,,
1,3964,-0.07758856564760208,,,
1,3969,-0.0397719144821167,,,
1,3974,-0.001798792276531458,,,
1,3979,-0.05060802027583122,,,
1,3984,-0.06786556541919708,,,
1,3989,-0.03596419468522072,,,
1,3994,-0.006409630179405212,,,
1,3999,-0.04778827354311943,,,
1,4004,0.0016508717089891434,,,
1,4009,-0.04770686477422714,,,
1,4014,-0.0752151608467102,,,
1,4019,-0.06828952580690384,,,
1,4024,-0.07272832840681076,,,
1,4029,-0.01473907195031643,,,
1,4034,-0.04489544779062271,,,
1,4039,-0.08541829138994217,,,
1,4044,-0.06317289918661118,,,
1,4049,-0.045313239097595215,,,
1,4054,-0.06312060356140137,,,
1,4059,-0.029726875945925713,,,
1,4064,-0.0556042343378067,,,
1,4069,-0.05356360599398613,,,
1,4074,-0.06221383437514305,,,
1,4079,0.017756182700395584,,,
1,4084,-0.06372027099132538,,,
1,4089,-0.06487646698951721,,,
1,4094,-0.03201347589492798,,,
1,4099,-0.07510913908481598,,,
1,4104,-0.03704303503036499,,,
1,4109,-0.0522417277097702,,,
1,4114,-0.04887085780501366,,,
1,4119,-0.07224536687135696,,,
1,4124,-0.002049926668405533,,,
1,4129,0.017427487298846245,,,
1,4134,-0.026170535013079643,,,
1,4139,-0.06929139792919159,,,
1,4144,-0.006465185433626175,,,
1,4149,-0.0553591288626194,,,
1,4154,-0.03989506512880325,,,
1,4159,-0.05163278058171272,,,
1,4164,-0.08073171973228455,,,
1,4169,-0.023838333785533905,,,
1,4174,-0.04876573383808136,,,
1,4179,-0.03984846919775009,,,
1,4184,-0.05017058551311493,,,
1,4189,-0.06369565427303314,,,
1,4194,-0.030423369258642197,,,
1,4199,-0.04016517102718353,,,
1,4204,-0.0592743456363678,,,
1,4209,-0.03477904945611954,,,
1,4214,0.012290682643651962,,,
1,4219,-0.039436791092157364,,,
1,4224,-0.04944903776049614,,,
1,4229,-0.016831299290060997,,,
1,4234,-0.06453032046556473,,,
1,4239,-0.06912872940301895,,,
1,4244,-0.0535416454076767,,,
1,4249,-0.05888216942548752,,,
1,4254,-0.07174184918403625,,,
1,4259,-0.033972445875406265,,,
1,4264,-0.03157581761479378,,,
1,4269,-0.05828540772199631,,,
1,4274,-0.01716632954776287,,,
1,4279,-0.06056267023086548,,,
1,4284,-0.04934493452310562,,,
1,4289,-0.07726316899061203,,,
1,4294,-0.0544450618326664,,,
1,4299,-0.052876248955726624,,,
1,4304,-0.071892149746418,,,
1,4309,-0.057868339121341705,,,
1,4314,-0.06734513491392136,,,
1,4319,-0.07089797407388687,,,
1,4324,-0.019924752414226532,,,
1,4329,0.04994260519742966,,,
1,4334,-0.06968563795089722,,,
1,4339,-0.07045885920524597,,,
1,4344,-0.07049690932035446,,,
1,4349,-0.07607052475214005,,,
1,4354,-0.050516173243522644,,,
1,4359,-0.03441600129008293,,,
1,4364,-0.04562769830226898,,,
1,4369,-0.05219369754195213,,,
1,4374,-0.06971146166324615,,,
1,4379,-0.03645350784063339,,,
1,4384,-0.06277132779359818,,,
1,4389,-0.062429819256067276,,,
1,4394,-0.044289447367191315,,,
1,4399,-0.032160837203264236,,,
1,4404,-0.09028990566730499,,,
1,4409,-0.0508098304271698,,,
1,4414,-0.03249921649694443,,,
1,4419,-0.0387677364051342,,,
1,4424,-0.06271415948867798,,,
1,4429,-0.06747359037399292,,,
1,4434,-0.04100679233670235,,,
1,4439,-0.07691923528909683,,,
1,4444,-0.05307333543896675,,,
1,4449,-0.06754153221845627,,,
1,4454,-0.06129483878612518,,,
1,4459,0.04076036810874939,,,
1,4464,-0.029465388506650925,,,
1,4469,-0.07626380026340485,,,
1,4474,-0.07085172086954117,,,
1,4479,-0.05369468033313751,,,
1,4484,-0.04819600656628609,,,
1,4489,-0.058330003172159195,,,
1,4494,-0.044043682515621185,,,
1,4499,0.010010063648223877,,,
1,4504,-0.06996241956949234,,,
1,4509,-0.0858289897441864,,,
1,4514,-0.037038758397102356,,,
1,4519,-0.027269626036286354,,,
1,4524,-0.09093224257230759,,,
1,4529,-0.06445062160491943,,,
1,4534,-0.0543937087059021,,,
1,4539,-0.03809646517038345,,,
1,4544,-0.0034133661538362503,,,
1,4549,-0.017549686133861542,,,
1,4554,-0.0017692344263195992,,,
1,4559,-0.05841153860092163,,,
1,4564,-0.017401427030563354,,,
1,4569,-0.06662977486848831,,,
1,4574,-0.06274789571762085,,,
1,4579,-0.07737267017364502,,,
1,4584,-0.032143767923116684,,,
1,4589,-0.021199733018875122,,,
1,4594,-0.02659100852906704,,,
1,4599,-0.04651495814323425,,,
1,4604,-0.04130489379167557,,,
1,4609,-0.06747769564390182,,,
1,4614,-0.014371180906891823,,,
1,4619,-0.04425140470266342,,,
1,4624,-0.02956947311758995,,,
1,4629,-0.05212912708520889,,,
1,4634,-0.07798665761947632,,,
1,4639,-0.039722830057144165,,,
1,4644,-0.021789103746414185,,,
1,4649,-0.03698109835386276,,,
1,4654,-0.05103021115064621,,,
1,4659,-0.051871251314878464,,,
1,4664,-0.055391039699316025,,,
1,4669,-0.06318479776382446,,,
1,4674,-0.052330516278743744,,,
1,4679,-0.046470507979393005,,,
1,4684,-0.012834794819355011,,,
1,4689,-0.04569085314869881,,,
1,4694,-0.0294952355325222,,,
1,4699,0.06329063326120377,,,
1,4704,-0.06575510650873184,,,
1,4709,-0.04036165401339531,,,
1,4714,-0.06492546945810318,,,
1,4719,-0.09266731142997742,,,
1,4724,-0.050548262894153595,,,
1,4729,-0.028154827654361725,,,
1,4734,-0.046521104872226715,,,
1,4739,-0.07097835838794708,,,
1,4744,-0.004830223508179188,,,
1,4749,-0.03126932680606842,,,
1,4754,-0.05498846247792244,,,
1,4759,-0.011500850319862366,,,
1,4764,-0.03543253615498543,,,
1,4769,-0.037532366812229156,,,
1,4774,-0.039973169565200806,,,
1,4779,-0.08270438760519028,,,
1,4784,-0.02427879348397255,,,
1,4789,-0.022498659789562225,,,
1,4794,-0.06615414470434189,,,
1,4799,-0.04795089364051819,,,
1,4804,-0.05563199520111084,,,
1,4809,-0.01738150045275688,,,
1,4814,-0.029328549280762672,,,
1,4819,-0.027945764362812042,,,
1,4824,-0.06013673543930054,,,
1,4829,-0.057603493332862854,,,
1,4834,-0.07059146463871002,,,
1,4839,-0.016609881073236465,,,
1,4844,-0.055010922253131866,,,
1,4849,-0.054206058382987976,,,
1,4854,-0.028862018138170242,,,
1,4859,-0.04210333526134491,,,
1,4864,-0.06377048790454865,,,
1,4869,-0.04849136620759964,,,
1,4874,-0.054937683045864105,,,
1,4879,-0.07320041209459305,,,
1,4884,-0.003117462620139122,,,
1,4889,-0.02404584176838398,,,
1,4894,-0.03526654839515686,,,
1,4899,-0.07347753643989563,,,
1,4904,-0.06844595074653625,,,
1,4909,-0.07841075211763382,,,
1,4914,-0.03618020564317703,,,
1,4919,0.007135220803320408,,,
1,4924,-0.0817175805568695,,,
1,4929,-0.07031939923763275,,,
1,4934,-0.04130552336573601,,,
1,4939,-0.03839193284511566,,,
1,4944,0.003225719090551138,,,
1,4949,-0.036226145923137665,,,
1,4954,-0.08577872812747955,,,
1,4959,-0.061686668545007706,,,
1,4964,-0.06682765483856201,,,
1,4969,-0.04777422547340393,,,
1,4974,-0.02682054042816162,,,
1,4979,0.009069583378732204,,,
1,4984,-0.04730093851685524,,,
1,4989,-0.06652890145778656,,,
1,4994,-0.06569147109985352,,,
1,4999,-0.0652623400092125,,,
1,4999,,-0.05330021306872368,0.4487999975681305,0.788669764995575
2,5004,-0.05428575724363327,,,
2,5009,-0.005902532488107681,,,
2,5014,-0.09063312411308289,,,
2,5019,-0.030949924141168594,,,
2,5024,0.02944377437233925,,,
2,5029,-0.058822013437747955,,,
2,5034,-0.023049641400575638,,,
2,5039,-0.06969249993562698,,,
2,5044,0.0224379301071167,,,
2,5049,-0.0304579958319664,,,
2,5054,-0.06256259977817535,,,
2,5059,-0.07895967364311218,,,
2,5064,-0.044725969433784485,,,
2,5069,-0.04228563606739044,,,
2,5074,-0.04085013270378113,,,
2,5079,-0.0582875981926918,,,
2,5084,-0.05997708439826965,,,
2,5089,-0.044427964836359024,,,
2,5094,-0.06483614444732666,,,
2,5099,-0.06252601742744446,,,
2,5104,-0.0585295632481575,,,
2,5109,-0.0625794529914856,,,
2,5114,-0.03334594890475273,,,
2,5119,-0.0683533102273941,,,
2,5124,-0.05245556682348251,,,
2,5129,-0.05988398939371109,,,
2,5134,-0.05603417009115219,,,
2,5139,-0.052187368273735046,,,
2,5144,-0.014039400964975357,,,
2,5149,-0.07366641610860825,,,
2,5154,-0.0787840187549591,,,
2,5159,-0.07435564696788788,,,
2,5164,-0.06355975568294525,,,
2,5169,-0.04146885126829147,,,
2,5174,-0.010818559676408768,,,
2,5179,-0.07332810759544373,,,
2,5184,-0.06391341984272003,,,
2,5189,-0.03842733055353165,,,
2,5194,-0.04023682326078415,,,
2,5199,0.047355420887470245,,,
2,5204,-0.0663670152425766,,,
2,5209,-0.0692405104637146,,,
2,5214,-0.07068900763988495,,,
2,5219,-0.06577624380588531,,,
2,5224,-0.05708608776330948,,,
2,5229,-0.029379932209849358,,,
2,5234,-0.03043735958635807,,,
2,5239,-0.04296575486660004,,,
2,5244,-0.02979801408946514,,,
2,5249,-0.055000338703393936,,,
2,5254,-0.04440179839730263,,,
2,5259,-0.024054480716586113,,,
2,5264,-0.049582671374082565,,,
2,5269,-0.04638788104057312,,,
2,5274,-0.07488854229450226,,,
2,5279,-0.06091978773474693,,,
2,5284,-0.031946804374456406,,,
2,5289,-0.032924048602581024,,,
2,5294,-0.015432611107826233,,,
2,5299,0.0025502759963274,,,
2,5304,-0.030145270749926567,,,
2,5309,-0.066940076649189,,,
2,5314,-0.0746709406375885,,,
2,5319,-0.031776271760463715,,,
2,5324,-0.04975070431828499,,,
2,5329,-0.0644526481628418,,,
2,5334,-0.07132651656866074,,,
2,5339,-0.06322254240512848,,,
2,5344,-0.034063391387462616,,,
2,5349,-0.05173923820257187,,,
2,5354,-0.000747188925743103,,,
2,5359,-0.03606416657567024,,,
2,5364,-0.03923904895782471,,,
2,5369,-0.09159014374017715,,,
2,5374,-0.05524934083223343,,,
2,5379,-0.05931109935045242,,,
2,5384,-0.013314591720700264,,,
2,5389,-0.044951118528842926,,,
2,5394,-0.032283540815114975,,,
2,5399,-0.08891912549734116,,,
2,5404,-0.04759887978434563,,,
2,5409,-0.03376196324825287,,,
2,5414,0.009209876880049706,,,
2,5419,-0.039929699152708054,,,
2,5424,-0.08285079151391983,,,
2,5429,-0.06043430045247078,,,
2,5434,-0.04372859001159668,,,
2,5439,-0.06205931678414345,,,
2,5444,0.04726484417915344,,,
2,5449,-0.08799870312213898,,,
2,5454,-0.06767283380031586,,,
2,5459,-0.05073344707489014,,,
2,5464,-0.05851884186267853,,,
2,5469,-0.016994252800941467,,,
2,5474,-0.039629507809877396,,,
2,5479,-0.014750946313142776,,,
2,5484,-0.04085000604391098,,,
2,5489,-0.055737629532814026,,,
2,5494,-0.025796450674533844,,,
2,5499,-0.0477665551006794,,,
2,5504,-0.035987578332424164,,,
2,5509,-0.040780000388622284,,,
2,5514,0.0027569569647312164,,,
2,5519,-0.009489702060818672,,,
2,5524,-0.05840408802032471,,,
2,5529,-0.03916787728667259,,,
2,5534,-0.0678449347615242,,,
2,5539,-0.01484980620443821,,,
2,5544,-0.03303162008523941,,,
2,5549,-0.05652127414941788,,,
2,5554,-0.04968121647834778,,,
2,5559,-0.05617557466030121,,,
2,5564,-0.06630885601043701,,,
2,5569,-0.0600249208509922,,,
2,5574,-0.0031158393248915672,,,
2,5579,-0.05152309685945511,,,
2,5584,-0.04384581744670868,,,
2,5589,-0.06251886487007141,,,
2,5594,-0.029822174459695816,,,
2,5599,-0.06321348994970322,,,
2,5604,-0.026025157421827316,,,
2,5609,-0.06812319159507751,,,
2,5614,-0.05203746259212494,,,
2,5619,-0.03808049485087395,,,
2,5624,-0.056233346462249756,,,
2,5629,-0.06469933688640594,,,
2,5634,-0.07376834005117416,,,
2,5639,-0.003547833301126957,,,
2,5644,-0.034124117344617844,,,
2,5649,-0.037597183138132095,,,
2,5654,-0.05235002934932709,,,
2,5659,-0.0813867449760437,,,
2,5664,-0.03447199985384941,,,
2,5669,-0.04533997178077698,,,
2,5674,-0.058972470462322235,,,
2,5679,-0.034927986562252045,,,
2,5684,-0.020119111984968185,,,
2,5689,-0.057877447456121445,,,
2,5694,-0.022396203130483627,,,
2,5699,-0.016035232692956924,,,
2,5704,-0.07998423278331757,,,
2,5709,-0.038474734872579575,,,
2,5714,-0.05603967234492302,,,
2,5719,-0.05486423894762993,,,
2,5724,-0.05859167128801346,,,
2,5729,-0.010810915380716324,,,
2,5734,-0.05045979470014572,,,
2,5739,-0.03919035568833351,,,
2,5744,-0.028349220752716064,,,
2,5749,-0.05202833563089371,,,
2,5754,-0.04007025808095932,,,
2,5759,-0.0647403821349144,,,
2,5764,-0.07892797142267227,,,
2,5769,-0.03745991364121437,,,
2,5774,-0.05846775323152542,,,
2,5779,-0.03791740536689758,,,
2,5784,-0.07298192381858826,,,
2,5789,-0.046831950545310974,,,
2,5794,-0.06962903589010239,,,
2,5799,-0.06315386295318604,,,
2,5804,0.03402705490589142,,,
2,5809,0.004264656454324722,,,
2,5814,-0.056755900382995605,,,
2,5819,-0.0349498987197876,,,
2,5824,-0.05698125436902046,,,
2,5829,-0.014257926493883133,,,
2,5834,-0.038719333708286285,,,
2,5839,-0.05276711285114288,,,
2,5844,-0.0773954689502716,,,
2,5849,-0.04127652198076248,,,
2,5854,-0.022726641967892647,,,
2,5859,-0.059883732348680496,,,
2,5864,-0.034189373254776,,,
2,5869,-0.03311282768845558,,,
2,5874,-0.07478497922420502,,,
2,5879,-0.032926253974437714,,,
2,5884,-0.042918335646390915,,,
2,5889,-0.07020927965641022,,,
2,5894,-0.027827931568026543,,,
2,5899,-0.01681257039308548,,,
2,5904,-0.032307326793670654,,,
2,5909,-0.03585350513458252,,,
2,5914,-0.05613565444946289,,,
2,5919,-0.0421806201338768,,,
2,5924,-0.009711087681353092,,,
2,5929,-0.06917749345302582,,,
2,5934,-0.06611950695514679,,,
2,5939,-0.0757175013422966,,,
2,5944,-0.060768403112888336,,,
2,5949,-0.017835495993494987,,,
2,5954,-0.082366943359375,,,
2,5959,-0.0631648451089859,,,
2,5964,-0.048709943890571594,,,
2,5969,-0.04928429424762726,,,
2,5974,-0.03109380602836609,,,
2,5979,-0.06826546788215637,,,
2,5984,-0.06544850766658783,,,
2,5989,-0.030366452410817146,,,
2,5994,-0.05118197575211525,,,
2,5999,-0.05309300124645233,,,
2,6004,-0.08493383973836899,,,
2,6009,-0.03759559988975525,,,
2,6014,-0.05769721418619156,,,
2,6019,-0.007864748127758503,,,
2,6024,-0.0526953861117363,,,
2,6029,-0.02391763962805271,,,
2,6034,-0.060567308217287064,,,
2,6039,-0.042498230934143066,,,
2,6044,-0.06897222250699997,,,
2,6049,-0.0655970349907875,,,
2,6054,-0.05929483100771904,,,
2,6059,-0.07595479488372803,,,
2,6064,-0.04744917154312134,,,
2,6069,-0.009186443872749805,,,
2,6074,-0.0509067140519619,,,
2,6079,-0.03374016284942627,,,
2,6084,-1.8925871700048447e-05,,,
2,6089,-0.020855557173490524,,,
2,6094,-0.015551140531897545,,,
2,6099,-0.0746074914932251,,,
2,6104,-0.046206194907426834,,,
2,6109,-0.050198640674352646,,,
2,6114,0.05222724378108978,,,
2,6119,-0.06865396350622177,,,
2,6124,-0.03288646414875984,,,
2,6129,-0.06653638184070587,,,
2,6134,-0.04787575453519821,,,
2,6139,-0.06249076873064041,,,
2,6144,-0.04668319225311279,,,
2,6149,-0.03663741797208786,,,
2,6154,0.005173817276954651,,,
2,6159,-0.08046679198741913,,,
2,6164,-0.08139844238758087,,,
2,6169,-0.012620864436030388,,,
2,6174,-0.06755877286195755,,,
2,6179,-0.057797495275735855,,,
2,6184,-0.08619336783885956,,,
2,6189,-0.029229864478111267,,,
2,6194,-0.03592860698699951,,,
2,6199,-0.05701418220996857,,,
2,6204,-0.06926494836807251,,,
2,6209,-0.011567331850528717,,,
2,6214,-0.05413755774497986,,,
2,6219,-0.040862828493118286,,,
2,6224,-0.03005705028772354,,,
2,6229,-0.07040539383888245,,,
2,6234,-0.0658373087644577,,,
2,6239,0.046666402369737625,,,
2,6244,-0.06274743378162384,,,
2,6249,-0.01761055923998356,,,
2,6254,-0.048280201852321625,,,
2,6259,-0.061485450714826584,,,
2,6264,-0.05122998356819153,,,
2,6269,-0.0499265231192112,,,
2,6274,-0.05695287883281708,,,
2,6279,-0.025248747318983078,,,
2,6284,-0.029071349650621414,,,
2,6289,-0.03544425964355469,,,
2,6294,-0.06735409796237946,,,
2,6299,-0.060908034443855286,,,
2,6304,-0.0353129617869854,,,
2,6309,-0.08367303758859634,,,
2,6314,-0.03258242458105087,,,
2,6319,-0.03413161635398865,,,
2,6324,-0.02732342854142189,,,
2,6329,-0.04341099411249161,,,
2,6334,-0.06932274997234344,,,
2,6339,-0.03185079246759415,,,
2,6344,-0.06537530571222305,,,
2,6349,-0.053799550980329514,,,
2,6354,-0.01542559452354908,,,
2,6359,-0.05298870801925659,,,
2,6364,-0.058322712779045105,,,
2,6369,-0.05832313001155853,,,
2,6374,-0.06312201172113419,,,
2,6379,-0.04850691929459572,,,
2,6384,-0.07888784259557724,,,
2,6389,-0.05604160577058792,,,
2,6394,-0.05580078810453415,,,
2,6399,-0.022474810481071472,,,
2,6404,-0.03855535387992859,,,
2,6409,-0.05756806209683418,,,
2,6414,-0.05743010342121124,,,
2,6419,-0.04755397140979767,,,
2,6424,-0.0665753111243248,,,
2,6429,-0.00413602776825428,,,
2,6434,-0.06800846755504608,,,
2,6439,-0.06801044940948486,,,
2,6444,-0.02495288848876953,,,
2,6449,-0.020702406764030457,,,
2,6454,-0.03410311043262482,,,
2,6459,-0.07602301239967346,,,
2,6464,-0.020657062530517578,,,
2,6469,-0.021207192912697792,,,
2,6474,-0.06286334991455078,,,
2,6479,-0.07361196726560593,,,
2,6484,-0.020301751792430878,,,
2,6489,-0.05156634747982025,,,
2,6494,-0.06827245652675629,,,
2,6499,-0.04266975447535515,,,
2,6504,-0.012534861452877522,,,
2,6509,-0.0754028931260109,,,
2,6514,-0.020848382264375687,,,
2,6519,-0.04115920141339302,,,
2,6524,-0.05523308366537094,,,
2,6529,-0.06103796511888504,,,
2,6534,-0.05678114295005798,,,
2,6539,-0.055620528757572174,,,
2,6544,-0.01776382327079773,,,
2,6549,-0.03467491641640663,,,
2,6554,-0.07922488451004028,,,
2,6559,-0.02812037616968155,,,
2,6564,-0.035982973873615265,,,
2,6569,-0.0418425053358078,,,
2,6574,-0.05604028329253197,,,
2,6579,-0.06482520699501038,,,
2,6584,-0.056524619460105896,,,
2,6589,-0.04358314722776413,,,
2,6594,-0.03298114985227585,,,
2,6599,-0.052148059010505676,,,
2,6604,-0.04832276329398155,,,
2,6609,-0.05623142421245575,,,
2,6614,-0.04560108855366707,,,
2,6619,-0.03836944326758385,,,
2,6624,-0.03378335013985634,,,
2,6629,-0.05770537257194519,,,
2,6634,-0.03775273263454437,,,
2,6639,-0.05516643822193146,,,
2,6644,-0.020104197785258293,,,
2,6649,-0.03425478935241699,,,
2,6654,-0.06580616533756256,,,
2,6659,-0.05698990076780319,,,
2,6664,-0.029694393277168274,,,
2,6669,-0.0680842399597168,,,
2,6674,-0.04131500422954559,,,
2,6679,-0.028099674731492996,,,
2,6684,-0.028788626194000244,,,
2,6689,-0.026966944336891174,,,
2,6694,-0.04346352443099022,,,
2,6699,-0.08181773871183395,,,
2,6704,-0.07784727215766907,,,
2,6709,-0.029990550130605698,,,
2,6714,-0.018600163981318474,,,
2,6719,-0.03828513249754906,,,
2,6724,-0.05539492517709732,,,
2,6729,-0.044484782963991165,,,
2,6734,-0.07527974247932434,,,
2,6739,-0.06504975259304047,,,
2,6744,-0.06716765463352203,,,
2,6749,-0.03156629577279091,,,
2,6754,-0.04295625537633896,,,
2,6759,-0.06222645193338394,,,
2,6764,-0.06141474470496178,,,
2,6769,-0.04629546403884888,,,
2,6774,-0.032205730676651,,,
2,6779,-0.05702069401741028,,,
2,6784,-0.06676322221755981,,,
2,6789,-0.07786095887422562,,,
2,6794,-0.04400092735886574,,,
2,6799,-0.03745735436677933,,,
2,6804,-0.05918440967798233,,,
2,6809,-0.07499010860919952,,,
2,6814,-0.055307820439338684,,,
2,6819,-0.03142290189862251,,,
2,6824,-0.03965575620532036,,,
2,6829,-0.06401459872722626,,,
2,6834,0.008822577074170113,,,
2,6839,-0.05568807199597359,,,
2,6844,-0.07363398373126984,,,
2,6849,-0.05115390941500664,,,
2,6854,-0.01259748823940754,,,
2,6859,-0.04733004420995712,,,
2,6864,-0.05570518225431442,,,
2,6869,-0.058862365782260895,,,
2,6874,-0.056020110845565796,,,
2,6879,-0.03421596437692642,,,
2,6884,-0.05730968713760376,,,
2,6889,-0.07055781781673431,,,
2,6894,-0.048949092626571655,,,
2,6899,-0.048839420080184937,,,
2,6904,-0.06368258595466614,,,
2,6909,-0.0575476810336113,,,
2,6914,-0.037085507065057755,,,
2,6919,-0.07146307826042175,,,
2,6924,-0.10093209147453308,,,
2,6929,-0.03706780821084976,,,
2,6934,0.01286030188202858,,,
2,6939,-0.05504219979047775,,,
2,6944,-0.051854539662599564,,,
2,6949,-0.059482600539922714,,,
2,6954,-0.10015717148780823,,,
2,6959,-0.04095200449228287,,,
2,6964,-0.013046322390437126,,,
2,6969,-0.05659547820687294,,,
2,6974,-0.053935203701257706,,,
2,6979,-0.03457318991422653,,,
2,6984,-0.04359709843993187,,,
2,6989,-0.02934964746236801,,,
2,6994,-0.04389098286628723,,,
2,6999,-0.04124126583337784,,,
2,7004,-0.053686030209064484,,,
2,7009,-0.05789003521203995,,,
2,7014,-0.047657258808612823,,,
2,7019,-0.03621550649404526,,,
2,7024,-0.06356342136859894,,,
2,7029,-0.05008915811777115,,,
2,7034,-0.019750472158193588,,,
2,7039,-0.06794459372758865,,,
2,7044,-0.03750509023666382,,,
2,7049,-0.039340078830718994,,,
2,7054,-0.07829329371452332,,,
2,7059,-0.0737067312002182,,,
2,7064,-0.028348051011562347,,,
2,7069,-0.025151940062642097,,,
2,7074,-0.04206782206892967,,,
2,7079,-0.04614553228020668,,,
2,7084,-0.02199523337185383,,,
2,7089,0.00886160135269165,,,
2,7094,-0.06500155478715897,,,
2,7099,-0.05630423501133919,,,
2,7104,-0.044889140874147415,,,
2,7109,-0.06944888830184937,,,
2,7114,-0.0729370266199112,,,
2,7119,-0.035453520715236664,,,
2,7124,-0.008697889745235443,,,
2,7129,-0.06807035207748413,,,
2,7134,-0.06200340390205383,,,
2,7139,-0.03514912351965904,,,
2,7144,-0.014928167685866356,,,
2,7149,-0.05162530392408371,,,
2,7154,-0.06696175038814545,,,
2,7159,-0.05028175562620163,,,
2,7164,-0.004829687997698784,,,
2,7169,-0.062452979385852814,,,
2,7174,-0.08602137863636017,,,
2,7179,-0.07029226422309875,,,
2,7184,-0.07505946606397629,,,
2,7189,-0.013176645152270794,,,
2,7194,-0.05470326915383339,,,
2,7199,-0.05629762262105942,,,
2,7204,-0.058375827968120575,,,
2,7209,-0.044577132910490036,,,
2,7214,-0.04948480427265167,,,
2,7219,-0.07236126065254211,,,
2,7224,-0.050680384039878845,,,
2,7229,-0.03865676745772362,,,
2,7234,-0.07111838459968567,,,
2,7239,-0.06044436991214752,,,
2,7244,-0.04814232885837555,,,
2,7249,-0.06692862510681152,,,
2,7254,-0.05867243558168411,,,
2,7259,-0.056517310440540314,,,
2,7264,-0.026609154418110847,,,
2,7269,-0.05223339796066284,,,
2,7274,-0.0523981899023056,,,
2,7279,-0.06006341055035591,,,
2,7284,-0.014078725129365921,,,
2,7289,-0.07587596774101257,,,
2,7294,-0.03351055085659027,,,
2,7299,-0.04780416935682297,,,
2,7304,-0.03982464596629143,,,
2,7309,-0.03420330211520195,,,
2,7314,-0.03004971519112587,,,
2,7319,-0.08457387983798981,,,
2,7324,-0.04625057429075241,,,
2,7329,-0.02655852399766445,,,
2,7334,-0.02831064537167549,,,
2,7339,-0.0749184787273407,,,
2,7344,-0.0772639587521553,,,
2,7349,-0.054558537900447845,,,
2,7354,-0.07019351422786713,,,
2,7359,-0.051421910524368286,,,
2,7364,-0.05084926635026932,,,
2,7369,-0.0584084652364254,,,
2,7374,-0.07748661935329437,,,
2,7379,-0.05353643372654915,,,
2,7384,-0.06258701533079147,,,
2,7389,-0.019129393622279167,,,
2,7394,-0.07383027672767639,,,
2,7399,-0.07093197107315063,,,
2,7404,-0.024099398404359818,,,
2,7409,-0.045051708817481995,,,
2,7414,-0.010098395869135857,,,
2,7419,-0.06506890803575516,,,
2,7424,-0.06111694499850273,,,
2,7429,-0.07030273973941803,,,
2,7434,-0.027284659445285797,,,
2,7439,-0.04840730503201485,,,
2,7444,-0.07516907155513763,,,
2,7449,-0.07597421109676361,,,
2,7454,-0.07701734453439713,,,
2,7459,-0.061036404222249985,,,
2,7464,0.0030157752335071564,,,
2,7469,-0.04022469371557236,,,
2,7474,-0.06673388183116913,,,
2,7479,-0.009185310453176498,,,
2,7484,-0.060797564685344696,,,
2,7489,-0.0072051468305289745,,,
2,7494,-0.039459891617298126,,,
2,7499,-0.02139376290142536,,,
2,7499,,-0.05444196239113808,0.4309999942779541,0.7511324882507324
3,7504,-0.0700693428516388,,,
3,7509,-0.0746808722615242,,,
3,7514,-0.07686717808246613,,,
3,7519,-0.05836131423711777,,,
3,7524,0.020413700491189957,,,
3,7529,-0.06093145161867142,,,
3,7534,-0.039032287895679474,,,
3,7539,-0.06616087257862091,,,
3,7544,-0.05765942484140396,,,
3,7549,-0.034307606518268585,,,
3,7554,-0.06376291811466217,,,
3,7559,-0.0720304399728775,,,
3,7564,-0.05063347890973091,,,
3,7569,-0.06084846705198288,,,
3,7574,-0.060624826699495316,,,
3,7579,-0.054291315376758575,,,
3,7584,-0.03578988462686539,,,
3,7589,-0.033275093883275986,,,
3,7594,-0.05952606350183487,,,
3,7599,-0.042328618466854095,,,
3,7604,-0.006271723657846451,,,
3,7609,-0.03835470229387283,,,
3,7614,-0.03339814394712448,,,
3,7619,-0.0335790291428566,,,
3,7624,-0.0718245729804039,,,
3,7629,-0.04197601228952408,,,
3,7634,-0.009383486583828926,,,
3,7639,-0.05447535216808319,,,
3,7644,-0.032162658870220184,,,
3,7649,-0.048804253339767456,,,
3,7654,-0.03983226418495178,,,
3,7659,-0.07658812403678894,,,
3,7664,-0.02364680916070938,,,
3,7669,-0.043252237141132355,,,
3,7674,-0.013683242723345757,,,
3,7679,-0.0565527081489563,,,
3,7684,-0.06402379274368286,,,
3,7689,-0.061422985047101974,,,
3,7694,-0.06698023527860641,,,
3,7699,-0.06759513914585114,,,
3,7704,-0.06626682728528976,,,
3,7709,-0.023906618356704712,,,
3,7714,-0.033788230270147324,,,
3,7719,-0.04454738646745682,,,
3,7724,-0.016553085297346115,,,
3,7729,-0.07086275517940521,,,
3,7734,-0.01866762340068817,,,
3,7739,-0.054523780941963196,,,
3,7744,-0.039169665426015854,,,
3,7749,-0.05454925075173378,,,
3,7754,-0.05231928080320358,,,
3,7759,-0.05600763112306595,,,
3,7764,-0.009260863065719604,,,
3,7769,-0.06964375078678131,,,
3,7774,-0.07350654155015945,,,
3,7779,-0.05859127640724182,,,
3,7784,-0.028039751574397087,,,
3,7789,-0.017854122444987297,,,
3,7794,-0.04939091205596924,,,
3,7799,-0.07067801058292389,,,
3,7804,-0.05304322391748428,,,
3,7809,-0.06840340793132782,,,
3,7814,-0.04216354340314865,,,
3,7819,-0.05948573350906372,,,
3,7824,-0.017973341047763824,,,
3,7829,-0.03985694423317909,,,
3,7834,-0.07204101234674454,,,
3,7839,-0.06190365552902222,,,
3,7844,-0.05078522861003876,,,
3,7849,-0.01914769783616066,,,
3,7854,-0.06663263589143753,,,
3,7859,-0.04667861759662628,,,
3,7864,-0.04123395308852196,,,
3,7869,-0.05405028164386749,,,
3,7874,-0.03477797657251358,,,
3,7879,-0.015461239032447338,,,
3,7884,-0.07307904213666916,,,
3,7889,-0.053442515432834625,,,
3,7894,-0.04313597083091736,,,
3,7899,-0.08892086148262024,,,
3,7904,-0.024979474022984505,,,
3,7909,-0.07307955622673035,,,
3,7914,-0.036120109260082245,,,
3,7919,-0.030938563868403435,,,
3,7924,-0.019249679520726204,,,
3,7929,-0.06850696355104446,,,
3,7934,-0.08351626992225647,,,
3,7939,-0.06797877699136734,,,
3,7944,-0.028197143226861954,,,
3,7949,-0.02463805302977562,,,
3,7954,-0.043309252709150314,,,
3,7959,-0.0921051874756813,,,
3,7964,-0.05639071762561798,,,
3,7969,-0.05944238603115082,,,
3,7974,-0.05926806852221489,,,
3,7979,-0.07970534265041351,,,
3,7984,-0.05261941999197006,,,
3,7989,-0.018092064186930656,,,
3,7994,-0.07443594187498093,,,
3,7999,-0.029637005180120468,,,
3,8004,-0.06110735237598419,,,
3,8009,-0.06255465000867844,,,
3,8014,0.026425320655107498,,,
3,8019,-0.08019090443849564,,,
3,8024,-0.08515333384275436,,,
3,8029,0.008068344555795193,,,
3,8034,-0.05996936559677124,,,
3,8039,-0.0769123062491417,,,
3,8044,-0.07965520024299622,,,
3,8049,-0.057393670082092285,,,
3,8054,-0.025970229879021645,,,
3,8059,-0.029666762799024582,,,
3,8064,-0.03931286558508873,,,
3,8069,-0.05189983546733856,,,
3,8074,-0.04921018332242966,,,
3,8079,-0.019353829324245453,,,
3,8084,0.00773080438375473,,,
3,8089,-0.042916569858789444,,,
3,8094,-0.06250612437725067,,,
3,8099,-0.048121385276317596,,,
3,8104,-0.04799448698759079,,,
3,8109,-0.06611617654561996,,,
3,8114,-0.05501217767596245,,,
3,8119,-0.0637083500623703,,,
3,8124,-0.035841092467308044,,,
3,8129,-0.05261177569627762,,,
3,8134,-0.05117892846465111,,,
3,8139,-0.042134299874305725,,,
3,8144,-0.07163441181182861,,,
3,8149,-0.057709693908691406,,,
3,8154,-0.04251719266176224,,,
3,8159,-0.05221335589885712,,,
3,8164,0.016231544315814972,,,
3,8169,-0.05915156006813049,,,
3,8174,-0.04846014082431793,,,
3,8179,-0.04951462149620056,,,
3,8184,-0.03798290342092514,,,
3,8189,-0.03941602632403374,,,
3,8194,-0.03948123753070831,,,
3,8199,-0.01682877168059349,,,
3,8204,-0.08067700266838074,,,
3,8209,-0.04334239661693573,,,
3,8214,-0.06353878974914551,,,
3,8219,-0.058336757123470306,,,
3,8224,-0.051237113773822784,,,
3,8229,-0.06950339674949646,,,
3,8234,-0.03235377371311188,,,
3,8239,-0.055243201553821564,,,
3,8244,-0.06310198456048965,,,
3,8249,-0.04879935830831528,,,
3,8254,-0.08556540310382843,,,
3,8259,-0.03085465170443058,,,
3,8264,-0.02629447542130947,,,
3,8269,-0.06613612174987793,,,
3,8274,-0.07237999141216278,,,
3,8279,-0.04184258356690407,,,
3,8284,-0.029359642416238785,,,
3,8289,-0.06984051316976547,,,
3,8294,-0.007352051325142384,,,
3,8299,-0.044421255588531494,,,
3,8304,-0.07155109941959381,,,
3,8309,-0.08066381514072418,,,
3,8314,-0.06569772958755493,,,
3,8319,-0.04287078604102135,,,
3,8324,-0.07223008573055267,,,
3,8329,-0.0405689999461174,,,
3,8334,-0.03403743356466293,,,
3,8339,-0.040285658091306686,,,
3,8344,-0.07004545629024506,,,
3,8349,-0.05018752068281174,,,
3,8354,-0.023802129551768303,,,
3,8359,-0.05094153806567192,,,
3,8364,-0.0060592032968997955,,,
3,8369,-0.03534383699297905,,,
3,8374,-0.06326508522033691,,,
3,8379,-0.03245573118329048,,,
3,8384,-0.03781740739941597,,,
3,8389,-0.060530416667461395,,,
3,8394,-0.061194270849227905,,,
3,8399,-0.06411116570234299,,,
3,8404,-0.05390851944684982,,,
3,8409,-0.06546173244714737,,,
3,8414,-0.05117952823638916,,,
3,8419,-0.01065648440271616,,,
3,8424,-0.012997029349207878,,,
3,8429,-0.01298900879919529,,,
3,8434,-0.05532856285572052,,,
3,8439,-0.06542561948299408,,,
3,8444,-0.022685928270220757,,,
3,8449,-0.056843362748622894,,,
3,8454,-0.05889155715703964,,,
3,8459,-0.050627049058675766,,,
3,8464,-0.05616573616862297,,,
3,8469,-0.0664290189743042,,,
3,8474,-0.04462581127882004,,,
3,8479,-0.03800932317972183,,,
3,8484,-0.061039071530103683,,,
3,8489,-0.026450825855135918,,,
3,8494,-0.05705050751566887,,,
3,8499,-0.060758281499147415,,,
3,8504,-0.03245221823453903,,,
3,8509,-0.07014118880033493,,,
3,8514,-0.04522991180419922,,,
3,8519,-0.03985805809497833,,,
3,8524,-0.02799173817038536,,,
3,8529,-0.024299021810293198,,,
3,8534,-0.016518553718924522,,,
3,8539,-0.04988908767700195,,,
3,8544,-0.05181656405329704,,,
3,8549,-0.07658396661281586,,,
3,8554,-0.02330353856086731,,,
3,8559,-0.06617774814367294,,,
3,8564,-0.04627680778503418,,,
3,8569,-0.043832190334796906,,,
3,8574,-0.06688418239355087,,,
3,8579,-0.04927479103207588,,,
3,8584,-0.03977692872285843,,,
3,8589,-0.03885570913553238,,,
3,8594,-0.06981712579727173,,,
3,8599,-0.053507354110479355,,,
3,8604,-0.06029925122857094,,,
3,8609,-0.0426216796040535,,,
3,8614,-0.02039225399494171,,,
3,8619,-0.08355557918548584,,,
3,8624,-0.05402319133281708,,,
3,8629,-0.047714486718177795,,,
3,8634,-0.05351097136735916,,,
3,8639,-0.062419019639492035,,,
3,8644,-0.08059695363044739,,,
3,8649,-0.06346818059682846,,,
3,8654,-0.07692072540521622,,,
3,8659,-0.058819398283958435,,,
3,8664,-0.016863256692886353,,,
3,8669,-0.06326781213283539,,,
3,8674,-0.05675332620739937,,,
3,8679,-0.03368281573057175,,,
3,8684,-0.008457500487565994,,,
3,8689,-0.01232580840587616,,,
3,8694,-0.05050123482942581,,,
3,8699,-0.012499443255364895,,,
3,8704,-0.034410856664180756,,,
3,8709,-0.04231435805559158,,,
3,8714,-0.07402195036411285,,,
3,8719,-0.057080432772636414,,,
3,8724,-0.056391097605228424,,,
3,8729,-0.06941433250904083,,,
3,8734,-0.043980129063129425,,,
3,8739,-0.028154170140624046,,,
3,8744,-0.013710309751331806,,,
3,8749,-0.04496908187866211,,,
3,8754,-0.03345175459980965,,,
3,8759,-0.054539553821086884,,,
3,8764,-0.05622122436761856,,,
3,8769,-0.015908176079392433,,,
3,8774,-0.049802087247371674,,,
3,8779,-0.024510405957698822,,,
3,8784,-0.0320662222802639,,,
3,8789,0.05906595662236214,,,
3,8794,-0.04261893033981323,,,
3,8799,-0.06702393293380737,,,
3,8804,-0.04914645850658417,,,
3,8809,-0.01778341829776764,,,
3,8814,-0.03872854635119438,,,
3,8819,-0.0531466044485569,,,
3,8824,-0.06427662074565887,,,
3,8829,-0.026926038786768913,,,
3,8834,-0.032553210854530334,,,
3,8839,-0.06284068524837494,,,
3,8844,-0.05119577422738075,,,
3,8849,-0.08592255413532257,,,
3,8854,-0.022362641990184784,,,
3,8859,-0.041116103529930115,,,
3,8864,-0.03850936517119408,,,
3,8869,-0.010221186093986034,,,
3,8874,-0.055148910731077194,,,
3,8879,-0.04742264375090599,,,
3,8884,-0.04293103516101837,,,
3,8889,-0.04601798951625824,,,
3,8894,-0.0756906270980835,,,
3,8899,-0.07567974925041199,,,
3,8904,-0.05722267925739288,,,
3,8909,-0.04192642495036125,,,
3,8914,-0.07266563922166824,,,
3,8919,-0.03248842805624008,,,
3,8924,-0.056204043328762054,,,
3,8929,-0.07766196876764297,,,
3,8934,-0.03071272373199463,,,
3,8939,-0.022051740437746048,,,
3,8944,-0.059158291667699814,,,
3,8949,-0.05054498463869095,,,
3,8954,-0.04562969505786896,,,
3,8959,-0.06390739977359772,,,
3,8964,-0.02100347727537155,,,
3,8969,-0.057211391627788544,,,
3,8974,-0.05238313600420952,,,
3,8979,-0.043379589915275574,,,
3,8984,-0.01868499256670475,,,
3,8989,-0.07505815476179123,,,
3,8994,-0.07142224907875061,,,
3,8999,-0.033549532294273376,,,
3,9004,-0.09405733644962311,,,
3,9009,-0.03334178030490875,,,
3,9014,-0.02241394855082035,,,
3,9019,-0.027948971837759018,,,
3,9024,-0.060005251318216324,,,
3,9029,-0.024009963497519493,,,
3,9034,-0.0724966824054718,,,
3,9039,-0.028891589492559433,,,
3,9044,-0.07148822396993637,,,
3,9049,-0.050490740686655045,,,
3,9054,-0.05160532146692276,,,
3,9059,-0.06924881041049957,,,
3,9064,-0.030370129272341728,,,
3,9069,-0.04192229360342026,,,
3,9074,-0.060816265642642975,,,
3,9079,-0.06210245192050934,,,
3,9084,-0.05300569534301758,,,
3,9089,0.007894778624176979,,,
3,9094,-0.052409473806619644,,,
3,9099,-0.058249667286872864,,,
3,9104,-0.0635066032409668,,,
3,9109,-0.03979656472802162,,,
3,9114,-0.015127455815672874,,,
3,9119,-0.028427638113498688,,,
3,9124,-0.06226040795445442,,,
3,9129,-0.05088430643081665,,,
3,9134,-0.05581545829772949,,,
3,9139,-0.04299699515104294,,,
3,9144,-0.05309325084090233,,,
3,9149,-0.04396338760852814,,,
3,9154,-0.05215012654662132,,,
3,9159,-0.07916376739740372,,,
3,9164,-0.0439528152346611,,,
3,9169,-0.05300886929035187,,,
3,9174,-0.012028271332383156,,,
3,9179,-0.04440953582525253,,,
3,9184,-0.03625668212771416,,,
3,9189,-0.07575663179159164,,,
3,9194,-0.044839389622211456,,,
3,9199,-0.043990038335323334,,,
3,9204,-0.05668170750141144,,,
3,9209,-0.047072477638721466,,,
3,9214,-0.02066875994205475,,,
3,9219,0.0014707762748003006,,,
3,9224,-0.039554253220558167,,,
3,9229,-0.04466793313622475,,,
3,9234,-0.08309300243854523,,,
3,9239,-0.023617468774318695,,,
3,9244,-0.028999008238315582,,,
3,9249,-0.06676056981086731,,,
3,9254,-0.06565463542938232,,,
3,9259,-0.056562744081020355,,,
3,9264,-0.057341400533914566,,,
3,9269,-0.06873546540737152,,,
3,9274,-0.05046572908759117,,,
3,9279,-0.050972290337085724,,,
3,9284,-0.06782513856887817,,,
3,9289,-0.06746280193328857,,,
3,9294,-0.047838419675827026,,,
3,9299,-0.04426374286413193,,,
3,9304,0.004079127684235573,,,
3,9309,-0.028429381549358368,,,
3,9314,-0.04603251814842224,,,
3,9319,-0.0811598002910614,,,
3,9324,-0.05872901901602745,,,
3,9329,-0.07724514603614807,,,
3,9334,0.0050629545003175735,,,
3,9339,-0.05084022879600525,,,
3,9344,-0.04599270969629288,,,
3,9349,-0.05178019776940346,,,
3,9354,-0.049104876816272736,,,
3,9359,-0.04433225095272064,,,
3,9364,-0.05545143783092499,,,
3,9369,-0.041150856763124466,,,
3,9374,-0.058061178773641586,,,
3,9379,-0.04313991218805313,,,
3,9384,-0.05654670670628548,,,
3,9389,-0.06701181828975677,,,
3,9394,-0.025749634951353073,,,
3,9399,-0.06624314188957214,,,
3,9404,-0.04047081619501114,,,
3,9409,-0.042133212089538574,,,
3,9414,-0.05387815833091736,,,
3,9419,-0.07647958397865295,,,
3,9424,-0.07704752683639526,,,
3,9429,-0.04652666300535202,,,
3,9434,-0.03180792182683945,,,
3,9439,-0.05476146191358566,,,
3,9444,-0.0750090703368187,,,
3,9449,-0.04992798715829849,,,
3,9454,0.045815564692020416,,,
3,9459,0.004905266687273979,,,
3,9464,-0.04469160735607147,,,
3,9469,-0.00875866785645485,,,
3,9474,-0.07048705965280533,,,
3,9479,-0.045475274324417114,,,
3,9484,-0.05966142937541008,,,
3,9489,-0.05632825195789337,,,
3,9494,-0.03348131105303764,,,
3,9499,-0.031226441264152527,,,
3,9504,-0.057861413806676865,,,
3,9509,-0.029497183859348297,,,
3,9514,-0.0406540147960186,,,
3,9519,-0.04876933991909027,,,
3,9524,-0.05527409166097641,,,
3,9529,-0.03208291530609131,,,
3,9534,-0.07129333168268204,,,
3,9539,-0.043923519551754,,,
3,9544,-0.07198505103588104,,,
3,9549,-0.035446882247924805,,,
3,9554,-0.0526532419025898,,,
3,9559,-0.062279168516397476,,,
3,9564,-0.045241277664899826,,,
3,9569,-0.05321090295910835,,,
3,9574,-0.04194848984479904,,,
3,9579,-0.04370832070708275,,,
3,9584,-0.04408732429146767,,,
3,9589,-0.06678877025842667,,,
3,9594,-0.065330371260643,,,
3,9599,-0.08013230562210083,,,
3,9604,-0.06854178011417389,,,
3,9609,0.006558593828231096,,,
3,9614,-0.0650445893406868,,,
3,9619,-0.07986417412757874,,,
3,9624,-0.044341351836919785,,,
3,9629,-0.015967372804880142,,,
3,9634,-0.06488052010536194,,,
3,9639,-0.017224621027708054,,,
3,9644,-0.06229349970817566,,,
3,9649,-0.07236924022436142,,,
3,9654,-0.061519887298345566,,,
3,9659,-0.05102056264877319,,,
3,9664,-0.04934645816683769,,,
3,9669,-0.058824293315410614,,,
3,9674,-0.04459843784570694,,,
3,9679,-0.06953193992376328,,,
3,9684,-0.03573423624038696,,,
3,9689,-0.025216327980160713,,,
3,9694,-0.022044586017727852,,,
3,9699,-0.029489295557141304,,,
3,9704,-0.019087951630353928,,,
3,9709,-0.04888072982430458,,,
3,9714,-0.061944976449012756,,,
3,9719,-0.036676645278930664,,,
3,9724,-0.05721297487616539,,,
3,9729,-0.0479293093085289,,,
3,9734,-0.04892425239086151,,,
3,9739,-0.042210012674331665,,,
3,9744,-0.03964407742023468,,,
3,9749,-0.03514073044061661,,,
3,9754,-0.051480814814567566,,,
3,9759,-0.018328774720430374,,,
3,9764,-0.012730645015835762,,,
3,9769,-0.07461756467819214,,,
3,9774,-0.055574268102645874,,,
3,9779,-0.057029806077480316,,,
3,9784,-0.0589388832449913,,,
3,9789,-0.029768090695142746,,,
3,9794,-0.053585853427648544,,,
3,9799,0.011985715478658676,,,
3,9804,-0.05119016394019127,,,
3,9809,-0.05178310349583626,,,
3,9814,-0.03648129850625992,,,
3,9819,-0.053173426538705826,,,
3,9824,-0.05074409767985344,,,
3,9829,-0.037633638828992844,,,
3,9834,-0.06322170048952103,,,
3,9839,-0.029478026553988457,,,
3,9844,-0.07478468865156174,,,
3,9849,0.02045542746782303,,,
3,9854,-0.04268736019730568,,,
3,9859,-0.05082457885146141,,,
3,9864,-0.05537423491477966,,,
3,9869,-0.02062222734093666,,,
3,9874,-0.03410796448588371,,,
3,9879,-0.04138488322496414,,,
3,9884,-0.07350471615791321,,,
3,9889,-0.062397293746471405,,,
3,9894,-0.057145677506923676,,,
3,9899,-0.037043794989585876,,,
3,9904,-0.054385870695114136,,,
3,9909,-0.04631331190466881,,,
3,9914,-0.037988338619470596,,,
3,9919,-0.039040785282850266,,,
3,9924,0.0013303961604833603,,,
3,9929,-0.01593770459294319,,,
3,9934,-0.058805108070373535,,,
3,9939,-0.060554102063179016,,,
3,9944,-0.0482131689786911,,,
3,9949,-0.031326793134212494,,,
3,9954,-0.07765817642211914,,,
3,9959,-0.051766254007816315,,,
3,9964,-0.010109555907547474,,,
3,9969,-0.049441270530223846,,,
3,9974,-0.06125326082110405,,,
3,9979,-0.04349077120423317,,,
3,9984,-0.08048596978187561,,,
3,9989,-0.07404999434947968,,,
3,9994,-0.020294716581702232,,,
3,9999,-0.035853512585163116,,,
3,9999,,-0.04093213751912117,0.4431999921798706,0.7621023654937744
4,10004,-0.036032579839229584,,,
4,10009,-0.03924456983804703,,,
4,10014,-0.0660594254732132,,,
4,10019,-0.04155672341585159,,,
4,10024,-0.08128411322832108,,,
4,10029,-0.06207022815942764,,,
4,10034,-0.03332345187664032,,,
4,10039,-0.048655569553375244,,,
4,10044,-0.024982385337352753,,,
4,10049,-0.05179653689265251,,,
4,10054,-0.0637124627828598,,,
4,10059,-0.061383601278066635,,,
4,10064,-0.041460201144218445,,,
4,10069,-0.07233309745788574,,,
4,10074,-0.0461510494351387,,,
4,10079,-0.056255269795656204,,,
4,10084,0.02405555546283722,,,
4,10089,-0.06168028712272644,,,
4,10094,-0.03936309367418289,,,
4,10099,-0.062310826033353806,,,
4,10104,-0.03364752233028412,,,
4,10109,-0.07140568643808365,,,
4,10114,-0.0026506390422582626,,,
4,10119,-0.04989258944988251,,,
4,10124,-0.046233441680669785,,,
4,10129,-0.04649333655834198,,,
4,10134,-0.046677909791469574,,,
4,10139,-0.05522045120596886,,,
4,10144,-0.0470443069934845,,,
4,10149,-0.03369088098406792,,,
4,10154,-0.03971145302057266,,,
4,10159,-0.01458832249045372,,,
4,10164,-0.03575940430164337,,,
4,10169,-0.024205302819609642,,,
4,10174,-0.0724887102842331,,,
4,10179,-0.017992742359638214,,,
4,10184,-0.06036049500107765,,,
4,10189,-0.025761505588889122,,,
4,10194,-0.06010492146015167,,,
4,10199,-0.034053295850753784,,,
4,10204,-0.030200861394405365,,,
4,10209,-0.03760845959186554,,,
4,10214,-0.021748777478933334,,,
4,10219,-0.07001499831676483,,,
4,10224,-0.05328402668237686,,,
4,10229,-0.00561877153813839,,,
4,10234,-0.048126280307769775,,,
4,10239,-0.04629882425069809,,,
4,10244,-0.04657962918281555,,,
4,10249,-0.04666147753596306,,,
4,10254,-0.05488007515668869,,,
4,10259,-0.058473143726587296,,,
4,10264,-0.04673772305250168,,,
4,10269,0.0037789084017276764,,,
4,10274,-0.07827465236186981,,,
4,10279,-0.06355391442775726,,,
4,10284,-0.04788021743297577,,,
4,10289,-0.030541248619556427,,,
4,10294,-0.04981540888547897,,,
4,10299,-0.06591413170099258,,,
4,10304,-0.0722116231918335,,,
4,10309,-0.04061667621135712,,,
4,10314,-0.03875485435128212,,,
4,10319,-0.02322470396757126,,,
4,10324,-0.06220245361328125,,,
4,10329,-0.04846265912055969,,,
4,10334,-0.054657433182001114,,,
4,10339,-0.034937784075737,,,
4,10344,-0.045361801981925964,,,
4,10349,-0.060129567980766296,,,
4,10354,-0.040440455079078674,,,
4,10359,-0.057025983929634094,,,
4,10364,-0.06766580045223236,,,
4,10369,-0.011111922562122345,,,
4,10374,-0.05668012797832489,,,
4,10379,-0.049508869647979736,,,
4,10384,-0.03634655475616455,,,
4,10389,-0.07204756140708923,,,
4,10394,-0.05752382054924965,,,
4,10399,-0.010477853938937187,,,
4,10404,-0.07095767557621002,,,
4,10409,-0.05957602709531784,,,
4,10414,-0.04674696922302246,,,
4,10419,-0.049972549080848694,,,
4,10424,-0.042559701949357986,,,
4,10429,-0.029713626950979233,,,
4,10434,-0.044161781668663025,,,
4,10439,-0.02779107727110386,,,
4,10444,-0.04649398475885391,,,
4,10449,-0.05664701759815216,,,
4,10454,-0.03528408706188202,,,
4,10459,-0.06912623345851898,,,
4,10464,-0.026294689625501633,,,
4,10469,-0.042063355445861816,,,
4,10474,-0.05297800898551941,,,
4,10479,-0.07139428704977036,,,
4,10484,-0.037131939083337784,,,
4,10489,-0.01452851016074419,,,
4,10494,-0.04450254887342453,,,
4,10499,-0.07651885598897934,,,
4,10504,-0.05879068747162819,,,
4,10509,-0.014527983032166958,,,
4,10514,-0.051265135407447815,,,
4,10519,-0.0563507154583931,,,
4,10524,-0.0705934390425682,,,
4,10529,-0.0389970988035202,,,
4,10534,-0.04293161258101463,,,
4,10539,-0.03863094747066498,,,
4,10544,-0.053978465497493744,,,
4,10549,-0.026384958997368813,,,
4,10554,-0.051384322345256805,,,
4,10559,-0.05971217900514603,,,
4,10564,-0.05411318689584732,,,
4,10569,-0.020189642906188965,,,
4,10574,-0.0656316876411438,,,
4,10579,-0.058250460773706436,,,
4,10584,-0.0438779816031456,,,
4,10589,-0.04909373074769974,,,
4,10594,-0.030630310997366905,,,
4,10599,-0.06341740489006042,,,
4,10604,-0.06379519402980804,,,
4,10609,-0.0585157610476017,,,
4,10614,-0.050537820905447006,,,
4,10619,-0.0561499148607254,,,
4,10624,-0.04643786698579788,,,
4,10629,-0.035654980689287186,,,
4,10634,-0.06518280506134033,,,
4,10639,-0.0617380365729332,,,
4,10644,-0.08398637175559998,,,
4,10649,-0.06711303442716599,,,
4,10654,-0.055920977145433426,,,
4,10659,-0.043213941156864166,,,
4,10664,-0.04211931675672531,,,
4,10669,-0.04939882084727287,,,
4,10674,-0.041459377855062485,,,
4,10679,-0.0787060409784317,,,
4,10684,-0.07963366061449051,,,
4,10689,-0.04910643398761749,,,
4,10694,-0.02606242150068283,,,
4,10699,-0.05897350609302521,,,
4,10704,-0.02136969566345215,,,
4,10709,-0.07514632493257523,,,
4,10714,-0.0591154545545578,,,
4,10719,-0.049401573836803436,,,
4,10724,-0.08923280984163284,,,
4,10729,-0.05587302893400192,,,
4,10734,-0.03846152871847153,,,
4,10739,-0.0259629525244236,,,
4,10744,-0.06727819889783859,,,
4,10749,-0.04582728445529938,,,
4,10754,-0.018798252567648888,,,
4,10759,-0.07527746260166168,,,
4,10764,-0.053929947316646576,,,
4,10769,-0.02618277259171009,,,
4,10774,-0.046980977058410645,,,
4,10779,-0.04844069108366966,,,
4,10784,-0.05414172261953354,,,
4,10789,-0.03568607568740845,,,
4,10794,-0.05086681246757507,,,
4,10799,-0.050996530801057816,,,
4,10804,-0.036420367658138275,,,
4,10809,-0.031105678528547287,,,
4,10814,-0.034264832735061646,,,
4,10819,-0.054236769676208496,,,
4,10824,-0.04088816046714783,,,
4,10829,-0.05058237165212631,,,
4,10834,-0.062426917254924774,,,
4,10839,-0.04751434177160263,,,
4,10844,-0.03483801335096359,,,
4,10849,-0.0659957230091095,,,
4,10854,-0.04880756884813309,,,
4,10859,-0.05166524648666382,,,
4,10864,-0.0480637401342392,,,
4,10869,-0.04055424779653549,,,
4,10874,-0.05711447447538376,,,
4,10879,-0.06859535723924637,,,
4,10884,-0.044646285474300385,,,
4,10889,-0.036067865788936615,,,
4,10894,-0.05374476686120033,,,
4,10899,-0.06420445442199707,,,
4,10904,-0.06190848350524902,,,
4,10909,-0.028269104659557343,,,
4,10914,-0.07223363220691681,,,
4,10919,-0.04875662922859192,,,
4,10924,-0.046235404908657074,,,
4,10929,-0.06797970831394196,,,
4,10934,-0.05470138043165207,,,
4,10939,-0.05418641120195389,,,
4,10944,-0.022757984697818756,,,
4,10949,-0.05871947854757309,,,
4,10954,-0.05260542780160904,,,
4,10959,-0.005623284727334976,,,
4,10964,-0.07138858735561371,,,
4,10969,-0.06854696571826935,,,
4,10974,-0.03023063763976097,,,
4,10979,-0.0386522077023983,,,
4,10984,-0.05540064349770546,,,
4,10989,-0.032398760318756104,,,
4,10994,-0.06795129925012589,,,
4,10999,-0.04660230129957199,,,
4,11004,-0.06373615562915802,,,
4,11009,-0.04596515744924545,,,
4,11014,-0.04312920570373535,,,
4,11019,-0.03244942054152489,,,
4,11024,-0.04731028899550438,,,
4,11029,-0.030078936368227005,,,
4,11034,-0.039041340351104736,,,
4,11039,-0.06015476584434509,,,
4,11044,-0.06679577380418777,,,
4,11049,-0.05268634855747223,,,
4,11054,-0.058815114200115204,,,
4,11059,-0.04518977552652359,,,
4,11064,-0.030082877725362778,,,
4,11069,-0.06878690421581268,,,
4,11074,-0.017607782036066055,,,
4,11079,-0.04727623611688614,,,
4,11084,-0.04741165041923523,,,
4,11089,-0.07374820113182068,,,
4,11094,-0.007301861420273781,,,
4,11099,-0.032610636204481125,,,
4,11104,-0.03948395699262619,,,
4,11109,-0.02686423622071743,,,
4,11114,-0.043091487139463425,,,
4,11119,-0.026379991322755814,,,
4,11124,-0.07700496912002563,,,
4,11129,-0.07334641367197037,,,
4,11134,-0.046605587005615234,,,
4,11139,-0.062289029359817505,,,
4,11144,-0.06030886620283127,,,
4,11149,-0.0748748928308487,,,
4,11154,0.011360092088580132,,,
4,11159,-0.026973111554980278,,,
4,11164,-0.042953550815582275,,,
4,11169,-0.07262253761291504,,,
4,11174,-0.02255687490105629,,,
4,11179,-0.034537672996520996,,,
4,11184,-0.06085611507296562,,,
4,11189,-0.03287176042795181,,,
4,11194,-0.06453830003738403,,,
4,11199,-0.05526005104184151,,,
4,11204,-0.02641111984848976,,,
4,11209,-0.061472415924072266,,,
4,11214,-0.051611028611660004,,,
4,11219,-0.06491530686616898,,,
4,11224,-0.06084408238530159,,,
4,11229,-0.0057133156806230545,,,
4,11234,-0.03937274217605591,,,
4,11239,-0.04248177260160446,,,
4,11244,-0.06451641023159027,,,
4,11249,-0.07553043961524963,,,
4,11254,-0.04401193559169769,,,
4,11259,-0.022228484973311424,,,
4,11264,-0.04604901000857353,,,
4,11269,-0.04020432382822037,,,
4,11274,-0.039470985531806946,,,
4,11279,-0.030642159283161163,,,
4,11284,-0.04181104153394699,,,
4,11289,-0.05839872360229492,,,
4,11294,-0.05960995703935623,,,
4,11299,-0.06135911867022514,,,
4,11304,-0.0345788337290287,,,
4,11309,-0.07063101977109909,,,
4,11314,-0.05883949249982834,,,
4,11319,-0.05441942811012268,,,
4,11324,-0.05695875734090805,,,
4,11329,-0.058237772434949875,,,
4,11334,-0.02889222651720047,,,
4,11339,-0.05866093933582306,,,
4,11344,-0.04012257978320122,,,
4,11349,-0.058746956288814545,,,
4,11354,-0.01933235116302967,,,
4,11359,-0.05718384310603142,,,
4,11364,-0.05804004147648811,,,
4,11369,-0.04814944416284561,,,
4,11374,0.001041695475578308,,,
4,11379,-0.05163411796092987,,,
4,11384,-0.03953995928168297,,,
4,11389,-0.06994495540857315,,,
4,11394,-0.055174387991428375,,,
4,11399,-0.05361327901482582,,,
4,11404,-0.04246973991394043,,,
4,11409,-0.06851169466972351,,,
4,11414,-0.04604913294315338,,,
4,11419,-0.04335622489452362,,,
4,11424,-0.06117014214396477,,,
4,11429,-0.014099381864070892,,,
4,11434,-0.029881682246923447,,,
4,11439,-0.0031762029975652695,,,
4,11444,-0.06712790578603745,,,
4,11449,-0.031072072684764862,,,
4,11454,-0.08034208416938782,,,
4,11459,-0.0430968776345253,,,
4,11464,-0.03527092561125755,,,
4,11469,-0.06096620485186577,,,
4,11474,-0.03687537461519241,,,
4,11479,-0.02987731620669365,,,
4,11484,-0.05878680199384689,,,
4,11489,-0.0708775743842125,,,
4,11494,-0.08681485056877136,,,
4,11499,-0.05018224939703941,,,
4,11504,-0.04155760258436203,,,
4,11509,-0.024543125182390213,,,
4,11514,-0.047581396996974945,,,
4,11519,-0.054884493350982666,,,
4,11524,-0.06636412441730499,,,
4,11529,-0.05299844220280647,,,
4,11534,-0.039405643939971924,,,
4,11539,-0.05815728381276131,,,
4,11544,-0.04395824670791626,,,
4,11549,-0.022142421454191208,,,
4,11554,-0.02859422005712986,,,
4,11559,-0.06703247874975204,,,
4,11564,-0.04420396685600281,,,
4,11569,-0.040167197585105896,,,
4,11574,-0.029115986078977585,,,
4,11579,-0.0759282112121582,,,
4,11584,-0.048581190407276154,,,
4,11589,-0.07928194850683212,,,
4,11594,-0.041683729737997055,,,
4,11599,-0.041659630835056305,,,
4,11604,-0.040075115859508514,,,
4,11609,-0.0340610109269619,,,
4,11614,-0.04431154206395149,,,
4,11619,-0.06255348026752472,,,
4,11624,-0.08055925369262695,,,
4,11629,0.0005969628691673279,,,
4,11634,-0.0555846281349659,,,
4,11639,-0.05521309748291969,,,
4,11644,-0.07244288921356201,,,
4,11649,-0.0508185438811779,,,
4,11654,-0.04287701100111008,,,
4,11659,-0.04407127946615219,,,
4,11664,-0.03883194178342819,,,
4,11669,-0.04711559787392616,,,
4,11674,-0.0400049090385437,,,
4,11679,-0.032625097781419754,,,
4,11684,-0.061064884066581726,,,
4,11689,-0.05591887980699539,,,
4,11694,-0.06905429065227509,,,
4,11699,-0.042157672345638275,,,
4,11704,-0.05534281209111214,,,
4,11709,-0.013166355900466442,,,
4,11714,-0.05753442272543907,,,
4,11719,-0.053440675139427185,,,
4,11724,-0.06619491428136826,,,
4,11729,-0.05891604349017143,,,
4,11734,-0.060929059982299805,,,
4,11739,-0.027683082967996597,,,
4,11744,-0.04884012043476105,,,
4,11749,-0.014835236594080925,,,
4,11754,-0.027963485568761826,,,
4,11759,-0.06541319936513901,,,
4,11764,-0.0607462078332901,,,
4,11769,-0.05210016667842865,,,
4,11774,0.0016867555677890778,,,
4,11779,-0.04631505906581879,,,
4,11784,-0.02731233835220337,,,
4,11789,-0.043390728533267975,,,
4,11794,-0.03575318306684494,,,
4,11799,-0.06693217158317566,,,
4,11804,-0.07116053998470306,,,
4,11809,0.06757545471191406,,,
4,11814,-0.04987242817878723,,,
4,11819,-0.0419202595949173,,,
4,11824,-0.06717203557491302,,,
4,11829,-0.048283275216817856,,,
4,11834,-0.03876308724284172,,,
4,11839,-0.05745505914092064,,,
4,11844,-0.01914999634027481,,,
4,11849,-0.04898695647716522,,,
4,11854,-0.03855910152196884,,,
4,11859,-0.03919663280248642,,,
4,11864,-0.039283521473407745,,,
4,11869,-0.042232945561409,,,
4,11874,-0.06101534888148308,,,
4,11879,-0.03292594477534294,,,
4,11884,-0.067603200674057,,,
4,11889,-0.050419650971889496,,,
4,11894,-0.024038132280111313,,,
4,11899,-0.056920237839221954,,,
4,11904,-0.04409785568714142,,,
4,11909,-0.05766715109348297,,,
4,11914,-0.05437625199556351,,,
4,11919,-0.019276447594165802,,,
4,11924,-0.03311312943696976,,,
4,11929,-0.05090354382991791,,,
4,11934,-0.03453916311264038,,,
4,11939,-0.04599243402481079,,,
4,11944,-0.07104501128196716,,,
4,11949,-0.046755146235227585,,,
4,11954,-0.06728605926036835,,,
4,11959,-0.03938533738255501,,,
4,11964,-0.03957359492778778,,,
4,11969,-0.05886216461658478,,,
4,11974,-0.06714244931936264,,,
4,11979,-0.0426400750875473,,,
4,11984,-0.06530482321977615,,,
4,11989,-0.06044941395521164,,,
4,11994,-0.021308880299329758,,,
4,11999,-0.01847856119275093,,,
4,12004,-0.07132262736558914,,,
4,12009,-0.0459919273853302,,,
4,12014,-0.024884605780243874,,,
4,12019,-0.0485834963619709,,,
4,12024,-0.047792769968509674,,,
4,12029,-0.056384213268756866,,,
4,12034,-0.05441390722990036,,,
4,12039,-0.06491326540708542,,,
4,12044,-0.028698809444904327,,,
4,12049,-0.07672106474637985,,,
4,12054,-0.0701143890619278,,,
4,12059,-0.0590183362364769,,,
4,12064,-0.038906730711460114,,,
4,12069,-0.05851151421666145,,,
4,12074,-0.0871860682964325,,,
4,12079,-0.07654058933258057,,,
4,12084,-0.04982137680053711,,,
4,12089,-0.05875065177679062,,,
4,12094,-0.00864096637815237,,,
4,12099,-0.045511022210121155,,,
4,12104,-0.03177306056022644,,,
4,12109,-0.0727924183011055,,,
4,12114,-0.06722134351730347,,,
4,12119,-0.07439736276865005,,,
4,12124,-0.046592630445957184,,,
4,12129,-0.0008364021778106689,,,
4,12134,-0.03504123538732529,,,
4,12139,-0.044985488057136536,,,
4,12144,-0.06576155871152878,,,
4,12149,-0.06026365980505943,,,
4,12154,-0.04964000731706619,,,
4,12159,-0.06746113300323486,,,
4,12164,-0.015124836936593056,,,
4,12169,0.029989730566740036,,,
4,12174,-0.07876487821340561,,,
4,12179,-0.07975102961063385,,,
4,12184,-0.06842406094074249,,,
4,12189,-0.05019669607281685,,,
4,12194,-0.025416070595383644,,,
4,12199,-0.04663340002298355,,,
4,12204,-0.04234716668725014,,,
4,12209,-0.025273945182561874,,,
4,12214,-0.059186916798353195,,,
4,12219,-0.06437847018241882,,,
4,12224,-0.0439809113740921,,,
4,12229,-0.039780713617801666,,,
4,12234,-0.035675738006830215,,,
4,12239,-0.07311560213565826,,,
4,12244,-0.01914096623659134,,,
4,12249,-0.06210042163729668,,,
4,12254,-0.0640147402882576,,,
4,12259,-0.06703740358352661,,,
4,12264,-0.05281669646501541,,,
4,12269,-0.040084123611450195,,,
4,12274,-0.03296458348631859,,,
4,12279,-0.04156441241502762,,,
4,12284,-0.03785271570086479,,,
4,12289,-0.05335171893239021,,,
4,12294,-0.03928753733634949,,,
4,12299,-0.04973512142896652,,,
4,12304,-0.02540665492415428,,,
4,12309,-0.02585824951529503,,,
4,12314,-0.05487900227308273,,,
4,12319,-0.07155080884695053,,,
4,12324,-0.04303521290421486,,,
4,12329,-0.022336367517709732,,,
4,12334,-0.050073377788066864,,,
4,12339,-0.04219544306397438,,,
4,12344,-0.05377599596977234,,,
4,12349,-0.07915570586919785,,,
4,12354,-0.033399611711502075,,,
4,12359,-0.058139409869909286,,,
4,12364,-0.06022915989160538,,,
4,12369,-0.04160602018237114,,,
4,12374,-0.035194821655750275,,,
4,12379,-0.02968030609190464,,,
4,12384,-0.014835326001048088,,,
4,12389,-0.03800728917121887,,,
4,12394,-0.042752139270305634,,,
4,12399,-0.05303443223237991,,,
4,12404,-0.029135601595044136,,,
4,12409,-0.050297338515520096,,,
4,12414,-0.05823516845703125,,,
4,12419,-0.043297335505485535,,,
4,12424,-0.05410173535346985,,,
4,12429,-0.05521240085363388,,,
4,12434,-0.06312886625528336,,,
4,12439,-0.04068812355399132,,,
4,12444,-0.018765222281217575,,,
4,12449,-0.05647655576467514,,,
4,12454,-0.0378253310918808,,,
4,12459,-0.04176468402147293,,,
4,12464,-0.050938673317432404,,,
4,12469,-0.053315646946430206,,,
4,12474,-0.020833440124988556,,,
4,12479,-0.039735302329063416,,,
4,12484,-0.05267207324504852,,,
4,12489,-0.0481659397482872,,,
4,12494,-0.04816056042909622,,,
4,12499,-0.07525774091482162,,,
4,12499,,-0.060303278267383575,0.3709999918937683,0.6807348728179932
5,12504,-0.05016041547060013,,,
5,12509,-0.04625846445560455,,,
5,12514,-0.05661926791071892,,,
5,12519,-0.021212149411439896,,,
5,12524,-0.06334364414215088,,,
5,12529,-0.07306922227144241,,,
5,12534,-0.03272727131843567,,,
5,12539,-0.03748156130313873,,,
5,12544,-0.016318196430802345,,,
5,12549,-0.029575269669294357,,,
5,12554,-0.07272486388683319,,,
5,12559,-0.047509390860795975,,,
5,12564,-0.01973283663392067,,,
5,12569,-0.0662919282913208,,,
5,12574,-0.05310768634080887,,,
5,12579,-0.03172578290104866,,,
5,12584,-0.029267311096191406,,,
5,12589,-0.029004143550992012,,,
5,12594,-0.03841549903154373,,,
5,12599,-0.042877838015556335,,,
5,12604,-0.05260424688458443,,,
5,12609,-0.04992126673460007,,,
5,12614,-0.040746890008449554,,,
5,12619,-0.028311390429735184,,,
5,12624,-0.03723376244306564,,,
5,12629,-0.0635489746928215,,,
5,12634,-0.04836185276508331,,,
5,12639,-0.053756050765514374,,,
5,12644,-0.06631938368082047,,,
5,12649,-0.02793428674340248,,,
5,12654,-0.06964950263500214,,,
5,12659,-0.06694123893976212,,,
5,12664,-0.05827260762453079,,,
5,12669,-0.06805983185768127,,,
5,12674,-0.038223568350076675,,,
5,12679,-0.0690903514623642,,,
5,12684,-0.058071624487638474,,,
5,12689,-0.0339927077293396,,,
5,12694,-0.04866984114050865,,,
5,12699,-0.006816426292061806,,,
5,12704,-0.05380328744649887,,,
5,12709,-0.024281447753310204,,,
5,12714,-0.05725454166531563,,,
5,12719,-0.06361304223537445,,,
5,12724,-0.04196426272392273,,,
5,12729,-0.043320003896951675,,,
5,12734,-0.03831550478935242,,,
5,12739,-0.04615705832839012,,,
5,12744,-0.05262131243944168,,,
5,12749,-0.04837006330490112,,,
5,12754,-0.023239167407155037,,,
5,12759,-0.020275410264730453,,,
5,12764,-0.05396171286702156,,,
5,12769,-0.04814682900905609,,,
5,12774,-0.05823270231485367,,,
5,12779,-0.06705836206674576,,,
5,12784,-0.04297572746872902,,,
5,12789,-0.0224064402282238,,,
5,12794,-0.005288494750857353,,,
5,12799,-0.05494603514671326,,,
5,12804,-0.03106927126646042,,,
5,12809,-0.05183055251836777,,,
5,12814,-0.04513467103242874,,,
5,12819,-0.05187957361340523,,,
5,12824,-0.04442363232374191,,,
5,12829,-0.0632268488407135,,,
5,12834,-0.057332854717969894,,,
5,12839,-0.0605180561542511,,,
5,12844,-0.0243365578353405,,,
5,12849,-0.033867549151182175,,,
5,12854,-0.05503516644239426,,,
5,12859,-0.05079253762960434,,,
5,12864,-0.03832869231700897,,,
5,12869,-0.031465090811252594,,,
5,12874,-0.04842027276754379,,,
5,12879,-0.018160969018936157,,,
5,12884,-0.024431578814983368,,,
5,12889,-0.07791119813919067,,,
5,12894,-0.041262879967689514,,,
5,12899,-0.037149615585803986,,,
5,12904,-0.055799126625061035,,,
5,12909,-0.011810312047600746,,,
5,12914,-0.052566561847925186,,,
5,12919,-0.009170528501272202,,,
5,12924,-0.0642165020108223,,,
5,12929,-0.04189217835664749,,,
5,12934,-0.06786758452653885,,,
5,12939,-0.044530145823955536,,,
5,12944,-0.04368744045495987,,,
5,12949,-0.06009308248758316,,,
5,12954,-0.06393444538116455,,,
5,12959,-0.0645870789885521,,,
5,12964,-0.04665543884038925,,,
5,12969,-0.06749065965414047,,,
5,12974,-0.026810355484485626,,,
5,12979,-0.043142616748809814,,,
5,12984,-0.0381927564740181,,,
5,12989,-0.05470908433198929,,,
5,12994,-0.050088539719581604,,,
5,12999,-0.05619581788778305,,,
5,13004,-0.0690838173031807,,,
5,13009,-0.031636036932468414,,,
5,13014,-0.027486182749271393,,,
5,13019,-0.05588853359222412,,,
5,13024,-0.057240307331085205,,,
5,13029,-0.05146431177854538,,,
5,13034,-0.027555041015148163,,,
5,13039,-0.042295731604099274,,,
5,13044,-0.03905724734067917,,,
5,13049,-0.052969470620155334,,,
5,13054,-0.02607281133532524,,,
5,13059,-0.03147388994693756,,,
5,13064,-0.06355436146259308,,,
5,13069,-0.043415460735559464,,,
5,13074,0.012530593201518059,,,
5,13079,0.01887260004878044,,,
5,13084,-0.056278571486473083,,,
5,13089,-0.05456749349832535,,,
5,13094,-0.05836138129234314,,,
5,13099,-0.05808010697364807,,,
5,13104,-0.053565509617328644,,,
5,13109,-0.022847209125757217,,,
5,13114,-0.027932865545153618,,,
5,13119,-0.05660638213157654,,,
5,13124,-0.04179093986749649,,,
5,13129,-0.05600755289196968,,,
5,13134,-0.07279962301254272,,,
5,13139,-0.04926331341266632,,,
5,13144,-0.048962220549583435,,,
5,13149,-0.027410756796598434,,,
5,13154,-0.07696252316236496,,,
5,13159,-0.040958382189273834,,,
5,13164,-0.05110592395067215,,,
5,13169,-0.054870106279850006,,,
5,13174,-0.035198524594306946,,,
5,13179,-0.05958164110779762,,,
5,13184,-0.03214314207434654,,,
5,13189,-0.06915846467018127,,,
5,13194,-0.05826439708471298,,,
5,13199,0.013538718223571777,,,
5,13204,-0.04703754186630249,,,
5,13209,-0.033843036741018295,,,
5,13214,-0.05359245091676712,,,
5,13219,-0.05219265818595886,,,
5,13224,-0.038572005927562714,,,
5,13229,-0.06573626399040222,,,
5,13234,-0.06412635743618011,,,
5,13239,-0.04369310662150383,,,
5,13244,-0.049424976110458374,,,
5,13249,-0.016050301492214203,,,
5,13254,-0.04692050814628601,,,
5,13259,-0.03924193233251572,,,
5,13264,-0.05023066699504852,,,
5,13269,-0.05829792842268944,,,
5,13274,-0.06519048660993576,,,
5,13279,-0.0476495623588562,,,
5,13284,-0.04987163469195366,,,
5,13289,-0.04924609884619713,,,
5,13294,-0.04886384680867195,,,
5,13299,-0.05510241538286209,,,
5,13304,-0.05059820041060448,,,
5,13309,-0.0457189716398716,,,
5,13314,-0.062211669981479645,,,
5,13319,-0.05754758417606354,,,
5,13324,-0.040950626134872437,,,
5,13329,-0.04404519498348236,,,
5,13334,-0.05821895971894264,,,
5,13339,-0.05508594214916229,,,
5,13344,-0.07936957478523254,,,
5,13349,-0.040139518678188324,,,
5,13354,-0.0428633913397789,,,
5,13359,-0.05332633852958679,,,
5,13364,-0.054901640862226486,,,
5,13369,-0.02441612258553505,,,
5,13374,-0.048496365547180176,,,
5,13379,-0.036898769438266754,,,
5,13384,0.006785528734326363,,,
5,13389,-0.06872071325778961,,,
5,13394,-0.04343324527144432,,,
5,13399,-0.041168130934238434,,,
5,13404,-0.053656481206417084,,,
5,13409,-0.011828170157968998,,,
5,13414,-0.03341593220829964,,,
5,13419,-0.006404592655599117,,,
5,13424,-0.07782713323831558,,,
5,13429,-0.051780398935079575,,,
5,13434,-0.035580333322286606,,,
5,13439,-0.05767650157213211,,,
5,13444,-0.06587380170822144,,,
5,13449,-0.051217690110206604,,,
5,13454,-0.04644361138343811,,,
5,13459,-0.051579780876636505,,,
5,13464,-0.05634041130542755,,,
5,13469,-0.0629042536020279,,,
5,13474,-0.054210782051086426,,,
5,13479,-0.052679240703582764,,,
5,13484,-0.04325871914625168,,,
5,13489,-0.006963928695768118,,,
5,13494,-0.055369697511196136,,,
5,13499,-0.03975542634725571,,,
5,13504,-0.05798542499542236,,,
5,13509,-0.03685378283262253,,,
5,13514,-0.022943831980228424,,,
5,13519,-0.048302970826625824,,,
5,13524,-0.0589999295771122,,,
5,13529,-0.05147843062877655,,,
5,13534,-0.05419052019715309,,,
5,13539,-0.035317905247211456,,,
5,13544,-0.028054457157850266,,,
5,13549,-0.06535901129245758,,,
5,13554,-0.06421919167041779,,,
5,13559,-0.0605059452354908,,,
5,13564,-0.08278711140155792,,,
5,13569,-0.04161769151687622,,,
5,13574,-0.0527661070227623,,,
5,13579,-0.05068274587392807,,,
5,13584,-0.01939086616039276,,,
5,13589,-0.06511939316987991,,,
5,13594,-0.03704715520143509,,,
5,13599,-0.05058936029672623,,,
5,13604,-0.07780267298221588,,,
5,13609,-0.03628844767808914,,,
5,13614,-0.023316146805882454,,,
5,13619,-0.0390934981405735,,,
5,13624,-0.0677959993481636,,,
5,13629,-0.053456295281648636,,,
5,13634,-0.051344167441129684,,,
5,13639,-0.05600186064839363,,,
5,13644,-0.0335816815495491,,,
5,13649,-0.051580917090177536,,,
5,13654,-0.05370786041021347,,,
5,13659,-0.04404628276824951,,,
5,13664,-0.05836956948041916,,,
5,13669,-0.03928937762975693,,,
5,13674,-0.04719177260994911,,,
5,13679,-0.048667196184396744,,,
5,13684,-0.020430954173207283,,,
5,13689,-0.038713447749614716,,,
5,13694,-0.06946957111358643,,,
5,13699,-0.04632020741701126,,,
5,13704,-0.03677220642566681,,,
5,13709,-0.01878054067492485,,,
5,13714,-0.028510622680187225,,,
5,13719,-0.05908661335706711,,,
5,13724,-0.06346328556537628,,,
5,13729,-0.07200548052787781,,,
5,13734,-0.049511343240737915,,,
5,13739,-0.05340240150690079,,,
5,13744,-0.022818703204393387,,,
5,13749,-0.057276010513305664,,,
5,13754,-0.06832083314657211,,,
5,13759,-0.06680132448673248,,,
5,13764,0.018945544958114624,,,
5,13769,-0.036875683814287186,,,
5,13774,-0.05818689242005348,,,
5,13779,-0.04645293205976486,,,
5,13784,-0.04835162311792374,,,
5,13789,-0.031215839087963104,,,
5,13794,-0.02862875536084175,,,
5,13799,-0.06379718333482742,,,
5,13804,-0.051001325249671936,,,
5,13809,-0.06377186626195908,,,
5,13814,-0.01487002708017826,,,
5,13819,-0.05874548852443695,,,
5,13824,-0.06758106499910355,,,
5,13829,-0.051193010061979294,,,
5,13834,-0.03200090304017067,,,
5,13839,-0.06188255175948143,,,
5,13844,-0.0719461441040039,,,
5,13849,-0.03584275394678116,,,
5,13854,-0.05241405963897705,,,
5,13859,-0.058942198753356934,,,
5,13864,-0.021600136533379555,,,
5,13869,-0.06367989629507065,,,
5,13874,0.00591540802270174,,,
5,13879,-0.05279727280139923,,,
5,13884,-0.019979825243353844,,,
5,13889,-0.04239992797374725,,,
5,13894,-0.04798509553074837,,,
5,13899,0.012613404542207718,,,
5,13904,-0.042335595935583115,,,
5,13909,-0.04456230252981186,,,
5,13914,-0.06441595405340195,,,
5,13919,-0.056456852704286575,,,
5,13924,-0.044553712010383606,,,
5,13929,-0.053590238094329834,,,
5,13934,-0.0027331430464982986,,,
5,13939,-0.04839831218123436,,,
5,13944,-0.0496051162481308,,,
5,13949,-0.04995013773441315,,,
5,13954,-0.05441396310925484,,,
5,13959,-0.04093962907791138,,,
5,13964,-0.06449401378631592,,,
5,13969,-0.03886053338646889,,,
5,13974,-0.04646178334951401,,,
5,13979,-0.053238071501255035,,,
5,13984,-0.036737341433763504,,,
5,13989,-0.03404316306114197,,,
5,13994,-0.06817697733640671,,,
5,13999,-0.044591695070266724,,,
5,14004,-0.04098176956176758,,,
5,14009,-0.0061438437551259995,,,
5,14014,-0.03711554780602455,,,
5,14019,-0.027926798909902573,,,
5,14024,-0.06682073324918747,,,
5,14029,-0.043275460600852966,,,
5,14034,-0.04486827552318573,,,
5,14039,0.0004014205187559128,,,
5,14044,-0.06154550611972809,,,
5,14049,-0.05226655304431915,,,
5,14054,-0.0371832475066185,,,
5,14059,-0.04612211883068085,,,
5,14064,-0.05121254175901413,,,
5,14069,-0.021465271711349487,,,
5,14074,-0.0624731183052063,,,
5,14079,-0.017337966710329056,,,
5,14084,-0.04967963695526123,,,
5,14089,-0.03490713983774185,,,
5,14094,-0.06225377693772316,,,
5,14099,-0.0455089695751667,,,
5,14104,-0.0537397600710392,,,
5,14109,-0.03633507341146469,,,
5,14114,-0.012050747871398926,,,
5,14119,-0.033583205193281174,,,
5,14124,-0.0669989064335823,,,
5,14129,-0.07114928960800171,,,
5,14134,-0.021197214722633362,,,
5,14139,-0.059336621314287186,,,
5,14144,-0.07036188989877701,,,
5,14149,-0.051467038691043854,,,
5,14154,-0.04010476917028427,,,
5,14159,-0.07480191439390182,,,
5,14164,-0.03960461542010307,,,
5,14169,-0.04505651816725731,,,
5,14174,-0.04571599140763283,,,
5,14179,-0.06200670078396797,,,
5,14184,0.0475466251373291,,,
5,14189,-0.03991616889834404,,,
5,14194,-0.023908499628305435,,,
5,14199,-0.05391105264425278,,,
5,14204,-0.04897202551364899,,,
5,14209,-0.06287972629070282,,,
5,14214,-0.04116741195321083,,,
5,14219,-0.05936100706458092,,,
5,14224,-0.02903454378247261,,,
5,14229,-0.04227428138256073,,,
5,14234,-0.056395258754491806,,,
5,14239,-0.052164576947689056,,,
5,14244,-0.06210978329181671,,,
5,14249,-0.04990404099225998,,,
5,14254,-0.059282705187797546,,,
5,14259,-0.017735563218593597,,,
5,14264,-0.05762099102139473,,,
5,14269,-0.06883067637681961,,,
5,14274,-0.03923916071653366,,,
5,14279,-0.053702015429735184,,,
5,14284,-0.0768871009349823,,,
5,14289,-0.05453742295503616,,,
5,14294,-0.030998097732663155,,,
5,14299,-0.014789164997637272,,,
5,14304,-0.05648217350244522,,,
5,14309,-0.056146372109651566,,,
5,14314,-0.047552406787872314,,,
5,14319,-0.06874827295541763,,,
5,14324,-0.04596218094229698,,,
5,14329,-0.007684966549277306,,,
5,14334,-0.06516531109809875,,,
5,14339,-0.061783887445926666,,,
5,14344,-0.05045590549707413,,,
5,14349,-0.043770767748355865,,,
5,14354,-0.06332120299339294,,,
5,14359,-0.0662652850151062,,,
5,14364,-0.04546019434928894,,,
5,14369,-0.04298998415470123,,,
5,14374,-0.051407188177108765,,,
5,14379,-0.02432040497660637,,,
5,14384,-0.040863193571567535,,,
5,14389,-0.04866017401218414,,,
5,14394,-0.04177514836192131,,,
5,14399,-0.04844033718109131,,,
5,14404,-0.0677548199892044,,,
5,14409,-0.06143311411142349,,,
5,14414,-0.01595655269920826,,,
5,14419,-0.034931644797325134,,,
5,14424,-0.024548888206481934,,,
5,14429,-0.06259538233280182,,,
5,14434,-0.000990571454167366,,,
5,14439,-0.06543079018592834,,,
5,14444,-0.024912673979997635,,,
5,14449,-0.032184816896915436,,,
5,14454,-0.05950421094894409,,,
5,14459,-0.03597655147314072,,,
5,14464,-0.0355195626616478,,,
5,14469,-0.06207361817359924,,,
5,14474,-0.06417336314916611,,,
5,14479,-0.039435435086488724,,,
5,14484,-0.05487176030874252,,,
5,14489,-0.05387158691883087,,,
5,14494,-0.04138918220996857,,,
5,14499,-0.05256425589323044,,,
5,14504,-0.0459611713886261,,,
5,14509,-0.055681318044662476,,,
5,14514,-0.04364973306655884,,,
5,14519,-0.04985465854406357,,,
5,14524,-0.05819834768772125,,,
5,14529,-0.04647412896156311,,,
5,14534,-0.05229158699512482,,,
5,14539,-0.0459708496928215,,,
5,14544,-0.053534556180238724,,,
5,14549,-0.03617538884282112,,,
5,14554,-0.05137453228235245,,,
5,14559,-0.034283094108104706,,,
5,14564,-0.05729157477617264,,,
5,14569,-0.06342657655477524,,,
5,14574,-0.0456826314330101,,,
5,14579,-0.050191495567560196,,,
5,14584,-0.04035269469022751,,,
5,14589,-0.04887267202138901,,,
5,14594,-0.03371959179639816,,,
5,14599,-0.05433739721775055,,,
5,14604,-0.050794217735528946,,,
5,14609,-0.044882673770189285,,,
5,14614,-0.02344854548573494,,,
5,14619,-0.04765291139483452,,,
5,14624,-0.05583982542157173,,,
5,14629,-0.06022696942090988,,,
5,14634,-0.017763003706932068,,,
5,14639,-0.05400688201189041,,,
5,14644,-0.0482233390212059,,,
5,14649,-0.019839603453874588,,,
5,14654,-0.04455377906560898,,,
5,14659,-0.06940669566392899,,,
5,14664,-0.06187926605343819,,,
5,14669,-0.06548149883747101,,,
5,14674,-0.046136945486068726,,,
5,14679,-0.05016861483454704,,,
5,14684,-0.05708625912666321,,,
5,14689,-0.011089152656495571,,,
5,14694,-0.06447647511959076,,,
5,14699,-0.06894253194332123,,,
5,14704,-0.0028971275314688683,,,
5,14709,-0.04324833303689957,,,
5,14714,-0.049183376133441925,,,
5,14719,-0.05233076959848404,,,
5,14724,-0.02420828491449356,,,
5,14729,-0.07435682415962219,,,
5,14734,-0.06025615334510803,,,
5,14739,-0.04883923754096031,,,
5,14744,-0.034015387296676636,,,
5,14749,0.01069672405719757,,,
5,14754,-0.05302172899246216,,,
5,14759,-0.024926500394940376,,,
5,14764,-0.050081491470336914,,,
5,14769,-0.06007228046655655,,,
5,14774,-0.0368160717189312,,,
5,14779,-0.04519566521048546,,,
5,14784,-0.04203812777996063,,,
5,14789,-0.07382382452487946,,,
5,14794,-0.06063041090965271,,,
5,14799,-0.04232432693243027,,,
5,14804,-0.027524176985025406,,,
5,14809,-0.08065953850746155,,,
5,14814,-0.041139520704746246,,,
5,14819,-0.018651768565177917,,,
5,14824,-0.059910695999860764,,,
5,14829,-0.05263838917016983,,,
5,14834,-0.042795050889253616,,,
5,14839,-0.030395807698369026,,,
5,14844,-0.06124647334218025,,,
5,14849,-0.06726336479187012,,,
5,14854,-0.0651797354221344,,,
5,14859,-0.054193463176488876,,,
5,14864,-0.016074735671281815,,,
5,14869,-0.013745150528848171,,,
5,14874,-0.03695094585418701,,,
5,14879,-0.044009018689394,,,
5,14884,-0.02803703583776951,,,
5,14889,-0.06030668318271637,,,
5,14894,-0.0574549101293087,,,
5,14899,-0.06871621310710907,,,
5,14904,-0.057176362723112106,,,
5,14909,-0.04870223253965378,,,
5,14914,-0.051138799637556076,,,
5,14919,-0.06176559254527092,,,
5,14924,-0.03715692460536957,,,
5,14929,-0.06640320271253586,,,
5,14934,-0.0668618232011795,,,
5,14939,-0.033862825483083725,,,
5,14944,-0.04621822386980057,,,
5,14949,-0.06076536700129509,,,
5,14954,-0.064268097281456,,,
5,14959,-0.0354347787797451,,,
5,14964,-0.04894135147333145,,,
5,14969,-0.05427663028240204,,,
5,14974,-0.045022498816251755,,,
5,14979,-0.06433384120464325,,,
5,14984,-0.03448843955993652,,,
5,14989,-0.056667789816856384,,,
5,14994,-0.008891310542821884,,,
5,14999,-0.05555908381938934,,,
5,14999,,-0.045091018080711365,0.38190001249313354,0.6879680156707764
6,15004,-0.06635218113660812,,,
6,15009,-0.043933406472206116,,,
6,15014,-0.06179306283593178,,,
6,15019,-0.031112242490053177,,,
6,15024,-0.03170592710375786,,,
6,15029,-0.053866393864154816,,,
6,15034,-0.03501284494996071,,,
6,15039,-0.060803093016147614,,,
6,15044,-0.05369923263788223,,,
6,15049,-0.035257816314697266,,,
6,15054,-0.04170743003487587,,,
6,15059,-0.0437176451086998,,,
6,15064,-0.05022098869085312,,,
6,15069,-0.03704957664012909,,,
6,15074,-0.04527008906006813,,,
6,15079,-0.0598568320274353,,,
6,15084,-0.03903909772634506,,,
6,15089,-0.039220020174980164,,,
6,15094,-0.028065290302038193,,,
6,15099,-0.049503736197948456,,,
6,15104,-0.07078337669372559,,,
6,15109,-0.04632963985204697,,,
6,15114,0.005989039316773415,,,
6,15119,-0.04549713805317879,,,
6,15124,-0.045348234474658966,,,
6,15129,-0.05497197061777115,,,
6,15134,-0.03898843377828598,,,
6,15139,-0.037561386823654175,,,
6,15144,-0.038399774581193924,,,
6,15149,-0.05528108775615692,,,
6,15154,-0.043883129954338074,,,
6,15159,-0.043631359934806824,,,
6,15164,-0.06631775200366974,,,
6,15169,-0.03847281634807587,,,
6,15174,-0.046837322413921356,,,
6,15179,-0.0176368597894907,,,
6,15184,-0.048986949026584625,,,
6,15189,-0.012673523277044296,,,
6,15194,-0.037454377859830856,,,
6,15199,-0.04773446172475815,,,
6,15204,-0.05420960858464241,,,
6,15209,-0.05375072732567787,,,
6,15214,-0.020511072129011154,,,
6,15219,-0.046973809599876404,,,
6,15224,-0.034528058022260666,,,
6,15229,-0.052440136671066284,,,
6,15234,-0.05202616751194,,,
6,15239,0.01795378141105175,,,
6,15244,-0.05000467598438263,,,
6,15249,-0.020978868007659912,,,
6,15254,-0.0554380938410759,,,
6,15259,-0.048723332583904266,,,
6,15264,-0.05980303883552551,,,
6,15269,-0.058314595371484756,,,
6,15274,-0.0651024803519249,,,
6,15279,-0.0584762766957283,,,
6,15284,-0.044543638825416565,,,
6,15289,-0.018558001145720482,,,
6,15294,-0.07002954930067062,,,
6,15299,-0.051023174077272415,,,
6,15304,-0.05331747978925705,,,
6,15309,-0.05808357894420624,,,
6,15314,-0.028822386637330055,,,
6,15319,-0.06641190499067307,,,
6,15324,-0.04376058280467987,,,
6,15329,-0.036698117852211,,,
6,15334,-0.056731656193733215,,,
6,15339,-0.03183037042617798,,,
6,15344,-0.029200389981269836,,,
6,15349,-0.056601107120513916,,,
6,15354,-0.013387911021709442,,,
6,15359,0.03726770728826523,,,
6,15364,-0.06757189333438873,,,
6,15369,-0.0601525716483593,,,
6,15374,-0.05561687424778938,,,
6,15379,-0.04957496002316475,,,
6,15384,-0.04018634930253029,,,
6,15389,-0.039746519178152084,,,
6,15394,-0.03652293235063553,,,
6,15399,-0.014171191491186619,,,
6,15404,-0.03201635181903839,,,
6,15409,-0.03791885823011398,,,
6,15414,-0.03644108772277832,,,
6,15419,-0.0617060661315918,,,
6,15424,-0.05688634514808655,,,
6,15429,-0.06700187921524048,,,
6,15434,-0.05849127098917961,,,
6,15439,-0.05098741501569748,,,
6,15444,-0.04845643788576126,,,
6,15449,-0.041560132056474686,,,
6,15454,-0.04842732101678848,,,
6,15459,-0.06903643906116486,,,
6,15464,-0.06431066989898682,,,
6,15469,-0.05436812341213226,,,
6,15474,-0.023453548550605774,,,
6,15479,-0.04692918062210083,,,
6,15484,-0.04937909543514252,,,
6,15489,-0.04573679715394974,,,
6,15494,-0.04063693434000015,,,
6,15499,-0.045615509152412415,,,
6,15504,-0.020429467782378197,,,
6,15509,-0.043821439146995544,,,
6,15514,-0.04037658870220184,,,
6,15519,-0.05130923539400101,,,
6,15524,-0.049575626850128174,,,
6,15529,-0.06273969262838364,,,
6,15534,-0.07500156760215759,,,
6,15539,-0.050361938774585724,,,
6,15544,-0.023645643144845963,,,
6,15549,-0.017134351655840874,,,
6,15554,-0.04428855702280998,,,
6,15559,-0.06819839775562286,,,
6,15564,-0.06344001740217209,,,
6,15569,-0.06667934358119965,,,
6,15574,-0.07021591067314148,,,
6,15579,-0.045627791434526443,,,
6,15584,-0.03852762654423714,,,
6,15589,-0.04859800264239311,,,
6,15594,-0.046837545931339264,,,
6,15599,-0.05204657465219498,,,
6,15604,-0.07570824027061462,,,
6,15609,-0.05698953941464424,,,
6,15614,-0.03485402464866638,,,
6,15619,-0.05370834842324257,,,
6,15624,-0.02356337197124958,,,
6,15629,-0.04280262067914009,,,
6,15634,-0.04241717606782913,,,
6,15639,-0.032490115612745285,,,
6,15644,-0.04289616271853447,,,
6,15649,-0.04310129955410957,,,
6,15654,-0.06958706676959991,,,
6,15659,-0.057143762707710266,,,
6,15664,-0.0577046200633049,,,
6,15669,-0.038557808846235275,,,
6,15674,-0.04019705206155777,,,
6,15679,-0.06812894344329834,,,
6,15684,-0.043524131178855896,,,
6,15689,-0.041816595941782,,,
6,15694,-0.06848812103271484,,,
6,15699,-0.04777952656149864,,,
6,15704,-0.02686167135834694,,,
6,15709,-0.07213485985994339,,,
6,15714,-0.034083303064107895,,,
6,15719,-0.03860818222165108,,,
6,15724,-0.06596948951482773,,,
6,15729,-0.0447697788476944,,,
6,15734,-0.06844118237495422,,,
6,15739,-0.02508489042520523,,,
6,15744,-0.040283456444740295,,,
6,15749,-0.027679357677698135,,,
6,15754,-0.03162046894431114,,,
6,15759,-0.05098447948694229,,,
6,15764,-0.05440213158726692,,,
6,15769,-0.02473468706011772,,,
6,15774,-0.043336786329746246,,,
6,15779,-0.03537454828619957,,,
6,15784,-0.034827299416065216,,,
6,15789,-0.05647607892751694,,,
6,15794,-0.05914179980754852,,,
6,15799,-0.031455639749765396,,,
6,15804,-0.05659441277384758,,,
6,15809,-0.04784713312983513,,,
6,15814,-0.03826392814517021,,,
6,15819,-0.04896064102649689,,,
6,15824,-0.027911163866519928,,,
6,15829,-0.06861613690853119,,,
6,15834,-0.05603271350264549,,,
6,15839,-0.039898209273815155,,,
6,15844,-0.03351294621825218,,,
6,15849,-0.04112144187092781,,,
6,15854,-0.06416187435388565,,,
6,15859,-0.03371049463748932,,,
6,15864,-0.04214169830083847,,,
6,15869,-0.042985111474990845,,,
6,15874,-0.0303263571113348,,,
6,15879,-0.06577567756175995,,,
6,15884,-0.048335619270801544,,,
6,15889,-0.038877226412296295,,,
6,15894,-0.04694698005914688,,,
6,15899,-0.008087800815701485,,,
6,15904,-0.02811342105269432,,,
6,15909,-0.06159441918134689,,,
6,15914,-0.04406648129224777,,,
6,15919,-0.06269454956054688,,,
6,15924,-0.025921441614627838,,,
6,15929,-0.026818890124559402,,,
6,15934,-0.039172954857349396,,,
6,15939,-0.015658944845199585,,,
6,15944,-0.03509094566106796,,,
6,15949,-0.05784713849425316,,,
6,15954,-0.05280867964029312,,,
6,15959,-0.028302859514951706,,,
6,15964,-0.05600641295313835,,,
6,15969,-0.06002797931432724,,,
6,15974,-0.054025858640670776,,,
6,15979,-0.04551771283149719,,,
6,15984,-0.05641601234674454,,,
6,15989,-0.03560763597488403,,,
6,15994,-0.04312223568558693,,,
6,15999,-0.03200219199061394,,,
6,16004,-0.052831511944532394,,,
6,16009,-0.05723962560296059,,,
6,16014,-0.05980363488197327,,,
6,16019,-0.05544831603765488,,,
6,16024,-0.03958669304847717,,,
6,16029,-0.0620855987071991,,,
6,16034,-0.059766244143247604,,,
6,16039,-0.05492037162184715,,,
6,16044,-0.05749395489692688,,,
6,16049,-0.054461050778627396,,,
6,16054,-0.06412754207849503,,,
6,16059,-0.06785128265619278,,,
6,16064,-0.02141619846224785,,,
6,16069,-0.04202675819396973,,,
6,16074,-0.05942361056804657,,,
6,16079,-0.04830285534262657,,,
6,16084,-0.051613397896289825,,,
6,16089,-0.0423506498336792,,,
6,16094,-0.0241033136844635,,,
6,16099,-0.06095094233751297,,,
6,16104,-0.0633736103773117,,,
6,16109,-0.04794110730290413,,,
6,16114,-0.04335177689790726,,,
6,16119,-0.02859571762382984,,,
6,16124,-0.029445499181747437,,,
6,16129,-0.06671902537345886,,,
6,16134,-0.045090463012456894,,,
6,16139,-0.03196104243397713,,,
6,16144,-0.023788824677467346,,,
6,16149,-0.052278995513916016,,,
6,16154,-0.030359935015439987,,,
6,16159,-0.0199720598757267,,,
6,16164,-0.04782206937670708,,,
6,16169,-0.04720766097307205,,,
6,16174,-0.06308676302433014,,,
6,16179,-0.04493596404790878,,,
6,16184,-0.041676513850688934,,,
6,16189,-0.05207795649766922,,,
6,16194,-0.024595214053988457,,,
6,16199,-0.02039008028805256,,,
6,16204,-0.033354438841342926,,,
6,16209,-0.0432799868285656,,,
6,16214,-0.05665046349167824,,,
6,16219,-0.07347452640533447,,,
6,16224,-0.055467329919338226,,,
6,16229,-0.029915060847997665,,,
6,16234,-0.03724204748868942,,,
6,16239,-0.057282306253910065,,,
6,16244,-0.031209101900458336,,,
6,16249,-0.07290312647819519,,,
6,16254,-0.05697575956583023,,,
6,16259,-0.058534421026706696,,,
6,16264,-0.06471465528011322,,,
6,16269,-0.0636618584394455,,,
6,16274,-0.03423851355910301,,,
6,16279,-0.044596824795007706,,,
6,16284,-0.03608013316988945,,,
6,16289,-0.02959769032895565,,,
6,16294,-0.006478363648056984,,,
6,16299,-0.031934160739183426,,,
6,16304,-0.06208436191082001,,,
6,16309,-0.05660372972488403,,,
6,16314,-0.05323372781276703,,,
6,16319,-0.03557009622454643,,,
6,16324,-0.052337829023599625,,,
6,16329,-0.0706917941570282,,,
6,16334,-0.017237262800335884,,,
6,16339,-0.04493427649140358,,,
6,16344,-0.015190377831459045,,,
6,16349,-0.01354341022670269,,,
6,16354,-0.04861641675233841,,,
6,16359,-0.05186326801776886,,,
6,16364,-0.0362698957324028,,,
6,16369,-0.050851497799158096,,,
6,16374,-0.04590454325079918,,,
6,16379,-0.03244742751121521,,,
6,16384,-0.05609308183193207,,,
6,16389,-0.04944482818245888,,,
6,16394,-0.020925577729940414,,,
6,16399,-0.01961931213736534,,,
6,16404,-0.05544447898864746,,,
6,16409,-0.046094756573438644,,,
6,16414,-0.041714176535606384,,,
6,16419,-0.025328416377305984,,,
6,16424,-0.05107609182596207,,,
6,16429,-0.06992386281490326,,,
6,16434,-0.044885892421007156,,,
6,16439,-0.06522366404533386,,,
6,16444,-0.06207608804106712,,,
6,16449,-0.06133714318275452,,,
6,16454,-0.04199100285768509,,,
6,16459,-0.05983593687415123,,,
6,16464,-0.039653755724430084,,,
6,16469,-0.05292552337050438,,,
6,16474,-0.05950206518173218,,,
6,16479,-0.033186547458171844,,,
6,16484,-0.05152549967169762,,,
6,16489,-0.01677408441901207,,,
6,16494,-0.05324387550354004,,,
6,16499,-0.059359870851039886,,,
6,16504,-0.043064381927251816,,,
6,16509,-0.05973934009671211,,,
6,16514,-0.06421509385108948,,,
6,16519,-0.05376408249139786,,,
6,16524,-0.03485498204827309,,,
6,16529,-0.0567111000418663,,,
6,16534,-0.056379932910203934,,,
6,16539,-0.04705551266670227,,,
6,16544,-0.038167804479599,,,
6,16549,-0.05542805790901184,,,
6,16554,-0.04970898851752281,,,
6,16559,-0.036538079380989075,,,
6,16564,-0.05379140377044678,,,
6,16569,-0.07704120874404907,,,
6,16574,-0.04869098216295242,,,
6,16579,-0.050984449684619904,,,
6,16584,-0.033788155764341354,,,
6,16589,-0.008273482322692871,,,
6,16594,-0.06356823444366455,,,
6,16599,-0.04052823781967163,,,
6,16604,-0.031781505793333054,,,
6,16609,-0.027392134070396423,,,
6,16614,-0.010434345342218876,,,
6,16619,-0.04101794213056564,,,
6,16624,-0.03611484169960022,,,
6,16629,-0.028515206649899483,,,
6,16634,-0.054687224328517914,,,
6,16639,-0.05904967337846756,,,
6,16644,-0.06517413258552551,,,
6,16649,-0.04103581979870796,,,
6,16654,-0.015233814716339111,,,
6,16659,-0.06172339618206024,,,
6,16664,-0.052073605358600616,,,
6,16669,-0.030525807291269302,,,
6,16674,-0.048407211899757385,,,
6,16679,-0.0640706717967987,,,
6,16684,-0.039570461958646774,,,
6,16689,-0.051161736249923706,,,
6,16694,-0.037258535623550415,,,
6,16699,-0.023589618504047394,,,
6,16704,-0.03989425301551819,,,
6,16709,-0.02888767048716545,,,
6,16714,-0.03647969663143158,,,
6,16719,-0.051940977573394775,,,
6,16724,-0.030678894370794296,,,
6,16729,-0.04816114157438278,,,
6,16734,-0.06111985445022583,,,
6,16739,-0.024391546845436096,,,
6,16744,-0.037582892924547195,,,
6,16749,-0.051050685346126556,,,
6,16754,-0.039781354367733,,,
6,16759,-0.02425501123070717,,,
6,16764,-0.05751500651240349,,,
6,16769,-0.049775898456573486,,,
6,16774,-0.035315439105033875,,,
6,16779,-0.05197460204362869,,,
6,16784,-0.043552327901124954,,,
6,16789,-0.04618348181247711,,,
6,16794,0.011675337329506874,,,
6,16799,-0.03473157063126564,,,
6,16804,-0.04551786184310913,,,
6,16809,-0.018986163660883904,,,
6,16814,-0.054938193410634995,,,
6,16819,-0.06059792637825012,,,
6,16824,-0.02122386358678341,,,
6,16829,-0.023345328867435455,,,
6,16834,-0.0510435625910759,,,
6,16839,-0.08250299096107483,,,
6,16844,-0.033359188586473465,,,
6,16849,-0.05143868178129196,,,
6,16854,-0.033710017800331116,,,
6,16859,-0.0504605695605278,,,
6,16864,-0.036122702062129974,,,
6,16869,-0.05183917284011841,,,
6,16874,-0.0455988347530365,,,
6,16879,-0.0640144944190979,,,
6,16884,-0.020723041146993637,,,
6,16889,-0.052052028477191925,,,
6,16894,-0.028169533237814903,,,
6,16899,-0.03209620341658592,,,
6,16904,-0.07295942306518555,,,
6,16909,-0.03199096769094467,,,
6,16914,-0.05864441394805908,,,
6,16919,-0.07141561806201935,,,
6,16924,-0.06405317038297653,,,
6,16929,-0.03479785472154617,,,
6,16934,-0.03603406995534897,,,
6,16939,-0.05341976508498192,,,
6,16944,-0.06932687014341354,,,
6,16949,-0.03184450417757034,,,
6,16954,-0.030675163492560387,,,
6,16959,-0.03086964227259159,,,
6,16964,-0.03611429035663605,,,
6,16969,-0.041645247489213943,,,
6,16974,-0.05781469866633415,,,
6,16979,-0.0161708053201437,,,
6,16984,-0.016784321516752243,,,
6,16989,-0.07046926021575928,,,
6,16994,-0.04958956688642502,,,
6,16999,-0.047041356563568115,,,
6,17004,-0.05181349068880081,,,
6,17009,-0.050146594643592834,,,
6,17014,-0.05340336263179779,,,
6,17019,-0.03998582065105438,,,
6,17024,-0.03617493808269501,,,
6,17029,-0.04749452322721481,,,
6,17034,-0.06084257364273071,,,
6,17039,-0.05256368964910507,,,
6,17044,-0.04601556807756424,,,
6,17049,-0.040182143449783325,,,
6,17054,-0.012007615529000759,,,
6,17059,-0.03141188621520996,,,
6,17064,-0.05734916776418686,,,
6,17069,-0.0667528584599495,,,
6,17074,-0.06003362685441971,,,
6,17079,-0.006020392291247845,,,
6,17084,-0.04433431476354599,,,
6,17089,-0.04499025642871857,,,
6,17094,-0.06057815998792648,,,
6,17099,-0.04377872124314308,,,
6,17104,-0.029713131487369537,,,
6,17109,-0.026321042329072952,,,
6,17114,-0.03286220133304596,,,
6,17119,-0.07027478516101837,,,
6,17124,-0.06262336671352386,,,
6,17129,-0.04700677841901779,,,
6,17134,-0.054336197674274445,,,
6,17139,-0.04265410453081131,,,
6,17144,-0.057991355657577515,,,
6,17149,-0.049939099699258804,,,
6,17154,-0.05713478475809097,,,
6,17159,-0.01230840478092432,,,
6,17164,-0.07798561453819275,,,
6,17169,-0.04004686325788498,,,
6,17174,-0.05501284822821617,,,
6,17179,-0.04473662003874779,,,
6,17184,-0.03728363662958145,,,
6,17189,-0.042161185294389725,,,
6,17194,-0.06859307736158371,,,
6,17199,-0.045642610639333725,,,
6,17204,-0.06821636855602264,,,
6,17209,-0.05828757584095001,,,
6,17214,-0.07984160631895065,,,
6,17219,-0.04658154770731926,,,
6,17224,-0.03098139353096485,,,
6,17229,-0.04491446912288666,,,
6,17234,-0.05344315618276596,,,
6,17239,-0.043278951197862625,,,
6,17244,-0.03180652856826782,,,
6,17249,-0.03514022380113602,,,
6,17254,-0.03453480452299118,,,
6,17259,-0.0626257061958313,,,
6,17264,-0.04140947386622429,,,
6,17269,-0.03722009062767029,,,
6,17274,-0.05736342445015907,,,
6,17279,-0.028645623475313187,,,
6,17284,-0.057487644255161285,,,
6,17289,-0.03435583412647247,,,
6,17294,-0.04779518023133278,,,
6,17299,-0.06927519291639328,,,
6,17304,-0.0524681992828846,,,
6,17309,-0.036133937537670135,,,
6,17314,-0.0362604558467865,,,
6,17319,-0.039031486958265305,,,
6,17324,-0.05292179062962532,,,
6,17329,-0.033366862684488297,,,
6,17334,-0.05108966305851936,,,
6,17339,-0.01653592847287655,,,
6,17344,-0.049955785274505615,,,
6,17349,-0.04114609956741333,,,
6,17354,-0.04381782189011574,,,
6,17359,-0.0288860946893692,,,
6,17364,-0.04857907444238663,,,
6,17369,-0.050093043595552444,,,
6,17374,-0.027572257444262505,,,
6,17379,-0.06291620433330536,,,
6,17384,-0.07747501879930496,,,
6,17389,-0.04364961013197899,,,
6,17394,-0.04877568036317825,,,
6,17399,-0.017255790531635284,,,
6,17404,-0.047636352479457855,,,
6,17409,-0.033934131264686584,,,
6,17414,-0.058541055768728256,,,
6,17419,-0.03703627735376358,,,
6,17424,-0.07074373960494995,,,
6,17429,-0.03855285048484802,,,
6,17434,-0.028181547299027443,,,
6,17439,-0.042308442294597626,,,
6,17444,-0.046060800552368164,,,
6,17449,-0.05416765809059143,,,
6,17454,-0.0530213788151741,,,
6,17459,-0.05533856898546219,,,
6,17464,-0.034052181988954544,,,
6,17469,-0.06395892798900604,,,
6,17474,-0.06469395756721497,,,
6,17479,-0.049316201359033585,,,
6,17484,-0.06807386875152588,,,
6,17489,-0.043495453894138336,,,
6,17494,-0.010300865396857262,,,
6,17499,-0.028936520218849182,,,
6,17499,,-0.044032108038663864,0.34150001406669617,0.6450581550598145
7,17504,-0.04640640318393707,,,
7,17509,-0.040912359952926636,,,
7,17514,-0.05692331865429878,,,
7,17519,-0.06358149647712708,,,
7,17524,-0.04605664685368538,,,
7,17529,-0.03656398132443428,,,
7,17534,-0.04681701213121414,,,
7,17539,-0.04447268322110176,,,
7,17544,-0.04329661279916763,,,
7,17549,-0.052972760051488876,,,
7,17554,-0.04463857039809227,,,
7,17559,-0.02743873931467533,,,
7,17564,-0.04331926628947258,,,
7,17569,-0.03575010597705841,,,
7,17574,-0.05823001265525818,,,
7,17579,-0.03813757747411728,,,
7,17584,-0.020748937502503395,,,
7,17589,-0.0540054589509964,,,
7,17594,-0.054687291383743286,,,
7,17599,-0.03397483006119728,,,
7,17604,-0.03671611100435257,,,
7,17609,-0.06365543603897095,,,
7,17614,-0.03830523043870926,,,
7,17619,-0.040325015783309937,,,
7,17624,-0.05340832471847534,,,
7,17629,-0.008939215913414955,,,
7,17634,-0.05396626889705658,,,
7,17639,-0.04957449808716774,,,
7,17644,-0.04347851127386093,,,
7,17649,-0.0570528544485569,,,
7,17654,-0.03336983174085617,,,
7,17659,-0.04066262021660805,,,
7,17664,-0.06896045804023743,,,
7,17669,-0.06262949854135513,,,
7,17674,-0.0636625587940216,,,
7,17679,-0.054680146276950836,,,
7,17684,-0.041353851556777954,,,
7,17689,-0.030917741358280182,,,
7,17694,-0.02005859464406967,,,
7,17699,-0.03655225783586502,,,
7,17704,-0.03069104626774788,,,
7,17709,-0.04942362755537033,,,
7,17714,-0.04556763544678688,,,
7,17719,-0.06920179724693298,,,
7,17724,-0.05365661904215813,,,
7,17729,-0.04766061156988144,,,
7,17734,-0.0460963174700737,,,
7,17739,-0.05787717550992966,,,
7,17744,-0.02628958597779274,,,
7,17749,-0.03680925443768501,,,
7,17754,-0.05164828523993492,,,
7,17759,-0.050567738711833954,,,
7,17764,-0.062237612903118134,,,
7,17769,-0.04550223797559738,,,
7,17774,-0.046509530395269394,,,
7,17779,-0.052016038447618484,,,
7,17784,-0.04654183238744736,,,
7,17789,-0.06528965383768082,,,
7,17794,-0.051034633070230484,,,
7,17799,-0.04498308524489403,,,
7,17804,-0.0374138206243515,,,
7,17809,-0.06033528596162796,,,
7,17814,-0.05719420313835144,,,
7,17819,-0.03921112045645714,,,
7,17824,-0.045065075159072876,,,
7,17829,-0.03230033814907074,,,
7,17834,-0.07876063883304596,,,
7,17839,-0.04720991477370262,,,
7,17844,-0.03521106019616127,,,
7,17849,-0.041644539684057236,,,
7,17854,-0.04085855931043625,,,
7,17859,-0.04019555076956749,,,
7,17864,-0.045100025832653046,,,
7,17869,-0.04157517850399017,,,
7,17874,-0.051602959632873535,,,
7,17879,-0.03139364719390869,,,
7,17884,-0.05145396292209625,,,
7,17889,-0.043912373483181,,,
7,17894,-0.037560801953077316,,,
7,17899,-0.04215876758098602,,,
7,17904,-0.07290065288543701,,,
7,17909,-0.05959776043891907,,,
7,17914,-0.051204148679971695,,,
7,17919,-0.0434211790561676,,,
7,17924,-0.06345783174037933,,,
7,17929,-0.05230870097875595,,,
7,17934,-0.03218706697225571,,,
7,17939,-0.01695903390645981,,,
7,17944,-0.04403137415647507,,,
7,17949,-0.06429088115692139,,,
7,17954,-0.07468322664499283,,,
7,17959,-0.04292069375514984,,,
7,17964,-0.04315473139286041,,,
7,17969,-0.0340547189116478,,,
7,17974,-0.08461923897266388,,,
7,17979,-0.06263263523578644,,,
7,17984,-0.055261243134737015,,,
7,17989,-0.03173017501831055,,,
7,17994,-0.03943045064806938,,,
7,17999,-0.055991120636463165,,,
7,18004,-0.043022334575653076,,,
7,18009,-0.018285449594259262,,,
7,18014,-0.014816620387136936,,,
7,18019,-0.045482784509658813,,,
7,18024,-0.025710396468639374,,,
7,18029,-0.04496704041957855,,,
7,18034,-0.02646448276937008,,,
7,18039,-0.04215080291032791,,,
7,18044,-0.04008416086435318,,,
7,18049,-0.047659583389759064,,,
7,18054,-0.03647223114967346,,,
7,18059,-0.02751990035176277,,,
7,18064,-0.03177950531244278,,,
7,18069,-0.03598470240831375,,,
7,18074,-0.035767361521720886,,,
7,18079,-0.048533082008361816,,,
7,18084,-0.033121027052402496,,,
7,18089,-0.03681502491235733,,,
7,18094,-0.05049606040120125,,,
7,18099,-0.03162071108818054,,,
7,18104,-0.04411885142326355,,,
7,18109,-0.04704584181308746,,,
7,18114,-0.05125672370195389,,,
7,18119,-0.029885176569223404,,,
7,18124,-0.03404868394136429,,,
7,18129,-0.050166286528110504,,,
7,18134,-0.05069248750805855,,,
7,18139,-0.05792029947042465,,,
7,18144,-0.04438529908657074,,,
7,18149,-0.03844355419278145,,,
7,18154,-0.042866773903369904,,,
7,18159,-0.05290994420647621,,,
7,18164,-0.04891342669725418,,,
7,18169,-0.04841739684343338,,,
7,18174,-0.06399383395910263,,,
7,18179,-0.055509574711322784,,,
7,18184,-0.04891890287399292,,,
7,18189,-0.05534244701266289,,,
7,18194,-0.07086046040058136,,,
7,18199,-0.04677895829081535,,,
7,18204,-0.030759654939174652,,,
7,18209,-0.06813272833824158,,,
7,18214,-0.05245295166969299,,,
7,18219,-0.03651769086718559,,,
7,18224,-0.049667686223983765,,,
7,18229,-0.025666698813438416,,,
7,18234,-0.04440176486968994,,,
7,18239,-0.022995373234152794,,,
7,18244,-0.04947884380817413,,,
7,18249,-0.06141312047839165,,,
7,18254,-0.036166783422231674,,,
7,18259,-0.054740265011787415,,,
7,18264,-0.031139113008975983,,,
7,18269,-0.05096849799156189,,,
7,18274,-0.05654638260602951,,,
7,18279,-0.05682972073554993,,,
7,18284,-0.054766006767749786,,,
7,18289,-0.058933280408382416,,,
7,18294,-0.06211841106414795,,,
7,18299,-0.056262366473674774,,,
7,18304,-0.04576052725315094,,,
7,18309,-0.029391620308160782,,,
7,18314,-0.01783391274511814,,,
7,18319,-0.04999959468841553,,,
7,18324,-0.04166509956121445,,,
7,18329,-0.03978525102138519,,,
7,18334,-0.01912286877632141,,,
7,18339,-0.05876455828547478,,,
7,18344,-0.04636327922344208,,,
7,18349,-0.049561627209186554,,,
7,18354,-0.03802219778299332,,,
7,18359,-0.05415278673171997,,,
7,18364,-0.06333522498607635,,,
7,18369,-0.05234886705875397,,,
7,18374,-0.0535043329000473,,,
7,18379,-0.03692071512341499,,,
7,18384,-0.04851490259170532,,,
7,18389,0.001759662525728345,,,
7,18394,-0.0670769214630127,,,
7,18399,-0.022181563079357147,,,
7,18404,-0.05496994033455849,,,
7,18409,-0.07632209360599518,,,
7,18414,-0.06008684262633324,,,
7,18419,-0.031056534498929977,,,
7,18424,-0.04402191564440727,,,
7,18429,-0.04033895209431648,,,
7,18434,-0.043441928923130035,,,
7,18439,-0.010577821172773838,,,
7,18444,-0.010400770232081413,,,
7,18449,-0.04288168251514435,,,
7,18454,-0.05824761837720871,,,
7,18459,-0.04563482850790024,,,
7,18464,-0.050852302461862564,,,
7,18469,0.007490018382668495,,,
7,18474,-0.04471238702535629,,,
7,18479,-0.0371471531689167,,,
7,18484,-0.034352317452430725,,,
7,18489,-0.05005510151386261,,,
7,18494,-0.04571903869509697,,,
7,18499,-0.0400153286755085,,,
7,18504,-0.07457925379276276,,,
7,18509,-0.04188260808587074,,,
7,18514,-0.04774129018187523,,,
7,18519,-0.06204931065440178,,,
7,18524,-0.038465358316898346,,,
7,18529,-0.024658726528286934,,,
7,18534,-0.052247971296310425,,,
7,18539,-0.05925178527832031,,,
7,18544,-0.051340118050575256,,,
7,18549,-0.05195215344429016,,,
7,18554,-0.05452349781990051,,,
7,18559,-0.04866231605410576,,,
7,18564,-0.04531946778297424,,,
7,18569,-0.05801939219236374,,,
7,18574,-0.050961799919605255,,,
7,18579,-0.0063490550965070724,,,
7,18584,-0.02786724455654621,,,
7,18589,-0.06918618083000183,,,
7,18594,-0.05296701192855835,,,
7,18599,-0.04020889475941658,,,
7,18604,-0.04996082931756973,,,
7,18609,-0.037806082516908646,,,
7,18614,-0.055773235857486725,,,
7,18619,-0.05259240046143532,,,
7,18624,-0.05176407843828201,,,
7,18629,-0.038150936365127563,,,
7,18634,-0.04303818196058273,,,
7,18639,-0.059317734092473984,,,
7,18644,-0.02008247934281826,,,
7,18649,-0.061245374381542206,,,
7,18654,-0.053715676069259644,,,
7,18659,-0.06464587152004242,,,
7,18664,-0.057735078036785126,,,
7,18669,-0.03264607489109039,,,
7,18674,-0.03127234801650047,,,
7,18679,-0.05641612410545349,,,
7,18684,-0.06268513947725296,,,
7,18689,-0.06848324090242386,,,
7,18694,-0.06785882264375687,,,
7,18699,-0.04235564172267914,,,
7,18704,-0.04640675336122513,,,
7,18709,-0.03965781629085541,,,
7,18714,-0.038779933005571365,,,
7,18719,-0.050764720886945724,,,
7,18724,-0.03423614054918289,,,
7,18729,-0.05665429309010506,,,
7,18734,-0.03992726653814316,,,
7,18739,-0.05463177710771561,,,
7,18744,-0.06621259450912476,,,
7,18749,-0.049432460218667984,,,
7,18754,-0.058774229139089584,,,
7,18759,-0.04321092367172241,,,
7,18764,-0.050125207751989365,,,
7,18769,-0.06891316175460815,,,
7,18774,-0.0606994703412056,,,
7,18779,-0.06076478958129883,,,
7,18784,-0.05857094004750252,,,
7,18789,-0.04039740562438965,,,
7,18794,-0.011049406602978706,,,
7,18799,-0.04826310649514198,,,
7,18804,-0.05456818640232086,,,
7,18809,-0.04760489985346794,,,
7,18814,0.0025879470631480217,,,
7,18819,-0.018114613369107246,,,
7,18824,-0.03150803968310356,,,
7,18829,-0.05475283041596413,,,
7,18834,-0.04431302472949028,,,
7,18839,-0.04524317383766174,,,
7,18844,-0.04171544685959816,,,
7,18849,-0.03765936195850372,,,
7,18854,-0.056511424481868744,,,
7,18859,-0.060179028660058975,,,
7,18864,-0.04506080597639084,,,
7,18869,-0.04982679337263107,,,
7,18874,-0.0507558211684227,,,
7,18879,-0.03890770673751831,,,
7,18884,-0.04634402319788933,,,
7,18889,-0.05356944352388382,,,
7,18894,-0.05058320611715317,,,
7,18899,0.06309495121240616,,,
7,18904,-0.05294697359204292,,,
7,18909,-0.05979001522064209,,,
7,18914,-0.04304422438144684,,,
7,18919,-0.030886951833963394,,,
7,18924,-0.060419563204050064,,,
7,18929,-0.04971560835838318,,,
7,18934,-0.009633117355406284,,,
7,18939,-0.02455330826342106,,,
7,18944,-0.058396998792886734,,,
7,18949,-0.04666502773761749,,,
7,18954,-0.023104503750801086,,,
7,18959,-0.03848652169108391,,,
7,18964,-0.07006315886974335,,,
7,18969,-0.044588446617126465,,,
7,18974,-0.04146712273359299,,,
7,18979,-0.05313650146126747,,,
7,18984,-0.03885916247963905,,,
7,18989,-0.02840457856655121,,,
7,18994,-0.05109868198633194,,,
7,18999,-0.05097172409296036,,,
7,19004,-0.03854171931743622,,,
7,19009,-0.0688449889421463,,,
7,19014,-0.055569685995578766,,,
7,19019,-0.05537918955087662,,,
7,19024,-0.055852025747299194,,,
7,19029,-0.027170605957508087,,,
7,19034,-0.02342880144715309,,,
7,19039,-0.03826277703046799,,,
7,19044,-0.045441750437021255,,,
7,19049,-0.05687075853347778,,,
7,19054,-0.03863396868109703,,,
7,19059,-0.05849868431687355,,,
7,19064,-0.04751642048358917,,,
7,19069,-0.060215167701244354,,,
7,19074,-0.028488365933299065,,,
7,19079,-0.056310392916202545,,,
7,19084,-0.034535087645053864,,,
7,19089,-0.032333970069885254,,,
7,19094,-0.05244576930999756,,,
7,19099,-0.025343026965856552,,,
7,19104,-0.029535336419939995,,,
7,19109,-0.03949562832713127,,,
7,19114,-0.07336100935935974,,,
7,19119,-0.05446502938866615,,,
7,19124,-0.014824599027633667,,,
7,19129,-0.05629170313477516,,,
7,19134,-0.008929459378123283,,,
7,19139,-0.006293829530477524,,,
7,19144,-0.05049014836549759,,,
7,19149,-0.07162272930145264,,,
7,19154,-0.049641530960798264,,,
7,19159,-0.06370806694030762,,,
7,19164,-0.009010701440274715,,,
7,19169,-0.05095119774341583,,,
7,19174,-0.04284314811229706,,,
7,19179,-0.03642202168703079,,,
7,19184,-0.039054468274116516,,,
7,19189,-0.04118691012263298,,,
7,19194,-0.05048379302024841,,,
7,19199,-0.06539921462535858,,,
7,19204,-0.014779878780245781,,,
7,19209,-0.025723958387970924,,,
7,19214,-0.045376479625701904,,,
7,19219,-0.011091422289609909,,,
7,19224,-0.04905492812395096,,,
7,19229,-0.041839420795440674,,,
7,19234,-0.04023721069097519,,,
7,19239,-0.07492555677890778,,,
7,19244,-0.033023424446582794,,,
7,19249,-0.015747930854558945,,,
7,19254,-0.05559034273028374,,,
7,19259,-0.03431558981537819,,,
7,19264,-0.04161743074655533,,,
7,19269,-0.03661182522773743,,,
7,19274,-0.03229966014623642,,,
7,19279,-0.012497331015765667,,,
7,19284,-0.030981555581092834,,,
7,19289,-0.045879997313022614,,,
7,19294,-0.03709840774536133,,,
7,19299,-0.04862065613269806,,,
7,19304,-0.04479394108057022,,,
7,19309,-0.052776288241147995,,,
7,19314,-0.03985171765089035,,,
7,19319,-0.04384879022836685,,,
7,19324,-0.07802236080169678,,,
7,19329,-0.04895748943090439,,,
7,19334,-0.04480993375182152,,,
7,19339,-0.03050919994711876,,,
7,19344,-0.03945278748869896,,,
7,19349,-0.042170450091362,,,
7,19354,-0.03492709621787071,,,
7,19359,-0.06833921372890472,,,
7,19364,-0.04681430011987686,,,
7,19369,-0.0286586694419384,,,
7,19374,-0.05569985508918762,,,
7,19379,-0.06334462761878967,,,
7,19384,-0.04473017156124115,,,
7,19389,-0.03844860568642616,,,
7,19394,-0.03853200376033783,,,
7,19399,-0.02931598760187626,,,
7,19404,-0.014746727421879768,,,
7,19409,-0.03978125751018524,,,
7,19414,-0.013002358376979828,,,
7,19419,-0.045405223965644836,,,
7,19424,-0.05103294178843498,,,
7,19429,-0.06875565648078918,,,
7,19434,-0.042857877910137177,,,
7,19439,-0.049315743148326874,,,
7,19444,-0.05046127736568451,,,
7,19449,-0.06333456933498383,,,
7,19454,-0.08310772478580475,,,
7,19459,-0.0017045270651578903,,,
7,19464,-0.033756792545318604,,,
7,19469,-0.054556816816329956,,,
7,19474,-0.056180428713560104,,,
7,19479,-0.04448118805885315,,,
7,19484,-0.03540802001953125,,,
7,19489,-0.03942284733057022,,,
7,19494,-0.04054541885852814,,,
7,19499,-0.021408047527074814,,,
7,19504,-0.04171479493379593,,,
7,19509,-0.044146858155727386,,,
7,19514,-0.038276903331279755,,,
7,19519,-0.04640421271324158,,,
7,19524,-0.04160085320472717,,,
7,19529,-0.049442850053310394,,,
7,19534,-0.004765703342854977,,,
7,19539,-0.03179725259542465,,,
7,19544,-0.05521734803915024,,,
7,19549,-0.019559534266591072,,,
7,19554,-0.03990808129310608,,,
7,19559,-0.05017954856157303,,,
7,19564,-0.029209306463599205,,,
7,19569,-0.029884181916713715,,,
7,19574,-0.05326720327138901,,,
7,19579,-0.041771627962589264,,,
7,19584,-0.044921163469552994,,,
7,19589,-0.04095306992530823,,,
7,19594,-0.047129083424806595,,,
7,19599,-0.05572543665766716,,,
7,19604,-0.0260334312915802,,,
7,19609,-0.05703689157962799,,,
7,19614,-0.06573809683322906,,,
7,19619,-0.04880862683057785,,,
7,19624,-0.05465191602706909,,,
7,19629,-0.04838084429502487,,,
7,19634,-0.028689369559288025,,,
7,19639,-0.05124283581972122,,,
7,19644,-0.05313440412282944,,,
7,19649,-0.020900551229715347,,,
7,19654,-0.05423712730407715,,,
7,19659,-0.04678715020418167,,,
7,19664,-0.06298194825649261,,,
7,19669,-0.03297295793890953,,,
7,19674,-0.04947269707918167,,,
7,19679,-0.056859418749809265,,,
7,19684,-0.04056154564023018,,,
7,19689,-0.05406182259321213,,,
7,19694,-0.05761416256427765,,,
7,19699,-0.04507364332675934,,,
7,19704,-0.0623372420668602,,,
7,19709,-0.03477460518479347,,,
7,19714,-0.04517241567373276,,,
7,19719,-0.0502270832657814,,,
7,19724,-0.04549521580338478,,,
7,19729,-0.057082030922174454,,,
7,19734,-0.07295266538858414,,,
7,19739,-0.03472193703055382,,,
7,19744,-0.048775047063827515,,,
7,19749,-0.03162478655576706,,,
7,19754,-0.04570174217224121,,,
7,19759,-0.045264389365911484,,,
7,19764,-0.052667368203401566,,,
7,19769,-0.06191527098417282,,,
7,19774,-0.06005492061376572,,,
7,19779,-0.04297880828380585,,,
7,19784,-0.040439676493406296,,,
7,19789,-0.03550378978252411,,,
7,19794,-0.03247523307800293,,,
7,19799,-0.05716352164745331,,,
7,19804,-0.0462380051612854,,,
7,19809,-0.034471869468688965,,,
7,19814,-0.05390842258930206,,,
7,19819,-0.031738750636577606,,,
7,19824,-0.03870747238397598,,,
7,19829,-0.04269222915172577,,,
7,19834,-0.06570528447628021,,,
7,19839,-0.060534946620464325,,,
7,19844,-0.05159073323011398,,,
7,19849,-0.038184065371751785,,,
7,19854,-0.054162539541721344,,,
7,19859,-0.04883125051856041,,,
7,19864,-0.037895672023296356,,,
7,19869,-0.045797012746334076,,,
7,19874,-0.03262767940759659,,,
7,19879,-0.020512588322162628,,,
7,19884,-0.015627481043338776,,,
7,19889,-0.053874000906944275,,,
7,19894,-0.0578741654753685,,,
7,19899,-0.057276614010334015,,,
7,19904,-0.043183788657188416,,,
7,19909,-0.04996684938669205,,,
7,19914,-0.01331106387078762,,,
7,19919,-0.041426677256822586,,,
7,19924,-0.05408819019794464,,,
7,19929,-0.053705714643001556,,,
7,19934,-0.02492891438305378,,,
7,19939,-0.030407853424549103,,,
7,19944,-0.07347516715526581,,,
7,19949,-0.05315932631492615,,,
7,19954,-0.06334171444177628,,,
7,19959,-0.0741201788187027,,,
7,19964,-0.030809937044978142,,,
7,19969,-0.03629518300294876,,,
7,19974,-0.025303643196821213,,,
7,19979,-0.04422722011804581,,,
7,19984,-0.055061399936676025,,,
7,19989,-0.05608050897717476,,,
7,19994,-0.03241486847400665,,,
7,19999,-0.012312011793255806,,,
7,19999,,-0.03192427009344101,0.34360000491142273,0.642806351184845
8,20004,-0.05437031015753746,,,
8,20009,-0.04242360219359398,,,
8,20014,-0.02727454900741577,,,
8,20019,-0.046696506440639496,,,
8,20024,-0.014653317630290985,,,
8,20029,-0.03053002990782261,,,
8,20034,-0.05094965547323227,,,
8,20039,-0.0618366040289402,,,
8,20044,-0.05552743375301361,,,
8,20049,-0.050895072519779205,,,
8,20054,-0.03951264172792435,,,
8,20059,-0.047947224229574203,,,
8,20064,-0.06272973120212555,,,
8,20069,-0.05716457962989807,,,
8,20074,-0.036305785179138184,,,
8,20079,-0.07129216194152832,,,
8,20084,-0.045754313468933105,,,
8,20089,-0.016460638493299484,,,
8,20094,-0.050784360617399216,,,
8,20099,-0.03260889649391174,,,
8,20104,-0.06704173237085342,,,
8,20109,-0.05758112668991089,,,
8,20114,-0.037795260548591614,,,
8,20119,-0.03238922357559204,,,
8,20124,-0.029439777135849,,,
8,20129,-0.032378967851400375,,,
8,20134,-0.056777775287628174,,,
8,20139,-0.04455059766769409,,,
8,20144,-0.05112097039818764,,,
8,20149,-0.05436766520142555,,,
8,20154,-0.024128295481204987,,,
8,20159,-0.05508803203701973,,,
8,20164,-0.015138661488890648,,,
8,20169,-0.06736879050731659,,,
8,20174,-0.055847376585006714,,,
8,20179,-0.027118530124425888,,,
8,20184,-0.045948576182127,,,
8,20189,-0.03912745416164398,,,
8,20194,-0.041166938841342926,,,
8,20199,-0.03533671796321869,,,
8,20204,-0.03168385475873947,,,
8,20209,-0.049409713596105576,,,
8,20214,-0.04895792156457901,,,
8,20219,-0.04727946221828461,,,
8,20224,-0.040911246091127396,,,
8,20229,-0.04377840459346771,,,
8,20234,-0.03215940296649933,,,
8,20239,-0.061142612248659134,,,
8,20244,-0.055550187826156616,,,
8,20249,-0.0557272806763649,,,
8,20254,-0.04173116013407707,,,
8,20259,-0.026664702221751213,,,
8,20264,-0.04165109992027283,,,
8,20269,-0.04111921787261963,,,
8,20274,-0.023442525416612625,,,
8,20279,-0.04594910144805908,,,
8,20284,-0.028067557141184807,,,
8,20289,-0.028435658663511276,,,
8,20294,-0.03698241710662842,,,
8,20299,-0.025466352701187134,,,
8,20304,-0.06016439199447632,,,
8,20309,-0.053176116198301315,,,
8,20314,-0.029158052057027817,,,
8,20319,-0.04419746249914169,,,
8,20324,-0.0006569190882146358,,,
8,20329,-0.05093173310160637,,,
8,20334,-0.09080307185649872,,,
8,20339,-0.062341220676898956,,,
8,20344,-0.04235288128256798,,,
8,20349,-0.04125750809907913,,,
8,20354,-0.02890031412243843,,,
8,20359,-0.07126187533140182,,,
8,20364,-0.038985975086688995,,,
8,20369,-0.052040718495845795,,,
8,20374,-0.038347385823726654,,,
8,20379,-0.045149579644203186,,,
8,20384,-0.03747333958745003,,,
8,20389,-0.04516960680484772,,,
8,20394,-0.03592604771256447,,,
8,20399,-0.04601098597049713,,,
8,20404,-0.060050155967473984,,,
8,20409,-0.057876572012901306,,,
8,20414,-0.030285654589533806,,,
8,20419,-0.038960862904787064,,,
8,20424,-0.02233758009970188,,,
8,20429,-0.043263256549835205,,,
8,20434,-0.05373924970626831,,,
8,20439,-0.06677289307117462,,,
8,20444,-0.08550815284252167,,,
8,20449,-0.06137649714946747,,,
8,20454,-0.010427428409457207,,,
8,20459,-0.039239440113306046,,,
8,20464,-0.03438301756978035,,,
8,20469,-0.053469929844141006,,,
8,20474,-0.05641104280948639,,,
8,20479,-0.06166834011673927,,,
8,20484,-0.05857884883880615,,,
8,20489,-0.03915345296263695,,,
8,20494,-0.04478941857814789,,,
8,20499,-0.057897187769412994,,,
8,20504,-0.06041036546230316,,,
8,20509,-0.039857104420661926,,,
8,20514,-0.038574960082769394,,,
8,20519,-0.012802866287529469,,,
8,20524,-0.03868420794606209,,,
8,20529,-0.03961864113807678,,,
8,20534,0.004145565442740917,,,
8,20539,-0.021393470466136932,,,
8,20544,-0.05817828327417374,,,
8,20549,-0.04803748428821564,,,
8,20554,-0.06118392199277878,,,
8,20559,-0.06119435280561447,,,
8,20564,-0.046496208757162094,,,
8,20569,-0.04292111098766327,,,
8,20574,-0.04548455774784088,,,
8,20579,-0.05140664055943489,,,
8,20584,-0.038521163165569305,,,
8,20589,-0.031223732978105545,,,
8,20594,-0.044629693031311035,,,
8,20599,-0.026940878480672836,,,
8,20604,-0.03929455578327179,,,
8,20609,-0.008005602285265923,,,
8,20614,-0.0550740584731102,,,
8,20619,-0.04361904785037041,,,
8,20624,-0.050514787435531616,,,
8,20629,-0.03786107525229454,,,
8,20634,-0.052049100399017334,,,
8,20639,-0.03381212428212166,,,
8,20644,-0.05194806307554245,,,
8,20649,-0.05514668673276901,,,
8,20654,-0.038809746503829956,,,
8,20659,-0.04347702115774155,,,
8,20664,-0.021998006850481033,,,
8,20669,-0.04466591775417328,,,
8,20674,-0.037889011204242706,,,
8,20679,-0.038931407034397125,,,
8,20684,-0.05422831326723099,,,
8,20689,-0.03697231039404869,,,
8,20694,0.022258874028921127,,,
8,20699,-0.049465980380773544,,,
8,20704,-0.04254152625799179,,,
8,20709,-0.035643670707941055,,,
8,20714,-0.05564387887716293,,,
8,20719,-0.04025372490286827,,,
8,20724,-0.02753649279475212,,,
8,20729,-0.037496455013751984,,,
8,20734,-0.04316560924053192,,,
8,20739,-0.05137970298528671,,,
8,20744,-0.07377830147743225,,,
8,20749,-0.0455111563205719,,,
8,20754,-0.024236710742115974,,,
8,20759,-0.047080229967832565,,,
8,20764,-0.04458567500114441,,,
8,20769,-0.051670290529727936,,,
8,20774,-0.04089461266994476,,,
8,20779,-0.04384225606918335,,,
8,20784,-0.03098869137465954,,,
8,20789,-0.04259740933775902,,,
8,20794,-0.06714533269405365,,,
8,20799,-0.02453519031405449,,,
8,20804,-0.05406114086508751,,,
8,20809,-0.05721059441566467,,,
8,20814,-0.044768333435058594,,,
8,20819,-0.05001711845397949,,,
8,20824,-0.04362409561872482,,,
8,20829,-0.04557626321911812,,,
8,20834,-0.06212038919329643,,,
8,20839,-0.051472075283527374,,,
8,20844,-0.04807325452566147,,,
8,20849,-0.03509163111448288,,,
8,20854,-0.04971890151500702,,,
8,20859,-0.04105306416749954,,,
8,20864,-0.04099562019109726,,,
8,20869,-0.05605565756559372,,,
8,20874,-0.04787791520357132,,,
8,20879,-0.05863799899816513,,,
8,20884,-0.0551975816488266,,,
8,20889,-0.02652015909552574,,,
8,20894,-0.01256851851940155,,,
8,20899,-0.04001688212156296,,,
8,20904,-0.02464764565229416,,,
8,20909,0.07092420011758804,,,
8,20914,-0.060595735907554626,,,
8,20919,-0.04245761036872864,,,
8,20924,-0.051216885447502136,,,
8,20929,-0.0469527505338192,,,
8,20934,-0.05871296301484108,,,
8,20939,-0.05567752197384834,,,
8,20944,-0.03856188803911209,,,
8,20949,-0.012744990177452564,,,
8,20954,-0.05340909957885742,,,
8,20959,-0.050807539373636246,,,
8,20964,-0.04732586443424225,,,
8,20969,-0.0465090349316597,,,
8,20974,-0.04603201150894165,,,
8,20979,-0.03934015706181526,,,
8,20984,-0.0250178724527359,,,
8,20989,-0.04621991142630577,,,
8,20994,-0.05115950480103493,,,
8,20999,-0.03782244026660919,,,
8,21004,-0.05120334401726723,,,
8,21009,-0.07113632559776306,,,
8,21014,-0.06673141568899155,,,
8,21019,-0.05109473317861557,,,
8,21024,-0.03523074835538864,,,
8,21029,-0.03244627267122269,,,
8,21034,-0.040015555918216705,,,
8,21039,-0.026041239500045776,,,
8,21044,-0.031920719891786575,,,
8,21049,-0.04273676127195358,,,
8,21054,-0.02688206359744072,,,
8,21059,-0.05092456936836243,,,
8,21064,-0.04222504049539566,,,
8,21069,-0.041281722486019135,,,
8,21074,-0.04698161408305168,,,
8,21079,-0.014775777235627174,,,
8,21084,-0.03367692604660988,,,
8,21089,-0.03844402730464935,,,
8,21094,-0.06014134734869003,,,
8,21099,-0.038071997463703156,,,
8,21104,-0.038779325783252716,,,
8,21109,-0.04401400685310364,,,
8,21114,-0.05833541974425316,,,
8,21119,-0.0495772510766983,,,
8,21124,-0.05452932417392731,,,
8,21129,-0.05277693644165993,,,
8,21134,-0.04127074405550957,,,
8,21139,-0.027410220354795456,,,
8,21144,-0.02273082360625267,,,
8,21149,-0.05236352980136871,,,
8,21154,-0.041863080114126205,,,
8,21159,-0.043145835399627686,,,
8,21164,-0.05049686133861542,,,
8,21169,-0.057797640562057495,,,
8,21174,-0.03397929668426514,,,
8,21179,-0.06570763885974884,,,
8,21184,-0.04579496383666992,,,
8,21189,-0.0478765144944191,,,
8,21194,-0.044320061802864075,,,
8,21199,-0.044418271631002426,,,
8,21204,-0.02611967921257019,,,
8,21209,-0.05626031383872032,,,
8,21214,-0.06302276998758316,,,
8,21219,-0.05863385275006294,,,
8,21224,-0.057086870074272156,,,
8,21229,-0.058473773300647736,,,
8,21234,-0.05468253418803215,,,
8,21239,-0.05937681719660759,,,
8,21244,-0.03070559725165367,,,
8,21249,-0.05058935284614563,,,
8,21254,-0.032196346670389175,,,
8,21259,-0.0463876910507679,,,
8,21264,-0.03547742962837219,,,
8,21269,-0.04696568101644516,,,
8,21274,-0.04614544287323952,,,
8,21279,-0.06101316958665848,,,
8,21284,-0.05717616528272629,,,
8,21289,-0.03017871081829071,,,
8,21294,-0.03487809747457504,,,
8,21299,-0.04116390272974968,,,
8,21304,-0.041748471558094025,,,
8,21309,-0.03739313408732414,,,
8,21314,-0.048221416771411896,,,
8,21319,-0.019419167190790176,,,
8,21324,-0.0432698130607605,,,
8,21329,-0.049191854894161224,,,
8,21334,-0.05309203639626503,,,
8,21339,-0.06386004388332367,,,
8,21344,-0.045776646584272385,,,
8,21349,-0.014834074303507805,,,
8,21354,-0.05420126020908356,,,
8,21359,-0.04582662135362625,,,
8,21364,-0.05160188674926758,,,
8,21369,-0.02732967957854271,,,
8,21374,-0.02433057501912117,,,
8,21379,-0.005573488771915436,,,
8,21384,-0.06600243598222733,,,
8,21389,-0.0500335767865181,,,
8,21394,-0.04568813741207123,,,
8,21399,-0.03550056368112564,,,
8,21404,-0.040056318044662476,,,
8,21409,-0.035762470215559006,,,
8,21414,-0.052633509039878845,,,
8,21419,-0.05681251361966133,,,
8,21424,-0.004967918619513512,,,
8,21429,-0.047079555690288544,,,
8,21434,-0.056257836520671844,,,
8,21439,-0.050200726836919785,,,
8,21444,-0.02670513466000557,,,
8,21449,-0.05069708824157715,,,
8,21454,-0.06684058159589767,,,
8,21459,-0.013987451791763306,,,
8,21464,-0.014330914244055748,,,
8,21469,-0.054329510778188705,,,
8,21474,-0.058392833918333054,,,
8,21479,-0.04188661649823189,,,
8,21484,-0.05079322308301926,,,
8,21489,-0.030358361080288887,,,
8,21494,-0.07301346957683563,,,
8,21499,-0.033278997987508774,,,
8,21504,-0.012381978332996368,,,
8,21509,-0.030442237854003906,,,
8,21514,-0.052154090255498886,,,
8,21519,-0.04061596840620041,,,
8,21524,-0.030488114804029465,,,
8,21529,-0.05286559462547302,,,
8,21534,-0.038052938878536224,,,
8,21539,-0.039205797016620636,,,
8,21544,-0.018147163093090057,,,
8,21549,-0.047830238938331604,,,
8,21554,-0.03091394156217575,,,
8,21559,-0.05584859848022461,,,
8,21564,-0.05471736937761307,,,
8,21569,-0.07058484852313995,,,
8,21574,-0.04900731146335602,,,
8,21579,-0.04870694875717163,,,
8,21584,-0.044558629393577576,,,
8,21589,-0.023853154852986336,,,
8,21594,-0.0585293248295784,,,
8,21599,-0.05560770630836487,,,
8,21604,-0.04818957671523094,,,
8,21609,-0.04771695286035538,,,
8,21614,-0.026056192815303802,,,
8,21619,-0.03415032476186752,,,
8,21624,-0.0464479923248291,,,
8,21629,-0.047742269933223724,,,
8,21634,0.0001456569880247116,,,
8,21639,-0.06646540760993958,,,
8,21644,-0.06245971471071243,,,
8,21649,-0.06339131295681,,,
8,21654,-0.05873468518257141,,,
8,21659,-0.044484011828899384,,,
8,21664,-0.04564611613750458,,,
8,21669,-0.04888742417097092,,,
8,21674,-0.05221741273999214,,,
8,21679,-0.054270822554826736,,,
8,21684,-0.040518611669540405,,,
8,21689,-0.03934045508503914,,,
8,21694,-0.060379210859537125,,,
8,21699,-0.03329002857208252,,,
8,21704,-0.04057491198182106,,,
8,21709,-0.044349633157253265,,,
8,21714,-0.05364254117012024,,,
8,21719,-0.03395138680934906,,,
8,21724,-0.03596103936433792,,,
8,21729,-0.0460958331823349,,,
8,21734,-0.043675027787685394,,,
8,21739,-0.046702269464731216,,,
8,21744,-0.06657516956329346,,,
8,21749,-0.07210046052932739,,,
8,21754,-0.06723129749298096,,,
8,21759,-0.03229441121220589,,,
8,21764,-0.04160253703594208,,,
8,21769,-0.044220808893442154,,,
8,21774,-0.03769665211439133,,,
8,21779,-0.05203349515795708,,,
8,21784,-0.03785009682178497,,,
8,21789,-0.035836752504110336,,,
8,21794,-0.05955970287322998,,,
8,21799,-0.035968177020549774,,,
8,21804,-0.05312519520521164,,,
8,21809,-0.03841322287917137,,,
8,21814,-0.05241411179304123,,,
8,21819,-0.06058567762374878,,,
8,21824,-0.05742562189698219,,,
8,21829,-0.03414085879921913,,,
8,21834,-0.04562079906463623,,,
8,21839,-0.02137235552072525,,,
8,21844,-0.03631327673792839,,,
8,21849,-0.017540059983730316,,,
8,21854,-0.02883395552635193,,,
8,21859,-0.05037670582532883,,,
8,21864,-0.02062304876744747,,,
8,21869,-0.047286711633205414,,,
8,21874,-0.035902239382267,,,
8,21879,-0.05425211787223816,,,
8,21884,-0.04188377037644386,,,
8,21889,-0.046868279576301575,,,
8,21894,-0.05202427878975868,,,
8,21899,-0.034756556153297424,,,
8,21904,-0.06310476362705231,,,
8,21909,-0.04269765317440033,,,
8,21914,-0.053519584238529205,,,
8,21919,-0.028362881392240524,,,
8,21924,-0.032718781381845474,,,
8,21929,-0.03446412831544876,,,
8,21934,-0.04351047798991203,,,
8,21939,-0.04603702574968338,,,
8,21944,-0.055991675704717636,,,
8,21949,-0.04526929557323456,,,
8,21954,-0.037523914128541946,,,
8,21959,-0.03350675851106644,,,
8,21964,-0.0135263092815876,,,
8,21969,-0.03966432064771652,,,
8,21974,-0.06589912623167038,,,
8,21979,-0.04684082046151161,,,
8,21984,-0.045188769698143005,,,
8,21989,-0.04898349195718765,,,
8,21994,-0.034057747572660446,,,
8,21999,-0.03576097637414932,,,
8,22004,-0.03979005664587021,,,
8,22009,-0.046853311359882355,,,
8,22014,-0.05584251880645752,,,
8,22019,-0.039089471101760864,,,
8,22024,-0.04170072823762894,,,
8,22029,-0.05197467654943466,,,
8,22034,-0.04413607716560364,,,
8,22039,-0.01778682880103588,,,
8,22044,-0.0525318905711174,,,
8,22049,-0.049242012202739716,,,
8,22054,-0.06042763963341713,,,
8,22059,-0.06361384689807892,,,
8,22064,-0.04861321300268173,,,
8,22069,-0.0526902973651886,,,
8,22074,-0.034592173993587494,,,
8,22079,-0.04632130265235901,,,
8,22084,-0.026623688638210297,,,
8,22089,-0.02038927748799324,,,
8,22094,-0.04697977751493454,,,
8,22099,-0.05470952391624451,,,
8,22104,-0.04190661758184433,,,
8,22109,-0.044268649071455,,,
8,22114,-0.05744529515504837,,,
8,22119,-0.0600084587931633,,,
8,22124,-0.0393109992146492,,,
8,22129,-0.03190722316503525,,,
8,22134,-0.019486824050545692,,,
8,22139,-0.02623000741004944,,,
8,22144,-0.05689283460378647,,,
8,22149,-0.0593910738825798,,,
8,22154,-0.06410184502601624,,,
8,22159,-0.05808969587087631,,,
8,22164,-0.04429422318935394,,,
8,22169,-0.044423021376132965,,,
8,22174,-0.04935985803604126,,,
8,22179,-0.054546717554330826,,,
8,22184,-0.04581528902053833,,,
8,22189,-0.03881443291902542,,,
8,22194,-0.03708244115114212,,,
8,22199,-0.0441795215010643,,,
8,22204,-0.05562968552112579,,,
8,22209,-0.07462675124406815,,,
8,22214,-0.039311666041612625,,,
8,22219,-0.04326184093952179,,,
8,22224,-0.050352051854133606,,,
8,22229,-0.04254785180091858,,,
8,22234,-0.05420761927962303,,,
8,22239,-0.04148238152265549,,,
8,22244,-0.03571109101176262,,,
8,22249,-0.024834608659148216,,,
8,22254,-0.06175492703914642,,,
8,22259,-0.03418271988630295,,,
8,22264,-0.07444841414690018,,,
8,22269,-0.03160058706998825,,,
8,22274,-0.05227097123861313,,,
8,22279,-0.05756448209285736,,,
8,22284,-0.038371291011571884,,,
8,22289,-0.04890312999486923,,,
8,22294,-0.037612434476614,,,
8,22299,-0.034408602863550186,,,
8,22304,-0.061442725360393524,,,
8,22309,-0.04409461468458176,,,
8,22314,-0.05325942859053612,,,
8,22319,-0.035657092928886414,,,
8,22324,-0.04012371972203255,,,
8,22329,-0.05132704973220825,,,
8,22334,-0.036987848579883575,,,
8,22339,-0.057928308844566345,,,
8,22344,-0.04790671169757843,,,
8,22349,-0.04064485430717468,,,
8,22354,-0.057184964418411255,,,
8,22359,-0.04919404536485672,,,
8,22364,-0.026971135288476944,,,
8,22369,-0.06741982698440552,,,
8,22374,-0.07398615777492523,,,
8,22379,-0.053328223526477814,,,
8,22384,-0.030548255890607834,,,
8,22389,-0.037703078240156174,,,
8,22394,-0.03663574904203415,,,
8,22399,-0.06163032352924347,,,
8,22404,-0.06185030937194824,,,
8,22409,-0.05657105892896652,,,
8,22414,-0.06513488292694092,,,
8,22419,-0.04175040125846863,,,
8,22424,-0.03779828920960426,,,
8,22429,-0.05628475174307823,,,
8,22434,-0.04217427968978882,,,
8,22439,-0.030701182782649994,,,
8,22444,-0.05027492716908455,,,
8,22449,-0.05138504505157471,,,
8,22454,-0.04717324674129486,,,
8,22459,-0.061938658356666565,,,
8,22464,-0.05779705196619034,,,
8,22469,-0.027634309604763985,,,
8,22474,-0.06745599210262299,,,
8,22479,-0.06435909122228622,,,
8,22484,-0.057073451578617096,,,
8,22489,-0.02184430882334709,,,
8,22494,-0.02959803305566311,,,
8,22499,-0.05307894945144653,,,
8,22499,,-0.03864641860127449,0.3513999879360199,0.6574192047119141
9,22504,-0.052410610020160675,,,
9,22509,-0.03632047027349472,,,
9,22514,-0.04411875456571579,,,
9,22519,-0.02022678405046463,,,
9,22524,-0.05103621631860733,,,
9,22529,-0.043168939650058746,,,
9,22534,-0.03978030011057854,,,
9,22539,-0.04879391938447952,,,
9,22544,-0.030572758987545967,,,
9,22549,-0.05793928727507591,,,
9,22554,-0.04488443583250046,,,
9,22559,-0.03554209694266319,,,
9,22564,-0.04470742493867874,,,
9,22569,-0.047620464116334915,,,
9,22574,-0.03681263327598572,,,
9,22579,-0.05131295323371887,,,
9,22584,-0.04523049294948578,,,
9,22589,-0.028359049931168556,,,
9,22594,-0.061273135244846344,,,
9,22599,-0.04827063903212547,,,
9,22604,-0.04463081806898117,,,
9,22609,-0.04404173418879509,,,
9,22614,-0.06675711274147034,,,
9,22619,-0.05581892654299736,,,
9,22624,-0.0312296561896801,,,
9,22629,-0.03592570498585701,,,
9,22634,-0.045550864189863205,,,
9,22639,-0.041586656123399734,,,
9,22644,-0.05219773203134537,,,
9,22649,-0.0585993193089962,,,
9,22654,-0.044253792613744736,,,
9,22659,-0.05523185431957245,,,
9,22664,-0.028467923402786255,,,
9,22669,-0.025075538083910942,,,
9,22674,-0.0188201442360878,,,
9,22679,-0.059004876762628555,,,
9,22684,-0.02452121675014496,,,
9,22689,-0.058308087289333344,,,
9,22694,-0.02956875041127205,,,
9,22699,-0.04483167082071304,,,
9,22704,-0.04615318030118942,,,
9,22709,-0.054119400680065155,,,
9,22714,-0.04247661679983139,,,
9,22719,-0.038381777703762054,,,
9,22724,-0.04535173624753952,,,
9,22729,-0.025320418179035187,,,
9,22734,-0.04539322853088379,,,
9,22739,-0.0474616102874279,,,
9,22744,-0.046005189418792725,,,
9,22749,-0.029673922806978226,,,
9,22754,-0.060459814965724945,,,
9,22759,-0.035709448158741,,,
9,22764,-0.04239986836910248,,,
9,22769,-0.034072473645210266,,,
9,22774,-0.03799447417259216,,,
9,22779,-0.051590047776699066,,,
9,22784,-0.03222813457250595,,,
9,22789,-0.042802609503269196,,,
9,22794,-0.013901362195611,,,
9,22799,-0.055514104664325714,,,
9,22804,-0.01248905248939991,,,
9,22809,-0.047497913241386414,,,
9,22814,-0.04536009207367897,,,
9,22819,-0.035445693880319595,,,
9,22824,-0.04668990895152092,,,
9,22829,-0.044041164219379425,,,
9,22834,-0.051923952996730804,,,
9,22839,-0.03417377918958664,,,
9,22844,-0.03434368222951889,,,
9,22849,-0.04641653597354889,,,
9,22854,-0.048623282462358475,,,
9,22859,-0.05303315073251724,,,
9,22864,-0.04281492158770561,,,
9,22869,-0.033323973417282104,,,
9,22874,-0.056059084832668304,,,
9,22879,-0.0283666905015707,,,
9,22884,-0.04784493148326874,,,
9,22889,-0.06663905084133148,,,
9,22894,-0.03849877044558525,,,
9,22899,-0.03352745994925499,,,
9,22904,-0.07620131224393845,,,
9,22909,-0.04657432436943054,,,
9,22914,0.0019725318998098373,,,
9,22919,-0.051429443061351776,,,
9,22924,-0.04811112582683563,,,
9,22929,-0.013073286041617393,,,
9,22934,-0.055545322597026825,,,
9,22939,-0.03245493397116661,,,
9,22944,-0.03255102410912514,,,
9,22949,-0.0616825632750988,,,
9,22954,-0.05118315666913986,,,
9,22959,-0.052483830600976944,,,
9,22964,-0.058640286326408386,,,
9,22969,-0.04800724983215332,,,
9,22974,-0.04062783345580101,,,
9,22979,-0.04832109436392784,,,
9,22984,-0.008399680256843567,,,
9,22989,-0.044210974127054214,,,
9,22994,-0.03419160470366478,,,
9,22999,-0.03334752097725868,,,
9,23004,-0.03564158082008362,,,
9,23009,-0.04583749175071716,,,
9,23014,-0.026329942047595978,,,
9,23019,-0.04825367033481598,,,
9,23024,-0.03218545764684677,,,
9,23029,-0.05341031402349472,,,
9,23034,-0.03862354904413223,,,
9,23039,-0.05310710147023201,,,
9,23044,-0.0303385891020298,,,
9,23049,-0.017421245574951172,,,
9,23054,-0.051676731556653976,,,
9,23059,-0.03599841892719269,,,
9,23064,-0.045481592416763306,,,
9,23069,-0.03443726897239685,,,
9,23074,-0.047264620661735535,,,
9,23079,-0.03698604553937912,,,
9,23084,-0.05865570157766342,,,
9,23089,-0.05660339444875717,,,
9,23094,-0.06177733093500137,,,
9,23099,-0.03264928609132767,,,
9,23104,-0.044539351016283035,,,
9,23109,-0.03510667011141777,,,
9,23114,-0.052553027868270874,,,
9,23119,-0.05209098011255264,,,
9,23124,-0.03521401435136795,,,
9,23129,-0.029660534113645554,,,
9,23134,-0.03608003258705139,,,
9,23139,-0.04970071464776993,,,
9,23144,-0.02866145595908165,,,
9,23149,-0.06930331140756607,,,
9,23154,-0.04627053439617157,,,
9,23159,-0.05264543741941452,,,
9,23164,-0.04520992562174797,,,
9,23169,-0.04970794543623924,,,
9,23174,-0.05601777881383896,,,
9,23179,-0.03628546744585037,,,
9,23184,-0.058358483016490936,,,
9,23189,-0.06153111159801483,,,
9,23194,-0.04621220380067825,,,
9,23199,-0.02244241163134575,,,
9,23204,-0.05826053395867348,,,
9,23209,-0.018402647227048874,,,
9,23214,-0.04862067848443985,,,
9,23219,-0.024274185299873352,,,
9,23224,-0.029076332226395607,,,
9,23229,-0.04140353947877884,,,
9,23234,-0.03433879464864731,,,
9,23239,-0.05941629409790039,,,
9,23244,-0.024085093289613724,,,
9,23249,-0.02995031327009201,,,
9,23254,-0.04275386035442352,,,
9,23259,-0.04346909746527672,,,
9,23264,0.0005769785493612289,,,
9,23269,-0.04514560103416443,,,
9,23274,-0.040624652057886124,,,
9,23279,-0.057671938091516495,,,
9,23284,-0.05853427201509476,,,
9,23289,-0.001682736910879612,,,
9,23294,-0.04765062779188156,,,
9,23299,-0.05518249049782753,,,
9,23304,-0.04392212629318237,,,
9,23309,-0.046461835503578186,,,
9,23314,-0.06454738229513168,,,
9,23319,-0.046539317816495895,,,
9,23324,-0.033243220299482346,,,
9,23329,-0.04534103721380234,,,
9,23334,-0.06720392405986786,,,
9,23339,-0.043887630105018616,,,
9,23344,-0.02517988719046116,,,
9,23349,-0.045207470655441284,,,
9,23354,-0.031343258917331696,,,
9,23359,-0.06322447955608368,,,
9,23364,-0.03546249493956566,,,
9,23369,-0.050893060863018036,,,
9,23374,-0.062195271253585815,,,
9,23379,-0.03511051461100578,,,
9,23384,-0.04425611346960068,,,
9,23389,-0.03141405060887337,,,
9,23394,-0.04895627498626709,,,
9,23399,-0.05319850519299507,,,
9,23404,-0.06547274440526962,,,
9,23409,-0.07022867351770401,,,
9,23414,-0.028589047491550446,,,
9,23419,-0.045612506568431854,,,
9,23424,-0.034616388380527496,,,
9,23429,-0.05743074417114258,,,
9,23434,-0.04974440857768059,,,
9,23439,-0.03781694546341896,,,
9,23444,-0.05640507489442825,,,
9,23449,-0.039973627775907516,,,
9,23454,-0.053890615701675415,,,
9,23459,-0.05892544984817505,,,
9,23464,-0.041260115802288055,,,
9,23469,-0.043511442840099335,,,
9,23474,-0.05105448514223099,,,
9,23479,-0.036572158336639404,,,
9,23484,-0.02483091503381729,,,
9,23489,-0.03886949270963669,,,
9,23494,-0.05617456138134003,,,
9,23499,-0.06573360413312912,,,
9,23504,-0.05077998340129852,,,
9,23509,-0.033463697880506516,,,
9,23514,-0.03517834097146988,,,
9,23519,-0.01626032590866089,,,
9,23524,-0.02775878831744194,,,
9,23529,-0.05613790825009346,,,
9,23534,-0.05302513763308525,,,
9,23539,-0.047022558748722076,,,
9,23544,-0.07096414268016815,,,
9,23549,-0.07286462932825089,,,
9,23554,-0.02193787321448326,,,
9,23559,-0.04320812225341797,,,
9,23564,-0.031716037541627884,,,
9,23569,-0.042782582342624664,,,
9,23574,-0.04100985825061798,,,
9,23579,-0.06679677218198776,,,
9,23584,-0.0353245884180069,,,
9,23589,-0.05555429309606552,,,
9,23594,-0.05277103930711746,,,
9,23599,-0.060512643307447433,,,
9,23604,-0.05403115600347519,,,
9,23609,-0.03793644905090332,,,
9,23614,-0.05100518465042114,,,
9,23619,-0.07030674815177917,,,
9,23624,-0.05590180307626724,,,
9,23629,-0.056441210210323334,,,
9,23634,-0.05242931842803955,,,
9,23639,-0.02605832926928997,,,
9,23644,-0.033745069056749344,,,
9,23649,-0.055415380746126175,,,
9,23654,-0.051779940724372864,,,
9,23659,-0.05433715879917145,,,
9,23664,-0.054984867572784424,,,
9,23669,-0.07576560974121094,,,
9,23674,-0.04053594544529915,,,
9,23679,-0.06820230931043625,,,
9,23684,-0.03904994949698448,,,
9,23689,-0.05043575540184975,,,
9,23694,-0.030510369688272476,,,
9,23699,-0.026537280529737473,,,
9,23704,-0.05261952802538872,,,
9,23709,-0.057121433317661285,,,
9,23714,-0.02875574678182602,,,
9,23719,-0.01785912737250328,,,
9,23724,-0.06166980415582657,,,
9,23729,-0.05104780197143555,,,
9,23734,-0.02648910880088806,,,
9,23739,-0.022749897092580795,,,
9,23744,-0.04195176064968109,,,
9,23749,-0.014048799872398376,,,
9,23754,-0.055657051503658295,,,
9,23759,-0.053588952869176865,,,
9,23764,-0.026067761704325676,,,
9,23769,-0.025287441909313202,,,
9,23774,-0.04317302256822586,,,
9,23779,-0.051194384694099426,,,
9,23784,-0.04144754260778427,,,
9,23789,-0.05246161296963692,,,
9,23794,-0.025913473218679428,,,
9,23799,-0.012773599475622177,,,
9,23804,-0.043393440544605255,,,
9,23809,-0.05925790220499039,,,
9,23814,-0.05829332023859024,,,
9,23819,-0.041681185364723206,,,
9,23824,-0.045207999646663666,,,
9,23829,-0.0698377937078476,,,
9,23834,-0.028150755912065506,,,
9,23839,-0.04371567815542221,,,
9,23844,-0.04784145951271057,,,
9,23849,-0.04842716082930565,,,
9,23854,-0.03644033148884773,,,
9,23859,-0.040604397654533386,,,
9,23864,-0.036561477929353714,,,
9,23869,-0.05611290782690048,,,
9,23874,-0.04569793492555618,,,
9,23879,-0.06494911015033722,,,
9,23884,-0.04789787530899048,,,
9,23889,-0.031141161918640137,,,
9,23894,-0.04358718544244766,,,
9,23899,-0.04951934516429901,,,
9,23904,-0.06149069219827652,,,
9,23909,-0.07100142538547516,,,
9,23914,-0.0275323037058115,,,
9,23919,-0.039281826466321945,,,
9,23924,-0.06002046912908554,,,
9,23929,-0.031025951728224754,,,
9,23934,-0.05615679919719696,,,
9,23939,-0.04580925032496452,,,
9,23944,-0.030109236016869545,,,
9,23949,-0.007316645234823227,,,
9,23954,-0.03163585811853409,,,
9,23959,-0.05419217050075531,,,
9,23964,-0.03771691024303436,,,
9,23969,-0.049855150282382965,,,
9,23974,-0.05963429808616638,,,
9,23979,-0.05294202268123627,,,
9,23984,-0.05401410534977913,,,
9,23989,-0.056868791580200195,,,
9,23994,-0.02312237024307251,,,
9,23999,-0.05710802227258682,,,
9,24004,-0.027345098555088043,,,
9,24009,-0.05695397034287453,,,
9,24014,-0.03541452810168266,,,
9,24019,-0.026201941072940826,,,
9,24024,-0.022937901318073273,,,
9,24029,-0.06116728112101555,,,
9,24034,-0.045131389051675797,,,
9,24039,-0.042849913239479065,,,
9,24044,-0.04552189260721207,,,
9,24049,-0.05864515155553818,,,
9,24054,-0.04248594492673874,,,
9,24059,-0.05595831200480461,,,
9,24064,-0.030213285237550735,,,
9,24069,-0.03280675411224365,,,
9,24074,-0.07035251706838608,,,
9,24079,-0.03610953688621521,,,
9,24084,-0.05134478956460953,,,
9,24089,-0.04412639141082764,,,
9,24094,-0.05098668485879898,,,
9,24099,-0.02743026614189148,,,
9,24104,-0.04132900759577751,,,
9,24109,-0.02864229679107666,,,
9,24114,-0.02994660846889019,,,
9,24119,-0.03426326438784599,,,
9,24124,-0.06148339807987213,,,
9,24129,-0.04512615129351616,,,
9,24134,-0.052989661693573,,,
9,24139,-0.058221183717250824,,,
9,24144,-0.022487841546535492,,,
9,24149,-0.026069333776831627,,,
9,24154,-0.05391409248113632,,,
9,24159,-0.0606846809387207,,,
9,24164,-0.05215417593717575,,,
9,24169,-0.04717550799250603,,,
9,24174,-0.05451659485697746,,,
9,24179,-0.058228325098752975,,,
9,24184,-0.05453895404934883,,,
9,24189,-0.03966863825917244,,,
9,24194,-0.040840763598680496,,,
9,24199,-0.054130055010318756,,,
9,24204,-0.043168626725673676,,,
9,24209,-0.030701715499162674,,,
9,24214,-0.050493817776441574,,,
9,24219,-0.050991274416446686,,,
9,24224,-0.06177050620317459,,,
9,24229,-0.06652367115020752,,,
9,24234,-0.024088574573397636,,,
9,24239,-0.03564617037773132,,,
9,24244,-0.041971735656261444,,,
9,24249,-0.02611676976084709,,,
9,24254,-0.052836328744888306,,,
9,24259,-0.04748210310935974,,,
9,24264,-0.0514407604932785,,,
9,24269,-0.02331988885998726,,,
9,24274,-0.047303661704063416,,,
9,24279,-0.05171700194478035,,,
9,24284,-0.033179428428411484,,,
9,24289,-0.05247335135936737,,,
9,24294,-0.015883997082710266,,,
9,24299,-0.0685921236872673,,,
9,24304,-0.04660757631063461,,,
9,24309,-0.028389107435941696,,,
9,24314,-0.032185327261686325,,,
9,24319,-0.05653032660484314,,,
9,24324,-0.04943723976612091,,,
9,24329,-0.03546014800667763,,,
9,24334,-0.04381195455789566,,,
9,24339,-0.05488193407654762,,,
9,24344,-0.04308775067329407,,,
9,24349,-0.03630653768777847,,,
9,24354,-0.04327740892767906,,,
9,24359,-0.06699377298355103,,,
9,24364,-0.046638280153274536,,,
9,24369,-0.027584459632635117,,,
9,24374,-0.047705478966236115,,,
9,24379,-0.009314946830272675,,,
9,24384,-0.03140592202544212,,,
9,24389,-0.05394619330763817,,,
9,24394,-0.031454816460609436,,,
9,24399,-0.039064671844244,,,
9,24404,-0.05066907778382301,,,
9,24409,-0.07652603089809418,,,
9,24414,-0.04484628885984421,,,
9,24419,-0.014627322554588318,,,
9,24424,-0.06384263932704926,,,
9,24429,-0.06003639101982117,,,
9,24434,-0.031077466905117035,,,
9,24439,-0.04832766205072403,,,
9,24444,-0.03629142791032791,,,
9,24449,-0.04998483508825302,,,
9,24454,-0.04700493440032005,,,
9,24459,-0.03503115475177765,,,
9,24464,-0.02736474759876728,,,
9,24469,-0.030520543456077576,,,
9,24474,-0.04037381708621979,,,
9,24479,-0.03150520473718643,,,
9,24484,-0.06076296418905258,,,
9,24489,-0.06223701685667038,,,
9,24494,-0.05016167461872101,,,
9,24499,-0.041169360280036926,,,
9,24504,-0.05675230920314789,,,
9,24509,-0.04786420613527298,,,
9,24514,-0.028297755867242813,,,
9,24519,-0.047658778727054596,,,
9,24524,-0.042228277772665024,,,
9,24529,-0.05511809140443802,,,
9,24534,-0.04261474311351776,,,
9,24539,-0.049667105078697205,,,
9,24544,-0.054043129086494446,,,
9,24549,-0.045431554317474365,,,
9,24554,-0.041986607015132904,,,
9,24559,-0.028154877945780754,,,
9,24564,-0.0363900251686573,,,
9,24569,-0.0470968596637249,,,
9,24574,-0.044429711997509,,,
9,24579,-0.02266829088330269,,,
9,24584,-0.048324741423130035,,,
9,24589,-0.015075942501425743,,,
9,24594,-0.03556603938341141,,,
9,24599,-0.05227721482515335,,,
9,24604,-0.057744838297367096,,,
9,24609,-0.04480971395969391,,,
9,24614,-0.061868805438280106,,,
9,24619,-0.04474906995892525,,,
9,24624,-0.02241550013422966,,,
9,24629,-0.029276786372065544,,,
9,24634,-0.026911139488220215,,,
9,24639,-0.030473463237285614,,,
9,24644,-0.06124090030789375,,,
9,24649,-0.03382968157529831,,,
9,24654,-0.04686811566352844,,,
9,24659,-0.05636546015739441,,,
9,24664,-0.047954827547073364,,,
9,24669,-0.0383898988366127,,,
9,24674,-0.010260088369250298,,,
9,24679,-0.04147455096244812,,,
9,24684,-0.052312083542346954,,,
9,24689,-0.055368196219205856,,,
9,24694,-0.03482775762677193,,,
9,24699,-0.056644000113010406,,,
9,24704,-0.04739639163017273,,,
9,24709,-0.03798729181289673,,,
9,24714,-0.04880768805742264,,,
9,24719,-0.05603572353720665,,,
9,24724,-0.05217275768518448,,,
9,24729,-0.022946536540985107,,,
9,24734,-0.060162320733070374,,,
9,24739,-0.050474461168050766,,,
9,24744,-0.038396600633859634,,,
9,24749,-0.05958906188607216,,,
9,24754,-0.04983504116535187,,,
9,24759,-0.02469336800277233,,,
9,24764,-0.030281050130724907,,,
9,24769,-0.033339887857437134,,,
9,24774,-0.0697583556175232,,,
9,24779,-0.07097088545560837,,,
9,24784,-0.03128089755773544,,,
9,24789,-0.06033339351415634,,,
9,24794,-0.024262620136141777,,,
9,24799,-0.05273290351033211,,,
9,24804,-0.008980363607406616,,,
9,24809,-0.05164936184883118,,,
9,24814,-0.04682581499218941,,,
9,24819,-0.047355905175209045,,,
9,24824,-0.06377779692411423,,,
9,24829,-0.03743898123502731,,,
9,24834,-0.06286463141441345,,,
9,24839,-0.04229976236820221,,,
9,24844,-0.04810349643230438,,,
9,24849,-0.03501501679420471,,,
9,24854,-0.054226383566856384,,,
9,24859,-0.039556555449962616,,,
9,24864,-0.03679214417934418,,,
9,24869,-0.05973193049430847,,,
9,24874,-0.00830047857016325,,,
9,24879,-0.05337908864021301,,,
9,24884,-0.03393357992172241,,,
9,24889,-0.04609423875808716,,,
9,24894,-0.03654218465089798,,,
9,24899,-0.049123477190732956,,,
9,24904,-0.051619887351989746,,,
9,24909,-0.05993526056408882,,,
9,24914,-0.06155763939023018,,,
9,24919,-0.060555554926395416,,,
9,24924,-0.04191404581069946,,,
9,24929,-0.05184445530176163,,,
9,24934,-0.01591401733458042,,,
9,24939,-0.05769071355462074,,,
9,24944,-0.02936040237545967,,,
9,24949,-0.03268762305378914,,,
9,24954,-0.04359474405646324,,,
9,24959,-0.06027660146355629,,,
9,24964,-0.029474150389432907,,,
9,24969,-0.05427137762308121,,,
9,24974,-0.05695612356066704,,,
9,24979,-0.03937801718711853,,,
9,24984,-0.050820786505937576,,,
9,24989,-0.03990708664059639,,,
9,24994,-0.027493786066770554,,,
9,24999,-0.0643385797739029,,,
9,24999,,-0.04644398018717766,0.3212999999523163,0.6204031109809875
10,25004,-0.06192779541015625,,,
10,25009,-0.05138625577092171,,,
10,25014,-0.0466650128364563,,,
10,25019,-0.030359482392668724,,,
10,25024,-0.022250492125749588,,,
10,25029,-0.03196777030825615,,,
10,25034,-0.050299547612667084,,,
10,25039,-0.04350603371858597,,,
10,25044,-0.027046309784054756,,,
10,25049,-0.046526551246643066,,,
10,25054,-0.03226516395807266,,,
10,25059,-0.04703538864850998,,,
10,25064,-0.0371188223361969,,,
10,25069,-0.02885030396282673,,,
10,25074,-0.027957182377576828,,,
10,25079,-0.049091726541519165,,,
10,25084,-0.038137972354888916,,,
10,25089,-0.0632958710193634,,,
10,25094,-0.04057818651199341,,,
10,25099,-0.0427398644387722,,,
10,25104,-0.045494742691516876,,,
10,25109,-0.02961292304098606,,,
10,25114,-0.013035657815635204,,,
10,25119,-0.04094388708472252,,,
10,25124,-0.041432783007621765,,,
10,25129,-0.032442886382341385,,,
10,25134,-0.04674124717712402,,,
10,25139,-0.03653467074036598,,,
10,25144,-0.048597823828458786,,,
10,25149,-0.032275620847940445,,,
10,25154,-0.047021955251693726,,,
10,25159,-0.045426465570926666,,,
10,25164,-0.038217756897211075,,,
10,25169,-0.03924870491027832,,,
10,25174,-0.06014098972082138,,,
10,25179,-0.02731192111968994,,,
10,25184,-0.03290804848074913,,,
10,25189,-0.050652556121349335,,,
10,25194,-0.054743751883506775,,,
10,25199,-0.03953124210238457,,,
10,25204,-0.03694206476211548,,,
10,25209,-0.04888550192117691,,,
10,25214,-0.0536431185901165,,,
10,25219,-0.0385265052318573,,,
10,25224,-0.03927258402109146,,,
10,25229,-0.05371129512786865,,,
10,25234,-0.048048246651887894,,,
10,25239,-0.060282427817583084,,,
10,25244,-0.051173530519008636,,,
10,25249,-0.029972778633236885,,,
10,25254,-0.03890916705131531,,,
10,25259,-0.04821590334177017,,,
10,25264,-0.046121902763843536,,,
10,25269,-0.043086666613817215,,,
10,25274,-0.00214175321161747,,,
10,25279,-0.059400156140327454,,,
10,25284,-0.0504082515835762,,,
10,25289,-0.045690976083278656,,,
10,25294,-0.05297234281897545,,,
10,25299,-0.06383973360061646,,,
10,25304,-0.028099311515688896,,,
10,25309,-0.04703246057033539,,,
10,25314,-0.05607331171631813,,,
10,25319,-0.049683041870594025,,,
10,25324,-0.03994813933968544,,,
10,25329,-0.05439499020576477,,,
10,25334,-0.0489283949136734,,,
10,25339,-0.035703882575035095,,,
10,25344,-0.04908793419599533,,,
10,25349,-0.043602727353572845,,,
10,25354,-0.04816148430109024,,,
10,25359,-0.04330885037779808,,,
10,25364,-0.0438997820019722,,,
10,25369,-0.03980996459722519,,,
10,25374,-0.04756041616201401,,,
10,25379,-0.04020998626947403,,,
10,25384,-0.020643144845962524,,,
10,25389,-0.04247400164604187,,,
10,25394,-0.04353445768356323,,,
10,25399,-0.049542978405952454,,,
10,25404,-0.0614016093313694,,,
10,25409,-0.012311714701354504,,,
10,25414,-0.0475931391119957,,,
10,25419,-0.035606060177087784,,,
10,25424,-0.047822028398513794,,,
10,25429,-0.016772061586380005,,,
10,25434,-0.037231966853141785,,,
10,25439,-0.047414734959602356,,,
10,25444,-0.038374342024326324,,,
10,25449,-0.04006921499967575,,,
10,25454,-0.04075012356042862,,,
10,25459,-0.053796470165252686,,,
10,25464,-0.06242737919092178,,,
10,25469,-0.053735703229904175,,,
10,25474,-0.041146911680698395,,,
10,25479,-0.01822507381439209,,,
10,25484,-0.024521853774785995,,,
10,25489,-0.05017668008804321,,,
10,25494,-0.02422444522380829,,,
10,25499,-0.022199489176273346,,,
10,25504,-0.053581587970256805,,,
10,25509,-0.029558055102825165,,,
10,25514,-0.01683802902698517,,,
10,25519,-0.04140954092144966,,,
10,25524,-0.023617293685674667,,,
10,25529,-0.03593756631016731,,,
10,25534,-0.04739135876297951,,,
10,25539,-0.046730488538742065,,,
10,25544,-0.04017740860581398,,,
10,25549,-0.056833453476428986,,,
10,25554,-0.043413080275058746,,,
10,25559,-0.03037867695093155,,,
10,25564,-0.07622429728507996,,,
10,25569,-0.0704706460237503,,,
10,25574,-0.03752792626619339,,,
10,25579,-0.04783686250448227,,,
10,25584,-0.06297869980335236,,,
10,25589,-0.024248337373137474,,,
10,25594,-0.03970444202423096,,,
10,25599,-0.02324722707271576,,,
10,25604,-0.04674014821648598,,,
10,25609,-0.06090926006436348,,,
10,25614,-0.03751792758703232,,,
10,25619,-0.03727618604898453,,,
10,25624,-0.062198903411626816,,,
10,25629,-0.04484270513057709,,,
10,25634,-0.04584955424070358,,,
10,25639,-0.03823152929544449,,,
10,25644,-0.029772989451885223,,,
10,25649,-0.03679937869310379,,,
10,25654,-0.045387595891952515,,,
10,25659,-0.040281280875205994,,,
10,25664,-0.04776377230882645,,,
10,25669,-0.044511161744594574,,,
10,25674,-0.03865177556872368,,,
10,25679,-0.06348305195569992,,,
10,25684,-0.05954694002866745,,,
10,25689,-0.04937730357050896,,,
10,25694,-0.05192948877811432,,,
10,25699,-0.05097751319408417,,,
10,25704,-0.0508493073284626,,,
10,25709,-0.041160520166158676,,,
10,25714,-0.053962867707014084,,,
10,25719,-0.030522499233484268,,,
10,25724,-0.05109023302793503,,,
10,25729,-0.029932986944913864,,,
10,25734,-0.03074008971452713,,,
10,25739,-0.036515578627586365,,,
10,25744,-0.054783985018730164,,,
10,25749,-0.05191531777381897,,,
10,25754,-0.051476575434207916,,,
10,25759,-0.03690759465098381,,,
10,25764,-0.038967013359069824,,,
10,25769,-0.036041099578142166,,,
10,25774,-0.051556847989559174,,,
10,25779,-0.03955674543976784,,,
10,25784,-0.0565391480922699,,,
10,25789,-0.027910131961107254,,,
10,25794,-0.04954935610294342,,,
10,25799,-0.047892894595861435,,,
10,25804,-0.01730423793196678,,,
10,25809,-0.054219670593738556,,,
10,25814,-0.04758014529943466,,,
10,25819,-0.03639138489961624,,,
10,25824,-0.05098411440849304,,,
10,25829,-0.06521265208721161,,,
10,25834,-0.055311962962150574,,,
10,25839,-0.07194443792104721,,,
10,25844,-0.0421316996216774,,,
10,25849,-0.029636548832058907,,,
10,25854,0.001809312030673027,,,
10,25859,-0.04893089830875397,,,
10,25864,-0.04496665298938751,,,
10,25869,-0.040780819952487946,,,
10,25874,-0.035493023693561554,,,
10,25879,-0.03886779025197029,,,
10,25884,-0.04662948101758957,,,
10,25889,-0.021513864398002625,,,
10,25894,-0.04998064786195755,,,
10,25899,-0.009052596986293793,,,
10,25904,-0.027215253561735153,,,
10,25909,-0.027616245672106743,,,
10,25914,-0.06446437537670135,,,
10,25919,-0.047883279621601105,,,
10,25924,-0.061441339552402496,,,
10,25929,-0.06120256334543228,,,
10,25934,-0.049142025411129,,,
10,25939,-0.03569461405277252,,,
10,25944,-0.05320975184440613,,,
10,25949,-0.0568343885242939,,,
10,25954,-0.04933586344122887,,,
10,25959,-0.056526780128479004,,,
10,25964,-0.03566756099462509,,,
10,25969,-0.04081723839044571,,,
10,25974,-0.05528950318694115,,,
10,25979,-0.0586550235748291,,,
10,25984,-0.04464408755302429,,,
10,25989,-0.04652527719736099,,,
10,25994,-0.03701026737689972,,,
10,25999,-0.03216680884361267,,,
10,26004,-0.05269172787666321,,,
10,26009,-0.04261990636587143,,,
10,26014,-0.024691224098205566,,,
10,26019,-0.06483734399080276,,,
10,26024,-0.04445740208029747,,,
10,26029,-0.05528179556131363,,,
10,26034,-0.04986660182476044,,,
10,26039,-0.039991963654756546,,,
10,26044,-0.054305221885442734,,,
10,26049,-0.01996830850839615,,,
10,26054,-0.041649121791124344,,,
10,26059,-0.03818409889936447,,,
10,26064,-0.04050132632255554,,,
10,26069,-0.022086745128035545,,,
10,26074,-0.06076299026608467,,,
10,26079,-0.02083006501197815,,,
10,26084,-0.027195293456315994,,,
10,26089,-0.05184203013777733,,,
10,26094,-0.052178509533405304,,,
10,26099,-0.0410863533616066,,,
10,26104,-0.04224448651075363,,,
10,26109,-0.04620831459760666,,,
10,26114,-0.061207789927721024,,,
10,26119,-0.027667485177516937,,,
10,26124,-0.044893477112054825,,,
10,26129,-0.04416605085134506,,,
10,26134,-0.060961004346609116,,,
10,26139,-0.05089959502220154,,,
10,26144,-0.05914029851555824,,,
10,26149,-0.04920332506299019,,,
10,26154,-0.058435529470443726,,,
10,26159,-0.03939438611268997,,,
10,26164,-0.043785180896520615,,,
10,26169,-0.054460857063531876,,,
10,26174,-0.05743936449289322,,,
10,26179,-0.05207991972565651,,,
10,26184,-0.03823993355035782,,,
10,26189,-0.027254462242126465,,,
10,26194,-0.04501672089099884,,,
10,26199,-0.065012626349926,,,
10,26204,-0.047892868518829346,,,
10,26209,-0.05803735926747322,,,
10,26214,-0.04351983219385147,,,
10,26219,-0.055173203349113464,,,
10,26224,-0.02513914369046688,,,
10,26229,-0.03934837132692337,,,
10,26234,-0.029804887250065804,,,
10,26239,-0.05354778841137886,,,
10,26244,-0.0710114911198616,,,
10,26249,-0.041671328246593475,,,
10,26254,-0.04831262677907944,,,
10,26259,-0.04640291631221771,,,
10,26264,-0.05855657160282135,,,
10,26269,-0.05770629271864891,,,
10,26274,-0.04770048335194588,,,
10,26279,-0.044560112059116364,,,
10,26284,-0.030187401920557022,,,
10,26289,-0.045095838606357574,,,
10,26294,-0.048469360917806625,,,
10,26299,-0.04910844564437866,,,
10,26304,-0.04716357961297035,,,
10,26309,-0.055681295692920685,,,
10,26314,-0.0343547984957695,,,
10,26319,-0.04361937940120697,,,
10,26324,-0.044231537729501724,,,
10,26329,-0.04584220051765442,,,
10,26334,-0.051881562918424606,,,
10,26339,-0.045674800872802734,,,
10,26344,-0.015292782336473465,,,
10,26349,-0.05644570291042328,,,
10,26354,-0.05928802862763405,,,
10,26359,-0.0252595916390419,,,
10,26364,-0.03645135834813118,,,
10,26369,-0.040631189942359924,,,
10,26374,-0.04151216894388199,,,
10,26379,-0.036112502217292786,,,
10,26384,-0.0244789719581604,,,
10,26389,-0.042829275131225586,,,
10,26394,-0.048027049750089645,,,
10,26399,-0.040624216198921204,,,
10,26404,-0.06508144736289978,,,
10,26409,-0.03827178478240967,,,
10,26414,-0.03970891982316971,,,
10,26419,-0.03089068830013275,,,
10,26424,-0.023085637018084526,,,
10,26429,-0.03293262794613838,,,
10,26434,-0.06935038417577744,,,
10,26439,-0.04250915348529816,,,
10,26444,-0.037466712296009064,,,
10,26449,-0.05535195395350456,,,
10,26454,-0.0633104220032692,,,
10,26459,-0.03344980254769325,,,
10,26464,-0.04636796563863754,,,
10,26469,-0.055929552763700485,,,
10,26474,-0.02212364226579666,,,
10,26479,-0.04776223748922348,,,
10,26484,-0.07398428022861481,,,
10,26489,-0.04586641490459442,,,
10,26494,-0.04420013725757599,,,
10,26499,-0.04209061712026596,,,
10,26504,-0.040830545127391815,,,
10,26509,-0.04957283288240433,,,
10,26514,-0.050553496927022934,,,
10,26519,-0.03203367069363594,,,
10,26524,-0.017955906689167023,,,
10,26529,-0.024208486080169678,,,
10,26534,-0.02257554791867733,,,
10,26539,-0.054398126900196075,,,
10,26544,-0.03498264402151108,,,
10,26549,-0.052767083048820496,,,
10,26554,-0.04501142352819443,,,
10,26559,-0.04286849871277809,,,
10,26564,-0.047504231333732605,,,
10,26569,-0.0332987904548645,,,
10,26574,-0.046270836144685745,,,
10,26579,-0.03781237453222275,,,
10,26584,-0.04605136066675186,,,
10,26589,-0.0641956552863121,,,
10,26594,-0.03675858676433563,,,
10,26599,-0.037957195192575455,,,
10,26604,-0.04028720036149025,,,
10,26609,-0.057914070785045624,,,
10,26614,-0.05911552160978317,,,
10,26619,-0.055414147675037384,,,
10,26624,-0.04017069190740585,,,
10,26629,-0.04063402861356735,,,
10,26634,-0.05037888139486313,,,
10,26639,-0.0023071132600307465,,,
10,26644,-0.029809169471263885,,,
10,26649,-0.07180018723011017,,,
10,26654,-0.048676811158657074,,,
10,26659,-0.025083057582378387,,,
10,26664,-0.04284647852182388,,,
10,26669,-0.039357516914606094,,,
10,26674,-0.035369064658880234,,,
10,26679,-0.040641993284225464,,,
10,26684,-0.05251830443739891,,,
10,26689,-0.05610547214746475,,,
10,26694,-0.05492330342531204,,,
10,26699,-0.043213412165641785,,,
10,26704,-0.055875323712825775,,,
10,26709,-0.0487191267311573,,,
10,26714,-0.060245659202337265,,,
10,26719,-0.05766613781452179,,,
10,26724,-0.03416649252176285,,,
10,26729,-0.04317596182227135,,,
10,26734,-0.055754341185092926,,,
10,26739,-0.009799784980714321,,,
10,26744,-0.03729843348264694,,,
10,26749,-0.05718126893043518,,,
10,26754,-0.052137698978185654,,,
10,26759,-0.04396586865186691,,,
10,26764,-0.06070984899997711,,,
10,26769,-0.05110805854201317,,,
10,26774,-0.07369501888751984,,,
10,26779,-0.05012405663728714,,,
10,26784,-0.053421102464199066,,,
10,26789,-0.022094249725341797,,,
10,26794,-0.03738437592983246,,,
10,26799,-0.05650784820318222,,,
10,26804,-0.05704846233129501,,,
10,26809,-0.06892398744821548,,,
10,26814,-0.056681908667087555,,,
10,26819,-0.05489007383584976,,,
10,26824,-0.04857398942112923,,,
10,26829,-0.059992190450429916,,,
10,26834,-0.03693665191531181,,,
10,26839,-0.03234468027949333,,,
10,26844,-0.011883680708706379,,,
10,26849,-0.06107839196920395,,,
10,26854,-0.05097636952996254,,,
10,26859,-0.04794301092624664,,,
10,26864,-0.05155067518353462,,,
10,26869,-0.056003302335739136,,,
10,26874,-0.03320971131324768,,,
10,26879,-0.04685183987021446,,,
10,26884,-0.043904758989810944,,,
10,26889,-0.04301911219954491,,,
10,26894,-0.027828987687826157,,,
10,26899,-0.026124656200408936,,,
10,26904,-0.029518581926822662,,,
10,26909,-0.035413481295108795,,,
10,26914,-0.0624980702996254,,,
10,26919,-0.06709197163581848,,,
10,26924,-0.05090084299445152,,,
10,26929,-0.030255282297730446,,,
10,26934,-0.03407018259167671,,,
10,26939,-0.044707126915454865,,,
10,26944,-0.03621497005224228,,,
10,26949,-0.028826436027884483,,,
10,26954,-0.058022432029247284,,,
10,26959,-0.07099829614162445,,,
10,26964,-0.0428592786192894,,,
10,26969,-0.04462836682796478,,,
10,26974,-0.03925587981939316,,,
10,26979,-0.04931595176458359,,,
10,26984,-0.05368710681796074,,,
10,26989,-0.019300997257232666,,,
10,26994,-0.03258075937628746,,,
10,26999,-0.05983448028564453,,,
10,27004,-0.038112230598926544,,,
10,27009,-0.05481976270675659,,,
10,27014,-0.04088642820715904,,,
10,27019,-0.03253195062279701,,,
10,27024,-0.05337878316640854,,,
10,27029,-0.07097119092941284,,,
10,27034,-0.027129966765642166,,,
10,27039,-0.06063305214047432,,,
10,27044,-0.05506729707121849,,,
10,27049,-0.04274189472198486,,,
10,27054,-0.020860832184553146,,,
10,27059,-0.00640194583684206,,,
10,27064,-0.05103900283575058,,,
10,27069,-0.038177378475666046,,,
10,27074,-0.021614549681544304,,,
10,27079,-0.042119815945625305,,,
10,27084,-0.02572372555732727,,,
10,27089,-0.05739285796880722,,,
10,27094,-0.052565768361091614,,,
10,27099,-0.02653473988175392,,,
10,27104,-0.039072435349226,,,
10,27109,-0.014578110538423061,,,
10,27114,-0.06378823518753052,,,
10,27119,-0.05758874490857124,,,
10,27124,-0.05861524119973183,,,
10,27129,-0.02601519785821438,,,
10,27134,-0.025698203593492508,,,
10,27139,-0.047005683183670044,,,
10,27144,-0.039463937282562256,,,
10,27149,-0.05229843407869339,,,
10,27154,-0.05444313585758209,,,
10,27159,-0.051946088671684265,,,
10,27164,-0.03715554624795914,,,
10,27169,-0.04766450077295303,,,
10,27174,-0.04559168964624405,,,
10,27179,-0.032455768436193466,,,
10,27184,-0.024741197004914284,,,
10,27189,-0.04688060283660889,,,
10,27194,-0.03392104431986809,,,
10,27199,-0.03709856793284416,,,
10,27204,-0.0475405678153038,,,
10,27209,-0.053415171802043915,,,
10,27214,-0.04187116026878357,,,
10,27219,-0.0456579253077507,,,
10,27224,-0.05188491567969322,,,
10,27229,-0.04751719534397125,,,
10,27234,-0.035203322768211365,,,
10,27239,-0.03880965709686279,,,
10,27244,-0.035632550716400146,,,
10,27249,-0.0536448210477829,,,
10,27254,-0.013275639154016972,,,
10,27259,-0.022648537531495094,,,
10,27264,-0.06761382520198822,,,
10,27269,-0.04580945894122124,,,
10,27274,-0.06309941411018372,,,
10,27279,-0.054669417440891266,,,
10,27284,-0.04165707528591156,,,
10,27289,-0.05967509746551514,,,
10,27294,-0.059574149549007416,,,
10,27299,-0.04295635223388672,,,
10,27304,-0.038263123482465744,,,
10,27309,-0.05083903297781944,,,
10,27314,-0.0456433929502964,,,
10,27319,-0.04044081270694733,,,
10,27324,-0.04667391628026962,,,
10,27329,-0.04383179545402527,,,
10,27334,-0.06099270284175873,,,
10,27339,-0.04649198800325394,,,
10,27344,-0.06432808935642242,,,
10,27349,-0.044991448521614075,,,
10,27354,-0.06543806940317154,,,
10,27359,-0.03849276900291443,,,
10,27364,-0.04863908141851425,,,
10,27369,-0.04473310708999634,,,
10,27374,-0.05372755229473114,,,
10,27379,-0.04843049496412277,,,
10,27384,-0.0560116246342659,,,
10,27389,-0.04189154505729675,,,
10,27394,-0.048993442207574844,,,
10,27399,-0.032805465161800385,,,
10,27404,-0.03419919312000275,,,
10,27409,-0.053202688694000244,,,
10,27414,-0.03650159761309624,,,
10,27419,-0.0655749961733818,,,
10,27424,-0.027930770069360733,,,
10,27429,-0.04569309949874878,,,
10,27434,-0.0464145764708519,,,
10,27439,-0.047377411276102066,,,
10,27444,-0.06536996364593506,,,
10,27449,-0.044492900371551514,,,
10,27454,-0.04762989655137062,,,
10,27459,-0.03993947058916092,,,
10,27464,-0.028632959350943565,,,
10,27469,-0.055737029761075974,,,
10,27474,-0.0451006144285202,,,
10,27479,-0.03950374573469162,,,
10,27484,-0.04867580160498619,,,
10,27489,-0.026031609624624252,,,
10,27494,-0.04071702063083649,,,
10,27499,-0.04759436845779419,,,
10,27499,,-0.03715740144252777,0.31299999356269836,0.6169278621673584
11,27504,-0.04078012704849243,,,
11,27509,-0.04652445390820503,,,
11,27514,-0.02950621210038662,,,
11,27519,-0.04328471049666405,,,
11,27524,-0.05303553491830826,,,
11,27529,-0.05742408335208893,,,
11,27534,-0.051366209983825684,,,
11,27539,-0.025260359048843384,,,
11,27544,-0.044468048959970474,,,
11,27549,-0.05950489267706871,,,
11,27554,-0.056427061557769775,,,
11,27559,-0.04742322117090225,,,
11,27564,-0.05568255856633186,,,
11,27569,-0.05087335407733917,,,
11,27574,-0.019979583099484444,,,
11,27579,-0.049486950039863586,,,
11,27584,-0.037911634892225266,,,
11,27589,-0.062315091490745544,,,
11,27594,-0.03871096670627594,,,
11,27599,-0.05051114410161972,,,
11,27604,-0.05042625218629837,,,
11,27609,-0.055631596595048904,,,
11,27614,-0.04026108607649803,,,
11,27619,-0.04308759793639183,,,
11,27624,-0.03439044952392578,,,
11,27629,-0.033730022609233856,,,
11,27634,-0.019764630123972893,,,
11,27639,-0.028777655214071274,,,
11,27644,-0.06539613008499146,,,
11,27649,-0.024528585374355316,,,
11,27654,-0.04204677790403366,,,
11,27659,-0.039780888706445694,,,
11,27664,-0.019981881603598595,,,
11,27669,-0.04892321676015854,,,
11,27674,-0.03617240488529205,,,
11,27679,-0.033835992217063904,,,
11,27684,-0.02748902700841427,,,
11,27689,-0.05554889142513275,,,
11,27694,-0.0508965328335762,,,
11,27699,-0.029262298718094826,,,
11,27704,-0.04294390603899956,,,
11,27709,-0.057006798684597015,,,
11,27714,-0.0461759939789772,,,
11,27719,-0.050797343254089355,,,
11,27724,-0.05051476135849953,,,
11,27729,-0.060301974415779114,,,
11,27734,-0.05183298885822296,,,
11,27739,-0.0400073267519474,,,
11,27744,-0.03400363400578499,,,
11,27749,-0.05222219601273537,,,
11,27754,-0.03202607110142708,,,
11,27759,-0.047775689512491226,,,
11,27764,-0.04367507994174957,,,
11,27769,-0.03403700888156891,,,
11,27774,-0.050918083637952805,,,
11,27779,-0.04571100324392319,,,
11,27784,-0.03831629827618599,,,
11,27789,-0.025028780102729797,,,
11,27794,-0.048322249203920364,,,
11,27799,-0.04340507835149765,,,
11,27804,-0.03807218745350838,,,
11,27809,-0.06083220988512039,,,
11,27814,-0.03953400254249573,,,
11,27819,-0.04542617127299309,,,
11,27824,-0.06113419681787491,,,
11,27829,-0.051033955067396164,,,
11,27834,-0.03851746767759323,,,
11,27839,-0.04851126670837402,,,
11,27844,-0.049197010695934296,,,
11,27849,-0.06446842849254608,,,
11,27854,-0.04781197011470795,,,
11,27859,-0.05451356992125511,,,
11,27864,-0.044284842908382416,,,
11,27869,-0.05573482811450958,,,
11,27874,-0.05751428008079529,,,
11,27879,-0.03448206186294556,,,
11,27884,-0.04461080580949783,,,
11,27889,-0.022935571148991585,,,
11,27894,-0.04460921138525009,,,
11,27899,-0.06026073545217514,,,
11,27904,-0.05183570086956024,,,
11,27909,-0.054868899285793304,,,
11,27914,-0.03254919499158859,,,
11,27919,-0.04242623597383499,,,
11,27924,-0.021729081869125366,,,
11,27929,-0.0366521030664444,,,
11,27934,-0.035227324813604355,,,
11,27939,-0.05113811045885086,,,
11,27944,-0.05138424038887024,,,
11,27949,-0.031867124140262604,,,
11,27954,-0.04120241105556488,,,
11,27959,-0.0652334988117218,,,
11,27964,-0.030649375170469284,,,
11,27969,-0.03409050032496452,,,
11,27974,-0.021825287491083145,,,
11,27979,-0.05996019393205643,,,
11,27984,-0.05045638233423233,,,
11,27989,-0.061291296035051346,,,
11,27994,-0.07116208970546722,,,
11,27999,-0.04364437609910965,,,
11,28004,-0.026159489527344704,,,
11,28009,-0.05658552050590515,,,
11,28014,-0.04455704987049103,,,
11,28019,-0.04052380844950676,,,
11,28024,-0.03836993873119354,,,
11,28029,-0.07100217044353485,,,
11,28034,-0.04606446996331215,,,
11,28039,-0.05765097588300705,,,
11,28044,-0.03653654083609581,,,
11,28049,-0.02109554409980774,,,
11,28054,-0.008371450006961823,,,
11,28059,-0.045056119561195374,,,
11,28064,-0.04341147840023041,,,
11,28069,-0.04565409943461418,,,
11,28074,-0.027540072798728943,,,
11,28079,-0.05081438273191452,,,
11,28084,-0.035972364246845245,,,
11,28089,-0.05502653494477272,,,
11,28094,-0.03492778539657593,,,
11,28099,-0.053177762776613235,,,
11,28104,-0.047206632792949677,,,
11,28109,-0.05452263727784157,,,
11,28114,-0.039243392646312714,,,
11,28119,-0.03650710731744766,,,
11,28124,-0.05493103340268135,,,
11,28129,-0.048487067222595215,,,
11,28134,-0.027982141822576523,,,
11,28139,-0.042280055582523346,,,
11,28144,-0.029912512749433517,,,
11,28149,-0.05405265837907791,,,
11,28154,-0.04895038902759552,,,
11,28159,-0.013645806349813938,,,
11,28164,-0.04040650278329849,,,
11,28169,-0.04823841527104378,,,
11,28174,-0.03873138502240181,,,
11,28179,-0.05334126949310303,,,
11,28184,-0.05823945626616478,,,
11,28189,-0.049440279603004456,,,
11,28194,-0.013097918592393398,,,
11,28199,-0.04466943442821503,,,
11,28204,-0.056592442095279694,,,
11,28209,-0.026358885690569878,,,
11,28214,-0.051951900124549866,,,
11,28219,-0.026243895292282104,,,
11,28224,-0.06296662986278534,,,
11,28229,-0.04786190390586853,,,
11,28234,-0.04283042624592781,,,
11,28239,-0.015733085572719574,,,
11,28244,-0.04331563413143158,,,
11,28249,-0.040633462369441986,,,
11,28254,-0.05820884555578232,,,
11,28259,-0.04922671616077423,,,
11,28264,-0.05004940181970596,,,
11,28269,-0.02287929877638817,,,
11,28274,-0.025753792375326157,,,
11,28279,-0.038535043597221375,,,
11,28284,-0.03397892042994499,,,
11,28289,-0.01773553341627121,,,
11,28294,-0.0494166798889637,,,
11,28299,-0.03203350305557251,,,
11,28304,-0.04175654798746109,,,
11,28309,-0.03362821042537689,,,
11,28314,-0.03898222744464874,,,
11,28319,-0.03219433128833771,,,
11,28324,-0.040788684040308,,,
11,28329,-0.0419120229780674,,,
11,28334,-0.06441955268383026,,,
11,28339,-0.0445636585354805,,,
11,28344,-0.012079079635441303,,,
11,28349,-0.02046554908156395,,,
11,28354,-0.040858201682567596,,,
11,28359,-0.04044768959283829,,,
11,28364,-0.046194858849048615,,,
11,28369,-0.06783173978328705,,,
11,28374,-0.05113491415977478,,,
11,28379,-0.07011797279119492,,,
11,28384,-0.04633021727204323,,,
11,28389,-0.030868832021951675,,,
11,28394,-0.03255065530538559,,,
11,28399,-0.03262084349989891,,,
11,28404,-0.060302555561065674,,,
11,28409,-0.05056752264499664,,,
11,28414,-0.032139528542757034,,,
11,28419,-0.028268437832593918,,,
11,28424,-0.008828651160001755,,,
11,28429,-0.0445401631295681,,,
11,28434,-0.016966715455055237,,,
11,28439,-0.053377456963062286,,,
11,28444,-0.03594795614480972,,,
11,28449,-0.0757063701748848,,,
11,28454,-0.04905424267053604,,,
11,28459,-0.02614915929734707,,,
11,28464,-0.045057617127895355,,,
11,28469,-0.04976560175418854,,,
11,28474,-0.03786482661962509,,,
11,28479,-0.035650014877319336,,,
11,28484,-0.03787827119231224,,,
11,28489,-0.024716729298233986,,,
11,28494,-0.05858394503593445,,,
11,28499,-0.05131039023399353,,,
11,28504,-0.030063441023230553,,,
11,28509,-0.045832011848688126,,,
11,28514,-0.043264202773571014,,,
11,28519,-0.031113844364881516,,,
11,28524,-0.028037749230861664,,,
11,28529,-0.04004538059234619,,,
11,28534,-0.020130466669797897,,,
11,28539,-0.06391717493534088,,,
11,28544,-0.04780881106853485,,,
11,28549,-0.0384654626250267,,,
11,28554,-0.0446714386343956,,,
11,28559,-0.02903052791953087,,,
11,28564,-0.04706796258687973,,,
11,28569,-0.04993021488189697,,,
11,28574,-0.0364723727107048,,,
11,28579,-0.031642619520425797,,,
11,28584,-0.06422370672225952,,,
11,28589,-0.05968809872865677,,,
11,28594,-0.05068699270486832,,,
11,28599,-0.04217918962240219,,,
11,28604,-0.02304515428841114,,,
11,28609,-0.044231731444597244,,,
11,28614,-0.05277907848358154,,,
11,28619,-0.021027889102697372,,,
11,28624,-0.04563768208026886,,,
11,28629,-0.03011791594326496,,,
11,28634,-0.045646823942661285,,,
11,28639,-0.005976931191980839,,,
11,28644,-0.027119766920804977,,,
11,28649,-0.03666280210018158,,,
11,28654,-0.04241681098937988,,,
11,28659,-0.037769947201013565,,,
11,28664,-0.04463987424969673,,,
11,28669,-0.04426871985197067,,,
11,28674,-0.027322351932525635,,,
11,28679,-0.028935711830854416,,,
11,28684,-0.03602563962340355,,,
11,28689,-0.05126409977674484,,,
11,28694,-0.02975466288626194,,,
11,28699,-0.04609191045165062,,,
11,28704,-0.03261754289269447,,,
11,28709,-0.04368481785058975,,,
11,28714,-0.03625882416963577,,,
11,28719,-0.04026119038462639,,,
11,28724,-0.03439681977033615,,,
11,28729,-0.033786602318286896,,,
11,28734,-0.04317203536629677,,,
11,28739,-0.04061231017112732,,,
11,28744,-0.06684597581624985,,,
11,28749,-0.04082607105374336,,,
11,28754,-0.043865375220775604,,,
11,28759,-0.05160648748278618,,,
11,28764,-0.050013624131679535,,,
11,28769,-0.02462618425488472,,,
11,28774,-0.04025872051715851,,,
11,28779,-0.028873469680547714,,,
11,28784,-0.031734541058540344,,,
11,28789,-0.057001691311597824,,,
11,28794,-0.06216128543019295,,,
11,28799,-0.0456608310341835,,,
11,28804,-0.04448685050010681,,,
11,28809,-0.04063010960817337,,,
11,28814,-0.047600142657756805,,,
11,28819,-0.038251981139183044,,,
11,28824,-0.03399915620684624,,,
11,28829,-0.05272435396909714,,,
11,28834,-0.032326772809028625,,,
11,28839,-0.02607131004333496,,,
11,28844,-0.05376321077346802,,,
11,28849,-0.055219098925590515,,,
11,28854,-0.04128279909491539,,,
11,28859,-0.06255602836608887,,,
11,28864,-0.047146547585725784,,,
11,28869,-0.05149034410715103,,,
11,28874,-0.04327646642923355,,,
11,28879,-0.03764840215444565,,,
11,28884,-0.044362373650074005,,,
11,28889,-0.0066583240404725075,,,
11,28894,-0.02361193299293518,,,
11,28899,-0.04106365889310837,,,
11,28904,-0.027745693922042847,,,
11,28909,-0.050762832164764404,,,
11,28914,-0.037200719118118286,,,
11,28919,-0.050405144691467285,,,
11,28924,-0.03543020412325859,,,
11,28929,-0.05416913330554962,,,
11,28934,0.0004143514670431614,,,
11,28939,-0.06676697731018066,,,
11,28944,-0.027564894407987595,,,
11,28949,-0.06770476698875427,,,
11,28954,-0.03543226048350334,,,
11,28959,-0.04903939366340637,,,
11,28964,-0.052669674158096313,,,
11,28969,-0.05164133384823799,,,
11,28974,-0.03672754019498825,,,
11,28979,-0.03058113157749176,,,
11,28984,-0.030956711620092392,,,
11,28989,-0.05190018564462662,,,
11,28994,-0.052662648260593414,,,
11,28999,-0.04653485119342804,,,
11,29004,-0.03933439776301384,,,
11,29009,-0.0301918126642704,,,
11,29014,-0.04447929561138153,,,
11,29019,-0.055348288267850876,,,
11,29024,-0.033356476575136185,,,
11,29029,-0.022724758833646774,,,
11,29034,-0.055094219744205475,,,
11,29039,-0.04382553696632385,,,
11,29044,-0.05185815319418907,,,
11,29049,-0.05980230122804642,,,
11,29054,-0.05219780653715134,,,
11,29059,-0.045982640236616135,,,
11,29064,-0.06197883561253548,,,
11,29069,-0.05105987936258316,,,
11,29074,-0.0019199983216822147,,,
11,29079,-0.02508203685283661,,,
11,29084,-0.04779009893536568,,,
11,29089,-0.037424392998218536,,,
11,29094,-0.04911313205957413,,,
11,29099,-0.04816794395446777,,,
11,29104,-0.032706450670957565,,,
11,29109,-0.025866298004984856,,,
11,29114,-0.04887412488460541,,,
11,29119,-0.06399188935756683,,,
11,29124,-0.049826446920633316,,,
11,29129,-0.04766903817653656,,,
11,29134,-0.05093460530042648,,,
11,29139,-0.057496074587106705,,,
11,29144,-0.04141410440206528,,,
11,29149,-0.04599396139383316,,,
11,29154,-0.04765772074460983,,,
11,29159,-0.03221782296895981,,,
11,29164,-0.054720062762498856,,,
11,29169,-0.04739169776439667,,,
11,29174,-0.03772978484630585,,,
11,29179,-0.04589330404996872,,,
11,29184,-0.02608235366642475,,,
11,29189,-0.030469421297311783,,,
11,29194,-0.029601220041513443,,,
11,29199,-0.0452614352107048,,,
11,29204,-0.02545321360230446,,,
11,29209,-0.02158709242939949,,,
11,29214,-0.058675818145275116,,,
11,29219,-0.05919061601161957,,,
11,29224,-0.047765620052814484,,,
11,29229,-0.0551864430308342,,,
11,29234,-0.028651941567659378,,,
11,29239,-0.04223844036459923,,,
11,29244,-0.032697662711143494,,,
11,29249,-0.046514809131622314,,,
11,29254,-0.03026733547449112,,,
11,29259,-0.04800242930650711,,,
11,29264,-0.04533267766237259,,,
11,29269,-0.04315483570098877,,,
11,29274,-0.0450768917798996,,,
11,29279,-0.048416540026664734,,,
11,29284,-0.03418046236038208,,,
11,29289,-0.028762107715010643,,,
11,29294,-0.0434512123465538,,,
11,29299,-0.04895642772316933,,,
11,29304,-0.057251982390880585,,,
11,29309,-0.026774579659104347,,,
11,29314,-0.06279229372739792,,,
11,29319,-0.039617784321308136,,,
11,29324,-0.038688596338033676,,,
11,29329,-0.03741444647312164,,,
11,29334,-0.045536406338214874,,,
11,29339,-0.04109903424978256,,,
11,29344,-0.04703933373093605,,,
11,29349,-0.042840275913476944,,,
11,29354,-0.064353346824646,,,
11,29359,-0.06115000694990158,,,
11,29364,-0.02703169360756874,,,
11,29369,-0.059396784752607346,,,
11,29374,-0.023159049451351166,,,
11,29379,-0.04109828546643257,,,
11,29384,-0.04220844432711601,,,
11,29389,-0.03654635325074196,,,
11,29394,-0.05093381553888321,,,
11,29399,-0.05030747503042221,,,
11,29404,-0.04854971915483475,,,
11,29409,-0.02509436011314392,,,
11,29414,-0.04509752616286278,,,
11,29419,-0.05356837064027786,,,
11,29424,-0.04834096506237984,,,
11,29429,-0.045015908777713776,,,
11,29434,-0.05300293490290642,,,
11,29439,-0.05047392100095749,,,
11,29444,-0.04572775587439537,,,
11,29449,-0.04748988896608353,,,
11,29454,-0.05131831765174866,,,
11,29459,-0.04357197880744934,,,
11,29464,-0.04037584364414215,,,
11,29469,-0.060801632702350616,,,
11,29474,-0.0583731010556221,,,
11,29479,-0.05076119303703308,,,
11,29484,-0.007142438553273678,,,
11,29489,-0.034198589622974396,,,
11,29494,-0.034485623240470886,,,
11,29499,-0.042829729616642,,,
11,29504,-0.06085074692964554,,,
11,29509,-0.03276665508747101,,,
11,29514,-0.0364527702331543,,,
11,29519,-0.033667463809251785,,,
11,29524,0.0018507428467273712,,,
11,29529,-0.013475059531629086,,,
11,29534,-0.05182661488652229,,,
11,29539,-0.03897879645228386,,,
11,29544,-0.05606158450245857,,,
11,29549,-0.040256794542074203,,,
11,29554,-0.03815978020429611,,,
11,29559,-0.04436884820461273,,,
11,29564,-0.04268750920891762,,,
11,29569,-0.05123518407344818,,,
11,29574,-0.04712528735399246,,,
11,29579,-0.04040389508008957,,,
11,29584,-0.05846581980586052,,,
11,29589,-0.05499971657991409,,,
11,29594,-0.046518877148628235,,,
11,29599,-0.04081897437572479,,,
11,29604,-0.03799108788371086,,,
11,29609,-0.030943501740694046,,,
11,29614,-0.045335803180933,,,
11,29619,-0.03965216130018234,,,
11,29624,-0.03049078956246376,,,
11,29629,-0.04359385371208191,,,
11,29634,-0.050808750092983246,,,
11,29639,-0.012777646072208881,,,
11,29644,-0.04732203111052513,,,
11,29649,-0.054279521107673645,,,
11,29654,-0.05176730453968048,,,
11,29659,-0.04858017340302467,,,
11,29664,-0.047405749559402466,,,
11,29669,-0.04786878079175949,,,
11,29674,-0.045728884637355804,,,
11,29679,-0.050225429236888885,,,
11,29684,-0.042883485555648804,,,
11,29689,-0.030337024480104446,,,
11,29694,-0.054255835711956024,,,
11,29699,-0.06349364668130875,,,
11,29704,-0.00306678656488657,,,
11,29709,-0.04714656248688698,,,
11,29714,-0.01845156028866768,,,
11,29719,-0.037030238658189774,,,
11,29724,-0.03905252739787102,,,
11,29729,-0.05563199147582054,,,
11,29734,-0.046018559485673904,,,
11,29739,-0.0378212109208107,,,
11,29744,-0.02795880101621151,,,
11,29749,-0.03389096260070801,,,
11,29754,-0.02560952864587307,,,
11,29759,-0.013447051867842674,,,
11,29764,-0.034996435046195984,,,
11,29769,-0.027155257761478424,,,
11,29774,-0.051559966057538986,,,
11,29779,-0.03882009536027908,,,
11,29784,-0.06921441853046417,,,
11,29789,-0.03808756172657013,,,
11,29794,-0.04972822219133377,,,
11,29799,-0.01461641862988472,,,
11,29804,-0.051062241196632385,,,
11,29809,-0.013131139799952507,,,
11,29814,-0.02243848331272602,,,
11,29819,-0.04612738639116287,,,
11,29824,-0.028697365894913673,,,
11,29829,-0.05546893924474716,,,
11,29834,-0.03725273907184601,,,
11,29839,-0.04262456297874451,,,
11,29844,-0.05537519231438637,,,
11,29849,-0.039126329123973846,,,
11,29854,-0.03904794156551361,,,
11,29859,-0.03217863291501999,,,
11,29864,-0.04061746597290039,,,
11,29869,-0.006838242523372173,,,
11,29874,-0.0030595827847719193,,,
11,29879,-0.05132148414850235,,,
11,29884,-0.06832936406135559,,,
11,29889,-0.044162604957818985,,,
11,29894,-0.02046307548880577,,,
11,29899,-0.05206891521811485,,,
11,29904,-0.01986173540353775,,,
11,29909,-0.048288844525814056,,,
11,29914,-0.07724979519844055,,,
11,29919,-0.056389614939689636,,,
11,29924,-0.04988521337509155,,,
11,29929,-0.06208203732967377,,,
11,29934,-0.03126128390431404,,,
11,29939,-0.03655274957418442,,,
11,29944,-0.019840074703097343,,,
11,29949,-0.04576987400650978,,,
11,29954,-0.05276228487491608,,,
11,29959,-0.043253470212221146,,,
11,29964,-0.00861312448978424,,,
11,29969,-0.038711197674274445,,,
11,29974,-0.05868273600935936,,,
11,29979,-0.061255089938640594,,,
11,29984,-0.02847956120967865,,,
11,29989,-0.04490970820188522,,,
11,29994,-0.05354722961783409,,,
11,29999,-0.03762692213058472,,,
11,29999,,-0.03343215957283974,0.3197999894618988,0.6166036128997803
12,30004,-0.04609467834234238,,,
12,30009,-0.022027036175131798,,,
12,30014,-0.031777266412973404,,,
12,30019,-0.04349970817565918,,,
12,30024,-0.050163403153419495,,,
12,30029,-0.039905183017253876,,,
12,30034,-0.0356673002243042,,,
12,30039,-0.04342830926179886,,,
12,30044,-0.05647639185190201,,,
12,30049,-0.04677201062440872,,,
12,30054,-0.03837762400507927,,,
12,30059,-0.04173631966114044,,,
12,30064,-0.0397886261343956,,,
12,30069,-0.04219365492463112,,,
12,30074,-0.03822941333055496,,,
12,30079,-0.03274492174386978,,,
12,30084,-0.03842152655124664,,,
12,30089,-0.030753308907151222,,,
12,30094,-0.04942231625318527,,,
12,30099,-0.029677368700504303,,,
12,30104,-0.04519934207201004,,,
12,30109,-0.049747683107852936,,,
12,30114,-0.011076265014708042,,,
12,30119,-0.059243179857730865,,,
12,30124,-0.03983234614133835,,,
12,30129,-0.03690437227487564,,,
12,30134,-0.04378499835729599,,,
12,30139,-0.03808021917939186,,,
12,30144,-0.04655487835407257,,,
12,30149,-0.056910887360572815,,,
12,30154,-0.04024773836135864,,,
12,30159,-0.04274030029773712,,,
12,30164,-0.04090066999197006,,,
12,30169,-0.046322811394929886,,,
12,30174,-0.0417308509349823,,,
12,30179,-0.044637445360422134,,,
12,30184,-0.043280187994241714,,,
12,30189,-0.02997184917330742,,,
12,30194,-0.04992641136050224,,,
12,30199,-0.04289817810058594,,,
12,30204,-0.046032264828681946,,,
12,30209,-0.05469537153840065,,,
12,30214,-0.05392124503850937,,,
12,30219,-0.060647424310445786,,,
12,30224,-0.05083668231964111,,,
12,30229,-0.06011541932821274,,,
12,30234,-0.04367155581712723,,,
12,30239,-0.04433082044124603,,,
12,30244,-0.01827775128185749,,,
12,30249,-0.028854191303253174,,,
12,30254,-0.06797391921281815,,,
12,30259,-0.049881283193826675,,,
12,30264,-0.014666826464235783,,,
12,30269,-0.0011154413223266602,,,
12,30274,-0.05004224181175232,,,
12,30279,-0.04846134036779404,,,
12,30284,-0.03639764338731766,,,
12,30289,-0.048200443387031555,,,
12,30294,-0.05112167075276375,,,
12,30299,-0.06502309441566467,,,
12,30304,-0.04119441285729408,,,
12,30309,-0.04117852821946144,,,
12,30314,-0.05283772945404053,,,
12,30319,-0.03554539754986763,,,
12,30324,-0.04329092055559158,,,
12,30329,-0.057977478951215744,,,
12,30334,-0.04021067172288895,,,
12,30339,-0.0466306135058403,,,
12,30344,-0.04416772350668907,,,
12,30349,-0.03781750798225403,,,
12,30354,-0.0320979580283165,,,
12,30359,-0.02177507057785988,,,
12,30364,-0.022337470203638077,,,
12,30369,-0.0324137806892395,,,
12,30374,-0.028177617117762566,,,
12,30379,-0.044747114181518555,,,
12,30384,-0.04565758630633354,,,
12,30389,-0.05607922747731209,,,
12,30394,-0.049290165305137634,,,
12,30399,-0.05361959710717201,,,
12,30404,-0.04715026915073395,,,
12,30409,-0.033462271094322205,,,
12,30414,-0.04928712174296379,,,
12,30419,-0.03470863029360771,,,
12,30424,-0.019170936197042465,,,
12,30429,-0.0414717011153698,,,
12,30434,-0.03229193389415741,,,
12,30439,-0.05534178763628006,,,
12,30444,-0.04012951999902725,,,
12,30449,-0.05430000275373459,,,
12,30454,-0.0509326308965683,,,
12,30459,-0.04922108352184296,,,
12,30464,-0.04373838007450104,,,
12,30469,-0.04079051688313484,,,
12,30474,-0.049154311418533325,,,
12,30479,-0.03263648599386215,,,
12,30484,-0.0422038733959198,,,
12,30489,-0.022819705307483673,,,
12,30494,-0.028674330562353134,,,
12,30499,-0.025268319994211197,,,
12,30504,-0.05290740728378296,,,
12,30509,-0.01587621495127678,,,
12,30514,-0.07631327211856842,,,
12,30519,-0.046564117074012756,,,
12,30524,-0.0618283711373806,,,
12,30529,-0.03707832098007202,,,
12,30534,-0.048226550221443176,,,
12,30539,-0.017775390297174454,,,
12,30544,-0.05440349876880646,,,
12,30549,-0.040016598999500275,,,
12,30554,-0.040067754685878754,,,
12,30559,-0.05146761238574982,,,
12,30564,-0.05111673101782799,,,
12,30569,-0.03633926808834076,,,
12,30574,-0.038902539759874344,,,
12,30579,-0.06671101599931717,,,
12,30584,-0.036105312407016754,,,
12,30589,-0.04048290103673935,,,
12,30594,-0.04675028473138809,,,
12,30599,-0.033229485154151917,,,
12,30604,-0.04284977167844772,,,
12,30609,-0.024430066347122192,,,
12,30614,-0.06400667130947113,,,
12,30619,-0.05289938300848007,,,
12,30624,-0.054360754787921906,,,
12,30629,-0.04065989702939987,,,
12,30634,-0.042106036096811295,,,
12,30639,-0.03479165583848953,,,
12,30644,-0.04971269890666008,,,
12,30649,-0.048538342118263245,,,
12,30654,-0.05089571326971054,,,
12,30659,-0.04234238341450691,,,
12,30664,-0.039692964404821396,,,
12,30669,-0.040761858224868774,,,
12,30674,-0.026748431846499443,,,
12,30679,-0.05133116617798805,,,
12,30684,-0.04996863752603531,,,
12,30689,-0.03983210772275925,,,
12,30694,-0.060371581465005875,,,
12,30699,-0.03267453983426094,,,
12,30704,-0.06204334273934364,,,
12,30709,-0.039489611983299255,,,
12,30714,-0.04974367469549179,,,
12,30719,-0.051053501665592194,,,
12,30724,-0.04813870042562485,,,
12,30729,-0.055186010897159576,,,
12,30734,-0.0394662581384182,,,
12,30739,-0.04517406225204468,,,
12,30744,-0.03813531994819641,,,
12,30749,-0.04792863875627518,,,
12,30754,-0.03133821487426758,,,
12,30759,-0.023444831371307373,,,
12,30764,-0.059012271463871,,,
12,30769,-0.054878853261470795,,,
12,30774,-0.02629556693136692,,,
12,30779,-0.034851230680942535,,,
12,30784,-0.03620056062936783,,,
12,30789,-0.04949856922030449,,,
12,30794,-0.04053069278597832,,,
12,30799,-0.027773281559348106,,,
12,30804,-0.04404988884925842,,,
12,30809,-0.019177882000803947,,,
12,30814,-0.03939595818519592,,,
12,30819,-0.03525060415267944,,,
12,30824,-0.049199409782886505,,,
12,30829,-0.04963257536292076,,,
12,30834,-0.03900670260190964,,,
12,30839,-0.047757912427186966,,,
12,30844,-0.013621977530419827,,,
12,30849,-0.046263858675956726,,,
12,30854,-0.027156377211213112,,,
12,30859,-0.06086200475692749,,,
12,30864,-0.04345855861902237,,,
12,30869,-0.0461149699985981,,,
12,30874,-0.06577736139297485,,,
12,30879,-0.04194764420390129,,,
12,30884,-0.05154550075531006,,,
12,30889,-0.03877058997750282,,,
12,30894,-0.03825104981660843,,,
12,30899,-0.03536028414964676,,,
12,30904,-0.03868391364812851,,,
12,30909,-0.02229169011116028,,,
12,30914,-0.047273874282836914,,,
12,30919,-0.05112948268651962,,,
12,30924,-0.05487669259309769,,,
12,30929,-0.044092703610658646,,,
12,30934,-0.056203443557024,,,
12,30939,-0.0224497951567173,,,
12,30944,-0.044257424771785736,,,
12,30949,-0.03303157910704613,,,
12,30954,-0.04352818801999092,,,
12,30959,-0.031613148748874664,,,
12,30964,-0.031926799565553665,,,
12,30969,-0.05515255406498909,,,
12,30974,-0.05037920922040939,,,
12,30979,-0.04689972475171089,,,
12,30984,-0.047397173941135406,,,
12,30989,-0.020746273919939995,,,
12,30994,-0.03885241597890854,,,
12,30999,0.006258645094931126,,,
12,31004,-0.06664763391017914,,,
12,31009,-0.023997612297534943,,,
12,31014,-0.05206311121582985,,,
12,31019,-0.05351702868938446,,,
12,31024,-0.04154382646083832,,,
12,31029,-0.04905986040830612,,,
12,31034,-0.038698527961969376,,,
12,31039,-0.04459746927022934,,,
12,31044,-0.04001856595277786,,,
12,31049,-0.051761776208877563,,,
12,31054,-0.040782660245895386,,,
12,31059,-0.037007853388786316,,,
12,31064,-0.05102770775556564,,,
12,31069,-0.04288303852081299,,,
12,31074,-0.03344175964593887,,,
12,31079,-0.02093331143260002,,,
12,31084,-0.03595328703522682,,,
12,31089,-0.05175378918647766,,,
12,31094,-0.027363061904907227,,,
12,31099,-0.04093377664685249,,,
12,31104,-0.05637726932764053,,,
12,31109,-0.03371031582355499,,,
12,31114,-0.05451146513223648,,,
12,31119,-0.04550214111804962,,,
12,31124,-0.0465860590338707,,,
12,31129,-0.03714488446712494,,,
12,31134,-0.03593480587005615,,,
12,31139,-0.015586268156766891,,,
12,31144,-0.0507972314953804,,,
12,31149,-0.042723700404167175,,,
12,31154,-0.04983208701014519,,,
12,31159,-0.03066009283065796,,,
12,31164,-0.05115526169538498,,,
12,31169,-0.06603570282459259,,,
12,31174,-0.043557874858379364,,,
12,31179,-0.04442353546619415,,,
12,31184,0.0013359356671571732,,,
12,31189,-0.0532267764210701,,,
12,31194,-0.0349460244178772,,,
12,31199,-0.02938888967037201,,,
12,31204,-0.046077877283096313,,,
12,31209,-0.04869979992508888,,,
12,31214,-0.03596673533320427,,,
12,31219,-0.038351207971572876,,,
12,31224,-0.04570606350898743,,,
12,31229,-0.03552515432238579,,,
12,31234,-0.054589442908763885,,,
12,31239,-0.03924662247300148,,,
12,31244,-0.03972000256180763,,,
12,31249,-0.02763480506837368,,,
12,31254,-0.042612284421920776,,,
12,31259,-0.05148863419890404,,,
12,31264,-0.04609087482094765,,,
12,31269,-0.044341109693050385,,,
12,31274,-0.037447355687618256,,,
12,31279,-0.053289808332920074,,,
12,31284,-0.044575609266757965,,,
12,31289,-0.02699836529791355,,,
12,31294,-0.019192136824131012,,,
12,31299,-0.03728801757097244,,,
12,31304,-0.050704680383205414,,,
12,31309,-0.034598059952259064,,,
12,31314,-0.025487598031759262,,,
12,31319,-0.042856935411691666,,,
12,31324,-0.04641690105199814,,,
12,31329,-0.03519202396273613,,,
12,31334,-0.04833926260471344,,,
12,31339,-0.03725101798772812,,,
12,31344,-0.05300014838576317,,,
12,31349,-0.0581236258149147,,,
12,31354,-0.043421342968940735,,,
12,31359,-0.05266387015581131,,,
12,31364,-0.02526426501572132,,,
12,31369,-0.03775014728307724,,,
12,31374,-0.05114489793777466,,,
12,31379,-0.04627108573913574,,,
12,31384,-0.035882942378520966,,,
12,31389,-0.05988776683807373,,,
12,31394,-0.024973304942250252,,,
12,31399,-0.055505841970443726,,,
12,31404,-0.035039275884628296,,,
12,31409,-0.03693868964910507,,,
12,31414,-0.03819405660033226,,,
12,31419,-0.027253491804003716,,,
12,31424,-0.061267971992492676,,,
12,31429,-0.03509549796581268,,,
12,31434,-0.04685103893280029,,,
12,31439,-0.051312096416950226,,,
12,31444,-0.056549571454524994,,,
12,31449,-0.037691161036491394,,,
12,31454,-0.022185418754816055,,,
12,31459,-0.02980106882750988,,,
12,31464,-0.044677071273326874,,,
12,31469,-0.04663453251123428,,,
12,31474,0.009455451741814613,,,
12,31479,-0.02446931228041649,,,
12,31484,-0.04818948358297348,,,
12,31489,-0.04553206264972687,,,
12,31494,-0.03504307568073273,,,
12,31499,-0.027309561148285866,,,
12,31504,-0.03906046599149704,,,
12,31509,-0.057210877537727356,,,
12,31514,-0.04482157155871391,,,
12,31519,-0.043694473803043365,,,
12,31524,-0.037141840904951096,,,
12,31529,-0.03450750187039375,,,
12,31534,-0.04363289475440979,,,
12,31539,-0.04457883536815643,,,
12,31544,-0.03454066812992096,,,
12,31549,-0.04782884567975998,,,
12,31554,-0.038150619715452194,,,
12,31559,-0.05805930495262146,,,
12,31564,-0.05885346606373787,,,
12,31569,-0.05201106145977974,,,
12,31574,-0.0570496991276741,,,
12,31579,-0.0384991317987442,,,
12,31584,-0.029242411255836487,,,
12,31589,-0.05097144469618797,,,
12,31594,-0.03605975955724716,,,
12,31599,-0.001766648143529892,,,
12,31604,-0.029513482004404068,,,
12,31609,-0.057889312505722046,,,
12,31614,-0.05517853796482086,,,
12,31619,-0.05686134099960327,,,
12,31624,-0.01946975849568844,,,
12,31629,-0.04440448433160782,,,
12,31634,-0.030690310522913933,,,
12,31639,-0.045470185577869415,,,
12,31644,-0.04843365401029587,,,
12,31649,-0.03916545957326889,,,
12,31654,-0.05124039947986603,,,
12,31659,-0.03969426453113556,,,
12,31664,-0.04444717988371849,,,
12,31669,-0.01602569967508316,,,
12,31674,-0.0483744814991951,,,
12,31679,-0.05338112264871597,,,
12,31684,-0.04144053906202316,,,
12,31689,-0.05822250247001648,,,
12,31694,-0.05643463879823685,,,
12,31699,-0.04244445636868477,,,
12,31704,-0.02596345916390419,,,
12,31709,-0.04658382758498192,,,
12,31714,-0.0341971330344677,,,
12,31719,-0.017513761296868324,,,
12,31724,-0.04697749763727188,,,
12,31729,-0.03221604973077774,,,
12,31734,-0.01816323585808277,,,
12,31739,-0.04397095367312431,,,
12,31744,-0.040474049746990204,,,
12,31749,-0.04643462598323822,,,
12,31754,-0.05619916319847107,,,
12,31759,-0.05363210663199425,,,
12,31764,-0.039600670337677,,,
12,31769,-0.033103764057159424,,,
12,31774,-0.03465355187654495,,,
12,31779,-0.058387964963912964,,,
12,31784,-0.04722009599208832,,,
12,31789,-0.0598936453461647,,,
12,31794,-0.0631558895111084,,,
12,31799,-0.021798210218548775,,,
12,31804,-0.04599510133266449,,,
12,31809,-0.041578471660614014,,,
12,31814,-0.0358254536986351,,,
12,31819,-0.034197233617305756,,,
12,31824,-0.06635681539773941,,,
12,31829,-0.04657595977187157,,,
12,31834,-0.036301389336586,,,
12,31839,-0.038464028388261795,,,
12,31844,-0.05000457912683487,,,
12,31849,-0.032832302153110504,,,
12,31854,-0.053474392741918564,,,
12,31859,-0.03767722100019455,,,
12,31864,-0.05298195779323578,,,
12,31869,-0.04904704540967941,,,
12,31874,-0.05900585651397705,,,
12,31879,-0.0384727343916893,,,
12,31884,-0.046289995312690735,,,
12,31889,-0.036958903074264526,,,
12,31894,-0.049404390156269073,,,
12,31899,-0.04079469293355942,,,
12,31904,-0.03784093260765076,,,
12,31909,-0.04118973761796951,,,
12,31914,-0.03059253841638565,,,
12,31919,-0.03793066740036011,,,
12,31924,-0.04710646718740463,,,
12,31929,-0.058837369084358215,,,
12,31934,-0.05174952372908592,,,
12,31939,-0.032261043787002563,,,
12,31944,-0.048121314495801926,,,
12,31949,-0.03546513617038727,,,
12,31954,-0.03415873274207115,,,
12,31959,-0.04719427600502968,,,
12,31964,-0.04834447056055069,,,
12,31969,-0.03630213439464569,,,
12,31974,-0.04502161219716072,,,
12,31979,-0.0246201753616333,,,
12,31984,-0.06683690845966339,,,
12,31989,-0.03928752243518829,,,
12,31994,-0.05186304822564125,,,
12,31999,-0.0108609888702631,,,
12,32004,-0.05208948999643326,,,
12,32009,-0.04976217448711395,,,
12,32014,-0.04697708040475845,,,
12,32019,-0.028835715726017952,,,
12,32024,-0.012012149207293987,,,
12,32029,-0.0397348552942276,,,
12,32034,-0.02946065366268158,,,
12,32039,-0.020228642970323563,,,
12,32044,-0.0445946529507637,,,
12,32049,-0.05119524523615837,,,
12,32054,-0.04131656885147095,,,
12,32059,-0.04982520639896393,,,
12,32064,-0.04736506938934326,,,
12,32069,-0.04889197647571564,,,
12,32074,-0.046190690249204636,,,
12,32079,-0.05212638899683952,,,
12,32084,-0.03848051279783249,,,
12,32089,-0.03629577159881592,,,
12,32094,-0.048470981419086456,,,
12,32099,-0.03826242312788963,,,
12,32104,-0.037346117198467255,,,
12,32109,-0.03429395332932472,,,
12,32114,-0.031606901437044144,,,
12,32119,-0.0418410450220108,,,
12,32124,-0.0462198480963707,,,
12,32129,-0.05251282826066017,,,
12,32134,-0.03679550439119339,,,
12,32139,-0.03204212710261345,,,
12,32144,-0.03246230632066727,,,
12,32149,-0.040478091686964035,,,
12,32154,-0.027622181922197342,,,
12,32159,-0.054581232368946075,,,
12,32164,-0.054701872169971466,,,
12,32169,-0.03507935628294945,,,
12,32174,-0.03203340619802475,,,
12,32179,-0.03365703299641609,,,
12,32184,-0.043039511889219284,,,
12,32189,-0.037723951041698456,,,
12,32194,-0.0437217652797699,,,
12,32199,-0.0383303239941597,,,
12,32204,-0.046187326312065125,,,
12,32209,-0.06233753636479378,,,
12,32214,-0.059373851865530014,,,
12,32219,-0.03916379064321518,,,
12,32224,-0.043334707617759705,,,
12,32229,-0.037373676896095276,,,
12,32234,-0.013018879108130932,,,
12,32239,-0.05335509032011032,,,
12,32244,-0.01892789825797081,,,
12,32249,-0.044048767536878586,,,
12,32254,-0.036069635301828384,,,
12,32259,-0.06046021729707718,,,
12,32264,-0.04208872467279434,,,
12,32269,-0.040616512298583984,,,
12,32274,-0.030258119106292725,,,
12,32279,-0.02869078516960144,,,
12,32284,-0.06192001327872276,,,
12,32289,-0.0619426965713501,,,
12,32294,-0.05775456130504608,,,
12,32299,-0.021786965429782867,,,
12,32304,-0.0438912957906723,,,
12,32309,-0.052111148834228516,,,
12,32314,-0.047332581132650375,,,
12,32319,-0.04705115407705307,,,
12,32324,-0.03586731478571892,,,
12,32329,-0.041425298899412155,,,
12,32334,-0.043148159980773926,,,
12,32339,-0.046069465577602386,,,
12,32344,-0.05709487944841385,,,
12,32349,-0.058446254581213,,,
12,32354,-0.06039119139313698,,,
12,32359,-0.04554040729999542,,,
12,32364,0.013259917497634888,,,
12,32369,-0.028189081698656082,,,
12,32374,-0.028992807492613792,,,
12,32379,-0.04543527960777283,,,
12,32384,-0.052748218178749084,,,
12,32389,-0.044220540672540665,,,
12,32394,-0.06853737682104111,,,
12,32399,-0.05413154512643814,,,
12,32404,-0.04034833237528801,,,
12,32409,-0.02150002494454384,,,
12,32414,-0.05289055407047272,,,
12,32419,-0.050539664924144745,,,
12,32424,-0.038368552923202515,,,
12,32429,-0.00665856059640646,,,
12,32434,-0.006053391844034195,,,
12,32439,-0.038348861038684845,,,
12,32444,-0.05159112811088562,,,
12,32449,-0.053769469261169434,,,
12,32454,-0.054804667830467224,,,
12,32459,-0.061020251363515854,,,
12,32464,-0.028196772560477257,,,
12,32469,-0.05224689096212387,,,
12,32474,-0.04053395986557007,,,
12,32479,-0.04007560387253761,,,
12,32484,-0.0621369332075119,,,
12,32489,-0.0445091612637043,,,
12,32494,-0.051724325865507126,,,
12,32499,-0.03932439163327217,,,
12,32499,,-0.03673694282770157,0.32179999351501465,0.6196773648262024
13,32504,-0.042030904442071915,,,
13,32509,-0.04617058485746384,,,
13,32514,0.07024672627449036,,,
13,32519,-0.04260098934173584,,,
13,32524,-0.034411948174238205,,,
13,32529,-0.02608673833310604,,,
13,32534,-0.029553722590208054,,,
13,32539,-0.04230020195245743,,,
13,32544,-0.04474668204784393,,,
13,32549,-0.053864479064941406,,,
13,32554,-0.041077010333538055,,,
13,32559,0.0007776543498039246,,,
13,32564,-0.04642998427152634,,,
13,32569,-0.0589139424264431,,,
13,32574,-0.044607825577259064,,,
13,32579,-0.035036616027355194,,,
13,32584,-0.045705996453762054,,,
13,32589,-0.05483397841453552,,,
13,32594,-0.040557168424129486,,,
13,32599,-0.03944184631109238,,,
13,32604,-0.03840231895446777,,,
13,32609,-0.04592778906226158,,,
13,32614,-0.05514426901936531,,,
13,32619,-0.049335405230522156,,,
13,32624,-0.05667899176478386,,,
13,32629,-0.03653229400515556,,,
13,32634,-0.033274706453084946,,,
13,32639,-0.0454651415348053,,,
13,32644,-0.027679117396473885,,,
13,32649,-0.04094964265823364,,,
13,32654,-0.04641934856772423,,,
13,32659,-0.03976863995194435,,,
13,32664,-0.03444788232445717,,,
13,32669,-0.03754444420337677,,,
13,32674,-0.05894135311245918,,,
13,32679,-0.03202462196350098,,,
13,32684,-0.029780272394418716,,,
13,32689,-0.027942843735218048,,,
13,32694,-0.04914918914437294,,,
13,32699,-0.05610785633325577,,,
13,32704,-0.04922939091920853,,,
13,32709,-0.04619452357292175,,,
13,32714,-0.03522130101919174,,,
13,32719,-0.041060857474803925,,,
13,32724,-0.03494001179933548,,,
13,32729,-0.03818315640091896,,,
13,32734,-0.04886920377612114,,,
13,32739,-0.042344432324171066,,,
13,32744,-0.040516432374715805,,,
13,32749,-0.04599902778863907,,,
13,32754,-0.04786793887615204,,,
13,32759,-0.03360765427350998,,,
13,32764,-0.032683610916137695,,,
13,32769,-0.02360033430159092,,,
13,32774,-0.038496822118759155,,,
13,32779,-0.047257132828235626,,,
13,32784,-0.035773683339357376,,,
13,32789,-0.03497883677482605,,,
13,32794,-0.03897092863917351,,,
13,32799,-0.037814222276210785,,,
13,32804,-0.03140459954738617,,,
13,32809,-0.04349777102470398,,,
13,32814,-0.04450003802776337,,,
13,32819,-0.04530482739210129,,,
13,32824,-0.03144208714365959,,,
13,32829,-0.01207820512354374,,,
13,32834,0.009614188224077225,,,
13,32839,-0.04125271737575531,,,
13,32844,-0.046895187348127365,,,
13,32849,-0.053094297647476196,,,
13,32854,-0.046370603144168854,,,
13,32859,-0.0343017578125,,,
13,32864,-0.05766984075307846,,,
13,32869,-0.041549887508153915,,,
13,32874,-0.039177216589450836,,,
13,32879,-0.04953046515583992,,,
13,32884,-0.027396664023399353,,,
13,32889,-0.04535453021526337,,,
13,32894,-0.02093278057873249,,,
13,32899,-0.006325600668787956,,,
13,32904,-0.041344113647937775,,,
13,32909,-0.03234683722257614,,,
13,32914,-0.03319384157657623,,,
13,32919,-0.021527981385588646,,,
13,32924,-0.03917069733142853,,,
13,32929,-0.052352309226989746,,,
13,32934,-0.06391870975494385,,,
13,32939,-0.05794796347618103,,,
13,32944,-0.01880013942718506,,,
13,32949,-0.07258498668670654,,,
13,32954,-0.04840100556612015,,,
13,32959,-0.036638595163822174,,,
13,32964,-0.042510345578193665,,,
13,32969,-0.018963627517223358,,,
13,32974,-0.04947463423013687,,,
13,32979,-0.03970526158809662,,,
13,32984,-0.05104808509349823,,,
13,32989,-0.05240485817193985,,,
13,32994,-0.053761471062898636,,,
13,32999,-0.036389946937561035,,,
13,33004,-0.013880422338843346,,,
13,33009,-0.04137176275253296,,,
13,33014,-0.041130226105451584,,,
13,33019,-0.05216115340590477,,,
13,33024,-0.04957384243607521,,,
13,33029,-0.05454276502132416,,,
13,33034,-0.018900064751505852,,,
13,33039,-0.05542076751589775,,,
13,33044,-0.022657422348856926,,,
13,33049,-0.02651434764266014,,,
13,33054,-0.03869305178523064,,,
13,33059,-0.06950443983078003,,,
13,33064,-0.03131406754255295,,,
13,33069,-0.04674246907234192,,,
13,33074,-0.0547332763671875,,,
13,33079,-0.02355252392590046,,,
13,33084,-0.03501301258802414,,,
13,33089,-0.03754334896802902,,,
13,33094,-0.040579698979854584,,,
13,33099,-0.029520956799387932,,,
13,33104,-0.058011244982481,,,
13,33109,-0.07224972546100616,,,
13,33114,-0.057916659861803055,,,
13,33119,-0.05129310488700867,,,
13,33124,-0.03222036361694336,,,
13,33129,-0.05506231635808945,,,
13,33134,-0.054854344576597214,,,
13,33139,-0.052475351840257645,,,
13,33144,-0.0487184002995491,,,
13,33149,-0.038297139108181,,,
13,33154,-0.03865697979927063,,,
13,33159,-0.06341668218374252,,,
13,33164,-0.011807831935584545,,,
13,33169,-0.057289138436317444,,,
13,33174,-0.05319805443286896,,,
13,33179,-0.04046911001205444,,,
13,33184,-0.05074791982769966,,,
13,33189,-0.05394335091114044,,,
13,33194,-0.04240388050675392,,,
13,33199,-0.035574138164520264,,,
13,33204,-0.02677283063530922,,,
13,33209,-0.04782699793577194,,,
13,33214,-0.049106232821941376,,,
13,33219,-0.03835253044962883,,,
13,33224,-0.060278136283159256,,,
13,33229,-0.043858371675014496,,,
13,33234,-0.013293473049998283,,,
13,33239,-0.03712102025747299,,,
13,33244,-0.024213429540395737,,,
13,33249,-0.05038990452885628,,,
13,33254,-0.048790644854307175,,,
13,33259,-0.05885713919997215,,,
13,33264,-0.04517970606684685,,,
13,33269,-0.020745879039168358,,,
13,33274,-0.02700714021921158,,,
13,33279,-0.047494977712631226,,,
13,33284,-0.03569040447473526,,,
13,33289,-0.028585292398929596,,,
13,33294,-0.043708279728889465,,,
13,33299,-0.046234503388404846,,,
13,33304,-0.03622778505086899,,,
13,33309,-0.03593235835433006,,,
13,33314,-0.010550843551754951,,,
13,33319,-0.04721352085471153,,,
13,33324,-0.05641689524054527,,,
13,33329,-0.04721587151288986,,,
13,33334,-0.02714037522673607,,,
13,33339,-0.030320120975375175,,,
13,33344,-0.06601408123970032,,,
13,33349,-0.06664504110813141,,,
13,33354,-0.047359127551317215,,,
13,33359,-0.02806144207715988,,,
13,33364,-0.03297936171293259,,,
13,33369,-0.0373556986451149,,,
13,33374,-0.0483006052672863,,,
13,33379,-0.04915783926844597,,,
13,33384,-0.03951692581176758,,,
13,33389,-0.029913272708654404,,,
13,33394,-0.046983182430267334,,,
13,33399,-0.042552560567855835,,,
13,33404,-0.035958535969257355,,,
13,33409,-0.03514235466718674,,,
13,33414,-0.032404493540525436,,,
13,33419,-0.0610649511218071,,,
13,33424,-0.05479001626372337,,,
13,33429,-0.038266658782958984,,,
13,33434,-0.05129226669669151,,,
13,33439,-0.03179537504911423,,,
13,33444,-0.028448166325688362,,,
13,33449,-0.03045976161956787,,,
13,33454,-0.0424356535077095,,,
13,33459,-0.03619740158319473,,,
13,33464,-0.027735795825719833,,,
13,33469,-0.05014900863170624,,,
13,33474,-0.05077337473630905,,,
13,33479,-0.04920855164527893,,,
13,33484,-0.03999268263578415,,,
13,33489,-0.005472043063491583,,,
13,33494,-0.03788904845714569,,,
13,33499,-0.05934353545308113,,,
13,33504,-0.042016495019197464,,,
13,33509,-0.015553761273622513,,,
13,33514,-0.036637455224990845,,,
13,33519,-0.032696861773729324,,,
13,33524,-0.011680999770760536,,,
13,33529,-0.04028080403804779,,,
13,33534,-0.06224421411752701,,,
13,33539,-0.05212591961026192,,,
13,33544,-0.02405496872961521,,,
13,33549,-0.06073903664946556,,,
13,33554,-0.024642476812005043,,,
13,33559,-0.04324079304933548,,,
13,33564,-0.04710787534713745,,,
13,33569,-0.04575314372777939,,,
13,33574,-0.047960154712200165,,,
13,33579,-0.0537872388958931,,,
13,33584,-0.028755616396665573,,,
13,33589,-0.05681351572275162,,,
13,33594,-0.05077056586742401,,,
13,33599,-0.03469694033265114,,,
13,33604,-0.02797670103609562,,,
13,33609,-0.02670806087553501,,,
13,33614,-0.03212308883666992,,,
13,33619,-0.024127408862113953,,,
13,33624,-0.027717728167772293,,,
13,33629,-0.05626609921455383,,,
13,33634,-0.02712479792535305,,,
13,33639,-0.0569860115647316,,,
13,33644,-0.04740503057837486,,,
13,33649,-0.03240392357110977,,,
13,33654,-0.05053603649139404,,,
13,33659,-0.024221030995249748,,,
13,33664,-0.03732755780220032,,,
13,33669,-0.03891545534133911,,,
13,33674,-0.046632297337055206,,,
13,33679,-0.058363743126392365,,,
13,33684,-0.07541362941265106,,,
13,33689,-0.043448470532894135,,,
13,33694,-0.035906095057725906,,,
13,33699,-0.05704214423894882,,,
13,33704,-0.054129116237163544,,,
13,33709,-0.04600928723812103,,,
13,33714,-0.043989911675453186,,,
13,33719,-0.04479601979255676,,,
13,33724,-0.05210651457309723,,,
13,33729,-0.039678312838077545,,,
13,33734,-0.05179986730217934,,,
13,33739,-0.04634324461221695,,,
13,33744,-0.029192976653575897,,,
13,33749,-0.05957590043544769,,,
13,33754,-0.04795517772436142,,,
13,33759,-0.034879688173532486,,,
13,33764,-0.05539713054895401,,,
13,33769,-0.011795006692409515,,,
13,33774,-0.031213659793138504,,,
13,33779,-0.054460421204566956,,,
13,33784,-0.04403682053089142,,,
13,33789,-0.027692820876836777,,,
13,33794,-0.019752811640501022,,,
13,33799,-0.03559454530477524,,,
13,33804,-0.03906482458114624,,,
13,33809,-0.03418593108654022,,,
13,33814,-0.049978211522102356,,,
13,33819,-0.048370592296123505,,,
13,33824,-0.05636764317750931,,,
13,33829,-0.0624627061188221,,,
13,33834,-0.03760270029306412,,,
13,33839,-0.049262579530477524,,,
13,33844,-0.04139513522386551,,,
13,33849,-0.043357279151678085,,,
13,33854,-0.040384791791439056,,,
13,33859,-0.035871151834726334,,,
13,33864,-0.03340625762939453,,,
13,33869,-0.02986058220267296,,,
13,33874,-0.03751283138990402,,,
13,33879,-0.06430147588253021,,,
13,33884,-0.06060485914349556,,,
13,33889,-0.0349632129073143,,,
13,33894,-0.041821133345365524,,,
13,33899,-0.054018277674913406,,,
13,33904,-0.020916134119033813,,,
13,33909,-0.031955134123563766,,,
13,33914,-0.022125395014882088,,,
13,33919,-0.0359208807349205,,,
13,33924,-0.041320376098155975,,,
13,33929,-0.028339238837361336,,,
13,33934,-0.042977895587682724,,,
13,33939,-0.058340657502412796,,,
13,33944,-0.057018790394067764,,,
13,33949,-0.042851656675338745,,,
13,33954,-0.05028274282813072,,,
13,33959,-0.03413791209459305,,,
13,33964,-0.046886954456567764,,,
13,33969,-0.04926328361034393,,,
13,33974,-0.03632448986172676,,,
13,33979,-0.02050582692027092,,,
13,33984,-0.049484625458717346,,,
13,33989,-0.046577997505664825,,,
13,33994,-0.04124465212225914,,,
13,33999,-0.029110003262758255,,,
13,34004,-0.04778052121400833,,,
13,34009,-0.037242863327264786,,,
13,34014,-0.05487003177404404,,,
13,34019,-0.020930316299200058,,,
13,34024,-0.030325571075081825,,,
13,34029,-0.038533784449100494,,,
13,34034,-0.022135265171527863,,,
13,34039,-0.0018564872443675995,,,
13,34044,-0.056738004088401794,,,
13,34049,-0.058379851281642914,,,
13,34054,-0.04470197111368179,,,
13,34059,-0.05999286472797394,,,
13,34064,-0.06655769050121307,,,
13,34069,-0.03776778653264046,,,
13,34074,-0.02316063642501831,,,
13,34079,-0.05109940841794014,,,
13,34084,-0.04220946505665779,,,
13,34089,-0.06733595579862595,,,
13,34094,-0.04996541887521744,,,
13,34099,-0.03396060690283775,,,
13,34104,-0.05158739164471626,,,
13,34109,-0.03991585224866867,,,
13,34114,-0.04142945632338524,,,
13,34119,-0.051121391355991364,,,
13,34124,-0.05303792655467987,,,
13,34129,-0.040395502001047134,,,
13,34134,-0.05145600065588951,,,
13,34139,-0.03909875079989433,,,
13,34144,-0.03742244094610214,,,
13,34149,-0.05189892277121544,,,
13,34154,-0.04079997539520264,,,
13,34159,-0.03543643653392792,,,
13,34164,-0.05781598761677742,,,
13,34169,-0.04298490285873413,,,
13,34174,-0.02977690100669861,,,
13,34179,-0.04300334304571152,,,
13,34184,-0.05883731693029404,,,
13,34189,-0.05217897891998291,,,
13,34194,-0.05149513855576515,,,
13,34199,-0.03661027178168297,,,
13,34204,-0.0393017940223217,,,
13,34209,-0.029763642698526382,,,
13,34214,-0.03766528517007828,,,
13,34219,-0.07116078585386276,,,
13,34224,-0.04939860478043556,,,
13,34229,-0.044799454510211945,,,
13,34234,-0.016645748168230057,,,
13,34239,-0.028879258781671524,,,
13,34244,-0.06971092522144318,,,
13,34249,-0.05155244097113609,,,
13,34254,-0.022336527705192566,,,
13,34259,-0.06358245015144348,,,
13,34264,-0.05198371410369873,,,
13,34269,-0.03988902270793915,,,
13,34274,-0.03057127818465233,,,
13,34279,-0.0430719256401062,,,
13,34284,-0.043861813843250275,,,
13,34289,-0.03696969151496887,,,
13,34294,-0.03116941638290882,,,
13,34299,-0.04508503898978233,,,
13,34304,-0.03922012820839882,,,
13,34309,-0.054542362689971924,,,
13,34314,-0.07007390260696411,,,
13,34319,-0.05086673051118851,,,
13,34324,-0.04298952594399452,,,
13,34329,-0.043367043137550354,,,
13,34334,-0.048046596348285675,,,
13,34339,-0.05135627090930939,,,
13,34344,-0.046370428055524826,,,
13,34349,-0.05381800979375839,,,
13,34354,-0.04325203597545624,,,
13,34359,-0.037586137652397156,,,
13,34364,-0.036123111844062805,,,
13,34369,-0.030219029635190964,,,
13,34374,-0.052174992859363556,,,
13,34379,-0.0512474924325943,,,
13,34384,-0.03496185690164566,,,
13,34389,-0.04008135944604874,,,
13,34394,-0.03273511305451393,,,
13,34399,-0.06177167594432831,,,
13,34404,-0.033814672380685806,,,
13,34409,-0.04747362434864044,,,
13,34414,-0.05739399045705795,,,
13,34419,-0.05998685956001282,,,
13,34424,-0.040581464767456055,,,
13,34429,-0.04027077183127403,,,
13,34434,-0.04460357129573822,,,
13,34439,-0.04367435351014137,,,
13,34444,-0.023024708032608032,,,
13,34449,-0.030377939343452454,,,
13,34454,-0.03708862513303757,,,
13,34459,-0.05091121420264244,,,
13,34464,-0.07998396456241608,,,
13,34469,-0.03579460829496384,,,
13,34474,-0.059206657111644745,,,
13,34479,-0.05185453221201897,,,
13,34484,-0.04569616541266441,,,
13,34489,-0.017349261790513992,,,
13,34494,-0.02856174297630787,,,
13,34499,-0.05039563775062561,,,
13,34504,-0.03485070914030075,,,
13,34509,-0.027641259133815765,,,
13,34514,-0.043453726917505264,,,
13,34519,-0.04821179434657097,,,
13,34524,-0.04644230008125305,,,
13,34529,-0.05087839439511299,,,
13,34534,-0.04658987373113632,,,
13,34539,-0.012645726092159748,,,
13,34544,-0.04384617507457733,,,
13,34549,-0.0427883118391037,,,
13,34554,-0.027815477922558784,,,
13,34559,-0.02172316610813141,,,
13,34564,-0.020766127854585648,,,
13,34569,-0.03046775609254837,,,
13,34574,-0.03838339447975159,,,
13,34579,-0.06570062041282654,,,
13,34584,-0.04371242970228195,,,
13,34589,-0.02371809631586075,,,
13,34594,-0.05433576554059982,,,
13,34599,-0.01879251003265381,,,
13,34604,-0.03235241770744324,,,
13,34609,-0.04770572483539581,,,
13,34614,-0.01847594603896141,,,
13,34619,-0.04677547141909599,,,
13,34624,-0.024337148293852806,,,
13,34629,-0.02726011350750923,,,
13,34634,-0.04382063075900078,,,
13,34639,-0.03414455056190491,,,
13,34644,-0.060562293976545334,,,
13,34649,-0.03644707426428795,,,
13,34654,-0.05590088292956352,,,
13,34659,-0.04274541884660721,,,
13,34664,-0.028313279151916504,,,
13,34669,-0.043060801923274994,,,
13,34674,-0.06636244058609009,,,
13,34679,-0.023625057190656662,,,
13,34684,-0.05104765668511391,,,
13,34689,-0.03872257098555565,,,
13,34694,-0.04244871065020561,,,
13,34699,-0.012621038593351841,,,
13,34704,-0.05989367514848709,,,
13,34709,-0.05864901840686798,,,
13,34714,-0.050459906458854675,,,
13,34719,-0.037867121398448944,,,
13,34724,-0.007659589406102896,,,
13,34729,-0.03492005169391632,,,
13,34734,-0.019930798560380936,,,
13,34739,-0.05172806978225708,,,
13,34744,-0.02883271500468254,,,
13,34749,-0.03505071997642517,,,
13,34754,-0.0358169749379158,,,
13,34759,-0.043684009462594986,,,
13,34764,-0.04065926373004913,,,
13,34769,-0.02959030494093895,,,
13,34774,-0.054298631846904755,,,
13,34779,-0.0360737182199955,,,
13,34784,-0.05591554939746857,,,
13,34789,-0.04921253025531769,,,
13,34794,-0.05401955544948578,,,
13,34799,-0.04682900756597519,,,
13,34804,-0.006444018334150314,,,
13,34809,0.01377379335463047,,,
13,34814,-0.04652520641684532,,,
13,34819,-0.01373340841382742,,,
13,34824,0.015340622514486313,,,
13,34829,-0.03605083376169205,,,
13,34834,-0.050359904766082764,,,
13,34839,-0.052400361746549606,,,
13,34844,-0.04609055072069168,,,
13,34849,-0.04083767905831337,,,
13,34854,-0.064620241522789,,,
13,34859,-0.035447925329208374,,,
13,34864,0.04561036452651024,,,
13,34869,-0.054345499724149704,,,
13,34874,-0.05089335888624191,,,
13,34879,-0.03905642032623291,,,
13,34884,-0.05266202241182327,,,
13,34889,-0.040822554379701614,,,
13,34894,-0.043425362557172775,,,
13,34899,-0.0483570396900177,,,
13,34904,-0.048312366008758545,,,
13,34909,-0.05415842682123184,,,
13,34914,-0.05408196896314621,,,
13,34919,-0.045801155269145966,,,
13,34924,-0.04840803146362305,,,
13,34929,-0.03403521329164505,,,
13,34934,-0.043983906507492065,,,
13,34939,-0.018894532695412636,,,
13,34944,-0.02698192372918129,,,
13,34949,-0.04330125451087952,,,
13,34954,-0.03625388815999031,,,
13,34959,-0.02998921647667885,,,
13,34964,-0.055723533034324646,,,
13,34969,-0.04969332367181778,,,
13,34974,-0.03511705994606018,,,
13,34979,-0.03854485973715782,,,
13,34984,-0.03885497897863388,,,
13,34989,-0.0631527453660965,,,
13,34994,-0.03782147914171219,,,
13,34999,-0.026039153337478638,,,
13,34999,,-0.039440955966711044,0.3131999969482422,0.602826714515686
14,35004,-0.05019795894622803,,,
14,35009,-0.058049317449331284,,,
14,35014,-0.06240648403763771,,,
14,35019,-0.059255339205265045,,,
14,35024,-0.04022248834371567,,,
14,35029,-0.02375304512679577,,,
14,35034,-0.0458066388964653,,,
14,35039,-0.049168720841407776,,,
14,35044,-0.03077337145805359,,,
14,35049,-0.05088596045970917,,,
14,35054,-0.03057819977402687,,,
14,35059,-0.021825794130563736,,,
14,35064,-0.04238514229655266,,,
14,35069,-0.047169607132673264,,,
14,35074,-0.04806092381477356,,,
14,35079,-0.038132067769765854,,,
14,35084,-0.034757260233163834,,,
14,35089,-0.04235825687646866,,,
14,35094,-0.042598895728588104,,,
14,35099,-0.028430424630641937,,,
14,35104,-0.039176225662231445,,,
14,35109,-0.029421105980873108,,,
14,35114,-0.05727045238018036,,,
14,35119,-0.031015584245324135,,,
14,35124,-0.04255211353302002,,,
14,35129,-0.05474312603473663,,,
14,35134,-0.03581051155924797,,,
14,35139,-0.02514338493347168,,,
14,35144,-0.04541733115911484,,,
14,35149,-0.05649029091000557,,,
14,35154,-0.06631486117839813,,,
14,35159,-0.04220142215490341,,,
14,35164,-0.033774930983781815,,,
14,35169,-0.027788257226347923,,,
14,35174,-0.02075391635298729,,,
14,35179,-0.03857237845659256,,,
14,35184,-0.04510067403316498,,,
14,35189,-0.041728634387254715,,,
14,35194,-0.04116085171699524,,,
14,35199,-0.036546364426612854,,,
14,35204,-0.03657585382461548,,,
14,35209,-0.04071754217147827,,,
14,35214,-0.04978310316801071,,,
14,35219,-0.04195252060890198,,,
14,35224,-0.028842750936746597,,,
14,35229,-0.04380190372467041,,,
14,35234,-0.03593100607395172,,,
14,35239,-0.017101828008890152,,,
14,35244,-0.05171508342027664,,,
14,35249,-0.042971592396497726,,,
14,35254,-0.044388964772224426,,,
14,35259,-0.03504014015197754,,,
14,35264,-0.047827042639255524,,,
14,35269,-0.05448479205369949,,,
14,35274,-0.03606058657169342,,,
14,35279,-0.04095469415187836,,,
14,35284,-0.03787004202604294,,,
14,35289,-0.03324389457702637,,,
14,35294,-0.0022579547949135303,,,
14,35299,-0.029107822105288506,,,
14,35304,-0.03699645772576332,,,
14,35309,-0.05278807133436203,,,
14,35314,-0.03941268473863602,,,
14,35319,-0.03311685472726822,,,
14,35324,-0.048254258930683136,,,
14,35329,-0.045490920543670654,,,
14,35334,-0.037179067730903625,,,
14,35339,-0.02968020737171173,,,
14,35344,-0.03601311519742012,,,
14,35349,-0.047972869127988815,,,
14,35354,-0.04605274647474289,,,
14,35359,-0.04565298929810524,,,
14,35364,-0.04782068729400635,,,
14,35369,-0.03669227659702301,,,
14,35374,-0.05444610118865967,,,
14,35379,-0.04623161256313324,,,
14,35384,-0.03496791422367096,,,
14,35389,-0.048582617193460464,,,
14,35394,-0.042780276387929916,,,
14,35399,-0.04581255838274956,,,
14,35404,-0.023442037403583527,,,
14,35409,-0.040568605065345764,,,
14,35414,-0.05638521537184715,,,
14,35419,-0.036029063165187836,,,
14,35424,-0.011218884028494358,,,
14,35429,-0.04853963851928711,,,
14,35434,-0.05146418511867523,,,
14,35439,-0.05265101045370102,,,
14,35444,-0.06177809461951256,,,
14,35449,-0.05193579941987991,,,
14,35454,-0.042085714638233185,,,
14,35459,-0.05632238835096359,,,
14,35464,-0.03519079089164734,,,
14,35469,-0.041293200105428696,,,
14,35474,-0.025401845574378967,,,
14,35479,-0.05654743313789368,,,
14,35484,-0.02194889634847641,,,
14,35489,-0.04221419617533684,,,
14,35494,-0.05313299968838692,,,
14,35499,-0.044193267822265625,,,
14,35504,-0.024602586403489113,,,
14,35509,-0.02799702249467373,,,
14,35514,-0.04946913570165634,,,
14,35519,-0.029709555208683014,,,
14,35524,-0.04873136058449745,,,
14,35529,-0.04339642822742462,,,
14,35534,-0.02696726657450199,,,
14,35539,-0.04827884957194328,,,
14,35544,-0.05675072222948074,,,
14,35549,-0.03682815656065941,,,
14,35554,-0.029394619166851044,,,
14,35559,-0.04875563457608223,,,
14,35564,-0.03223128244280815,,,
14,35569,-0.04245256632566452,,,
14,35574,-0.04606182500720024,,,
14,35579,-0.04692870378494263,,,
14,35584,-0.03742816299200058,,,
14,35589,-0.03073716163635254,,,
14,35594,-0.0391833633184433,,,
14,35599,-0.053384654223918915,,,
14,35604,-0.016398288309574127,,,
14,35609,-0.042907457798719406,,,
14,35614,-0.03603772819042206,,,
14,35619,-0.05910274386405945,,,
14,35624,-0.05754976347088814,,,
14,35629,-0.060822345316410065,,,
14,35634,-0.048570722341537476,,,
14,35639,-0.02382676675915718,,,
14,35644,-0.03908298537135124,,,
14,35649,-0.04503489285707474,,,
14,35654,0.0170632041990757,,,
14,35659,-0.04564116895198822,,,
14,35664,-0.024124080315232277,,,
14,35669,-0.016780249774456024,,,
14,35674,-0.039606623351573944,,,
14,35679,-0.02980729006230831,,,
14,35684,-0.048175305128097534,,,
14,35689,-0.06669028103351593,,,
14,35694,-0.03171822056174278,,,
14,35699,-0.03322404623031616,,,
14,35704,-0.03815937042236328,,,
14,35709,-0.04527182877063751,,,
14,35714,-0.016996128484606743,,,
14,35719,-0.039002083241939545,,,
14,35724,-0.04807065799832344,,,
14,35729,-0.03573368489742279,,,
14,35734,-0.03684171661734581,,,
14,35739,-0.04313656687736511,,,
14,35744,-0.03705410659313202,,,
14,35749,-0.03462725132703781,,,
14,35754,-0.040341369807720184,,,
14,35759,-0.02742036059498787,,,
14,35764,-0.06505309790372849,,,
14,35769,-0.03267020359635353,,,
14,35774,-0.04879309982061386,,,
14,35779,-0.020329579710960388,,,
14,35784,-0.027443131431937218,,,
14,35789,-0.05926676094532013,,,
14,35794,-0.04123706743121147,,,
14,35799,-0.024760492146015167,,,
14,35804,-0.04159364476799965,,,
14,35809,-0.04753900319337845,,,
14,35814,-0.04696442186832428,,,
14,35819,-0.055899474769830704,,,
14,35824,-0.034669287502765656,,,
14,35829,-0.035501908510923386,,,
14,35834,-0.05875818803906441,,,
14,35839,-0.054711200296878815,,,
14,35844,-0.04206334799528122,,,
14,35849,-0.011621914803981781,,,
14,35854,-0.03893519937992096,,,
14,35859,-0.0308808796107769,,,
14,35864,-0.04724356532096863,,,
14,35869,-0.03998951613903046,,,
14,35874,-0.033933691680431366,,,
14,35879,-0.050180934369564056,,,
14,35884,-0.036595214158296585,,,
14,35889,-0.030570825561881065,,,
14,35894,-0.05304049700498581,,,
14,35899,-0.037631548941135406,,,
14,35904,-0.04503422603011131,,,
14,35909,-0.04108525812625885,,,
14,35914,-0.03057052008807659,,,
14,35919,-0.045125797390937805,,,
14,35924,-0.029307710006833076,,,
14,35929,-0.036801666021347046,,,
14,35934,-0.060061015188694,,,
14,35939,-0.017097262665629387,,,
14,35944,-0.058200184255838394,,,
14,35949,-0.056194063276052475,,,
14,35954,-0.05261562764644623,,,
14,35959,-0.02060525491833687,,,
14,35964,-0.04794001206755638,,,
14,35969,-0.05897993594408035,,,
14,35974,-0.06201119348406792,,,
14,35979,-0.05208262801170349,,,
14,35984,-0.04690147191286087,,,
14,35989,-0.010449208319187164,,,
14,35994,-0.035281822085380554,,,
14,35999,-0.028563888743519783,,,
14,36004,-0.025041304528713226,,,
14,36009,-0.03765266388654709,,,
14,36014,-0.04375535994768143,,,
14,36019,-0.031050823628902435,,,
14,36024,-0.036631904542446136,,,
14,36029,-0.04019773751497269,,,
14,36034,-0.0540153831243515,,,
14,36039,-0.022041011601686478,,,
14,36044,-0.055526237934827805,,,
14,36049,-0.04666595906019211,,,
14,36054,-0.039519235491752625,,,
14,36059,-0.04925455152988434,,,
14,36064,-0.044237904250621796,,,
14,36069,-0.025720151141285896,,,
14,36074,-0.043119534850120544,,,
14,36079,-0.053513042628765106,,,
14,36084,-0.054966285824775696,,,
14,36089,-0.045885615050792694,,,
14,36094,-0.04215070605278015,,,
14,36099,0.00817711092531681,,,
14,36104,-0.04801696166396141,,,
14,36109,-0.04738522693514824,,,
14,36114,-0.03497806563973427,,,
14,36119,-0.056992463767528534,,,
14,36124,-0.01511397585272789,,,
14,36129,-0.041656844317913055,,,
14,36134,-0.054229095578193665,,,
14,36139,-0.04559346288442612,,,
14,36144,-0.02257782220840454,,,
14,36149,-0.05076160654425621,,,
14,36154,-0.04825593903660774,,,
14,36159,-0.04574357718229294,,,
14,36164,-0.052654020488262177,,,
14,36169,-0.05667898803949356,,,
14,36174,-0.04455019533634186,,,
14,36179,-0.04940204322338104,,,
14,36184,-0.02948322892189026,,,
14,36189,-0.023794883862137794,,,
14,36194,-0.03574429079890251,,,
14,36199,-0.044453978538513184,,,
14,36204,-0.037932075560092926,,,
14,36209,-0.02474551647901535,,,
14,36214,-0.04716719686985016,,,
14,36219,-0.030060771852731705,,,
14,36224,-0.05293963477015495,,,
14,36229,-0.032098475843667984,,,
14,36234,-0.04551643505692482,,,
14,36239,-0.04103625565767288,,,
14,36244,-0.02745027281343937,,,
14,36249,-0.051254432648420334,,,
14,36254,-0.03664350509643555,,,
14,36259,-0.049074530601501465,,,
14,36264,-0.06107024475932121,,,
14,36269,-0.05130141228437424,,,
14,36274,-0.045823268592357635,,,
14,36279,-0.03364387899637222,,,
14,36284,-0.00011058524250984192,,,
14,36289,-0.03922043740749359,,,
14,36294,-0.013072982430458069,,,
14,36299,-0.04841035604476929,,,
14,36304,-0.039533309638500214,,,
14,36309,-0.0371231772005558,,,
14,36314,-0.0564255565404892,,,
14,36319,-0.04675818979740143,,,
14,36324,-0.05212729424238205,,,
14,36329,-0.03620048984885216,,,
14,36334,-0.03375525027513504,,,
14,36339,-0.02496964856982231,,,
14,36344,-0.03352004662156105,,,
14,36349,-0.028442909941077232,,,
14,36354,-0.044540636241436005,,,
14,36359,-0.031433895230293274,,,
14,36364,-0.04991817846894264,,,
14,36369,-0.05406083166599274,,,
14,36374,-0.027349714189767838,,,
14,36379,-0.034959979355335236,,,
14,36384,-0.04042685404419899,,,
14,36389,-0.019563741981983185,,,
14,36394,-0.04839701950550079,,,
14,36399,-0.04488666355609894,,,
14,36404,-0.04772445559501648,,,
14,36409,-0.05219253897666931,,,
14,36414,-0.03938914090394974,,,
14,36419,-0.039885520935058594,,,
14,36424,-0.04547625780105591,,,
14,36429,-0.05255229026079178,,,
14,36434,-0.04992980882525444,,,
14,36439,-0.013082117773592472,,,
14,36444,-0.050172772258520126,,,
14,36449,-0.05329189822077751,,,
14,36454,-0.03593381494283676,,,
14,36459,-0.016618166118860245,,,
14,36464,-0.042275507003068924,,,
14,36469,-0.041684601455926895,,,
14,36474,-0.03194787725806236,,,
14,36479,-0.02977081388235092,,,
14,36484,-0.052090585231781006,,,
14,36489,-0.012396764941513538,,,
14,36494,-0.05090998858213425,,,
14,36499,-0.02837730571627617,,,
14,36504,-0.03293037787079811,,,
14,36509,-0.03383645787835121,,,
14,36514,-0.04154366999864578,,,
14,36519,-0.02209296077489853,,,
14,36524,-0.022044213488698006,,,
14,36529,-0.04795542359352112,,,
14,36534,-0.047832757234573364,,,
14,36539,-0.05023588240146637,,,
14,36544,-0.044950585812330246,,,
14,36549,-0.0419754758477211,,,
14,36554,-0.018470946699380875,,,
14,36559,-0.03501494228839874,,,
14,36564,-0.03493460267782211,,,
14,36569,-0.042859263718128204,,,
14,36574,-0.04854964837431908,,,
14,36579,-0.04692167043685913,,,
14,36584,-0.049071092158555984,,,
14,36589,-0.04762323945760727,,,
14,36594,-0.04107753187417984,,,
14,36599,-0.0420273020863533,,,
14,36604,-0.029763415455818176,,,
14,36609,-0.03304298594594002,,,
14,36614,-0.019698290154337883,,,
14,36619,-0.03385269641876221,,,
14,36624,-0.04392533004283905,,,
14,36629,-0.05258762091398239,,,
14,36634,-0.05444801598787308,,,
14,36639,-0.02930309623479843,,,
14,36644,-0.029725734144449234,,,
14,36649,-0.04905287176370621,,,
14,36654,-0.04664290323853493,,,
14,36659,-0.043035272508859634,,,
14,36664,-0.049988504499197006,,,
14,36669,-0.03704456984996796,,,
14,36674,-0.037619300186634064,,,
14,36679,-0.046453822404146194,,,
14,36684,-0.0361785814166069,,,
14,36689,-0.026737045496702194,,,
14,36694,-0.043028682470321655,,,
14,36699,-0.05293955281376839,,,
14,36704,-0.04590991139411926,,,
14,36709,-0.036246854811906815,,,
14,36714,-0.02723855711519718,,,
14,36719,-0.05015169084072113,,,
14,36724,-0.042065612971782684,,,
14,36729,-0.05851832032203674,,,
14,36734,-0.043764472007751465,,,
14,36739,-0.05437340587377548,,,
14,36744,-0.04781775921583176,,,
14,36749,-0.03229419142007828,,,
14,36754,-0.013162333518266678,,,
14,36759,-0.03874993324279785,,,
14,36764,-0.02784821391105652,,,
14,36769,-0.054102107882499695,,,
14,36774,-0.023756854236125946,,,
14,36779,-0.04333571717143059,,,
14,36784,-0.026659764349460602,,,
14,36789,-0.04799051210284233,,,
14,36794,-0.06539304554462433,,,
14,36799,-0.059695176780223846,,,
14,36804,-0.056591831147670746,,,
14,36809,-0.03253748267889023,,,
14,36814,-0.06116589531302452,,,
14,36819,-0.0441071018576622,,,
14,36824,-0.046662479639053345,,,
14,36829,-0.049294766038656235,,,
14,36834,-0.04834422096610069,,,
14,36839,-0.034353505820035934,,,
14,36844,-0.04070327430963516,,,
14,36849,-0.05169910937547684,,,
14,36854,-0.05456797406077385,,,
14,36859,-0.04791244864463806,,,
14,36864,-0.0464206226170063,,,
14,36869,-0.043198488652706146,,,
14,36874,-0.030366357415914536,,,
14,36879,-0.062215693295001984,,,
14,36884,-0.033172622323036194,,,
14,36889,-0.04010247439146042,,,
14,36894,-0.022878706455230713,,,
14,36899,-0.031882911920547485,,,
14,36904,-0.05600917711853981,,,
14,36909,-0.05200081691145897,,,
14,36914,-0.026048891246318817,,,
14,36919,-0.04100388288497925,,,
14,36924,-0.04745073243975639,,,
14,36929,-0.04255001246929169,,,
14,36934,-0.049006082117557526,,,
14,36939,-0.05605938285589218,,,
14,36944,-0.01609729416668415,,,
14,36949,-0.03166341036558151,,,
14,36954,-0.028559233993291855,,,
14,36959,-0.03626657649874687,,,
14,36964,-0.032125718891620636,,,
14,36969,-0.047820717096328735,,,
14,36974,-0.029328716918826103,,,
14,36979,-0.031730443239212036,,,
14,36984,-0.02919873036444187,,,
14,36989,-0.037529949098825455,,,
14,36994,-0.020767025649547577,,,
14,36999,-0.006050243973731995,,,
14,37004,-0.03965207189321518,,,
14,37009,-0.05566910654306412,,,
14,37014,-0.0474708266556263,,,
14,37019,-0.05317289009690285,,,
14,37024,-0.03738899156451225,,,
14,37029,-0.047481536865234375,,,
14,37034,-0.03899110108613968,,,
14,37039,-0.03325886279344559,,,
14,37044,-0.05410056933760643,,,
14,37049,-0.04724852368235588,,,
14,37054,-0.04878327623009682,,,
14,37059,-0.03175360709428787,,,
14,37064,-0.044406525790691376,,,
14,37069,-0.04157251864671707,,,
14,37074,-0.03782745450735092,,,
14,37079,-0.05231105536222458,,,
14,37084,-0.04819401353597641,,,
14,37089,-0.036465905606746674,,,
14,37094,-0.025610532611608505,,,
14,37099,-0.05724962055683136,,,
14,37104,-0.02967611327767372,,,
14,37109,-0.0259096659719944,,,
14,37114,-0.029881108552217484,,,
14,37119,-0.034327611327171326,,,
14,37124,-0.04082714021205902,,,
14,37129,-0.05275239050388336,,,
14,37134,-0.02890918031334877,,,
14,37139,-0.05511437729001045,,,
14,37144,-0.03689620643854141,,,
14,37149,-0.04473264515399933,,,
14,37154,-0.039418675005435944,,,
14,37159,-0.056113917380571365,,,
14,37164,-0.010863205417990685,,,
14,37169,-0.04178673028945923,,,
14,37174,-0.046872783452272415,,,
14,37179,-0.04165814071893692,,,
14,37184,-0.03590899705886841,,,
14,37189,-0.04903725907206535,,,
14,37194,-0.01825990341603756,,,
14,37199,-0.06397947669029236,,,
14,37204,-0.03335907310247421,,,
14,37209,-0.03795304894447327,,,
14,37214,-0.03708771988749504,,,
14,37219,-0.03656460717320442,,,
14,37224,-0.03233575075864792,,,
14,37229,-0.06531751155853271,,,
14,37234,-0.057649485766887665,,,
14,37239,-0.05793469026684761,,,
14,37244,0.025491608306765556,,,
14,37249,-0.041876599192619324,,,
14,37254,-0.02313622087240219,,,
14,37259,0.04398079589009285,,,
14,37264,-0.07497768849134445,,,
14,37269,-0.04446638375520706,,,
14,37274,-0.06289826333522797,,,
14,37279,-0.052800312638282776,,,
14,37284,-0.036102958023548126,,,
14,37289,-0.009361646138131618,,,
14,37294,-0.04265863448381424,,,
14,37299,-0.039272889494895935,,,
14,37304,-0.05543907359242439,,,
14,37309,-0.04685516655445099,,,
14,37314,-0.046759262681007385,,,
14,37319,-0.050381388515233994,,,
14,37324,-0.04633194953203201,,,
14,37329,-0.009568541310727596,,,
14,37334,-0.05273591727018356,,,
14,37339,-0.043005622923374176,,,
14,37344,-0.056264668703079224,,,
14,37349,-0.03145195543766022,,,
14,37354,-0.05941380187869072,,,
14,37359,-0.03296694532036781,,,
14,37364,-0.03534986078739166,,,
14,37369,-0.051689960062503815,,,
14,37374,-0.051398009061813354,,,
14,37379,-0.042897410690784454,,,
14,37384,-0.050095826387405396,,,
14,37389,-0.03489035367965698,,,
14,37394,-0.039626218378543854,,,
14,37399,-0.03797740861773491,,,
14,37404,-0.041412353515625,,,
14,37409,-0.04448910802602768,,,
14,37414,-0.04531281813979149,,,
14,37419,-0.02304168976843357,,,
14,37424,-0.05790237337350845,,,
14,37429,-0.019586559385061264,,,
14,37434,-0.03808807581663132,,,
14,37439,-0.03470618277788162,,,
14,37444,-0.028150536119937897,,,
14,37449,-0.05111272633075714,,,
14,37454,-0.03843159228563309,,,
14,37459,-0.04631093144416809,,,
14,37464,-0.046616412699222565,,,
14,37469,-0.02356874570250511,,,
14,37474,-0.03960186243057251,,,
14,37479,-0.054442230612039566,,,
14,37484,-0.04227638244628906,,,
14,37489,-0.04917328804731369,,,
14,37494,-0.04119227081537247,,,
14,37499,-0.03864944726228714,,,
14,37499,,-0.035853032022714615,0.3255000114440918,0.632850706577301
15,37504,-0.05575757846236229,,,
15,37509,-0.046194009482860565,,,
15,37514,-0.05888151377439499,,,
15,37519,-0.03246268630027771,,,
15,37524,-0.04120975732803345,,,
15,37529,-0.06554193794727325,,,
15,37534,-0.03692694753408432,,,
15,37539,-0.039430953562259674,,,
15,37544,-0.04762301594018936,,,
15,37549,-0.047713764011859894,,,
15,37554,-0.04801027476787567,,,
15,37559,-0.044003963470458984,,,
15,37564,0.036487020552158356,,,
15,37569,-0.037324219942092896,,,
15,37574,-0.041131243109703064,,,
15,37579,-0.046788111329078674,,,
15,37584,-0.03697247803211212,,,
15,37589,-0.04613678157329559,,,
15,37594,-0.052569180727005005,,,
15,37599,-0.05443385988473892,,,
15,37604,-0.03622322902083397,,,
15,37609,-0.021875666454434395,,,
15,37614,-0.03522374853491783,,,
15,37619,-0.02031642571091652,,,
15,37624,-0.037575945258140564,,,
15,37629,-0.05238336697220802,,,
15,37634,-0.057769663631916046,,,
15,37639,-0.05129874497652054,,,
15,37644,-0.04514634609222412,,,
15,37649,-0.030798116698861122,,,
15,37654,-0.04055795818567276,,,
15,37659,-0.041568171232938766,,,
15,37664,-0.04541151970624924,,,
15,37669,-0.031186869367957115,,,
15,37674,-0.028892600908875465,,,
15,37679,-0.03278394043445587,,,
15,37684,-0.05015183240175247,,,
15,37689,-0.02441118285059929,,,
15,37694,-0.00299936905503273,,,
15,37699,-0.03682771325111389,,,
15,37704,-0.06290885806083679,,,
15,37709,-0.05110270902514458,,,
15,37714,-0.04250439628958702,,,
15,37719,-0.05428924411535263,,,
15,37724,-0.030862607061862946,,,
15,37729,-0.028794072568416595,,,
15,37734,-0.024960987269878387,,,
15,37739,-0.04142497852444649,,,
15,37744,-0.04460853710770607,,,
15,37749,-0.05368722230195999,,,
15,37754,-0.05253426358103752,,,
15,37759,-0.047103624790906906,,,
15,37764,-0.0447642058134079,,,
15,37769,-0.057719431817531586,,,
15,37774,-0.05801732838153839,,,
15,37779,-0.03471648693084717,,,
15,37784,-0.03466121852397919,,,
15,37789,-0.044055379927158356,,,
15,37794,-0.019438523799180984,,,
15,37799,-0.02556099370121956,,,
15,37804,-0.045542653650045395,,,
15,37809,-0.024203617125749588,,,
15,37814,-0.03765014559030533,,,
15,37819,-0.05680666118860245,,,
15,37824,-0.04196350276470184,,,
15,37829,-0.05736657977104187,,,
15,37834,-0.05381162092089653,,,
15,37839,-0.02663695253431797,,,
15,37844,-0.028603602200746536,,,
15,37849,-0.04878995940089226,,,
15,37854,-0.03753028064966202,,,
15,37859,-0.04116624593734741,,,
15,37864,-0.057911355048418045,,,
15,37869,-0.03438994288444519,,,
15,37874,-0.03631001338362694,,,
15,37879,-0.03399788960814476,,,
15,37884,-0.04533600062131882,,,
15,37889,-0.03873526304960251,,,
15,37894,-0.021442964673042297,,,
15,37899,-0.04559888690710068,,,
15,37904,-0.05064649134874344,,,
15,37909,-0.03714838624000549,,,
15,37914,-0.026398401707410812,,,
15,37919,-0.04105198010802269,,,
15,37924,-0.033387936651706696,,,
15,37929,-0.03656718134880066,,,
15,37934,-0.01930101402103901,,,
15,37939,-0.03971690312027931,,,
15,37944,-0.040754709392786026,,,
15,37949,-0.04314929246902466,,,
15,37954,-0.026077143847942352,,,
15,37959,-0.025638706982135773,,,
15,37964,-0.045649707317352295,,,
15,37969,-0.020910389721393585,,,
15,37974,-0.04207463562488556,,,
15,37979,-0.027873490005731583,,,
15,37984,-0.012845616787672043,,,
15,37989,-0.060400061309337616,,,
15,37994,-0.025560786947607994,,,
15,37999,-0.050214625895023346,,,
15,38004,-0.06110530346632004,,,
15,38009,-0.03204738721251488,,,
15,38014,-0.04741153120994568,,,
15,38019,-0.024707237258553505,,,
15,38024,-0.04710569977760315,,,
15,38029,-0.06956112384796143,,,
15,38034,-0.027891036123037338,,,
15,38039,-0.04579577594995499,,,
15,38044,-0.05648902803659439,,,
15,38049,-0.051186490803956985,,,
15,38054,-0.06058032810688019,,,
15,38059,-0.0355074405670166,,,
15,38064,-0.03893079608678818,,,
15,38069,-0.0274374820291996,,,
15,38074,-0.03950772434473038,,,
15,38079,-0.050004370510578156,,,
15,38084,-0.054052527993917465,,,
15,38089,-0.04454857483506203,,,
15,38094,-0.042153265327215195,,,
15,38099,-0.02359018661081791,,,
15,38104,-0.05499079450964928,,,
15,38109,-0.029875557869672775,,,
15,38114,-0.012087752111256123,,,
15,38119,-0.03261733055114746,,,
15,38124,-0.061741720885038376,,,
15,38129,-0.054325565695762634,,,
15,38134,-0.028806369751691818,,,
15,38139,-0.041606876999139786,,,
15,38144,-0.032012954354286194,,,
15,38149,-0.0376148484647274,,,
15,38154,-0.037423741072416306,,,
15,38159,-0.05939926579594612,,,
15,38164,-0.03548450022935867,,,
15,38169,-0.054779522120952606,,,
15,38174,-0.0453399196267128,,,
15,38179,-0.04141407087445259,,,
15,38184,-0.038641124963760376,,,
15,38189,-0.044719353318214417,,,
15,38194,-0.039207108318805695,,,
15,38199,-0.046911321580410004,,,
15,38204,-0.04920410364866257,,,
15,38209,-0.030140170827507973,,,
15,38214,-0.04536435753107071,,,
15,38219,-0.04702088236808777,,,
15,38224,-0.03697412461042404,,,
15,38229,-0.0344976931810379,,,
15,38234,-0.04964494705200195,,,
15,38239,-0.05760861933231354,,,
15,38244,-0.05359170585870743,,,
15,38249,-0.03730916604399681,,,
15,38254,-0.04512852057814598,,,
15,38259,-0.06571811437606812,,,
15,38264,-0.02944187819957733,,,
15,38269,-0.05233733728528023,,,
15,38274,-0.03959103673696518,,,
15,38279,-0.0303637757897377,,,
15,38284,-0.043814290314912796,,,
15,38289,-0.04190920293331146,,,
15,38294,-0.00803612731397152,,,
15,38299,-0.06312152743339539,,,
15,38304,-0.05018628388643265,,,
15,38309,-0.04847734794020653,,,
15,38314,-0.03615579381585121,,,
15,38319,-0.009090021252632141,,,
15,38324,-0.003592992201447487,,,
15,38329,-0.04266253486275673,,,
15,38334,-0.05534805357456207,,,
15,38339,-0.04663144424557686,,,
15,38344,-0.03641222417354584,,,
15,38349,-0.03677894175052643,,,
15,38354,-0.02996866963803768,,,
15,38359,-0.05050759017467499,,,
15,38364,-0.029108285903930664,,,
15,38369,-0.03972771391272545,,,
15,38374,-0.045448921620845795,,,
15,38379,-0.03366832062602043,,,
15,38384,-0.02970488741993904,,,
15,38389,-0.044875696301460266,,,
15,38394,-0.0434410460293293,,,
15,38399,-0.030437301844358444,,,
15,38404,-0.043360237032175064,,,
15,38409,-0.04191412404179573,,,
15,38414,-0.027931181713938713,,,
15,38419,-0.015420437790453434,,,
15,38424,-0.04802099987864494,,,
15,38429,-0.03463264927268028,,,
15,38434,-0.037856973707675934,,,
15,38439,-0.02558331936597824,,,
15,38444,-0.04866721108555794,,,
15,38449,-0.041768379509449005,,,
15,38454,-0.010572359897196293,,,
15,38459,-0.04604055732488632,,,
15,38464,-0.009539032354950905,,,
15,38469,-0.034876078367233276,,,
15,38474,-0.04519737511873245,,,
15,38479,0.00019302219152450562,,,
15,38484,-0.04996655508875847,,,
15,38489,-0.0253925584256649,,,
15,38494,-0.056072480976581573,,,
15,38499,-0.05218324065208435,,,
15,38504,-0.034794408828020096,,,
15,38509,-0.0431181825697422,,,
15,38514,-0.03586846590042114,,,
15,38519,-0.04506760090589523,,,
15,38524,-0.06107182800769806,,,
15,38529,-0.04310416802763939,,,
15,38534,-0.04682762548327446,,,
15,38539,-0.0449489951133728,,,
15,38544,-0.026917215436697006,,,
15,38549,-0.04826671630144119,,,
15,38554,-0.049946293234825134,,,
15,38559,-0.04342721030116081,,,
15,38564,-0.02707515098154545,,,
15,38569,-0.02297225408256054,,,
15,38574,-0.033057235181331635,,,
15,38579,-0.032834574580192566,,,
15,38584,-0.04997099190950394,,,
15,38589,-0.052574872970581055,,,
15,38594,-0.04062739387154579,,,
15,38599,-0.037050921469926834,,,
15,38604,-0.04045525938272476,,,
15,38609,-0.05408811569213867,,,
15,38614,-0.04681593179702759,,,
15,38619,-0.023025793954730034,,,
15,38624,-0.05721992999315262,,,
15,38629,-0.03893902897834778,,,
15,38634,-0.03470827266573906,,,
15,38639,-0.014050780795514584,,,
15,38644,-0.05231666937470436,,,
15,38649,-0.019078660756349564,,,
15,38654,-0.051561228930950165,,,
15,38659,-0.03318203240633011,,,
15,38664,-0.032387278974056244,,,
15,38669,-0.03360654413700104,,,
15,38674,-0.04816048592329025,,,
15,38679,-0.029556866735219955,,,
15,38684,-0.010423993691802025,,,
15,38689,-0.042549893260002136,,,
15,38694,-0.01802767440676689,,,
15,38699,-0.047175515443086624,,,
15,38704,-0.028441525995731354,,,
15,38709,-0.03603493422269821,,,
15,38714,-0.037864506244659424,,,
15,38719,-0.04423850029706955,,,
15,38724,-0.04021679610013962,,,
15,38729,-0.03726954013109207,,,
15,38734,-0.04168316721916199,,,
15,38739,-0.049865588545799255,,,
15,38744,-0.019351225346326828,,,
15,38749,-0.013559379614889622,,,
15,38754,-0.04502709582448006,,,
15,38759,-0.024430429562926292,,,
15,38764,-0.03777216374874115,,,
15,38769,-0.05729962885379791,,,
15,38774,-0.03711256757378578,,,
15,38779,-0.04312881454825401,,,
15,38784,-0.05523456260561943,,,
15,38789,-0.042873237282037735,,,
15,38794,-0.04123251140117645,,,
15,38799,-0.04356727749109268,,,
15,38804,-0.03548251837491989,,,
15,38809,-0.04818182438611984,,,
15,38814,-0.026176007464528084,,,
15,38819,-0.06287882477045059,,,
15,38824,-0.045506224036216736,,,
15,38829,-0.03789316117763519,,,
15,38834,-0.02912532165646553,,,
15,38839,-0.0349036306142807,,,
15,38844,-0.03600950539112091,,,
15,38849,-0.05862179026007652,,,
15,38854,-0.04390136897563934,,,
15,38859,-0.027605582028627396,,,
15,38864,-0.032442979514598846,,,
15,38869,-0.05846298485994339,,,
15,38874,-0.04595324769616127,,,
15,38879,-0.04275941848754883,,,
15,38884,-0.052328407764434814,,,
15,38889,-0.0246511772274971,,,
15,38894,-0.02994692698121071,,,
15,38899,-0.029162107035517693,,,
15,38904,-0.03308308124542236,,,
15,38909,-0.033900078386068344,,,
15,38914,-0.04138950631022453,,,
15,38919,-0.041488245129585266,,,
15,38924,-0.04854178428649902,,,
15,38929,-0.03455360233783722,,,
15,38934,-0.04032663255929947,,,
15,38939,-0.043490126729011536,,,
15,38944,-0.04327724501490593,,,
15,38949,-0.0432993546128273,,,
15,38954,-0.030783936381340027,,,
15,38959,-0.05138947442173958,,,
15,38964,-0.04351712763309479,,,
15,38969,-0.044021621346473694,,,
15,38974,-0.05572201684117317,,,
15,38979,-0.056229367852211,,,
15,38984,-0.05269237607717514,,,
15,38989,-0.03664546087384224,,,
15,38994,-0.02464001253247261,,,
15,38999,-0.01538204587996006,,,
15,39004,-0.05266360938549042,,,
15,39009,-0.05272652581334114,,,
15,39014,-0.0460282564163208,,,
15,39019,-0.04834267497062683,,,
15,39024,-0.062402885407209396,,,
15,39029,-0.052426062524318695,,,
15,39034,-0.047801803797483444,,,
15,39039,-0.021023476496338844,,,
15,39044,-0.023626862093806267,,,
15,39049,-0.012119918130338192,,,
15,39054,-0.03542891517281532,,,
15,39059,-0.04441814497113228,,,
15,39064,-0.05759663134813309,,,
15,39069,-0.05100589245557785,,,
15,39074,-0.04619891569018364,,,
15,39079,-0.03737032413482666,,,
15,39084,-0.03638767451047897,,,
15,39089,-0.02134559117257595,,,
15,39094,-0.031208358705043793,,,
15,39099,-0.04459892585873604,,,
15,39104,-0.028145257383584976,,,
15,39109,-0.03853151947259903,,,
15,39114,-0.04490985348820686,,,
15,39119,-0.03695650398731232,,,
15,39124,-0.05850839242339134,,,
15,39129,-0.013941213488578796,,,
15,39134,-0.04815318062901497,,,
15,39139,-0.043809674680233,,,
15,39144,-0.044027261435985565,,,
15,39149,-0.06202545017004013,,,
15,39154,-0.05042123794555664,,,
15,39159,-0.05432017147541046,,,
15,39164,-0.03886542469263077,,,
15,39169,-0.052362777292728424,,,
15,39174,-0.03632455691695213,,,
15,39179,-0.03785832226276398,,,
15,39184,-0.053024772554636,,,
15,39189,-0.05441597104072571,,,
15,39194,-0.03339524567127228,,,
15,39199,-0.05485983192920685,,,
15,39204,-0.044716618955135345,,,
15,39209,-0.04276145249605179,,,
15,39214,-0.02509603276848793,,,
15,39219,-0.04237591475248337,,,
15,39224,-0.05174931883811951,,,
15,39229,-0.04831482470035553,,,
15,39234,-0.039430417120456696,,,
15,39239,-0.045692212879657745,,,
15,39244,-0.02433498576283455,,,
15,39249,-0.05135943740606308,,,
15,39254,-0.045381464064121246,,,
15,39259,-0.04252990707755089,,,
15,39264,-0.02851225808262825,,,
15,39269,-0.045947372913360596,,,
15,39274,-0.04964222013950348,,,
15,39279,-0.029654284939169884,,,
15,39284,-0.027597367763519287,,,
15,39289,-0.0665779560804367,,,
15,39294,-0.03689800202846527,,,
15,39299,-0.022726260125637054,,,
15,39304,-0.04892367869615555,,,
15,39309,-0.06838460266590118,,,
15,39314,-0.02658172696828842,,,
15,39319,-0.03700884431600571,,,
15,39324,-0.05149286985397339,,,
15,39329,-0.03173965960741043,,,
15,39334,-0.037750132381916046,,,
15,39339,-0.047042228281497955,,,
15,39344,-0.04201226681470871,,,
15,39349,-0.03341826796531677,,,
15,39354,-0.026305703446269035,,,
15,39359,-0.0357971116900444,,,
15,39364,-0.048175565898418427,,,
15,39369,-0.04511786252260208,,,
15,39374,-0.04745890200138092,,,
15,39379,-0.02248718962073326,,,
15,39384,-0.043013788759708405,,,
15,39389,-0.04268939048051834,,,
15,39394,-0.03813191503286362,,,
15,39399,-0.05090286582708359,,,
15,39404,-0.031522057950496674,,,
15,39409,-0.045461684465408325,,,
15,39414,-0.036061111837625504,,,
15,39419,-0.003194596618413925,,,
15,39424,-0.034316956996917725,,,
15,39429,-0.04028257727622986,,,
15,39434,-0.03453366830945015,,,
15,39439,-0.05098365992307663,,,
15,39444,-0.022130534052848816,,,
15,39449,-0.050172023475170135,,,
15,39454,-0.01503733266144991,,,
15,39459,-0.02818172797560692,,,
15,39464,-0.051108233630657196,,,
15,39469,-0.046747513115406036,,,
15,39474,-0.04741264879703522,,,
15,39479,-0.059127237647771835,,,
15,39484,-0.05134701356291771,,,
15,39489,-0.03855406492948532,,,
15,39494,-0.03669854253530502,,,
15,39499,-0.02211589924991131,,,
15,39504,-0.03726775199174881,,,
15,39509,-0.04918450117111206,,,
15,39514,-0.03737799450755119,,,
15,39519,-0.02948274277150631,,,
15,39524,-0.019108213484287262,,,
15,39529,-0.02700972743332386,,,
15,39534,-0.037349194288253784,,,
15,39539,-0.054028112441301346,,,
15,39544,-0.02089037373661995,,,
15,39549,-0.038312721997499466,,,
15,39554,-0.0331006795167923,,,
15,39559,-0.039789535105228424,,,
15,39564,-0.015902167186141014,,,
15,39569,-0.05224764719605446,,,
15,39574,-0.04426617547869682,,,
15,39579,-0.011690921150147915,,,
15,39584,-0.04355483502149582,,,
15,39589,-0.04712345451116562,,,
15,39594,-0.05478913336992264,,,
15,39599,-0.045477189123630524,,,
15,39604,-0.021683335304260254,,,
15,39609,-0.0303562730550766,,,
15,39614,-0.04565953463315964,,,
15,39619,-0.015504293143749237,,,
15,39624,-0.06500903517007828,,,
15,39629,-0.03858734667301178,,,
15,39634,-0.052083246409893036,,,
15,39639,-0.04316943883895874,,,
15,39644,-0.030680885538458824,,,
15,39649,-0.046320635825395584,,,
15,39654,-0.02373708412051201,,,
15,39659,-0.0025328248739242554,,,
15,39664,-0.038357533514499664,,,
15,39669,-0.04162285476922989,,,
15,39674,-0.034132808446884155,,,
15,39679,-0.04370339214801788,,,
15,39684,-0.04870960861444473,,,
15,39689,-0.046813953667879105,,,
15,39694,-0.021418645977973938,,,
15,39699,-0.035269130021333694,,,
15,39704,-0.03693032264709473,,,
15,39709,-0.040882572531700134,,,
15,39714,-0.02188517339527607,,,
15,39719,-0.05672699958086014,,,
15,39724,-0.03569895774126053,,,
15,39729,-0.040690209716558456,,,
15,39734,-0.03979145362973213,,,
15,39739,-0.030790159478783607,,,
15,39744,-0.05002571642398834,,,
15,39749,-0.017701542004942894,,,
15,39754,-0.051743704825639725,,,
15,39759,-0.03595055267214775,,,
15,39764,-0.048664435744285583,,,
15,39769,-0.03711012378334999,,,
15,39774,-0.03970123082399368,,,
15,39779,-0.047709811478853226,,,
15,39784,-0.020389271900057793,,,
15,39789,-0.04871775209903717,,,
15,39794,-0.033789388835430145,,,
15,39799,-0.052952345460653305,,,
15,39804,-0.058208025991916656,,,
15,39809,-0.06141941249370575,,,
15,39814,-0.04986695945262909,,,
15,39819,-0.04755508899688721,,,
15,39824,-0.0535571314394474,,,
15,39829,-0.054834991693496704,,,
15,39834,-0.04555545002222061,,,
15,39839,-0.03616093844175339,,,
15,39844,-0.018848523497581482,,,
15,39849,-0.03396184742450714,,,
15,39854,-0.05194997414946556,,,
15,39859,-0.05349777266383171,,,
15,39864,-0.03742414712905884,,,
15,39869,-0.039782844483852386,,,
15,39874,-0.043756138533353806,,,
15,39879,-0.042092952877283096,,,
15,39884,-0.04550614207983017,,,
15,39889,-0.016706228256225586,,,
15,39894,-0.03886158764362335,,,
15,39899,-0.06976735591888428,,,
15,39904,-0.03351268917322159,,,
15,39909,-0.056599341332912445,,,
15,39914,-0.04281899333000183,,,
15,39919,-0.05245140194892883,,,
15,39924,-0.0396227166056633,,,
15,39929,-0.04119459539651871,,,
15,39934,-0.05846355855464935,,,
15,39939,-0.06417019665241241,,,
15,39944,-0.034376874566078186,,,
15,39949,-0.04777280613780022,,,
15,39954,-0.03910573571920395,,,
15,39959,-0.03491093963384628,,,
15,39964,-0.05231542885303497,,,
15,39969,-0.042346928268671036,,,
15,39974,-0.04785663262009621,,,
15,39979,-0.036771923303604126,,,
15,39984,-0.054813019931316376,,,
15,39989,-0.043416962027549744,,,
15,39994,-0.02313263900578022,,,
15,39999,-0.04354681819677353,,,
15,39999,,-0.04253305122256279,0.2994000017642975,0.5866855978965759
16,40004,-0.02726731263101101,,,
16,40009,-0.018668444827198982,,,
16,40014,-0.06597185134887695,,,
16,40019,-0.04956015199422836,,,
16,40024,-0.04046700522303581,,,
16,40029,-0.04088025540113449,,,
16,40034,-0.0388600118458271,,,
16,40039,-0.040686801075935364,,,
16,40044,-0.05246906727552414,,,
16,40049,-0.04059912636876106,,,
16,40054,-0.04987041652202606,,,
16,40059,-0.05507565662264824,,,
16,40064,-0.045084819197654724,,,
16,40069,-0.0470283180475235,,,
16,40074,-0.02091553807258606,,,
16,40079,-0.043797411024570465,,,
16,40084,-0.038985151797533035,,,
16,40089,-0.056887347251176834,,,
16,40094,-0.04675357788801193,,,
16,40099,-0.04376966506242752,,,
16,40104,-0.05674898996949196,,,
16,40109,-0.013474250212311745,,,
16,40114,-0.022679347544908524,,,
16,40119,-0.052815042436122894,,,
16,40124,-0.0543719083070755,,,
16,40129,-0.034846290946006775,,,
16,40134,-0.04220881313085556,,,
16,40139,-0.05325460806488991,,,
16,40144,-0.0315525121986866,,,
16,40149,-0.02945111319422722,,,
16,40154,-0.02966216579079628,,,
16,40159,-0.015236838720738888,,,
16,40164,-0.05428735539317131,,,
16,40169,-0.06913184374570847,,,
16,40174,-0.040256988257169724,,,
16,40179,-0.030522067099809647,,,
16,40184,-0.03829945623874664,,,
16,40189,-0.05232657492160797,,,
16,40194,-0.05139365792274475,,,
16,40199,-0.04175170511007309,,,
16,40204,-0.03961961343884468,,,
16,40209,-0.022759251296520233,,,
16,40214,-0.024588562548160553,,,
16,40219,-0.03748922795057297,,,
16,40224,-0.05863551050424576,,,
16,40229,-0.054489824920892715,,,
16,40234,-0.0351964570581913,,,
16,40239,-0.05496280640363693,,,
16,40244,-0.04778475686907768,,,
16,40249,-0.01554984413087368,,,
16,40254,-0.04856473207473755,,,
16,40259,-0.032697949558496475,,,
16,40264,-0.03081335499882698,,,
16,40269,-0.0335392989218235,,,
16,40274,-0.042074333876371384,,,
16,40279,-0.029146190732717514,,,
16,40284,-0.04567848891019821,,,
16,40289,-0.060094304382801056,,,
16,40294,-0.03956124931573868,,,
16,40299,-0.027602430433034897,,,
16,40304,-0.027586892247200012,,,
16,40309,-0.035813793540000916,,,
16,40314,-0.039146121591329575,,,
16,40319,-0.03628230094909668,,,
16,40324,-0.023150373250246048,,,
16,40329,-0.02816051058471203,,,
16,40334,-0.06037631630897522,,,
16,40339,-0.06331797689199448,,,
16,40344,-0.038122985512018204,,,
16,40349,-0.03683316707611084,,,
16,40354,-0.06012652814388275,,,
16,40359,-0.039322368800640106,,,
16,40364,-0.005552690476179123,,,
16,40369,-0.038685090839862823,,,
16,40374,-0.05049732327461243,,,
16,40379,-0.04157537594437599,,,
16,40384,-0.026736967265605927,,,
16,40389,-0.05859013646841049,,,
16,40394,-0.03962558135390282,,,
16,40399,-0.03528153523802757,,,
16,40404,-0.036689385771751404,,,
16,40409,-0.034478746354579926,,,
16,40414,-0.043106772005558014,,,
16,40419,-0.03405241295695305,,,
16,40424,-0.06315413117408752,,,
16,40429,-0.045468419790267944,,,
16,40434,-0.025431595742702484,,,
16,40439,-0.04491792246699333,,,
16,40444,-0.02890579216182232,,,
16,40449,-0.062096141278743744,,,
16,40454,-0.057379335165023804,,,
16,40459,-0.043245479464530945,,,
16,40464,-0.03754241019487381,,,
16,40469,-0.03318411484360695,,,
16,40474,-0.03212757408618927,,,
16,40479,-0.05068855732679367,,,
16,40484,-0.047100163996219635,,,
16,40489,-0.0469319224357605,,,
16,40494,-0.0474078468978405,,,
16,40499,-0.03403355926275253,,,
16,40504,-0.05101393908262253,,,
16,40509,-0.020764080807566643,,,
16,40514,-0.038353726267814636,,,
16,40519,-0.031953342258930206,,,
16,40524,-0.02274378389120102,,,
16,40529,-0.05809078365564346,,,
16,40534,-0.045005567371845245,,,
16,40539,-0.06083494797348976,,,
16,40544,-0.060240909457206726,,,
16,40549,-0.061188217252492905,,,
16,40554,-0.05611333250999451,,,
16,40559,-0.05168380215764046,,,
16,40564,-0.039794109761714935,,,
16,40569,-0.05401288717985153,,,
16,40574,-0.041164007037878036,,,
16,40579,-0.045060452073812485,,,
16,40584,-0.03850247710943222,,,
16,40589,-0.06435206532478333,,,
16,40594,-0.04087142273783684,,,
16,40599,-0.02436894178390503,,,
16,40604,-0.049719952046871185,,,
16,40609,-0.04855172336101532,,,
16,40614,-0.03226884454488754,,,
16,40619,-0.04774382337927818,,,
16,40624,-0.05047653615474701,,,
16,40629,-0.05297069251537323,,,
16,40634,-0.04030844569206238,,,
16,40639,-0.04132285714149475,,,
16,40644,-0.01722513511776924,,,
16,40649,-0.05195535719394684,,,
16,40654,-0.052877314388751984,,,
16,40659,-0.03869728371500969,,,
16,40664,-0.011639660224318504,,,
16,40669,-0.04445654898881912,,,
16,40674,-0.05129881203174591,,,
16,40679,-0.03405458852648735,,,
16,40684,-0.0245201475918293,,,
16,40689,-0.039487846195697784,,,
16,40694,-0.030676092952489853,,,
16,40699,-0.04197302460670471,,,
16,40704,-0.0566406324505806,,,
16,40709,-0.021741226315498352,,,
16,40714,-0.027644801884889603,,,
16,40719,-0.03987029567360878,,,
16,40724,-0.03141113743185997,,,
16,40729,-0.05164194852113724,,,
16,40734,-0.03221689909696579,,,
16,40739,-0.0547492541372776,,,
16,40744,-0.027368497103452682,,,
16,40749,-0.03942694514989853,,,
16,40754,-0.04437340423464775,,,
16,40759,-0.054469019174575806,,,
16,40764,-0.04193775728344917,,,
16,40769,-0.0328516848385334,,,
16,40774,-0.03418189287185669,,,
16,40779,-0.04938173666596413,,,
16,40784,-0.06061936169862747,,,
16,40789,-0.04176642745733261,,,
16,40794,-0.06018902361392975,,,
16,40799,-0.04664796590805054,,,
16,40804,-0.03105655126273632,,,
16,40809,-0.055567532777786255,,,
16,40814,-0.04173620790243149,,,
16,40819,-0.043001532554626465,,,
16,40824,-0.0384698286652565,,,
16,40829,-0.03981398046016693,,,
16,40834,-0.04523360729217529,,,
16,40839,-0.03859319910407066,,,
16,40844,-0.06903544813394547,,,
16,40849,-0.06598799675703049,,,
16,40854,-0.038206059485673904,,,
16,40859,-0.03458154574036598,,,
16,40864,-0.04138137772679329,,,
16,40869,-0.02644013613462448,,,
16,40874,-0.021204978227615356,,,
16,40879,-0.03589532524347305,,,
16,40884,-0.040016934275627136,,,
16,40889,-0.034215547144412994,,,
16,40894,-0.03931722790002823,,,
16,40899,-0.017928780987858772,,,
16,40904,-0.05344388261437416,,,
16,40909,-0.034434717148542404,,,
16,40914,-0.060174308717250824,,,
16,40919,-0.03142145276069641,,,
16,40924,-0.038333628326654434,,,
16,40929,-0.03822070732712746,,,
16,40934,-0.05214449763298035,,,
16,40939,-0.02979559823870659,,,
16,40944,-0.04014316201210022,,,
16,40949,-0.03838590532541275,,,
16,40954,-0.030175773426890373,,,
16,40959,-0.03621268644928932,,,
16,40964,-0.03789609298110008,,,
16,40969,-0.011117919348180294,,,
16,40974,-0.052589304745197296,,,
16,40979,-0.0526687428355217,,,
16,40984,-0.04112895578145981,,,
16,40989,-0.03355719894170761,,,
16,40994,-0.03991967439651489,,,
16,40999,-0.02634464204311371,,,
16,41004,-0.03499480336904526,,,
16,41009,-0.039260171353816986,,,
16,41014,-0.03170214593410492,,,
16,41019,-0.05615466833114624,,,
16,41024,-0.03919953107833862,,,
16,41029,-0.035214781761169434,,,
16,41034,-0.041006773710250854,,,
16,41039,-0.003728889860212803,,,
16,41044,-0.03724149242043495,,,
16,41049,-0.0294642373919487,,,
16,41054,-0.04029487073421478,,,
16,41059,-0.026622749865055084,,,
16,41064,-0.036736030131578445,,,
16,41069,-0.040469251573085785,,,
16,41074,-0.045201223343610764,,,
16,41079,-0.02804507501423359,,,
16,41084,-0.0300065316259861,,,
16,41089,-0.04964086413383484,,,
16,41094,-0.039909787476062775,,,
16,41099,-0.040737029165029526,,,
16,41104,-0.03992731124162674,,,
16,41109,-0.04115155711770058,,,
16,41114,-0.029772605746984482,,,
16,41119,-0.038082778453826904,,,
16,41124,-0.02274245023727417,,,
16,41129,-0.04423868656158447,,,
16,41134,-0.03559819236397743,,,
16,41139,-0.045135337859392166,,,
16,41144,-0.03329029306769371,,,
16,41149,-0.03998827561736107,,,
16,41154,-0.04817940294742584,,,
16,41159,-0.024808842688798904,,,
16,41164,-0.04751863330602646,,,
16,41169,-0.047338418662548065,,,
16,41174,-0.04481661319732666,,,
16,41179,-0.039065442979335785,,,
16,41184,-0.04795701801776886,,,
16,41189,-0.05682682245969772,,,
16,41194,-0.05312401056289673,,,
16,41199,-0.042849913239479065,,,
16,41204,-0.02838139235973358,,,
16,41209,-0.045772485435009,,,
16,41214,-0.03406468778848648,,,
16,41219,-0.058747854083776474,,,
16,41224,-0.050219014286994934,,,
16,41229,-0.046664390712976456,,,
16,41234,-0.03655137121677399,,,
16,41239,-0.04664762318134308,,,
16,41244,-0.0297812819480896,,,
16,41249,-0.023282621055841446,,,
16,41254,-0.05263424292206764,,,
16,41259,-0.04568243771791458,,,
16,41264,-0.02262944169342518,,,
16,41269,-0.047693781554698944,,,
16,41274,-0.04365990310907364,,,
16,41279,-0.04095139354467392,,,
16,41284,-0.028218049556016922,,,
16,41289,-0.044558487832546234,,,
16,41294,-0.03405388444662094,,,
16,41299,-0.034007396548986435,,,
16,41304,-0.021196464076638222,,,
16,41309,-0.04930416867136955,,,
16,41314,-0.022466536611318588,,,
16,41319,-0.01786917820572853,,,
16,41324,-0.04510816931724548,,,
16,41329,-0.058239784091711044,,,
16,41334,-0.04425834119319916,,,
16,41339,-0.03748061880469322,,,
16,41344,-0.05886644870042801,,,
16,41349,-0.0025689061731100082,,,
16,41354,-0.054648105055093765,,,
16,41359,-0.02733740210533142,,,
16,41364,-0.028947437182068825,,,
16,41369,-0.016901260241866112,,,
16,41374,-0.04851755499839783,,,
16,41379,-0.051508184522390366,,,
16,41384,-0.048097945749759674,,,
16,41389,-0.04033045470714569,,,
16,41394,-0.038611579686403275,,,
16,41399,-0.035890839993953705,,,
16,41404,-0.03245183452963829,,,
16,41409,-0.052775945514440536,,,
16,41414,-0.02852659672498703,,,
16,41419,-0.034555062651634216,,,
16,41424,-0.03616025298833847,,,
16,41429,-0.03262893110513687,,,
16,41434,-0.04449319839477539,,,
16,41439,-0.04263275861740112,,,
16,41444,-0.04217271879315376,,,
16,41449,-0.03125990554690361,,,
16,41454,-0.05168470740318298,,,
16,41459,-0.03288853168487549,,,
16,41464,-0.048569709062576294,,,
16,41469,-0.04698437452316284,,,
16,41474,-0.03630005940794945,,,
16,41479,-0.04809354618191719,,,
16,41484,-0.05077770724892616,,,
16,41489,-0.051650989800691605,,,
16,41494,-0.02794998325407505,,,
16,41499,-0.033865123987197876,,,
16,41504,-0.030245056375861168,,,
16,41509,-0.048945553600788116,,,
16,41514,0.0021030111238360405,,,
16,41519,-0.0578487366437912,,,
16,41524,-0.05364831164479256,,,
16,41529,-0.04737825691699982,,,
16,41534,-0.042330194264650345,,,
16,41539,-0.04757436364889145,,,
16,41544,-0.044696077704429626,,,
16,41549,-0.025412842631340027,,,
16,41554,-0.04378863051533699,,,
16,41559,-0.06123260408639908,,,
16,41564,-0.030204394832253456,,,
16,41569,-0.04934190586209297,,,
16,41574,-0.04129951819777489,,,
16,41579,-0.03692660853266716,,,
16,41584,-0.044263340532779694,,,
16,41589,-0.014792926609516144,,,
16,41594,-0.05646378546953201,,,
16,41599,-0.05460016429424286,,,
16,41604,-0.041724640876054764,,,
16,41609,-0.03839581832289696,,,
16,41614,-0.05174525827169418,,,
16,41619,-0.05763833969831467,,,
16,41624,-0.03614882752299309,,,
16,41629,-0.0429055392742157,,,
16,41634,-0.04237925633788109,,,
16,41639,-0.04732976108789444,,,
16,41644,-0.041811101138591766,,,
16,41649,-0.033113181591033936,,,
16,41654,-0.03611069917678833,,,
16,41659,-0.037986986339092255,,,
16,41664,-0.0556768998503685,,,
16,41669,-0.027152005583047867,,,
16,41674,-0.04672395437955856,,,
16,41679,-0.040684156119823456,,,
16,41684,-0.026609938591718674,,,
16,41689,-0.057709649205207825,,,
16,41694,-0.03640202432870865,,,
16,41699,-0.030999017879366875,,,
16,41704,-0.04036751389503479,,,
16,41709,-0.03791440278291702,,,
16,41714,-0.03812470659613609,,,
16,41719,-0.045867353677749634,,,
16,41724,-0.03459165617823601,,,
16,41729,-0.056949056684970856,,,
16,41734,-0.029472269117832184,,,
16,41739,-0.0386345311999321,,,
16,41744,-0.04601086676120758,,,
16,41749,-0.04073644429445267,,,
16,41754,-0.032845981419086456,,,
16,41759,-0.02959258481860161,,,
16,41764,-0.03721771389245987,,,
16,41769,-0.04785033315420151,,,
16,41774,-0.04878592491149902,,,
16,41779,-0.021340977400541306,,,
16,41784,-0.0417657345533371,,,
16,41789,-0.04850096255540848,,,
16,41794,-0.008894102647900581,,,
16,41799,-0.06548997014760971,,,
16,41804,-0.0332130528986454,,,
16,41809,-0.0430154874920845,,,
16,41814,-0.05225071310997009,,,
16,41819,-0.0583171546459198,,,
16,41824,-0.04433458298444748,,,
16,41829,-0.017203351482748985,,,
16,41834,-0.03357367217540741,,,
16,41839,-0.03735007718205452,,,
16,41844,-0.05627875775098801,,,
16,41849,-0.036938685923814774,,,
16,41854,-0.05378175154328346,,,
16,41859,-0.052986301481723785,,,
16,41864,-0.03124399483203888,,,
16,41869,-0.04032737761735916,,,
16,41874,-0.04076240956783295,,,
16,41879,-0.04970448464155197,,,
16,41884,-0.03705884516239166,,,
16,41889,-0.06366550922393799,,,
16,41894,-0.015109995380043983,,,
16,41899,-0.05310223996639252,,,
16,41904,-0.0419706292450428,,,
16,41909,-0.03823116421699524,,,
16,41914,-0.029231328517198563,,,
16,41919,-0.030693141743540764,,,
16,41924,-0.04476821422576904,,,
16,41929,-0.015481207519769669,,,
16,41934,-0.025424327701330185,,,
16,41939,-0.03473398834466934,,,
16,41944,-0.05176961421966553,,,
16,41949,-0.028194747865200043,,,
16,41954,-0.030322277918457985,,,
16,41959,-0.05107518285512924,,,
16,41964,-0.04271137714385986,,,
16,41969,-0.03413470834493637,,,
16,41974,-0.03498908132314682,,,
16,41979,-0.036093130707740784,,,
16,41984,-0.019371256232261658,,,
16,41989,-0.07866093516349792,,,
16,41994,-0.03702860698103905,,,
16,41999,-0.035658545792102814,,,
16,42004,-0.0379440076649189,,,
16,42009,-0.03317344933748245,,,
16,42014,-0.04441332817077637,,,
16,42019,-0.050914306193590164,,,
16,42024,-0.031522080302238464,,,
16,42029,-0.048461515456438065,,,
16,42034,-0.047709621489048004,,,
16,42039,-0.06118117645382881,,,
16,42044,-0.037890635430812836,,,
16,42049,-0.044079139828681946,,,
16,42054,-0.03624799847602844,,,
16,42059,-0.03652125224471092,,,
16,42064,-0.03727641701698303,,,
16,42069,-0.04292662814259529,,,
16,42074,-0.04689530283212662,,,
16,42079,-0.03847059607505798,,,
16,42084,-0.03528663143515587,,,
16,42089,-0.059737008064985275,,,
16,42094,-0.039739832282066345,,,
16,42099,-0.04308875650167465,,,
16,42104,-0.04426068812608719,,,
16,42109,-0.04303816705942154,,,
16,42114,-0.03691777214407921,,,
16,42119,-0.024234812706708908,,,
16,42124,-0.011690746061503887,,,
16,42129,-0.0523599311709404,,,
16,42134,-0.055214643478393555,,,
16,42139,-0.033228471875190735,,,
16,42144,-0.03372206911444664,,,
16,42149,-0.033444758504629135,,,
16,42154,-0.03257717192173004,,,
16,42159,-0.043073877692222595,,,
16,42164,-0.02512110397219658,,,
16,42169,-0.028427470475435257,,,
16,42174,-0.0421215295791626,,,
16,42179,-0.04099613428115845,,,
16,42184,-0.05730333924293518,,,
16,42189,-0.05873830243945122,,,
16,42194,-0.039923787117004395,,,
16,42199,-0.054605454206466675,,,
16,42204,-0.04282023012638092,,,
16,42209,-0.05107807368040085,,,
16,42214,-0.050194334238767624,,,
16,42219,-0.03615894168615341,,,
16,42224,-0.043282050639390945,,,
16,42229,-0.061096593737602234,,,
16,42234,-0.038578636944293976,,,
16,42239,-0.031253937631845474,,,
16,42244,-0.037017691880464554,,,
16,42249,-0.03607720881700516,,,
16,42254,-0.04241164028644562,,,
16,42259,-0.04197262227535248,,,
16,42264,-0.029133303090929985,,,
16,42269,-0.03797333687543869,,,
16,42274,0.012659111991524696,,,
16,42279,-0.04770077392458916,,,
16,42284,-0.05094762146472931,,,
16,42289,-0.04709945619106293,,,
16,42294,-0.04332299530506134,,,
16,42299,-0.05066245421767235,,,
16,42304,-0.03229948878288269,,,
16,42309,-0.04138350486755371,,,
16,42314,-0.03333964943885803,,,
16,42319,-0.040833160281181335,,,
16,42324,-0.021428968757390976,,,
16,42329,-0.03940129652619362,,,
16,42334,-0.06173764541745186,,,
16,42339,-0.04747788608074188,,,
16,42344,-0.037751272320747375,,,
16,42349,-0.059437572956085205,,,
16,42354,-0.05447468161582947,,,
16,42359,-0.044446833431720734,,,
16,42364,-0.04901670292019844,,,
16,42369,-0.04391087219119072,,,
16,42374,-0.039805818349123,,,
16,42379,-0.026051774621009827,,,
16,42384,-0.053011372685432434,,,
16,42389,-0.04914306476712227,,,
16,42394,-0.05028846859931946,,,
16,42399,-0.045496515929698944,,,
16,42404,-0.037995874881744385,,,
16,42409,-0.006120151840150356,,,
16,42414,-0.04153374582529068,,,
16,42419,-0.03483811020851135,,,
16,42424,-0.03644256293773651,,,
16,42429,-0.04973746836185455,,,
16,42434,-0.03801998496055603,,,
16,42439,-0.04851983115077019,,,
16,42444,-0.04810025170445442,,,
16,42449,-0.03510275483131409,,,
16,42454,-0.0465734638273716,,,
16,42459,-0.009060904383659363,,,
16,42464,-0.05098468437790871,,,
16,42469,0.00948296394199133,,,
16,42474,-0.0571618527173996,,,
16,42479,-0.06289735436439514,,,
16,42484,-0.038058049976825714,,,
16,42489,-0.047750286757946014,,,
16,42494,-0.04897569864988327,,,
16,42499,-0.027564283460378647,,,
16,42499,,-0.03318971022963524,0.3089999854564667,0.5998333096504211
17,42504,-0.055995188653469086,,,
17,42509,-0.06497184187173843,,,
17,42514,-0.01197028812021017,,,
17,42519,-0.01354967337101698,,,
17,42524,-0.03637102246284485,,,
17,42529,-0.04473120719194412,,,
17,42534,-0.038067497313022614,,,
17,42539,-0.03973076492547989,,,
17,42544,-0.027312325313687325,,,
17,42549,-0.03230775147676468,,,
17,42554,-0.04963595047593117,,,
17,42559,-0.04370132088661194,,,
17,42564,-0.06504539400339127,,,
17,42569,-0.0399644672870636,,,
17,42574,-0.04002007842063904,,,
17,42579,-0.05150522664189339,,,
17,42584,-0.04899069666862488,,,
17,42589,-0.06017862260341644,,,
17,42594,-0.030446359887719154,,,
17,42599,-0.04339766874909401,,,
17,42604,-0.0365208201110363,,,
17,42609,-0.05000842362642288,,,
17,42614,-0.054410357028245926,,,
17,42619,-0.04288410395383835,,,
17,42624,-0.05125408619642258,,,
17,42629,-0.036168888211250305,,,
17,42634,-0.03134364262223244,,,
17,42639,-0.04217701405286789,,,
17,42644,-0.04622809588909149,,,
17,42649,-0.0256046149879694,,,
17,42654,-0.05153467506170273,,,
17,42659,-0.04097020626068115,,,
17,42664,-0.020418226718902588,,,
17,42669,-0.038362327963113785,,,
17,42674,-0.03654918074607849,,,
17,42679,-0.03421427309513092,,,
17,42684,-0.02687213569879532,,,
17,42689,-0.043233007192611694,,,
17,42694,-0.0353509783744812,,,
17,42699,-0.04242386668920517,,,
17,42704,-0.043688349425792694,,,
17,42709,-0.05455879867076874,,,
17,42714,-0.049783334136009216,,,
17,42719,-0.03138785436749458,,,
17,42724,-0.02951861172914505,,,
17,42729,-0.04691842198371887,,,
17,42734,-0.05156225711107254,,,
17,42739,-0.05152170732617378,,,
17,42744,-0.03219613432884216,,,
17,42749,-0.007477964274585247,,,
17,42754,-0.03429745137691498,,,
17,42759,-0.033754169940948486,,,
17,42764,-0.03737043961882591,,,
17,42769,-0.043147336691617966,,,
17,42774,-0.03985847905278206,,,
17,42779,-0.025702841579914093,,,
17,42784,-0.029071323573589325,,,
17,42789,-0.025774195790290833,,,
17,42794,-0.03659161925315857,,,
17,42799,-0.031183097511529922,,,
17,42804,-0.04534788802266121,,,
17,42809,-0.03794781118631363,,,
17,42814,-0.04310284182429314,,,
17,42819,-0.037905000150203705,,,
17,42824,-0.05135507136583328,,,
17,42829,-0.060311153531074524,,,
17,42834,-0.05235091596841812,,,
17,42839,-0.0411527045071125,,,
17,42844,-0.04528260976076126,,,
17,42849,-0.032175637781620026,,,
17,42854,-0.0285879448056221,,,
17,42859,-0.036056533455848694,,,
17,42864,-0.04828272759914398,,,
17,42869,-0.051272906363010406,,,
17,42874,-0.028885867446660995,,,
17,42879,-0.046614713966846466,,,
17,42884,-0.02643086016178131,,,
17,42889,-0.048717793077230453,,,
17,42894,-0.03708583489060402,,,
17,42899,-0.026578588411211967,,,
17,42904,-0.03928364813327789,,,
17,42909,-0.052837587893009186,,,
17,42914,-0.05033555254340172,,,
17,42919,-0.048180852085351944,,,
17,42924,-0.03158758953213692,,,
17,42929,-0.04209202900528908,,,
17,42934,-0.022992737591266632,,,
17,42939,-0.024785540997982025,,,
17,42944,-0.02485700510442257,,,
17,42949,-0.05144947022199631,,,
17,42954,-0.02070205844938755,,,
17,42959,-0.044181473553180695,,,
17,42964,-0.03429301828145981,,,
17,42969,-0.027927063405513763,,,
17,42974,-0.04414534941315651,,,
17,42979,-0.04815737158060074,,,
17,42984,-0.03526274114847183,,,
17,42989,-0.03162425756454468,,,
17,42994,-0.03317645564675331,,,
17,42999,-0.04655316472053528,,,
17,43004,-0.033066220581531525,,,
17,43009,-0.030311301350593567,,,
17,43014,-0.04251173511147499,,,
17,43019,-0.05092404782772064,,,
17,43024,-0.04725203290581703,,,
17,43029,-0.038436733186244965,,,
17,43034,0.004385257139801979,,,
17,43039,-0.058795273303985596,,,
17,43044,-0.045683201402425766,,,
17,43049,-0.042929112911224365,,,
17,43054,-0.036543168127536774,,,
17,43059,-0.04818350076675415,,,
17,43064,-0.0431382991373539,,,
17,43069,-0.049996133893728256,,,
17,43074,-0.05529627203941345,,,
17,43079,-0.05208330601453781,,,
17,43084,-0.048288494348526,,,
17,43089,-0.037838585674762726,,,
17,43094,-0.06085757911205292,,,
17,43099,-0.04160396382212639,,,
17,43104,-0.02681751362979412,,,
17,43109,-0.039457909762859344,,,
17,43114,-0.05392833799123764,,,
17,43119,-0.056157056242227554,,,
17,43124,-0.032964710146188736,,,
17,43129,-0.0324222669005394,,,
17,43134,-0.02286643534898758,,,
17,43139,-0.04744796082377434,,,
17,43144,-0.05168505012989044,,,
17,43149,-0.04494265466928482,,,
17,43154,-0.023729562759399414,,,
17,43159,-0.036955446004867554,,,
17,43164,-0.030793465673923492,,,
17,43169,-0.02555994689464569,,,
17,43174,-0.031414616852998734,,,
17,43179,-0.04041053354740143,,,
17,43184,-0.04546712711453438,,,
17,43189,-0.03861205279827118,,,
17,43194,-0.047022052109241486,,,
17,43199,-0.048275258392095566,,,
17,43204,-0.03976646810770035,,,
17,43209,-0.04590144008398056,,,
17,43214,-0.03310757502913475,,,
17,43219,-0.04463335871696472,,,
17,43224,-0.027946237474679947,,,
17,43229,-0.03126048296689987,,,
17,43234,-0.052837125957012177,,,
17,43239,-0.052205026149749756,,,
17,43244,-0.037404172122478485,,,
17,43249,-0.05059082806110382,,,
17,43254,-0.030270813032984734,,,
17,43259,-0.04052812233567238,,,
17,43264,-0.039180174469947815,,,
17,43269,-0.044881079345941544,,,
17,43274,-0.0438348688185215,,,
17,43279,-0.04925975948572159,,,
17,43284,-0.04632534831762314,,,
17,43289,-0.052505895495414734,,,
17,43294,-0.03955046832561493,,,
17,43299,-0.04116849601268768,,,
17,43304,-0.047233182936906815,,,
17,43309,-0.043384846299886703,,,
17,43314,-0.026452098041772842,,,
17,43319,-0.03629147261381149,,,
17,43324,-0.050576962530612946,,,
17,43329,-0.052006468176841736,,,
17,43334,-0.032678935676813126,,,
17,43339,-0.02893711067736149,,,
17,43344,-0.07349370419979095,,,
17,43349,-0.026094671338796616,,,
17,43354,-0.044006478041410446,,,
17,43359,-0.033200036734342575,,,
17,43364,-0.02454293519258499,,,
17,43369,-0.053096428513526917,,,
17,43374,-0.05376719683408737,,,
17,43379,-0.02328147552907467,,,
17,43384,-0.0422423854470253,,,
17,43389,-0.05820610374212265,,,
17,43394,-0.048701219260692596,,,
17,43399,-0.03789599612355232,,,
17,43404,-0.03935068100690842,,,
17,43409,-0.03704468533396721,,,
17,43414,-0.05353295058012009,,,
17,43419,-0.039277948439121246,,,
17,43424,-0.05208662897348404,,,
17,43429,-0.04782760888338089,,,
17,43434,-0.010664793662726879,,,
17,43439,-0.037039197981357574,,,
17,43444,-0.027363304048776627,,,
17,43449,-0.03134278953075409,,,
17,43454,-0.04867743328213692,,,
17,43459,-0.05946435406804085,,,
17,43464,-0.04670493304729462,,,
17,43469,-0.04714756831526756,,,
17,43474,-0.034332163631916046,,,
17,43479,-0.037721917033195496,,,
17,43484,-0.03694091737270355,,,
17,43489,-0.04480903595685959,,,
17,43494,-0.05492424964904785,,,
17,43499,-0.05102819576859474,,,
17,43504,-0.030669542029500008,,,
17,43509,-0.012061148881912231,,,
17,43514,-0.05394385755062103,,,
17,43519,-0.048951417207717896,,,
17,43524,-0.04169653356075287,,,
17,43529,-0.04798734188079834,,,
17,43534,-0.0294960867613554,,,
17,43539,-0.04639115557074547,,,
17,43544,-0.03959637135267258,,,
17,43549,-0.04775998741388321,,,
17,43554,-0.03280626982450485,,,
17,43559,-0.03298565000295639,,,
17,43564,-0.057745762169361115,,,
17,43569,-0.041235946118831635,,,
17,43574,-0.028025638312101364,,,
17,43579,-0.05572141706943512,,,
17,43584,-0.05116584151983261,,,
17,43589,-0.033045846968889236,,,
17,43594,-0.03783781826496124,,,
17,43599,-0.05627986043691635,,,
17,43604,-0.03610258921980858,,,
17,43609,-0.04820437729358673,,,
17,43614,-0.02175857499241829,,,
17,43619,-0.03612714633345604,,,
17,43624,-0.05444587022066116,,,
17,43629,-0.02686981111764908,,,
17,43634,-0.029221178963780403,,,
17,43639,-0.03809410333633423,,,
17,43644,-0.03852389007806778,,,
17,43649,-0.04640157148241997,,,
17,43654,-0.05690260976552963,,,
17,43659,-0.041548699140548706,,,
17,43664,-0.04877582564949989,,,
17,43669,-0.05319395288825035,,,
17,43674,-0.048545241355895996,,,
17,43679,-0.0403733104467392,,,
17,43684,-0.01878853514790535,,,
17,43689,-0.03201736509799957,,,
17,43694,-0.05384889617562294,,,
17,43699,-0.05338522791862488,,,
17,43704,-0.04817885905504227,,,
17,43709,-0.04849248379468918,,,
17,43714,-0.04262218624353409,,,
17,43719,-0.03792012110352516,,,
17,43724,-0.028281815350055695,,,
17,43729,-0.04097779095172882,,,
17,43734,-0.05893933027982712,,,
17,43739,-0.04247135668992996,,,
17,43744,-0.05820135027170181,,,
17,43749,-0.03575883060693741,,,
17,43754,-0.03369438648223877,,,
17,43759,-0.020716365426778793,,,
17,43764,-0.008435051888227463,,,
17,43769,-0.05114874616265297,,,
17,43774,-0.03709567338228226,,,
17,43779,-0.05257618427276611,,,
17,43784,-0.050201401114463806,,,
17,43789,-0.055540017783641815,,,
17,43794,-0.026390841230750084,,,
17,43799,-0.04004674777388573,,,
17,43804,-0.02319958806037903,,,
17,43809,-0.04460960254073143,,,
17,43814,-0.025148067623376846,,,
17,43819,-0.038301654160022736,,,
17,43824,-0.03098701871931553,,,
17,43829,-0.04452158510684967,,,
17,43834,-0.04129587113857269,,,
17,43839,-0.05352551490068436,,,
17,43844,-0.03804861754179001,,,
17,43849,-0.036873698234558105,,,
17,43854,-0.04296628758311272,,,
17,43859,-0.04342067241668701,,,
17,43864,-0.031556520611047745,,,
17,43869,-0.035775210708379745,,,
17,43874,-0.0556841604411602,,,
17,43879,-0.006011622026562691,,,
17,43884,-0.04196969419717789,,,
17,43889,-0.04563171789050102,,,
17,43894,-0.03873572498559952,,,
17,43899,-0.04314113408327103,,,
17,43904,-0.0344819501042366,,,
17,43909,-0.0325123593211174,,,
17,43914,-0.04356565698981285,,,
17,43919,-0.04044199734926224,,,
17,43924,-0.04990023747086525,,,
17,43929,-0.057435981929302216,,,
17,43934,-0.028880830854177475,,,
17,43939,-0.021424969658255577,,,
17,43944,-0.04333888739347458,,,
17,43949,-0.02862897887825966,,,
17,43954,-0.046914540231227875,,,
17,43959,-0.04739326983690262,,,
17,43964,-0.03722476586699486,,,
17,43969,-0.04373038560152054,,,
17,43974,-0.048449888825416565,,,
17,43979,-0.03527911379933357,,,
17,43984,-0.04861023649573326,,,
17,43989,-0.050295956432819366,,,
17,43994,-0.0414859876036644,,,
17,43999,-0.03759533911943436,,,
17,44004,-0.0626799613237381,,,
17,44009,-0.0444984957575798,,,
17,44014,-0.04571768268942833,,,
17,44019,-0.04340547323226929,,,
17,44024,-0.005792824551463127,,,
17,44029,-0.03844437003135681,,,
17,44034,-0.04857368394732475,,,
17,44039,-0.049318015575408936,,,
17,44044,-0.03962909057736397,,,
17,44049,-0.04584139212965965,,,
17,44054,-0.03540812432765961,,,
17,44059,-0.047479018568992615,,,
17,44064,-0.04517454653978348,,,
17,44069,-0.04984670504927635,,,
17,44074,-0.029014065861701965,,,
17,44079,-0.04729137569665909,,,
17,44084,-0.040688224136829376,,,
17,44089,-0.03862521052360535,,,
17,44094,-0.014357421547174454,,,
17,44099,-0.03998968005180359,,,
17,44104,-0.02937248721718788,,,
17,44109,-0.0501861646771431,,,
17,44114,-0.03161579370498657,,,
17,44119,-0.052026182413101196,,,
17,44124,-0.049420468509197235,,,
17,44129,-0.04880450293421745,,,
17,44134,-0.033542096614837646,,,
17,44139,-0.04359927400946617,,,
17,44144,-0.042489562183618546,,,
17,44149,-0.035238780081272125,,,
17,44154,-0.024153873324394226,,,
17,44159,-0.04430330544710159,,,
17,44164,-0.03097597509622574,,,
17,44169,-0.05001536011695862,,,
17,44174,-0.048648517578840256,,,
17,44179,-0.02637087181210518,,,
17,44184,-0.018215782940387726,,,
17,44189,-0.06251385807991028,,,
17,44194,-0.05471118539571762,,,
17,44199,-0.04249453544616699,,,
17,44204,-0.05559374392032623,,,
17,44209,-0.047665245831012726,,,
17,44214,-0.0451030433177948,,,
17,44219,-0.031003598123788834,,,
17,44224,-0.030733585357666016,,,
17,44229,-0.034822121262550354,,,
17,44234,-0.06181265041232109,,,
17,44239,-0.03295094519853592,,,
17,44244,-0.04241715371608734,,,
17,44249,-0.030950594693422318,,,
17,44254,-0.020926250144839287,,,
17,44259,-0.04297696053981781,,,
17,44264,-0.04813139885663986,,,
17,44269,-0.02662404254078865,,,
17,44274,-0.0156128890812397,,,
17,44279,-0.05047602206468582,,,
17,44284,-0.05499575287103653,,,
17,44289,-0.04927484691143036,,,
17,44294,-0.03505241125822067,,,
17,44299,-0.037274401634931564,,,
17,44304,-0.03824775665998459,,,
17,44309,-0.016123976558446884,,,
17,44314,-0.04388227313756943,,,
17,44319,-0.03801433742046356,,,
17,44324,-0.05258999764919281,,,
17,44329,-0.03328488767147064,,,
17,44334,-0.05143190920352936,,,
17,44339,-0.02948916330933571,,,
17,44344,-0.04329169541597366,,,
17,44349,-0.04320133104920387,,,
17,44354,-0.06473363935947418,,,
17,44359,-0.023999664932489395,,,
17,44364,-0.027016013860702515,,,
17,44369,-0.04617486894130707,,,
17,44374,-0.04700774699449539,,,
17,44379,-0.04319164901971817,,,
17,44384,-0.022837303578853607,,,
17,44389,-0.052081961184740067,,,
17,44394,-0.038053564727306366,,,
17,44399,-0.03279438614845276,,,
17,44404,-0.031154988333582878,,,
17,44409,-0.0727165937423706,,,
17,44414,-0.03955266252160072,,,
17,44419,-0.041008539497852325,,,
17,44424,-0.042327262461185455,,,
17,44429,-0.026345480233430862,,,
17,44434,-0.030707895755767822,,,
17,44439,-0.05260440334677696,,,
17,44444,-0.004262275993824005,,,
17,44449,-0.035601936280727386,,,
17,44454,-0.03683887794613838,,,
17,44459,-0.028173375874757767,,,
17,44464,-0.03591137006878853,,,
17,44469,-0.06709752231836319,,,
17,44474,-0.04573698714375496,,,
17,44479,-0.02709279954433441,,,
17,44484,-0.03871434926986694,,,
17,44489,-0.021099358797073364,,,
17,44494,-0.04038509726524353,,,
17,44499,-0.028999444097280502,,,
17,44504,-0.04869168996810913,,,
17,44509,-0.031362809240818024,,,
17,44514,-0.009208060801029205,,,
17,44519,-0.03902687877416611,,,
17,44524,-0.04219057410955429,,,
17,44529,-0.03725004196166992,,,
17,44534,-0.044262632727622986,,,
17,44539,-0.03974253311753273,,,
17,44544,-0.05844125151634216,,,
17,44549,-0.0429164282977581,,,
17,44554,-0.05056775361299515,,,
17,44559,-0.02753332443535328,,,
17,44564,-0.03620840609073639,,,
17,44569,-0.03629479557275772,,,
17,44574,-0.030808549374341965,,,
17,44579,-0.04960152506828308,,,
17,44584,-0.045093655586242676,,,
17,44589,-0.040685150772333145,,,
17,44594,-0.0398978516459465,,,
17,44599,-0.04156564921140671,,,
17,44604,-0.022686362266540527,,,
17,44609,-0.028603289276361465,,,
17,44614,-0.029214169830083847,,,
17,44619,-0.060905348509550095,,,
17,44624,-0.03782982379198074,,,
17,44629,-0.010824284516274929,,,
17,44634,-0.05005529522895813,,,
17,44639,-0.041917115449905396,,,
17,44644,-0.047278083860874176,,,
17,44649,-0.03692639619112015,,,
17,44654,-0.02885768748819828,,,
17,44659,-0.026828577741980553,,,
17,44664,-0.04782174900174141,,,
17,44669,-0.0360017865896225,,,
17,44674,-0.03355243802070618,,,
17,44679,-0.030546214431524277,,,
17,44684,-0.04369262605905533,,,
17,44689,-0.036766417324543,,,
17,44694,-0.037309955805540085,,,
17,44699,-0.045234739780426025,,,
17,44704,-0.04414808005094528,,,
17,44709,0.020462293177843094,,,
17,44714,-0.041454534977674484,,,
17,44719,-0.026607682928442955,,,
17,44724,-0.04212195426225662,,,
17,44729,-0.056804634630680084,,,
17,44734,-0.035750992596149445,,,
17,44739,-0.03333931788802147,,,
17,44744,-0.028291432186961174,,,
17,44749,-0.03476451709866524,,,
17,44754,-0.03342258185148239,,,
17,44759,-0.018778976052999496,,,
17,44764,-0.04031239077448845,,,
17,44769,-0.049680523574352264,,,
17,44774,-0.026347918435931206,,,
17,44779,-0.05362548306584358,,,
17,44784,-0.03527969866991043,,,
17,44789,-0.055285073816776276,,,
17,44794,-0.03867148235440254,,,
17,44799,-0.04725213721394539,,,
17,44804,-0.05151914060115814,,,
17,44809,-0.03982409089803696,,,
17,44814,-0.03310928866267204,,,
17,44819,-0.039396725594997406,,,
17,44824,-0.03989776596426964,,,
17,44829,-0.042285121977329254,,,
17,44834,-0.02606881596148014,,,
17,44839,-0.04587513953447342,,,
17,44844,-0.031724847853183746,,,
17,44849,-0.04584016650915146,,,
17,44854,-0.014220140874385834,,,
17,44859,-0.06447777152061462,,,
17,44864,-0.06957559287548065,,,
17,44869,-0.03682903200387955,,,
17,44874,-0.05490972101688385,,,
17,44879,-0.044525083154439926,,,
17,44884,-0.02510073035955429,,,
17,44889,-0.01966426894068718,,,
17,44894,-0.0410098060965538,,,
17,44899,-0.04124925285577774,,,
17,44904,-0.043121982365846634,,,
17,44909,-0.055498480796813965,,,
17,44914,-0.020777273923158646,,,
17,44919,-0.057164266705513,,,
17,44924,-0.044941436499357224,,,
17,44929,-0.05444701015949249,,,
17,44934,-0.05107545852661133,,,
17,44939,-0.04095008224248886,,,
17,44944,-0.04106193780899048,,,
17,44949,-0.036200717091560364,,,
17,44954,-0.04600152373313904,,,
17,44959,-0.04114980250597,,,
17,44964,-0.045112013816833496,,,
17,44969,-0.031058069318532944,,,
17,44974,-0.04625138267874718,,,
17,44979,-0.04820949584245682,,,
17,44984,-0.051034968346357346,,,
17,44989,-0.03842983767390251,,,
17,44994,-0.058506302535533905,,,
17,44999,-0.04538566619157791,,,
17,44999,,-0.038559019565582275,0.3073999881744385,0.6008327603340149
18,45004,-0.02963319793343544,,,
18,45009,-0.03252089023590088,,,
18,45014,0.002992851659655571,,,
18,45019,-0.04937804117798805,,,
18,45024,-0.03795844316482544,,,
18,45029,-0.04068123549222946,,,
18,45034,-0.04840288311243057,,,
18,45039,-0.0415613129734993,,,
18,45044,-0.04959649592638016,,,
18,45049,-0.040274105966091156,,,
18,45054,-0.020782360807061195,,,
18,45059,-0.01445153821259737,,,
18,45064,-0.04778198525309563,,,
18,45069,-0.042577750980854034,,,
18,45074,-0.03358202800154686,,,
18,45079,-0.03962605819106102,,,
18,45084,-0.026580415666103363,,,
18,45089,-0.028603484854102135,,,
18,45094,-0.02980651892721653,,,
18,45099,-0.02669576369225979,,,
18,45104,-0.031225081533193588,,,
18,45109,-0.041990336030721664,,,
18,45114,-0.04504409432411194,,,
18,45119,-0.032222822308540344,,,
18,45124,-0.033770520240068436,,,
18,45129,-0.046517759561538696,,,
18,45134,-0.053514689207077026,,,
18,45139,-0.03126915544271469,,,
18,45144,-0.053105536848306656,,,
18,45149,-0.05573384091258049,,,
18,45154,-0.03634774684906006,,,
18,45159,-0.02979053556919098,,,
18,45164,-0.0396297313272953,,,
18,45169,-0.022265106439590454,,,
18,45174,-0.028372254222631454,,,
18,45179,-0.028637493029236794,,,
18,45184,-0.044269926846027374,,,
18,45189,-0.03919323906302452,,,
18,45194,-0.03164619952440262,,,
18,45199,-0.04949275776743889,,,
18,45204,-0.042779311537742615,,,
18,45209,0.0010004695504903793,,,
18,45214,-0.04399971291422844,,,
18,45219,-0.04950766637921333,,,
18,45224,-0.04628618061542511,,,
18,45229,-0.031060291454195976,,,
18,45234,-0.04956977069377899,,,
18,45239,-0.03715730458498001,,,
18,45244,-0.03967541083693504,,,
18,45249,-0.018146472051739693,,,
18,45254,-0.04087100550532341,,,
18,45259,-0.04880017042160034,,,
18,45264,-0.04244642332196236,,,
18,45269,-0.030168429017066956,,,
18,45274,-0.04773285984992981,,,
18,45279,-0.029151011258363724,,,
18,45284,-0.057826220989227295,,,
18,45289,-0.041360415518283844,,,
18,45294,-0.04803118482232094,,,
18,45299,-0.05045805871486664,,,
18,45304,-0.03595287352800369,,,
18,45309,-0.05171103775501251,,,
18,45314,-0.04457738250494003,,,
18,45319,-0.04467799514532089,,,
18,45324,-0.04152300953865051,,,
18,45329,-0.027036376297473907,,,
18,45334,-0.048219602555036545,,,
18,45339,-0.05536292493343353,,,
18,45344,-0.05304761976003647,,,
18,45349,-0.03629409894347191,,,
18,45354,-0.04847883805632591,,,
18,45359,-0.043577201664447784,,,
18,45364,-0.04547842592000961,,,
18,45369,-0.05527894198894501,,,
18,45374,-0.0357479490339756,,,
18,45379,-0.030112793669104576,,,
18,45384,-0.034834399819374084,,,
18,45389,-0.051150694489479065,,,
18,45394,-0.047013502568006516,,,
18,45399,-0.02561875805258751,,,
18,45404,-0.039675138890743256,,,
18,45409,-0.03792707622051239,,,
18,45414,-0.0325467586517334,,,
18,45419,-0.021035660058259964,,,
18,45424,-0.02637549117207527,,,
18,45429,-0.04571162164211273,,,
18,45434,-0.052486833184957504,,,
18,45439,-0.05469822883605957,,,
18,45444,-0.03506501019001007,,,
18,45449,-0.056022290140390396,,,
18,45454,-0.04583325982093811,,,
18,45459,-0.04083604738116264,,,
18,45464,-0.03385244309902191,,,
18,45469,-0.058670610189437866,,,
18,45474,-0.03128281235694885,,,
18,45479,-0.04322894662618637,,,
18,45484,-0.04010441526770592,,,
18,45489,-0.025282956659793854,,,
18,45494,-0.043488696217536926,,,
18,45499,-0.033172108232975006,,,
18,45504,-0.04749244824051857,,,
18,45509,-0.03193528577685356,,,
18,45514,-0.018282532691955566,,,
18,45519,-0.058266956359148026,,,
18,45524,-0.02609630674123764,,,
18,45529,-0.031419914215803146,,,
18,45534,-0.03428765386343002,,,
18,45539,-0.056507885456085205,,,
18,45544,-0.044633783400058746,,,
18,45549,0.013789525255560875,,,
18,45554,-0.04103442654013634,,,
18,45559,-0.03726858273148537,,,
18,45564,-0.04204887896776199,,,
18,45569,-0.039923571050167084,,,
18,45574,-0.032412610948085785,,,
18,45579,-0.04017265886068344,,,
18,45584,-0.04382500797510147,,,
18,45589,-0.038406580686569214,,,
18,45594,-0.03976793214678764,,,
18,45599,-0.05257002264261246,,,
18,45604,-0.04649559408426285,,,
18,45609,-0.04152815043926239,,,
18,45614,-0.036445122212171555,,,
18,45619,-0.04325592517852783,,,
18,45624,-0.00976377259939909,,,
18,45629,-0.03047247976064682,,,
18,45634,-0.04737379774451256,,,
18,45639,-0.024154147133231163,,,
18,45644,-0.0359555184841156,,,
18,45649,-0.04143355041742325,,,
18,45654,-0.03505247086286545,,,
18,45659,-0.040221236646175385,,,
18,45664,-0.041030846536159515,,,
18,45669,-0.04063776880502701,,,
18,45674,-0.045397739857435226,,,
18,45679,-0.04393130540847778,,,
18,45684,-0.03995407372713089,,,
18,45689,-0.03972024843096733,,,
18,45694,-0.036122336983680725,,,
18,45699,-0.04055554419755936,,,
18,45704,-0.03735422343015671,,,
18,45709,-0.06084701791405678,,,
18,45714,-0.04031078517436981,,,
18,45719,-0.04214188829064369,,,
18,45724,-0.04220426082611084,,,
18,45729,-0.05041384696960449,,,
18,45734,-0.03137976676225662,,,
18,45739,-0.047495339065790176,,,
18,45744,-0.026322415098547935,,,
18,45749,-0.012855707667768002,,,
18,45754,-0.03265824913978577,,,
18,45759,-0.02626887708902359,,,
18,45764,-0.024851974099874496,,,
18,45769,-0.03977840021252632,,,
18,45774,-0.037869274616241455,,,
18,45779,-0.025035139173269272,,,
18,45784,-0.03757954761385918,,,
18,45789,-0.0339774489402771,,,
18,45794,-0.03028167225420475,,,
18,45799,-0.05790219083428383,,,
18,45804,-0.03073277696967125,,,
18,45809,-0.03590758889913559,,,
18,45814,-0.03196246922016144,,,
18,45819,-0.057308875024318695,,,
18,45824,-0.028614025563001633,,,
18,45829,-0.05143984034657478,,,
18,45834,-0.04450429230928421,,,
18,45839,-0.04137053340673447,,,
18,45844,-0.027248121798038483,,,
18,45849,-0.050754614174366,,,
18,45854,-0.05943926051259041,,,
18,45859,-0.04045116901397705,,,
18,45864,-0.03511117398738861,,,
18,45869,-0.018091456964612007,,,
18,45874,-0.04085342586040497,,,
18,45879,-0.019818810746073723,,,
18,45884,-0.03712280094623566,,,
18,45889,-0.05791603401303291,,,
18,45894,-0.049239061772823334,,,
18,45899,-0.03778460621833801,,,
18,45904,-0.044124092906713486,,,
18,45909,-0.05043027549982071,,,
18,45914,-0.025589631870388985,,,
18,45919,-0.0334298275411129,,,
18,45924,-0.04609907418489456,,,
18,45929,-0.05888425558805466,,,
18,45934,-0.056702084839344025,,,
18,45939,-0.05426726117730141,,,
18,45944,-0.044520482420921326,,,
18,45949,-0.04312293976545334,,,
18,45954,-0.026081860065460205,,,
18,45959,-0.043547727167606354,,,
18,45964,-0.04261096566915512,,,
18,45969,-0.04425419867038727,,,
18,45974,-0.037450484931468964,,,
18,45979,-0.0491793155670166,,,
18,45984,-0.03225558251142502,,,
18,45989,-0.03007657825946808,,,
18,45994,-0.033799245953559875,,,
18,45999,-0.052570562809705734,,,
18,46004,-0.04350408911705017,,,
18,46009,-0.0388248935341835,,,
18,46014,-0.019843904301524162,,,
18,46019,-0.026174647733569145,,,
18,46024,-0.020698435604572296,,,
18,46029,-0.04611441493034363,,,
18,46034,-0.038903895765542984,,,
18,46039,-0.02971665933728218,,,
18,46044,-0.04884575307369232,,,
18,46049,-0.04893534630537033,,,
18,46054,-0.05896296724677086,,,
18,46059,-0.04506576806306839,,,
18,46064,-0.02540799230337143,,,
18,46069,-0.055265724658966064,,,
18,46074,-0.030672218650579453,,,
18,46079,0.0031490372493863106,,,
18,46084,-0.05578802898526192,,,
18,46089,-0.04042498767375946,,,
18,46094,-0.0543287917971611,,,
18,46099,-0.057447757571935654,,,
18,46104,-0.0469210110604763,,,
18,46109,-0.05211430415511131,,,
18,46114,-0.05550691857933998,,,
18,46119,-0.03686058148741722,,,
18,46124,-0.037785716354846954,,,
18,46129,-0.01696562021970749,,,
18,46134,-0.02296290546655655,,,
18,46139,-0.02907346934080124,,,
18,46144,-0.027932768687605858,,,
18,46149,-0.03333302587270737,,,
18,46154,-0.03720300272107124,,,
18,46159,-0.05151676759123802,,,
18,46164,-0.03372602164745331,,,
18,46169,-0.034025922417640686,,,
18,46174,-0.045749157667160034,,,
18,46179,-0.035836491733789444,,,
18,46184,-0.02083682268857956,,,
18,46189,-0.026136763393878937,,,
18,46194,-0.05861160531640053,,,
18,46199,-0.02480868250131607,,,
18,46204,-0.0342625230550766,,,
18,46209,-0.05520115792751312,,,
18,46214,-0.025435488671064377,,,
18,46219,-0.06107358634471893,,,
18,46224,-0.04232612997293472,,,
18,46229,-0.02779458835721016,,,
18,46234,-0.040301647037267685,,,
18,46239,-0.048350393772125244,,,
18,46244,-0.04091411828994751,,,
18,46249,-0.016840338706970215,,,
18,46254,-0.04656880348920822,,,
18,46259,-0.04918830096721649,,,
18,46264,-0.06916415691375732,,,
18,46269,-0.013502602465450764,,,
18,46274,-0.036271728575229645,,,
18,46279,-0.0333658903837204,,,
18,46284,-0.049936443567276,,,
18,46289,-0.033716510981321335,,,
18,46294,-0.056505236774683,,,
18,46299,-0.04504140466451645,,,
18,46304,-0.05194954574108124,,,
18,46309,-0.04807930439710617,,,
18,46314,-0.04081379249691963,,,
18,46319,-0.036464545875787735,,,
18,46324,-0.03363124281167984,,,
18,46329,-0.03505317121744156,,,
18,46334,-0.04171358421444893,,,
18,46339,-0.03638486564159393,,,
18,46344,-0.0480387881398201,,,
18,46349,-0.04575072228908539,,,
18,46354,-0.03142499178647995,,,
18,46359,-0.008246628567576408,,,
18,46364,-0.04328154772520065,,,
18,46369,-0.057402946054935455,,,
18,46374,-0.06406926363706589,,,
18,46379,-0.05688301846385002,,,
18,46384,-0.04982627555727959,,,
18,46389,-0.04198528826236725,,,
18,46394,-0.03619924560189247,,,
18,46399,-0.04405685514211655,,,
18,46404,-0.03417002782225609,,,
18,46409,-0.036901019513607025,,,
18,46414,-0.038797684013843536,,,
18,46419,-0.034522850066423416,,,
18,46424,-0.028738748282194138,,,
18,46429,-0.040816012769937515,,,
18,46434,-0.04642520099878311,,,
18,46439,-0.04663369804620743,,,
18,46444,-0.04478037357330322,,,
18,46449,-0.037361424416303635,,,
18,46454,-0.03825666010379791,,,
18,46459,-0.03829324617981911,,,
18,46464,-0.01973048597574234,,,
18,46469,-0.05265524983406067,,,
18,46474,-0.04930710047483444,,,
18,46479,-0.03963379189372063,,,
18,46484,-0.04601835459470749,,,
18,46489,-0.05476043000817299,,,
18,46494,-0.035858266055583954,,,
18,46499,-0.04893459379673004,,,
18,46504,-0.03928462788462639,,,
18,46509,-0.0639379471540451,,,
18,46514,-0.03412071615457535,,,
18,46519,-0.05626748502254486,,,
18,46524,-0.030894048511981964,,,
18,46529,-0.047129854559898376,,,
18,46534,-0.04766937345266342,,,
18,46539,-0.04248395562171936,,,
18,46544,-0.012671871110796928,,,
18,46549,-0.05221579223871231,,,
18,46554,-0.0177924707531929,,,
18,46559,-0.04807829111814499,,,
18,46564,-0.046470507979393005,,,
18,46569,-0.05475488305091858,,,
18,46574,-0.03922038897871971,,,
18,46579,-0.03000291995704174,,,
18,46584,-0.04784044250845909,,,
18,46589,-0.03576923906803131,,,
18,46594,-0.015506700612604618,,,
18,46599,-0.03069763258099556,,,
18,46604,-0.02504076436161995,,,
18,46609,-0.022232674062252045,,,
18,46614,-0.04410597309470177,,,
18,46619,-0.04442643001675606,,,
18,46624,-0.054633840918540955,,,
18,46629,-0.05178103595972061,,,
18,46634,-0.05479054152965546,,,
18,46639,-0.03103824332356453,,,
18,46644,-0.010954930447041988,,,
18,46649,-0.04154397174715996,,,
18,46654,-0.05587244778871536,,,
18,46659,-0.0517735481262207,,,
18,46664,-0.029264535754919052,,,
18,46669,-0.03090595081448555,,,
18,46674,-0.035529255867004395,,,
18,46679,-0.05562427639961243,,,
18,46684,-0.055413831025362015,,,
18,46689,-0.05415651947259903,,,
18,46694,-0.04358980804681778,,,
18,46699,-0.01510907057672739,,,
18,46704,-0.049849800765514374,,,
18,46709,-0.047143153846263885,,,
18,46714,-0.03954435884952545,,,
18,46719,-0.032179661095142365,,,
18,46724,-0.05667920783162117,,,
18,46729,-0.045079536736011505,,,
18,46734,-0.025476019829511642,,,
18,46739,-0.026584457606077194,,,
18,46744,-0.057011157274246216,,,
18,46749,-0.045376960188150406,,,
18,46754,-0.040191687643527985,,,
18,46759,-0.04845329746603966,,,
18,46764,-0.03524405136704445,,,
18,46769,-0.029755037277936935,,,
18,46774,-0.03216913342475891,,,
18,46779,-0.04479021206498146,,,
18,46784,-0.03162140026688576,,,
18,46789,-0.0190848708152771,,,
18,46794,-0.030687298625707626,,,
18,46799,-0.029388003051280975,,,
18,46804,-0.0329214371740818,,,
18,46809,-0.02182750031352043,,,
18,46814,-0.044523321092128754,,,
18,46819,-0.05567297339439392,,,
18,46824,-0.05109104886651039,,,
18,46829,-0.04714549332857132,,,
18,46834,-0.03177483379840851,,,
18,46839,-0.0337725467979908,,,
18,46844,-0.03568132966756821,,,
18,46849,-0.03302771598100662,,,
18,46854,-0.042135950177907944,,,
18,46859,-0.04199320077896118,,,
18,46864,-0.04183335602283478,,,
18,46869,-0.042680103331804276,,,
18,46874,-0.007680155802518129,,,
18,46879,-0.04195192828774452,,,
18,46884,-0.0562470406293869,,,
18,46889,-0.033198632299900055,,,
18,46894,-0.0575617179274559,,,
18,46899,-0.031211016699671745,,,
18,46904,-0.04831469804048538,,,
18,46909,-0.03825869411230087,,,
18,46914,-0.0410587452352047,,,
18,46919,-0.038826435804367065,,,
18,46924,-0.029485847800970078,,,
18,46929,-0.026145264506340027,,,
18,46934,-0.04083399847149849,,,
18,46939,-0.010405938141047955,,,
18,46944,-0.04175849258899689,,,
18,46949,-0.035381630063056946,,,
18,46954,-0.049526311457157135,,,
18,46959,-0.04979259893298149,,,
18,46964,-0.058360323309898376,,,
18,46969,-0.027361096814274788,,,
18,46974,-0.05993287265300751,,,
18,46979,-0.04506981000304222,,,
18,46984,-0.020803101360797882,,,
18,46989,-0.047572698444128036,,,
18,46994,-0.041209377348423004,,,
18,46999,-0.04301777482032776,,,
18,47004,-0.043549489229917526,,,
18,47009,-0.049872808158397675,,,
18,47014,-0.04579514265060425,,,
18,47019,-0.03401215001940727,,,
18,47024,-0.055850546807050705,,,
18,47029,-0.02980698086321354,,,
18,47034,-0.03717798739671707,,,
18,47039,-0.01915554329752922,,,
18,47044,-0.016184909269213676,,,
18,47049,-0.03908281773328781,,,
18,47054,-0.044398702681064606,,,
18,47059,-0.0335591584444046,,,
18,47064,-0.04538146033883095,,,
18,47069,-0.03664036840200424,,,
18,47074,-0.04410773515701294,,,
18,47079,-0.02351086400449276,,,
18,47084,-0.025759875774383545,,,
18,47089,-0.03582620620727539,,,
18,47094,-0.04251039773225784,,,
18,47099,-0.03810345008969307,,,
18,47104,-0.04891449958086014,,,
18,47109,-0.03896190971136093,,,
18,47114,-0.03743565082550049,,,
18,47119,-0.034763213247060776,,,
18,47124,-0.05125155672430992,,,
18,47129,-0.04886987432837486,,,
18,47134,-0.039442650973796844,,,
18,47139,-0.04982896149158478,,,
18,47144,-0.06222469359636307,,,
18,47149,-0.043464645743370056,,,
18,47154,-0.05292750149965286,,,
18,47159,-0.04430471360683441,,,
18,47164,-0.03367113322019577,,,
18,47169,-0.03707566112279892,,,
18,47174,-0.03198644146323204,,,
18,47179,-0.03137318417429924,,,
18,47184,-0.030965346843004227,,,
18,47189,-0.047433048486709595,,,
18,47194,-0.034380074590444565,,,
18,47199,-0.052921127527952194,,,
18,47204,-0.04883023351430893,,,
18,47209,-0.03498499467968941,,,
18,47214,-0.06199180707335472,,,
18,47219,-0.03068072721362114,,,
18,47224,-0.02682507410645485,,,
18,47229,-0.04653322696685791,,,
18,47234,-0.03286155313253403,,,
18,47239,-0.04545135796070099,,,
18,47244,-0.04898553341627121,,,
18,47249,-0.041216619312763214,,,
18,47254,-0.053530409932136536,,,
18,47259,-0.0405488945543766,,,
18,47264,-0.035241518169641495,,,
18,47269,-0.059803739190101624,,,
18,47274,-0.05410319194197655,,,
18,47279,-0.03976540267467499,,,
18,47284,-0.049840137362480164,,,
18,47289,-0.049771733582019806,,,
18,47294,-0.017814280465245247,,,
18,47299,-0.05019761621952057,,,
18,47304,-0.040571458637714386,,,
18,47309,-0.01838851347565651,,,
18,47314,-0.006258448585867882,,,
18,47319,-0.03837048262357712,,,
18,47324,-0.0504550039768219,,,
18,47329,-0.028519248589873314,,,
18,47334,-0.03417399525642395,,,
18,47339,-0.04535411298274994,,,
18,47344,-0.02257312834262848,,,
18,47349,-0.0278216153383255,,,
18,47354,-0.034274935722351074,,,
18,47359,-0.03304561972618103,,,
18,47364,-0.023223211988806725,,,
18,47369,-0.05356810614466667,,,
18,47374,-0.0444759875535965,,,
18,47379,-0.036015503108501434,,,
18,47384,-0.040970899164676666,,,
18,47389,-0.026953011751174927,,,
18,47394,-0.05370543152093887,,,
18,47399,-0.05446388199925423,,,
18,47404,-0.039856038987636566,,,
18,47409,-0.0362822599709034,,,
18,47414,-0.036728620529174805,,,
18,47419,-0.04894041270017624,,,
18,47424,-0.040732547640800476,,,
18,47429,-0.03707462549209595,,,
18,47434,-0.028300568461418152,,,
18,47439,-0.06091570109128952,,,
18,47444,-0.04463169723749161,,,
18,47449,-0.031418804079294205,,,
18,47454,-0.036857351660728455,,,
18,47459,-0.04363815113902092,,,
18,47464,-0.041185908019542694,,,
18,47469,-0.025690827518701553,,,
18,47474,-0.038131557404994965,,,
18,47479,-0.030047070235013962,,,
18,47484,-0.02414131350815296,,,
18,47489,-0.0524350106716156,,,
18,47494,-0.059262506663799286,,,
18,47499,-0.0416945181787014,,,
18,47499,,-0.034434910863637924,0.32249999046325684,0.609343945980072
19,47504,-0.04835245758295059,,,
19,47509,-0.05685371533036232,,,
19,47514,-0.04058464616537094,,,
19,47519,-0.02567194402217865,,,
19,47524,-0.03416223078966141,,,
19,47529,-0.04967549815773964,,,
19,47534,-0.02975180372595787,,,
19,47539,-0.041134580969810486,,,
19,47544,-0.0536443330347538,,,
19,47549,-0.03397807478904724,,,
19,47554,-0.03354773670434952,,,
19,47559,-0.02985125593841076,,,
19,47564,-0.02790287882089615,,,
19,47569,-0.037760552018880844,,,
19,47574,-0.0460267998278141,,,
19,47579,-0.0413951575756073,,,
19,47584,-0.05000106245279312,,,
19,47589,-0.041518718004226685,,,
19,47594,-0.0633733943104744,,,
19,47599,-0.038675278425216675,,,
19,47604,-0.03648453578352928,,,
19,47609,-0.02902788296341896,,,
19,47614,-0.05015304684638977,,,
19,47619,-0.04064317047595978,,,
19,47624,-0.03100503608584404,,,
19,47629,-0.047329097986221313,,,
19,47634,-0.05648409202694893,,,
19,47639,-0.051157981157302856,,,
19,47644,-0.026515353471040726,,,
19,47649,-0.0502016544342041,,,
19,47654,-0.05507172644138336,,,
19,47659,-0.0535116009414196,,,
19,47664,-0.037499215453863144,,,
19,47669,-0.029197780415415764,,,
19,47674,-0.036033619195222855,,,
19,47679,-0.0331774465739727,,,
19,47684,-0.03503219038248062,,,
19,47689,-0.03541283309459686,,,
19,47694,-0.032856352627277374,,,
19,47699,-0.051346924155950546,,,
19,47704,-0.027642088010907173,,,
19,47709,-0.04536755010485649,,,
19,47714,-0.04092644900083542,,,
19,47719,-0.03676794469356537,,,
19,47724,-0.054770324379205704,,,
19,47729,-0.053888529539108276,,,
19,47734,-0.038166582584381104,,,
19,47739,-0.030959460884332657,,,
19,47744,-0.05240920931100845,,,
19,47749,-0.05177125707268715,,,
19,47754,-0.032980188727378845,,,
19,47759,-0.02382924035191536,,,
19,47764,-0.04285839945077896,,,
19,47769,-0.04624951630830765,,,
19,47774,-0.033167071640491486,,,
19,47779,-0.043496549129486084,,,
19,47784,-0.055833883583545685,,,
19,47789,-0.03543008491396904,,,
19,47794,-0.032387711107730865,,,
19,47799,-0.03563099727034569,,,
19,47804,-0.042969316244125366,,,
19,47809,-0.06002829223871231,,,
19,47814,-0.03193659707903862,,,
19,47819,-0.04707290977239609,,,
19,47824,-0.03970794752240181,,,
19,47829,-0.02842201106250286,,,
19,47834,-0.05100643262267113,,,
19,47839,-0.025753989815711975,,,
19,47844,-0.05286946892738342,,,
19,47849,-0.0486881248652935,,,
19,47854,-0.038469184190034866,,,
19,47859,-0.05482640862464905,,,
19,47864,-0.013198554515838623,,,
19,47869,-0.020862581208348274,,,
19,47874,-0.03986964002251625,,,
19,47879,-0.031474240124225616,,,
19,47884,-0.03340771421790123,,,
19,47889,-0.028943728655576706,,,
19,47894,-0.05625675618648529,,,
19,47899,-0.03741379454731941,,,
19,47904,-0.032914821058511734,,,
19,47909,-0.033775437623262405,,,
19,47914,-0.048719704151153564,,,
19,47919,-0.0406055673956871,,,
19,47924,-0.030396966263651848,,,
19,47929,-0.04577968269586563,,,
19,47934,-0.050518881529569626,,,
19,47939,-0.05116839334368706,,,
19,47944,-0.05032220110297203,,,
19,47949,-0.029940679669380188,,,
19,47954,-0.027437549084424973,,,
19,47959,-0.04590702801942825,,,
19,47964,-0.05359869822859764,,,
19,47969,-0.027995698153972626,,,
19,47974,-0.036623887717723846,,,
19,47979,-0.023021269589662552,,,
19,47984,-0.029011227190494537,,,
19,47989,-0.015749728307127953,,,
19,47994,-0.03334354609251022,,,
19,47999,-0.04745947942137718,,,
19,48004,-0.04821716994047165,,,
19,48009,-0.04686034098267555,,,
19,48014,-0.03136475384235382,,,
19,48019,-0.05187178775668144,,,
19,48024,-0.04217345640063286,,,
19,48029,-0.04155025631189346,,,
19,48034,-0.03237204626202583,,,
19,48039,-0.024497687816619873,,,
19,48044,-0.0427502766251564,,,
19,48049,-0.020566055551171303,,,
19,48054,-0.05839012190699577,,,
19,48059,-0.041900359094142914,,,
19,48064,-0.04308687895536423,,,
19,48069,-0.034887202084064484,,,
19,48074,-0.03410106524825096,,,
19,48079,-0.04592761769890785,,,
19,48084,-0.040554143488407135,,,
19,48089,-0.035834018141031265,,,
19,48094,-0.05425097048282623,,,
19,48099,-0.05216337740421295,,,
19,48104,-0.04509250819683075,,,
19,48109,-0.047112733125686646,,,
19,48114,-0.03261953592300415,,,
19,48119,-0.028711209073662758,,,
19,48124,-0.01994176208972931,,,
19,48129,-0.04345644265413284,,,
19,48134,-0.04368875175714493,,,
19,48139,-0.04291660338640213,,,
19,48144,-0.055656157433986664,,,
19,48149,-0.03928827866911888,,,
19,48154,-0.06087925657629967,,,
19,48159,-0.03817246854305267,,,
19,48164,-0.03423304483294487,,,
19,48169,-0.04262252524495125,,,
19,48174,-0.06064271181821823,,,
19,48179,-0.05132656544446945,,,
19,48184,-0.03946725279092789,,,
19,48189,-0.02952810749411583,,,
19,48194,-0.04785878583788872,,,
19,48199,-0.03850482031702995,,,
19,48204,-0.0543815940618515,,,
19,48209,-0.029371073469519615,,,
19,48214,-0.042202550917863846,,,
19,48219,-0.04283741116523743,,,
19,48224,-0.04953371733427048,,,
19,48229,-0.04199197143316269,,,
19,48234,-0.0332304984331131,,,
19,48239,-0.04670059680938721,,,
19,48244,-0.029320869594812393,,,
19,48249,-0.032234180718660355,,,
19,48254,-0.036137014627456665,,,
19,48259,-0.022808892652392387,,,
19,48264,-0.03615285083651543,,,
19,48269,-0.032558660954236984,,,
19,48274,-0.046616777777671814,,,
19,48279,-0.04368182271718979,,,
19,48284,-0.04461253061890602,,,
19,48289,-0.03263848274946213,,,
19,48294,-0.03886682540178299,,,
19,48299,-0.017881343141198158,,,
19,48304,-0.02237125113606453,,,
19,48309,-0.0363328792154789,,,
19,48314,-0.04542092978954315,,,
19,48319,-0.046772561967372894,,,
19,48324,-0.04960758239030838,,,
19,48329,-0.06147916987538338,,,
19,48334,-0.03177443891763687,,,
19,48339,-0.04502180963754654,,,
19,48344,-0.03828635811805725,,,
19,48349,-0.023383652791380882,,,
19,48354,-0.0410524345934391,,,
19,48359,-0.019604526460170746,,,
19,48364,-0.03763056546449661,,,
19,48369,-0.017948023974895477,,,
19,48374,-0.022674700245261192,,,
19,48379,-0.04513959586620331,,,
19,48384,-0.06387148797512054,,,
19,48389,-0.047653667628765106,,,
19,48394,-0.04896458983421326,,,
19,48399,-0.04337064176797867,,,
19,48404,-0.05452589690685272,,,
19,48409,-0.030177928507328033,,,
19,48414,-0.03418013080954552,,,
19,48419,-0.037815582007169724,,,
19,48424,-0.04151993989944458,,,
19,48429,-0.045089900493621826,,,
19,48434,-0.039581090211868286,,,
19,48439,-0.03776807337999344,,,
19,48444,-0.04681907966732979,,,
19,48449,-0.013806641101837158,,,
19,48454,-0.04479563236236572,,,
19,48459,-0.05199598893523216,,,
19,48464,-0.033869124948978424,,,
19,48469,-0.045662976801395416,,,
19,48474,-0.04598192870616913,,,
19,48479,-0.043826475739479065,,,
19,48484,-0.042271338403224945,,,
19,48489,-0.052758198231458664,,,
19,48494,-0.037588439881801605,,,
19,48499,-0.0503053143620491,,,
19,48504,-0.03911035135388374,,,
19,48509,-0.03164616972208023,,,
19,48514,-0.02764863520860672,,,
19,48519,-0.04015210270881653,,,
19,48524,-0.025058383122086525,,,
19,48529,-0.04108620434999466,,,
19,48534,-0.02607978880405426,,,
19,48539,-0.04958704859018326,,,
19,48544,-0.03364526852965355,,,
19,48549,-0.03179417923092842,,,
19,48554,-0.045766331255435944,,,
19,48559,-0.04536369442939758,,,
19,48564,-0.029335975646972656,,,
19,48569,-0.038273122161626816,,,
19,48574,-0.040118202567100525,,,
19,48579,-0.0555092915892601,,,
19,48584,-0.04829668998718262,,,
19,48589,-0.03501545637845993,,,
19,48594,-0.024938125163316727,,,
19,48599,-0.04387633875012398,,,
19,48604,-0.03770926967263222,,,
19,48609,-0.03028147853910923,,,
19,48614,-0.04008138179779053,,,
19,48619,-0.02733606845140457,,,
19,48624,-0.04512352496385574,,,
19,48629,-0.05296371504664421,,,
19,48634,-0.03864492475986481,,,
19,48639,-0.04582292214035988,,,
19,48644,-0.04709969460964203,,,
19,48649,-0.04482424631714821,,,
19,48654,-0.023995177820324898,,,
19,48659,-0.01339709386229515,,,
19,48664,-0.042279962450265884,,,
19,48669,-0.04075119271874428,,,
19,48674,-0.0379166454076767,,,
19,48679,0.00508725643157959,,,
19,48684,-0.05832449719309807,,,
19,48689,-0.062152549624443054,,,
19,48694,-0.028645848855376244,,,
19,48699,-0.03201795369386673,,,
19,48704,-0.052071601152420044,,,
19,48709,-0.010758630931377411,,,
19,48714,-0.025282371789216995,,,
19,48719,-0.03129515051841736,,,
19,48724,-0.01326484140008688,,,
19,48729,-0.04165947437286377,,,
19,48734,-0.04797840118408203,,,
19,48739,-0.04398854076862335,,,
19,48744,-0.04349762946367264,,,
19,48749,-0.03889238089323044,,,
19,48754,-0.05848594754934311,,,
19,48759,-0.03443891555070877,,,
19,48764,-0.03449679911136627,,,
19,48769,-0.03586311638355255,,,
19,48774,-0.03698939085006714,,,
19,48779,-0.04702343791723251,,,
19,48784,-0.04625147581100464,,,
19,48789,-0.05020027607679367,,,
19,48794,-0.040936172008514404,,,
19,48799,-0.040785275399684906,,,
19,48804,-0.0318264476954937,,,
19,48809,-0.047330986708402634,,,
19,48814,-0.059008561074733734,,,
19,48819,-0.05687212198972702,,,
19,48824,-0.04275289177894592,,,
19,48829,-0.04450360685586929,,,
19,48834,-0.040327154099941254,,,
19,48839,-0.029183633625507355,,,
19,48844,-0.05177626013755798,,,
19,48849,-0.05584695190191269,,,
19,48854,-0.03802115097641945,,,
19,48859,-0.04254193976521492,,,
19,48864,-0.05301958695054054,,,
19,48869,-0.023871291428804398,,,
19,48874,-0.019068235531449318,,,
19,48879,-0.041391436010599136,,,
19,48884,-0.030737075954675674,,,
19,48889,-0.021474117413163185,,,
19,48894,-0.04309272766113281,,,
19,48899,-0.04705677554011345,,,
19,48904,-0.042880117893218994,,,
19,48909,-0.025748569518327713,,,
19,48914,-0.012757199816405773,,,
19,48919,-0.032250553369522095,,,
19,48924,-0.039022333920001984,,,
19,48929,-0.055411048233509064,,,
19,48934,-0.007841316983103752,,,
19,48939,-0.03213312476873398,,,
19,48944,-0.05098049342632294,,,
19,48949,-0.04143644496798515,,,
19,48954,-0.045520514249801636,,,
19,48959,-0.03267977014183998,,,
19,48964,-0.04632611572742462,,,
19,48969,-0.04572790861129761,,,
19,48974,-0.049065906554460526,,,
19,48979,-0.03810270130634308,,,
19,48984,-0.015796955674886703,,,
19,48989,-0.03981573134660721,,,
19,48994,-0.04184892773628235,,,
19,48999,-0.05141671374440193,,,
19,49004,-0.02433818206191063,,,
19,49009,-0.056138962507247925,,,
19,49014,-0.03173571079969406,,,
19,49019,-0.008835596032440662,,,
19,49024,-0.04098108410835266,,,
19,49029,-0.04284057021141052,,,
19,49034,-0.04689037799835205,,,
19,49039,-0.02471817657351494,,,
19,49044,-0.061465829610824585,,,
19,49049,-0.05131905525922775,,,
19,49054,-0.03939829766750336,,,
19,49059,-0.03864742070436478,,,
19,49064,-0.04376920312643051,,,
19,49069,-0.022340361028909683,,,
19,49074,-0.05157072842121124,,,
19,49079,-0.030787991359829903,,,
19,49084,-0.018310438841581345,,,
19,49089,-0.04822516441345215,,,
19,49094,-0.029148004949092865,,,
19,49099,-0.033165641129016876,,,
19,49104,-0.030405661091208458,,,
19,49109,-0.022096088156104088,,,
19,49114,-0.03413580358028412,,,
19,49119,-0.03600472956895828,,,
19,49124,-0.040287330746650696,,,
19,49129,-0.02379162795841694,,,
19,49134,-0.032775022089481354,,,
19,49139,-0.039076633751392365,,,
19,49144,-0.04170600697398186,,,
19,49149,-0.03606612980365753,,,
19,49154,-0.04605691134929657,,,
19,49159,-0.05113043636083603,,,
19,49164,-0.040097080171108246,,,
19,49169,-0.020042501389980316,,,
19,49174,-0.05589255690574646,,,
19,49179,-0.05392015725374222,,,
19,49184,-0.030501458793878555,,,
19,49189,-0.030649401247501373,,,
19,49194,-0.03281336650252342,,,
19,49199,-0.06436936557292938,,,
19,49204,-0.0481092631816864,,,
19,49209,-0.048293065279722214,,,
19,49214,-0.04554922878742218,,,
19,49219,-0.053279176354408264,,,
19,49224,-0.052124157547950745,,,
19,49229,-0.05755947157740593,,,
19,49234,-0.05122288316488266,,,
19,49239,-0.05644428730010986,,,
19,49244,-0.040686383843421936,,,
19,49249,-0.02368916943669319,,,
19,49254,-0.03650522604584694,,,
19,49259,-0.058620527386665344,,,
19,49264,-0.0267508365213871,,,
19,49269,-0.06049681454896927,,,
19,49274,0.00638384185731411,,,
19,49279,-0.05846530944108963,,,
19,49284,-0.0352693572640419,,,
19,49289,-0.04905776306986809,,,
19,49294,-0.04186639189720154,,,
19,49299,-0.04786186292767525,,,
19,49304,-0.04252433776855469,,,
19,49309,-0.032356444746255875,,,
19,49314,-0.05563388019800186,,,
19,49319,-0.02968495339155197,,,
19,49324,-0.03377345949411392,,,
19,49329,-0.026034485548734665,,,
19,49334,-0.061629947274923325,,,
19,49339,-0.03894253075122833,,,
19,49344,-0.032982803881168365,,,
19,49349,-0.04564158245921135,,,
19,49354,-0.039901502430438995,,,
19,49359,-0.05049891024827957,,,
19,49364,-0.04445904493331909,,,
19,49369,-0.005090996157377958,,,
19,49374,-0.03573203086853027,,,
19,49379,-0.015935121104121208,,,
19,49384,-0.024995120242238045,,,
19,49389,-0.043738119304180145,,,
19,49394,-0.026064250618219376,,,
19,49399,-0.027634140104055405,,,
19,49404,-0.03983837366104126,,,
19,49409,-0.060649096965789795,,,
19,49414,-0.03957613557577133,,,
19,49419,-0.04375586658716202,,,
19,49424,0.0005961465649306774,,,
19,49429,-0.05208567529916763,,,
19,49434,-0.017080843448638916,,,
19,49439,-0.03518380969762802,,,
19,49444,-0.035405710339546204,,,
19,49449,-0.0497773140668869,,,
19,49454,-0.054934367537498474,,,
19,49459,-0.06347030401229858,,,
19,49464,-0.04530063644051552,,,
19,49469,-0.052073828876018524,,,
19,49474,-0.04876399785280228,,,
19,49479,-0.021797439083456993,,,
19,49484,-0.03352991119027138,,,
19,49489,-0.03636257350444794,,,
19,49494,-0.06274862587451935,,,
19,49499,-0.047314852476119995,,,
19,49504,-0.03623170778155327,,,
19,49509,-0.036343976855278015,,,
19,49514,-0.023876814171671867,,,
19,49519,-0.053219132125377655,,,
19,49524,-0.04295496642589569,,,
19,49529,-0.07029014080762863,,,
19,49534,-0.04931831732392311,,,
19,49539,-0.03292124718427658,,,
19,49544,-0.030996117740869522,,,
19,49549,-0.018231600522994995,,,
19,49554,-0.02599293924868107,,,
19,49559,-0.04111701250076294,,,
19,49564,-0.04678699001669884,,,
19,49569,-0.03365090861916542,,,
19,49574,-0.03342204913496971,,,
19,49579,-0.02055104821920395,,,
19,49584,-0.042499370872974396,,,
19,49589,-0.039812467992305756,,,
19,49594,-0.036987341940402985,,,
19,49599,-0.02878866344690323,,,
19,49604,-0.03045090287923813,,,
19,49609,-0.054544731974601746,,,
19,49614,-0.03876664489507675,,,
19,49619,-0.043558865785598755,,,
19,49624,-0.03408642113208771,,,
19,49629,-0.038790930062532425,,,
19,49634,-0.03393537178635597,,,
19,49639,-0.04812251776456833,,,
19,49644,-0.035451970994472504,,,
19,49649,-0.023818766698241234,,,
19,49654,-0.038753487169742584,,,
19,49659,-0.04083222523331642,,,
19,49664,-0.041844964027404785,,,
19,49669,-0.047287918627262115,,,
19,49674,-0.04588785767555237,,,
19,49679,-0.03834165632724762,,,
19,49684,-0.036377325654029846,,,
19,49689,-0.044329799711704254,,,
19,49694,-0.04620913788676262,,,
19,49699,-0.02976818196475506,,,
19,49704,-0.036136697977781296,,,
19,49709,-0.03430597484111786,,,
19,49714,-0.04276794195175171,,,
19,49719,-0.03367842733860016,,,
19,49724,-0.04829645901918411,,,
19,49729,-0.051178596913814545,,,
19,49734,-0.037344224750995636,,,
19,49739,-0.0361553430557251,,,
19,49744,-0.04718343913555145,,,
19,49749,-0.03545093163847923,,,
19,49754,-0.027691733092069626,,,
19,49759,-0.041160233318805695,,,
19,49764,-0.04019146412611008,,,
19,49769,-0.05734143778681755,,,
19,49774,-0.03598460555076599,,,
19,49779,-0.060317378491163254,,,
19,49784,-0.024393951520323753,,,
19,49789,-0.04418960213661194,,,
19,49794,-0.04623916745185852,,,
19,49799,-0.04686576873064041,,,
19,49804,-0.04341544210910797,,,
19,49809,-0.04357751086354256,,,
19,49814,-0.05362053960561752,,,
19,49819,-0.03839261829853058,,,
19,49824,-0.05660951882600784,,,
19,49829,-0.05153486132621765,,,
19,49834,-0.035750821232795715,,,
19,49839,-0.04359762743115425,,,
19,49844,-0.03815904259681702,,,
19,49849,-0.023844238370656967,,,
19,49854,-0.012628009542822838,,,
19,49859,-0.03912336006760597,,,
19,49864,-0.04716295748949051,,,
19,49869,-0.03247459605336189,,,
19,49874,-0.03186602145433426,,,
19,49879,-0.05054742097854614,,,
19,49884,-0.03967932611703873,,,
19,49889,-0.04606277495622635,,,
19,49894,-0.033547379076480865,,,
19,49899,-0.042462319135665894,,,
19,49904,-0.06293664127588272,,,
19,49909,-0.060728684067726135,,,
19,49914,-0.04466601461172104,,,
19,49919,-0.05185419321060181,,,
19,49924,-0.044111259281635284,,,
19,49929,-0.025930270552635193,,,
19,49934,-0.0249667726457119,,,
19,49939,-0.0410495325922966,,,
19,49944,-0.031978484243154526,,,
19,49949,-0.04797935485839844,,,
19,49954,-0.015846386551856995,,,
19,49959,0.019078515470027924,,,
19,49964,-0.04636590927839279,,,
19,49969,-0.04649722948670387,,,
19,49974,-0.03214733675122261,,,
19,49979,-0.018406372517347336,,,
19,49984,-0.05141937732696533,,,
19,49989,-0.0504002645611763,,,
19,49994,-0.05800209194421768,,,
19,49999,-0.041907306760549545,,,
19,49999,,-0.03181581199169159,0.29269999265670776,0.5821511745452881
20,50004,-0.02426477149128914,,,
20,50009,-0.03955133259296417,,,
20,50014,0.0017122654244303703,,,
20,50019,-0.031063595786690712,,,
20,50024,-0.027551744133234024,,,
20,50029,-0.044735971838235855,,,
20,50034,-0.0448591522872448,,,
20,50039,-0.019572876393795013,,,
20,50044,-0.03263705596327782,,,
20,50049,-0.05646015703678131,,,
20,50054,-0.044845499098300934,,,
20,50059,-0.05169203132390976,,,
20,50064,-0.041534025222063065,,,
20,50069,-0.047549739480018616,,,
20,50074,-0.02578662522137165,,,
20,50079,-0.027575409039855003,,,
20,50084,-0.030172191560268402,,,
20,50089,-0.015262027271091938,,,
20,50094,-0.04255779832601547,,,
20,50099,-0.03754193335771561,,,
20,50104,-0.044753625988960266,,,
20,50109,-0.04058200865983963,,,
20,50114,-0.05175298452377319,,,
20,50119,-0.04522646591067314,,,
20,50124,-0.04146118089556694,,,
20,50129,-0.03649556636810303,,,
20,50134,-0.04125667363405228,,,
20,50139,-0.033656977117061615,,,
20,50144,-0.045637503266334534,,,
20,50149,-0.03824307769536972,,,
20,50154,-0.04016996920108795,,,
20,50159,-0.008033247664570808,,,
20,50164,-0.05236244574189186,,,
20,50169,-0.0269940085709095,,,
20,50174,-0.04765671119093895,,,
20,50179,-0.03057941049337387,,,
20,50184,-0.04345669969916344,,,
20,50189,-0.03526923060417175,,,
20,50194,-0.0384620800614357,,,
20,50199,-0.046399347484111786,,,
20,50204,-0.03755957633256912,,,
20,50209,-0.04095546901226044,,,
20,50214,-0.04428216069936752,,,
20,50219,-0.03470750153064728,,,
20,50224,-0.048592738807201385,,,
20,50229,-0.05379320681095123,,,
20,50234,-0.040521107614040375,,,
20,50239,-0.03692987933754921,,,
20,50244,-0.05429961532354355,,,
20,50249,-0.019718073308467865,,,
20,50254,-0.024250982329249382,,,
20,50259,-0.04736509174108505,,,
20,50264,-0.02863956429064274,,,
20,50269,-0.04047226905822754,,,
20,50274,-0.0442020446062088,,,
20,50279,-0.04818915203213692,,,
20,50284,-0.03923068940639496,,,
20,50289,-0.048237964510917664,,,
20,50294,-0.05166712775826454,,,
20,50299,-0.05885699763894081,,,
20,50304,-0.02678864821791649,,,
20,50309,-0.056330565363168716,,,
20,50314,-0.04529321938753128,,,
20,50319,-0.026775870472192764,,,
20,50324,-0.03011711873114109,,,
20,50329,-0.029735323041677475,,,
20,50334,-0.028763724491000175,,,
20,50339,-0.033300746232271194,,,
20,50344,-0.02834576740860939,,,
20,50349,-0.038709644228219986,,,
20,50354,-0.04876241460442543,,,
20,50359,-0.0465104915201664,,,
20,50364,-0.020865952596068382,,,
20,50369,-0.04107499122619629,,,
20,50374,-0.03558497130870819,,,
20,50379,-0.028952278196811676,,,
20,50384,-0.030343567952513695,,,
20,50389,-0.03966483473777771,,,
20,50394,-0.03920295089483261,,,
20,50399,-0.04536394029855728,,,
20,50404,-0.03160730376839638,,,
20,50409,-0.029364632442593575,,,
20,50414,-0.0459180623292923,,,
20,50419,-0.050156138837337494,,,
20,50424,-0.03651928901672363,,,
20,50429,-0.046180300414562225,,,
20,50434,-0.03605123609304428,,,
20,50439,-0.04646706581115723,,,
20,50444,-0.04916325956583023,,,
20,50449,-0.04804518073797226,,,
20,50454,-0.06831251084804535,,,
20,50459,-0.047519758343696594,,,
20,50464,-0.05311742424964905,,,
20,50469,-0.032091446220874786,,,
20,50474,-0.05100654438138008,,,
20,50479,-0.05223321169614792,,,
20,50484,-0.01692875660955906,,,
20,50489,-0.04695861414074898,,,
20,50494,-0.027886392548680305,,,
20,50499,-0.028193971142172813,,,
20,50504,-0.053328998386859894,,,
20,50509,-0.05000627785921097,,,
20,50514,-0.036960940808057785,,,
20,50519,-0.044180966913700104,,,
20,50524,-0.05029615759849548,,,
20,50529,-0.03578329086303711,,,
20,50534,-0.00938910711556673,,,
20,50539,-0.05240265280008316,,,
20,50544,-0.05094346031546593,,,
20,50549,-0.03861343115568161,,,
20,50554,-0.02751973271369934,,,
20,50559,-0.044317252933979034,,,
20,50564,-0.052037887275218964,,,
20,50569,-0.04734335094690323,,,
20,50574,-0.035834260284900665,,,
20,50579,-0.04574236646294594,,,
20,50584,-0.04381256550550461,,,
20,50589,-0.031909435987472534,,,
20,50594,-0.04242587462067604,,,
20,50599,-0.04156491160392761,,,
20,50604,-0.046420782804489136,,,
20,50609,-0.04035700485110283,,,
20,50614,-0.025318538770079613,,,
20,50619,-0.04674556851387024,,,
20,50624,-0.03313159570097923,,,
20,50629,-0.03739635646343231,,,
20,50634,-0.043729349970817566,,,
20,50639,-0.056048065423965454,,,
20,50644,-0.045475054532289505,,,
20,50649,-0.03461489826440811,,,
20,50654,-0.04207148402929306,,,
20,50659,-0.0397866815328598,,,
20,50664,-0.02754288539290428,,,
20,50669,-0.04363033175468445,,,
20,50674,-0.03543872758746147,,,
20,50679,-0.022341951727867126,,,
20,50684,-0.04089194908738136,,,
20,50689,-0.04758242517709732,,,
20,50694,-0.04399266466498375,,,
20,50699,-0.028946727514266968,,,
20,50704,-0.029058555141091347,,,
20,50709,-0.04489947110414505,,,
20,50714,-0.04821082577109337,,,
20,50719,-0.02577510103583336,,,
20,50724,-0.046362657099962234,,,
20,50729,-0.015969134867191315,,,
20,50734,-0.03385532647371292,,,
20,50739,-0.02348955161869526,,,
20,50744,-0.0405493900179863,,,
20,50749,-0.05086489021778107,,,
20,50754,-0.038298286497592926,,,
20,50759,-0.02851521596312523,,,
20,50764,-0.049967534840106964,,,
20,50769,-0.039215076714754105,,,
20,50774,-0.015062414109706879,,,
20,50779,-0.02890973538160324,,,
20,50784,-0.03963898867368698,,,
20,50789,-0.05596529692411423,,,
20,50794,-0.0323905274271965,,,
20,50799,-0.041473135352134705,,,
20,50804,-0.021045245230197906,,,
20,50809,-0.046772513538599014,,,
20,50814,-0.0426815040409565,,,
20,50819,-0.044965051114559174,,,
20,50824,-0.06464710086584091,,,
20,50829,-0.02976391464471817,,,
20,50834,-0.034686971455812454,,,
20,50839,-0.06878272444009781,,,
20,50844,-0.025074582546949387,,,
20,50849,-0.03948009014129639,,,
20,50854,-0.04989774525165558,,,
20,50859,-0.0494307205080986,,,
20,50864,-0.028498288244009018,,,
20,50869,-0.046101994812488556,,,
20,50874,-0.022077925503253937,,,
20,50879,-0.04091637209057808,,,
20,50884,-0.0519583597779274,,,
20,50889,-0.024997908622026443,,,
20,50894,-0.04391419142484665,,,
20,50899,-0.03417959436774254,,,
20,50904,-0.043392814695835114,,,
20,50909,-0.051242247223854065,,,
20,50914,-0.04281061142683029,,,
20,50919,-0.022698532789945602,,,
20,50924,-0.04095947742462158,,,
20,50929,-0.031315747648477554,,,
20,50934,-0.04343167692422867,,,
20,50939,-0.05331529676914215,,,
20,50944,-0.03783580660820007,,,
20,50949,-0.03961803764104843,,,
20,50954,-0.030410587787628174,,,
20,50959,-0.041169121861457825,,,
20,50964,-0.033355336636304855,,,
20,50969,-0.03840070962905884,,,
20,50974,-0.03983280435204506,,,
20,50979,-0.02790989726781845,,,
20,50984,-0.061107195913791656,,,
20,50989,-0.03590651974081993,,,
20,50994,-0.05563797056674957,,,
20,50999,-0.03476990759372711,,,
20,51004,-0.02309420518577099,,,
20,51009,-0.05417364835739136,,,
20,51014,-0.04203347861766815,,,
20,51019,-0.04392270743846893,,,
20,51024,-0.02266872301697731,,,
20,51029,-0.03470280021429062,,,
20,51034,-0.03526920825242996,,,
20,51039,-0.03300594538450241,,,
20,51044,-0.031696535646915436,,,
20,51049,-0.041229017078876495,,,
20,51054,-0.025160308927297592,,,
20,51059,-0.05355881154537201,,,
20,51064,-0.03694684058427811,,,
20,51069,-0.02740125171840191,,,
20,51074,-0.02161930501461029,,,
20,51079,-0.02503836527466774,,,
20,51084,-0.048886872828006744,,,
20,51089,-0.03561165928840637,,,
20,51094,-0.048080481588840485,,,
20,51099,-0.04363269731402397,,,
20,51104,-0.044424086809158325,,,
20,51109,-0.03806779906153679,,,
20,51114,-0.03445559740066528,,,
20,51119,-0.047211334109306335,,,
20,51124,-0.04708852618932724,,,
20,51129,-0.032622650265693665,,,
20,51134,-0.046481043100357056,,,
20,51139,-0.025051996111869812,,,
20,51144,-0.04139668866991997,,,
20,51149,-0.03726596385240555,,,
20,51154,-0.019214089959859848,,,
20,51159,-0.04993748292326927,,,
20,51164,-0.041593391448259354,,,
20,51169,-0.028479330241680145,,,
20,51174,-0.05193532630801201,,,
20,51179,-0.05313289165496826,,,
20,51184,-0.018203187733888626,,,
20,51189,-0.020340699702501297,,,
20,51194,-0.03568278253078461,,,
20,51199,-0.035471901297569275,,,
20,51204,-0.05842409282922745,,,
20,51209,-0.03920632228255272,,,
20,51214,-0.03385598585009575,,,
20,51219,-0.020084287971258163,,,
20,51224,-0.05022912845015526,,,
20,51229,-0.05091121047735214,,,
20,51234,-0.02912207320332527,,,
20,51239,-0.045910995453596115,,,
20,51244,-0.04787055030465126,,,
20,51249,-0.06042607128620148,,,
20,51254,-0.04292062669992447,,,
20,51259,-0.029955651611089706,,,
20,51264,-0.05163116753101349,,,
20,51269,-0.03607693314552307,,,
20,51274,-0.025148838758468628,,,
20,51279,-0.035600706934928894,,,
20,51284,-0.05039603263139725,,,
20,51289,-0.04455453157424927,,,
20,51294,-0.035162098705768585,,,
20,51299,-0.04295993596315384,,,
20,51304,-0.0341167151927948,,,
20,51309,-0.042712632566690445,,,
20,51314,-0.03872580826282501,,,
20,51319,-0.02808249182999134,,,
20,51324,-0.04102465510368347,,,
20,51329,-0.034105584025382996,,,
20,51334,-0.037940721958875656,,,
20,51339,-0.03887944668531418,,,
20,51344,-0.03684332221746445,,,
20,51349,0.002417638897895813,,,
20,51354,-0.04139021784067154,,,
20,51359,-0.047196537256240845,,,
20,51364,-0.025667253881692886,,,
20,51369,-0.04365364834666252,,,
20,51374,-0.047960422933101654,,,
20,51379,-0.0386122390627861,,,
20,51384,-0.044451452791690826,,,
20,51389,-0.04962871968746185,,,
20,51394,-0.042847782373428345,,,
20,51399,-0.05536419898271561,,,
20,51404,-0.04980189725756645,,,
20,51409,-0.03462634235620499,,,
20,51414,-0.02872113138437271,,,
20,51419,-0.03726933151483536,,,
20,51424,-0.042478181421756744,,,
20,51429,-0.014968115836381912,,,
20,51434,-0.03363059461116791,,,
20,51439,-0.04327627271413803,,,
20,51444,-0.03771177679300308,,,
20,51449,-0.03758285939693451,,,
20,51454,-0.035691551864147186,,,
20,51459,-0.051050275564193726,,,
20,51464,-0.020834792405366898,,,
20,51469,-0.03514862060546875,,,
20,51474,-0.020875848829746246,,,
20,51479,-0.041450902819633484,,,
20,51484,-0.04069066047668457,,,
20,51489,-0.05590005964040756,,,
20,51494,-0.030496781691908836,,,
20,51499,-0.025658002123236656,,,
20,51504,-0.044398803263902664,,,
20,51509,-0.02627597749233246,,,
20,51514,-0.05076399818062782,,,
20,51519,-0.03546923026442528,,,
20,51524,-0.05409053713083267,,,
20,51529,-0.04998878762125969,,,
20,51534,-0.03520246595144272,,,
20,51539,-0.03366722911596298,,,
20,51544,-0.019122406840324402,,,
20,51549,-0.02968529239296913,,,
20,51554,-0.03233931213617325,,,
20,51559,-0.028387881815433502,,,
20,51564,-0.05072805657982826,,,
20,51569,-0.03564527630805969,,,
20,51574,-0.021135956048965454,,,
20,51579,-0.041603825986385345,,,
20,51584,-0.055777937173843384,,,
20,51589,-0.05736963450908661,,,
20,51594,-0.03234351426362991,,,
20,51599,-0.0367819219827652,,,
20,51604,-0.010005290620028973,,,
20,51609,-0.0537099689245224,,,
20,51614,-0.0545959547162056,,,
20,51619,-0.027241013944149017,,,
20,51624,-0.059486113488674164,,,
20,51629,-0.04100662097334862,,,
20,51634,-0.04174436628818512,,,
20,51639,-0.032931286841630936,,,
20,51644,-0.03711596131324768,,,
20,51649,-0.045200906693935394,,,
20,51654,-0.02800198644399643,,,
20,51659,-0.034921932965517044,,,
20,51664,-0.052811138331890106,,,
20,51669,-0.047568995505571365,,,
20,51674,-0.02192222699522972,,,
20,51679,-0.04950961470603943,,,
20,51684,-0.0342472605407238,,,
20,51689,-0.04108282923698425,,,
20,51694,-0.041945669800043106,,,
20,51699,-0.04655126482248306,,,
20,51704,-0.0634394958615303,,,
20,51709,-0.032179515808820724,,,
20,51714,-0.04757033288478851,,,
20,51719,-0.049238257110118866,,,
20,51724,-0.05126936733722687,,,
20,51729,-0.026720533147454262,,,
20,51734,-0.011323302984237671,,,
20,51739,-0.02415628731250763,,,
20,51744,-0.04875664412975311,,,
20,51749,-0.042010657489299774,,,
20,51754,-0.02993268147110939,,,
20,51759,-0.0513669028878212,,,
20,51764,-0.03916952759027481,,,
20,51769,-0.054753683507442474,,,
20,51774,-0.05261760950088501,,,
20,51779,-0.04491450637578964,,,
20,51784,-0.04932025820016861,,,
20,51789,-0.031798288226127625,,,
20,51794,-0.028675764799118042,,,
20,51799,-0.03931006044149399,,,
20,51804,-0.03368287533521652,,,
20,51809,-0.02014181762933731,,,
20,51814,-0.030830325558781624,,,
20,51819,-0.02161673828959465,,,
20,51824,-0.04057610407471657,,,
20,51829,-0.03228052332997322,,,
20,51834,-0.04395085573196411,,,
20,51839,-0.05632248520851135,,,
20,51844,-0.04917071387171745,,,
20,51849,-0.029173094779253006,,,
20,51854,-0.05850011855363846,,,
20,51859,-0.05052604526281357,,,
20,51864,-0.035669147968292236,,,
20,51869,-0.043447911739349365,,,
20,51874,-0.009303774684667587,,,
20,51879,-0.027186179533600807,,,
20,51884,-0.028434552252292633,,,
20,51889,-0.06784498691558838,,,
20,51894,-0.03671889752149582,,,
20,51899,-0.05043436959385872,,,
20,51904,-0.04642992466688156,,,
20,51909,-0.030390892177820206,,,
20,51914,-0.047099195420742035,,,
20,51919,-0.01614193618297577,,,
20,51924,-0.028814898803830147,,,
20,51929,-0.047849543392658234,,,
20,51934,-0.03903853893280029,,,
20,51939,-0.047596417367458344,,,
20,51944,-0.03244543820619583,,,
20,51949,-0.040730707347393036,,,
20,51954,-0.030039995908737183,,,
20,51959,-0.027437709271907806,,,
20,51964,-0.023041754961013794,,,
20,51969,-0.05715244263410568,,,
20,51974,-0.05359832942485809,,,
20,51979,-0.052728958427906036,,,
20,51984,-0.05678693205118179,,,
20,51989,-0.034784357994794846,,,
20,51994,-0.03660070523619652,,,
20,51999,-0.030227910727262497,,,
20,52004,-0.05129394680261612,,,
20,52009,0.005824767053127289,,,
20,52014,-0.042606171220541,,,
20,52019,-0.04419512301683426,,,
20,52024,-0.033598411828279495,,,
20,52029,-0.048702407628297806,,,
20,52034,-0.05331886187195778,,,
20,52039,-0.046498388051986694,,,
20,52044,-0.03499408811330795,,,
20,52049,-0.037277933210134506,,,
20,52054,-0.039678603410720825,,,
20,52059,-0.03364048898220062,,,
20,52064,-0.03269899636507034,,,
20,52069,-0.017897669225931168,,,
20,52074,-0.036985255777835846,,,
20,52079,-0.039053775370121,,,
20,52084,-0.03448430448770523,,,
20,52089,-0.022344863042235374,,,
20,52094,-0.04300655424594879,,,
20,52099,-0.0465269535779953,,,
20,52104,-0.04367018863558769,,,
20,52109,-0.05239754542708397,,,
20,52114,-0.04530172795057297,,,
20,52119,-0.04413437098264694,,,
20,52124,-0.03258023411035538,,,
20,52129,-0.05071992427110672,,,
20,52134,-0.04211815446615219,,,
20,52139,-0.051402498036623,,,
20,52144,-0.050553902983665466,,,
20,52149,-0.025128113105893135,,,
20,52154,-0.03245176374912262,,,
20,52159,-0.0443156398832798,,,
20,52164,-0.03836161270737648,,,
20,52169,-0.036378636956214905,,,
20,52174,-0.04268614575266838,,,
20,52179,-0.0439159981906414,,,
20,52184,-0.04833389073610306,,,
20,52189,-0.03723221272230148,,,
20,52194,-0.005538139957934618,,,
20,52199,-0.04926289618015289,,,
20,52204,-0.045035701245069504,,,
20,52209,-0.04839864373207092,,,
20,52214,-0.038252249360084534,,,
20,52219,-0.02501240000128746,,,
20,52224,-0.03764190152287483,,,
20,52229,-0.03409769758582115,,,
20,52234,-0.054040178656578064,,,
20,52239,-0.04452848061919212,,,
20,52244,-0.03921770304441452,,,
20,52249,-0.04934791848063469,,,
20,52254,-0.059020593762397766,,,
20,52259,-0.03797557204961777,,,
20,52264,-0.02082594856619835,,,
20,52269,-0.027749331668019295,,,
20,52274,-0.027474069967865944,,,
20,52279,-0.04671574383974075,,,
20,52284,-0.023054257035255432,,,
20,52289,-0.03421761840581894,,,
20,52294,-0.0630103349685669,,,
20,52299,-0.03475784882903099,,,
20,52304,-0.05122970789670944,,,
20,52309,-0.018508192151784897,,,
20,52314,-0.03888075053691864,,,
20,52319,-0.053435780107975006,,,
20,52324,-0.03917156904935837,,,
20,52329,-0.05729198828339577,,,
20,52334,-0.020594526082277298,,,
20,52339,-0.056743212044239044,,,
20,52344,-0.0486966148018837,,,
20,52349,-0.04662125185132027,,,
20,52354,-0.0542902797460556,,,
20,52359,-0.049582257866859436,,,
20,52364,-0.011135758832097054,,,
20,52369,-0.04465560242533684,,,
20,52374,-0.0427088588476181,,,
20,52379,-0.012783190235495567,,,
20,52384,-0.03627387434244156,,,
20,52389,-0.027896802872419357,,,
20,52394,-0.034443438053131104,,,
20,52399,-0.04212475195527077,,,
20,52404,-0.03195008262991905,,,
20,52409,-0.04753395915031433,,,
20,52414,-0.030890818685293198,,,
20,52419,-0.010097509250044823,,,
20,52424,-0.032007232308387756,,,
20,52429,-0.061661798506975174,,,
20,52434,-0.024410853162407875,,,
20,52439,-0.04238717257976532,,,
20,52444,-0.029560768976807594,,,
20,52449,-0.013000745326280594,,,
20,52454,-0.02815241739153862,,,
20,52459,-0.05065157637000084,,,
20,52464,-0.052615001797676086,,,
20,52469,-0.04383236914873123,,,
20,52474,-0.03773373365402222,,,
20,52479,-0.04180673882365227,,,
20,52484,-0.04148106276988983,,,
20,52489,-0.020549017935991287,,,
20,52494,-0.04628544673323631,,,
20,52499,-0.04577293246984482,,,
20,52499,,-0.030056124553084373,0.3028999865055084,0.5980802774429321
21,52504,-0.05474639683961868,,,
21,52509,-0.029909785836935043,,,
21,52514,-0.039360493421554565,,,
21,52519,-0.04343187063932419,,,
21,52524,-0.04562104493379593,,,
21,52529,-0.053111590445041656,,,
21,52534,-0.026349041610956192,,,
21,52539,-0.04766467213630676,,,
21,52544,-0.02721923589706421,,,
21,52549,-0.024098077788949013,,,
21,52554,-0.034955400973558426,,,
21,52559,-0.03918967768549919,,,
21,52564,-0.03505944460630417,,,
21,52569,-0.04313889890909195,,,
21,52574,-0.03955136984586716,,,
21,52579,-0.04972239211201668,,,
21,52584,-0.043497003614902496,,,
21,52589,-0.04332435131072998,,,
21,52594,-0.03625911846756935,,,
21,52599,-0.043063364923000336,,,
21,52604,-0.047365687787532806,,,
21,52609,-0.03370378538966179,,,
21,52614,-0.051377929747104645,,,
21,52619,-0.04774622619152069,,,
21,52624,-0.03560664504766464,,,
21,52629,-0.042942486703395844,,,
21,52634,-0.050044987350702286,,,
21,52639,-0.04007752984762192,,,
21,52644,-0.05732271820306778,,,
21,52649,-0.03895938768982887,,,
21,52654,-0.04440169781446457,,,
21,52659,-0.040966033935546875,,,
21,52664,-0.04023153334856033,,,
21,52669,-0.0188208669424057,,,
21,52674,-0.049300357699394226,,,
21,52679,-0.04298609495162964,,,
21,52684,-0.014892281964421272,,,
21,52689,-0.042663197964429855,,,
21,52694,-0.024408772587776184,,,
21,52699,-0.04133330285549164,,,
21,52704,-0.04252766817808151,,,
21,52709,-0.04068569093942642,,,
21,52714,-0.056383274495601654,,,
21,52719,-0.026777829974889755,,,
21,52724,-0.039884451776742935,,,
21,52729,-0.025817714631557465,,,
21,52734,-0.03145153820514679,,,
21,52739,-0.04091048985719681,,,
21,52744,-0.04085756838321686,,,
21,52749,-0.04207749664783478,,,
21,52754,-0.03930864483118057,,,
21,52759,-0.04154791310429573,,,
21,52764,-0.046819329261779785,,,
21,52769,-0.05834917724132538,,,
21,52774,-0.028931740671396255,,,
21,52779,-0.03006276674568653,,,
21,52784,-0.037944771349430084,,,
21,52789,-0.04449789598584175,,,
21,52794,-0.05168299004435539,,,
21,52799,-0.027118001133203506,,,
21,52804,-0.022764727473258972,,,
21,52809,-0.04814290255308151,,,
21,52814,-0.04657911881804466,,,
21,52819,-0.04280848056077957,,,
21,52824,-0.02210371010005474,,,
21,52829,-0.03346388787031174,,,
21,52834,-0.02930837869644165,,,
21,52839,-0.02568931132555008,,,
21,52844,-0.026995308697223663,,,
21,52849,-0.04795174300670624,,,
21,52854,-0.04288101568818092,,,
21,52859,-0.04932103306055069,,,
21,52864,-0.029245104640722275,,,
21,52869,-0.04995982348918915,,,
21,52874,-0.031305477023124695,,,
21,52879,-0.03633467108011246,,,
21,52884,-0.030042584985494614,,,
21,52889,-0.03605816885828972,,,
21,52894,-0.04073162004351616,,,
21,52899,-0.0462445393204689,,,
21,52904,-0.054348260164260864,,,
21,52909,-0.036441870033741,,,
21,52914,-0.041713207960128784,,,
21,52919,-0.03316748887300491,,,
21,52924,-0.03076728619635105,,,
21,52929,-0.033592842519283295,,,
21,52934,-0.03674068674445152,,,
21,52939,-0.04167352616786957,,,
21,52944,-0.02285950258374214,,,
21,52949,-0.03788469731807709,,,
21,52954,-0.030425410717725754,,,
21,52959,-0.030681179836392403,,,
21,52964,-0.043929632753133774,,,
21,52969,-0.04451392590999603,,,
21,52974,-0.04653334617614746,,,
21,52979,-0.03831961750984192,,,
21,52984,-0.045092567801475525,,,
21,52989,-0.040651630610227585,,,
21,52994,-0.04720873385667801,,,
21,52999,-0.036705054342746735,,,
21,53004,-0.037436116486787796,,,
21,53009,-0.0331447459757328,,,
21,53014,-0.001085938885807991,,,
21,53019,-0.03310156241059303,,,
21,53024,-0.03505188226699829,,,
21,53029,-0.05328599363565445,,,
21,53034,-0.03760913386940956,,,
21,53039,-0.03194602578878403,,,
21,53044,-0.05212549492716789,,,
21,53049,-0.04622053727507591,,,
21,53054,-0.017722640186548233,,,
21,53059,-0.018881915137171745,,,
21,53064,-0.026991862803697586,,,
21,53069,-0.050147756934165955,,,
21,53074,-0.040349461138248444,,,
21,53079,-0.021630236878991127,,,
21,53084,-0.032577477395534515,,,
21,53089,-0.03345899656414986,,,
21,53094,-0.05183497443795204,,,
21,53099,-0.045296505093574524,,,
21,53104,-0.03672043979167938,,,
21,53109,-0.03154340758919716,,,
21,53114,-0.03995262831449509,,,
21,53119,-0.036150842905044556,,,
21,53124,-0.04732515662908554,,,
21,53129,-0.05044976621866226,,,
21,53134,-0.04701382666826248,,,
21,53139,-0.05255033075809479,,,
21,53144,-0.04250665009021759,,,
21,53149,-0.041991546750068665,,,
21,53154,-0.035066403448581696,,,
21,53159,-0.05993341654539108,,,
21,53164,-0.03252273425459862,,,
21,53169,-0.03151183947920799,,,
21,53174,-0.035517800599336624,,,
21,53179,-0.021290166303515434,,,
21,53184,-0.049503110349178314,,,
21,53189,-0.0396430604159832,,,
21,53194,-0.04582436382770538,,,
21,53199,-0.04562479630112648,,,
21,53204,-0.03255883604288101,,,
21,53209,-0.04985140264034271,,,
21,53214,-0.025182299315929413,,,
21,53219,-0.02343214489519596,,,
21,53224,-0.03313228115439415,,,
21,53229,-0.04845884069800377,,,
21,53234,-0.03020010143518448,,,
21,53239,-0.031584322452545166,,,
21,53244,-0.0415257066488266,,,
21,53249,-0.045469217002391815,,,
21,53254,-0.04134082794189453,,,
21,53259,-0.040986061096191406,,,
21,53264,-0.0324040986597538,,,
21,53269,-0.04034820571541786,,,
21,53274,-0.05483762174844742,,,
21,53279,-0.04411853104829788,,,
21,53284,-0.05052308365702629,,,
21,53289,-0.035402052104473114,,,
21,53294,-0.028954673558473587,,,
21,53299,-0.04172757640480995,,,
21,53304,-0.05041545256972313,,,
21,53309,-0.03674554452300072,,,
21,53314,-0.034640148282051086,,,
21,53319,-0.04069521650671959,,,
21,53324,-0.039433352649211884,,,
21,53329,-0.034935541450977325,,,
21,53334,-0.05139537528157234,,,
21,53339,-0.044995225965976715,,,
21,53344,-0.05056868493556976,,,
21,53349,-0.040040794759988785,,,
21,53354,-0.06125006079673767,,,
21,53359,-0.03160576522350311,,,
21,53364,-0.04071177914738655,,,
21,53369,-0.03922300785779953,,,
21,53374,-0.050038255751132965,,,
21,53379,-0.04050177335739136,,,
21,53384,-0.03033660352230072,,,
21,53389,-0.040634527802467346,,,
21,53394,-0.03499097749590874,,,
21,53399,-0.03416385501623154,,,
21,53404,-0.015878569334745407,,,
21,53409,-0.037600308656692505,,,
21,53414,-0.03330249339342117,,,
21,53419,-0.04028822481632233,,,
21,53424,-0.059893593192100525,,,
21,53429,-0.049507491290569305,,,
21,53434,-0.05783078074455261,,,
21,53439,-0.0417579710483551,,,
21,53444,-0.03806796669960022,,,
21,53449,-0.04551086574792862,,,
21,53454,-0.03890792280435562,,,
21,53459,-0.04307295382022858,,,
21,53464,-0.023939885199069977,,,
21,53469,-0.04337842017412186,,,
21,53474,-0.036866694688797,,,
21,53479,-0.020745951682329178,,,
21,53484,-0.05284433811903,,,
21,53489,-0.052309587597846985,,,
21,53494,-0.025356631726026535,,,
21,53499,-0.04796089604496956,,,
21,53504,-0.023251991719007492,,,
21,53509,-0.024075761437416077,,,
21,53514,-0.0296676866710186,,,
21,53519,-0.05909031629562378,,,
21,53524,-0.022880524396896362,,,
21,53529,-0.04110836237668991,,,
21,53534,-0.03236130252480507,,,
21,53539,-0.03683603182435036,,,
21,53544,-0.03128008916974068,,,
21,53549,-0.011599645018577576,,,
21,53554,-0.035692933946847916,,,
21,53559,-0.052804090082645416,,,
21,53564,-0.021064113825559616,,,
21,53569,-0.006102423183619976,,,
21,53574,-0.048923932015895844,,,
21,53579,-0.04016193002462387,,,
21,53584,-0.03809705004096031,,,
21,53589,-0.04160851240158081,,,
21,53594,-0.027273358777165413,,,
21,53599,-0.046057142317295074,,,
21,53604,-0.0354299396276474,,,
21,53609,-0.026065628975629807,,,
21,53614,-0.05096001178026199,,,
21,53619,-0.04698905721306801,,,
21,53624,-0.04651038348674774,,,
21,53629,-0.03082595020532608,,,
21,53634,-0.026297127828001976,,,
21,53639,-0.05252193659543991,,,
21,53644,-0.03348280489444733,,,
21,53649,-0.033004675060510635,,,
21,53654,-0.022771086543798447,,,
21,53659,-0.042800262570381165,,,
21,53664,-0.04293006658554077,,,
21,53669,-0.04232802242040634,,,
21,53674,-0.03530237451195717,,,
21,53679,-0.029696866869926453,,,
21,53684,-0.03988182172179222,,,
21,53689,-0.024314574897289276,,,
21,53694,-0.026514748111367226,,,
21,53699,-0.04174567759037018,,,
21,53704,-0.04165620356798172,,,
21,53709,-0.03389552980661392,,,
21,53714,-0.028998831287026405,,,
21,53719,-0.04487311840057373,,,
21,53724,-0.049353182315826416,,,
21,53729,-0.023186486214399338,,,
21,53734,-0.023905644193291664,,,
21,53739,-0.031929709017276764,,,
21,53744,-0.02287425473332405,,,
21,53749,-0.03437206149101257,,,
21,53754,-0.04244108498096466,,,
21,53759,-0.03388616442680359,,,
21,53764,-0.03414198383688927,,,
21,53769,-0.05076444894075394,,,
21,53774,-0.03892556577920914,,,
21,53779,-0.04455401003360748,,,
21,53784,-0.03948189690709114,,,
21,53789,-0.048448555171489716,,,
21,53794,-0.04429270327091217,,,
21,53799,-0.04769342765212059,,,
21,53804,-0.038492027670145035,,,
21,53809,-0.03776406869292259,,,
21,53814,-0.03886369243264198,,,
21,53819,-0.04563657194375992,,,
21,53824,0.014532150700688362,,,
21,53829,-0.0422554537653923,,,
21,53834,-0.04976499080657959,,,
21,53839,-0.029729999601840973,,,
21,53844,-0.050896137952804565,,,
21,53849,-0.034169189631938934,,,
21,53854,-0.04138487949967384,,,
21,53859,-0.03175339102745056,,,
21,53864,-0.05683303624391556,,,
21,53869,-0.021184325218200684,,,
21,53874,-0.03734426572918892,,,
21,53879,-0.04345858097076416,,,
21,53884,-0.05796436220407486,,,
21,53889,-0.03773665428161621,,,
21,53894,-0.035753265023231506,,,
21,53899,-0.052130620926618576,,,
21,53904,-0.04387049004435539,,,
21,53909,-0.03081415221095085,,,
21,53914,-0.047839805483818054,,,
21,53919,-0.027068214491009712,,,
21,53924,-0.03741005063056946,,,
21,53929,-0.021224744617938995,,,
21,53934,-0.043081630021333694,,,
21,53939,-0.030791202560067177,,,
21,53944,-0.04879862815141678,,,
21,53949,-0.035490524023771286,,,
21,53954,-0.030491597950458527,,,
21,53959,-0.0579041987657547,,,
21,53964,-0.05360248312354088,,,
21,53969,-0.0527876615524292,,,
21,53974,-0.021847303956747055,,,
21,53979,-0.04578090459108353,,,
21,53984,-0.04038723558187485,,,
21,53989,-0.04605963081121445,,,
21,53994,-0.053954094648361206,,,
21,53999,-0.04630005359649658,,,
21,54004,-0.03306128457188606,,,
21,54009,-0.02533905953168869,,,
21,54014,-0.04139792174100876,,,
21,54019,-0.02557048201560974,,,
21,54024,-0.04056008905172348,,,
21,54029,-0.030475284904241562,,,
21,54034,-0.03973527252674103,,,
21,54039,-0.047688260674476624,,,
21,54044,-0.030360590666532516,,,
21,54049,-0.03543853014707565,,,
21,54054,-0.04491109028458595,,,
21,54059,-0.03504439443349838,,,
21,54064,-0.02538379654288292,,,
21,54069,-0.03618890047073364,,,
21,54074,-0.04061620309948921,,,
21,54079,-0.028615428134799004,,,
21,54084,-0.06321726739406586,,,
21,54089,-0.05417763814330101,,,
21,54094,-0.035604022443294525,,,
21,54099,-0.043040595948696136,,,
21,54104,-0.04367958381772041,,,
21,54109,-0.049359794706106186,,,
21,54114,-0.038502003997564316,,,
21,54119,-0.044259004294872284,,,
21,54124,-0.050857044756412506,,,
21,54129,-0.04637043923139572,,,
21,54134,-0.05574117973446846,,,
21,54139,-0.04910506680607796,,,
21,54144,-0.044825803488492966,,,
21,54149,-0.014341996051371098,,,
21,54154,-0.061454884707927704,,,
21,54159,-0.03195655345916748,,,
21,54164,-0.04092561453580856,,,
21,54169,-0.045672934502363205,,,
21,54174,-0.041068144142627716,,,
21,54179,-0.0485309362411499,,,
21,54184,-0.04332640394568443,,,
21,54189,-0.056450385600328445,,,
21,54194,-0.03618093952536583,,,
21,54199,-0.041852306574583054,,,
21,54204,-0.03929217532277107,,,
21,54209,-0.03654184192419052,,,
21,54214,-0.030604399740695953,,,
21,54219,-0.022504344582557678,,,
21,54224,-0.04574331268668175,,,
21,54229,-0.036675579845905304,,,
21,54234,-0.05460234358906746,,,
21,54239,-0.04953668266534805,,,
21,54244,-0.04036315158009529,,,
21,54249,-0.008263509720563889,,,
21,54254,-0.027975376695394516,,,
21,54259,-0.05744892358779907,,,
21,54264,-0.04089048132300377,,,
21,54269,-0.04275412857532501,,,
21,54274,-0.03671913594007492,,,
21,54279,-0.0355563759803772,,,
21,54284,-0.060263969004154205,,,
21,54289,-0.032870978116989136,,,
21,54294,-0.016114044934511185,,,
21,54299,-0.038467660546302795,,,
21,54304,-0.044962555170059204,,,
21,54309,-0.05337487906217575,,,
21,54314,-0.030188174918293953,,,
21,54319,-0.04454653710126877,,,
21,54324,-0.0438554473221302,,,
21,54329,-0.052845150232315063,,,
21,54334,-0.05221358314156532,,,
21,54339,-0.03572334349155426,,,
21,54344,-0.047740623354911804,,,
21,54349,-0.04005241394042969,,,
21,54354,-0.04249592125415802,,,
21,54359,-0.042138610035181046,,,
21,54364,-0.030184227973222733,,,
21,54369,-0.05888848006725311,,,
21,54374,-0.025220509618520737,,,
21,54379,-0.023893006145954132,,,
21,54384,-0.037860237061977386,,,
21,54389,-0.042210206389427185,,,
21,54394,-0.01669130101799965,,,
21,54399,-0.03224247694015503,,,
21,54404,-0.029223892837762833,,,
21,54409,-0.030222300440073013,,,
21,54414,-0.04256480187177658,,,
21,54419,-0.034872330725193024,,,
21,54424,-0.055291548371315,,,
21,54429,-0.023304730653762817,,,
21,54434,-0.05007582902908325,,,
21,54439,-0.04970072582364082,,,
21,54444,-0.011805103160440922,,,
21,54449,-0.03993600606918335,,,
21,54454,-0.02502540498971939,,,
21,54459,-0.04971156269311905,,,
21,54464,-0.047287240624427795,,,
21,54469,-0.055407553911209106,,,
21,54474,-0.029354538768529892,,,
21,54479,-0.04777895286679268,,,
21,54484,-0.027009902521967888,,,
21,54489,-0.009645621292293072,,,
21,54494,-0.05155203118920326,,,
21,54499,-0.03061383217573166,,,
21,54504,-0.05062941461801529,,,
21,54509,-0.04622715711593628,,,
21,54514,-0.04237397760152817,,,
21,54519,-0.03558351472020149,,,
21,54524,-0.047567516565322876,,,
21,54529,-0.0214662067592144,,,
21,54534,-0.0426662340760231,,,
21,54539,-0.04139869660139084,,,
21,54544,-0.04286232590675354,,,
21,54549,-0.04010310396552086,,,
21,54554,-0.0672529935836792,,,
21,54559,-0.04863123968243599,,,
21,54564,-0.03569028526544571,,,
21,54569,-0.020176559686660767,,,
21,54574,-0.04429410398006439,,,
21,54579,-0.026748336851596832,,,
21,54584,-0.02458353340625763,,,
21,54589,-0.034160442650318146,,,
21,54594,-0.0379735603928566,,,
21,54599,-0.044942643493413925,,,
21,54604,-0.052020005881786346,,,
21,54609,-0.05602562427520752,,,
21,54614,-0.0400264635682106,,,
21,54619,-0.05550367385149002,,,
21,54624,-0.04052335023880005,,,
21,54629,-0.038721345365047455,,,
21,54634,-0.047464802861213684,,,
21,54639,-0.03613843396306038,,,
21,54644,-0.048803187906742096,,,
21,54649,-0.04081946983933449,,,
21,54654,-0.003824259154498577,,,
21,54659,-0.029857926070690155,,,
21,54664,-0.03420390188694,,,
21,54669,-0.018108319491147995,,,
21,54674,-0.03982202708721161,,,
21,54679,-0.029196567833423615,,,
21,54684,-0.039352014660835266,,,
21,54689,-0.03661351650953293,,,
21,54694,-0.04374610632658005,,,
21,54699,-0.012814320623874664,,,
21,54704,-0.03492347151041031,,,
21,54709,-0.04238015413284302,,,
21,54714,-0.04746243730187416,,,
21,54719,-0.03108922764658928,,,
21,54724,-0.04227832704782486,,,
21,54729,-0.03837166726589203,,,
21,54734,-0.05163566768169403,,,
21,54739,-0.05842847377061844,,,
21,54744,-0.04102550446987152,,,
21,54749,-0.03924163430929184,,,
21,54754,-0.06958195567131042,,,
21,54759,-0.031903836876153946,,,
21,54764,-0.036677297204732895,,,
21,54769,-0.05325687676668167,,,
21,54774,-0.035630397498607635,,,
21,54779,-0.03308836370706558,,,
21,54784,-0.029209202155470848,,,
21,54789,-0.021961161866784096,,,
21,54794,-0.0436476469039917,,,
21,54799,-0.04273800924420357,,,
21,54804,-0.05021180212497711,,,
21,54809,-0.03338009864091873,,,
21,54814,-0.046544235199689865,,,
21,54819,-0.040211863815784454,,,
21,54824,-0.043420448899269104,,,
21,54829,-0.03281497210264206,,,
21,54834,-0.03938215225934982,,,
21,54839,-0.05841025337576866,,,
21,54844,-0.04383302852511406,,,
21,54849,-0.01785934343934059,,,
21,54854,-0.05189533159136772,,,
21,54859,0.0009216777980327606,,,
21,54864,-0.03291742503643036,,,
21,54869,-0.03890082985162735,,,
21,54874,-0.029129020869731903,,,
21,54879,-0.055464860051870346,,,
21,54884,-0.050423987209796906,,,
21,54889,-0.05321802198886871,,,
21,54894,-0.04371622949838638,,,
21,54899,-0.029859496280550957,,,
21,54904,-0.05108565837144852,,,
21,54909,-0.037611283361911774,,,
21,54914,-0.04615537077188492,,,
21,54919,-0.016299445182085037,,,
21,54924,-0.037035807967185974,,,
21,54929,-0.04131292179226875,,,
21,54934,-0.04545053839683533,,,
21,54939,-0.061112359166145325,,,
21,54944,-0.021471578627824783,,,
21,54949,-0.026575861498713493,,,
21,54954,0.006946507841348648,,,
21,54959,-0.03582841157913208,,,
21,54964,-0.04330096393823624,,,
21,54969,-0.03381893038749695,,,
21,54974,-0.04206142574548721,,,
21,54979,-0.03735631704330444,,,
21,54984,-0.03037375770509243,,,
21,54989,-0.05305863171815872,,,
21,54994,-0.04574888199567795,,,
21,54999,-0.05738959461450577,,,
21,54999,,-0.03692694753408432,0.296099990606308,0.5903388857841492
22,55004,-0.0368478000164032,,,
22,55009,-0.04169849306344986,,,
22,55014,-0.048017341643571854,,,
22,55019,-0.028971880674362183,,,
22,55024,-0.031249836087226868,,,
22,55029,-0.04859589785337448,,,
22,55034,-0.04495963454246521,,,
22,55039,-0.03939489275217056,,,
22,55044,-0.04818443953990936,,,
22,55049,-0.03559306263923645,,,
22,55054,-0.03802080452442169,,,
22,55059,-0.038345105946063995,,,
22,55064,-0.04400913417339325,,,
22,55069,-0.03736657276749611,,,
22,55074,-0.0463685616850853,,,
22,55079,-0.05410825461149216,,,
22,55084,-0.028020747005939484,,,
22,55089,-0.023164354264736176,,,
22,55094,-0.03665342181921005,,,
22,55099,-0.029668180271983147,,,
22,55104,-0.04839849844574928,,,
22,55109,-0.04854124039411545,,,
22,55114,-0.04984086751937866,,,
22,55119,-0.01821618527173996,,,
22,55124,-0.03408869728446007,,,
22,55129,-0.031099490821361542,,,
22,55134,-0.0475822314620018,,,
22,55139,-0.03663577884435654,,,
22,55144,-0.029319697991013527,,,
22,55149,-0.04394157603383064,,,
22,55154,-0.03721693903207779,,,
22,55159,-0.028214991092681885,,,
22,55164,-0.04843262583017349,,,
22,55169,-0.042248617857694626,,,
22,55174,-0.04594816267490387,,,
22,55179,-0.04536578804254532,,,
22,55184,-0.018585842102766037,,,
22,55189,-0.02665828913450241,,,
22,55194,-0.04687265306711197,,,
22,55199,-0.04750453308224678,,,
22,55204,-0.0385335311293602,,,
22,55209,-0.05118889734148979,,,
22,55214,-0.03967798501253128,,,
22,55219,-0.0519401878118515,,,
22,55224,-0.045677702873945236,,,
22,55229,-0.04536496847867966,,,
22,55234,-0.040088802576065063,,,
22,55239,-0.026659853756427765,,,
22,55244,-0.03469806909561157,,,
22,55249,-0.02965274266898632,,,
22,55254,-0.05531136691570282,,,
22,55259,-0.03086925484240055,,,
22,55264,-0.029772792011499405,,,
22,55269,-0.03233207017183304,,,
22,55274,-0.05100356414914131,,,
22,55279,-0.03156553581357002,,,
22,55284,-0.027511194348335266,,,
22,55289,-0.027829831466078758,,,
22,55294,-0.034826695919036865,,,
22,55299,-0.03336483612656593,,,
22,55304,-0.025512445718050003,,,
22,55309,-0.045375991612672806,,,
22,55314,-0.014278978109359741,,,
22,55319,-0.04912981763482094,,,
22,55324,-0.05087058246135712,,,
22,55329,-0.04531368613243103,,,
22,55334,-0.021830327808856964,,,
22,55339,-0.04947218298912048,,,
22,55344,-0.025492116808891296,,,
22,55349,-0.02724086306989193,,,
22,55354,-0.04302108660340309,,,
22,55359,-0.0392453707754612,,,
22,55364,-0.040003273636102676,,,
22,55369,-0.0507609024643898,,,
22,55374,-0.04086346924304962,,,
22,55379,-0.04284738004207611,,,
22,55384,-0.04444226622581482,,,
22,55389,-0.04228232055902481,,,
22,55394,-0.06530176103115082,,,
22,55399,-0.0403500571846962,,,
22,55404,-0.034601110965013504,,,
22,55409,-0.038790009915828705,,,
22,55414,-0.04061703383922577,,,
22,55419,-0.026062052696943283,,,
22,55424,-0.04465491324663162,,,
22,55429,-0.03191811591386795,,,
22,55434,-0.0496937558054924,,,
22,55439,-0.05026350915431976,,,
22,55444,-0.05772870033979416,,,
22,55449,-0.03457092493772507,,,
22,55454,-0.019378960132598877,,,
22,55459,-0.04523807018995285,,,
22,55464,-0.04711398109793663,,,
22,55469,-0.04500654339790344,,,
22,55474,-0.05483436584472656,,,
22,55479,-0.05249400436878204,,,
22,55484,-0.03121946007013321,,,
22,55489,-0.014612087979912758,,,
22,55494,-0.044880859553813934,,,
22,55499,-0.011441938579082489,,,
22,55504,-0.039457619190216064,,,
22,55509,-0.0685151070356369,,,
22,55514,-0.03598356992006302,,,
22,55519,-0.046737588942050934,,,
22,55524,-0.03525099158287048,,,
22,55529,-0.026646805927157402,,,
22,55534,-0.004732867702841759,,,
22,55539,-0.03371847793459892,,,
22,55544,-0.052566882222890854,,,
22,55549,-0.040452033281326294,,,
22,55554,-0.031742826104164124,,,
22,55559,-0.039193786680698395,,,
22,55564,-0.035625703632831573,,,
22,55569,-0.05311834439635277,,,
22,55574,-0.016706710681319237,,,
22,55579,-0.047393836081027985,,,
22,55584,-0.029667407274246216,,,
22,55589,-0.04538346827030182,,,
22,55594,-0.023807231336832047,,,
22,55599,-0.051596786826848984,,,
22,55604,-0.029886048287153244,,,
22,55609,-0.04315391927957535,,,
22,55614,-0.03075602650642395,,,
22,55619,-0.01554175280034542,,,
22,55624,-0.03841477632522583,,,
22,55629,-0.02748876065015793,,,
22,55634,-0.03640920668840408,,,
22,55639,-0.06152978539466858,,,
22,55644,-0.04221858084201813,,,
22,55649,-0.02876349166035652,,,
22,55654,-0.02608547732234001,,,
22,55659,-0.034094035625457764,,,
22,55664,-0.021692339330911636,,,
22,55669,-0.023727035149931908,,,
22,55674,-0.018783608451485634,,,
22,55679,-0.03988705575466156,,,
22,55684,-0.03028007224202156,,,
22,55689,-0.028154723346233368,,,
22,55694,-0.04902137815952301,,,
22,55699,-0.03454817086458206,,,
22,55704,-0.024933937937021255,,,
22,55709,-0.0423029288649559,,,
22,55714,-0.0417671725153923,,,
22,55719,-0.024140000343322754,,,
22,55724,-0.03820674866437912,,,
22,55729,-0.06870414316654205,,,
22,55734,-0.04248878359794617,,,
22,55739,-0.053176090121269226,,,
22,55744,-0.04206831753253937,,,
22,55749,-0.034739285707473755,,,
22,55754,-0.042924560606479645,,,
22,55759,-0.04676102101802826,,,
22,55764,-0.038546741008758545,,,
22,55769,-0.032854411751031876,,,
22,55774,-0.023240044713020325,,,
22,55779,-0.04763083904981613,,,
22,55784,-0.031907081604003906,,,
22,55789,-0.051646988838911057,,,
22,55794,-0.046616632491350174,,,
22,55799,-0.046854473650455475,,,
22,55804,-0.0389690101146698,,,
22,55809,-0.05209895223379135,,,
22,55814,-0.05807403847575188,,,
22,55819,-0.046186257153749466,,,
22,55824,-0.051405321806669235,,,
22,55829,-0.038799893110990524,,,
22,55834,-0.03245679289102554,,,
22,55839,-0.026151161640882492,,,
22,55844,-0.055524058640003204,,,
22,55849,-0.047333166003227234,,,
22,55854,-0.04374934732913971,,,
22,55859,-0.03263535350561142,,,
22,55864,-0.019198110327124596,,,
22,55869,-0.04049931839108467,,,
22,55874,-0.04042897745966911,,,
22,55879,-0.0350789800286293,,,
22,55884,-0.04984493926167488,,,
22,55889,-0.03444065898656845,,,
22,55894,-0.012450254522264004,,,
22,55899,-0.06919622421264648,,,
22,55904,-0.026660261675715446,,,
22,55909,-0.04394697770476341,,,
22,55914,-0.051205601543188095,,,
22,55919,-0.03682564198970795,,,
22,55924,-0.03134240582585335,,,
22,55929,-0.025176309049129486,,,
22,55934,-0.030044686049222946,,,
22,55939,-0.024383075535297394,,,
22,55944,-0.03581808879971504,,,
22,55949,-0.042937785387039185,,,
22,55954,-0.04985318332910538,,,
22,55959,-0.03059620037674904,,,
22,55964,-0.03594942390918732,,,
22,55969,-0.013795439153909683,,,
22,55974,-0.04693104326725006,,,
22,55979,-0.06396906077861786,,,
22,55984,-0.051236703991889954,,,
22,55989,-0.04190604388713837,,,
22,55994,-0.03650081902742386,,,
22,55999,-0.039980605244636536,,,
22,56004,-0.04274597764015198,,,
22,56009,-0.01951666548848152,,,
22,56014,-0.046817123889923096,,,
22,56019,-0.032052770256996155,,,
22,56024,-0.03906795382499695,,,
22,56029,-0.04126615822315216,,,
22,56034,-0.02832619845867157,,,
22,56039,0.008858110755681992,,,
22,56044,-0.045382991433143616,,,
22,56049,-0.0660049170255661,,,
22,56054,-0.04139886796474457,,,
22,56059,-0.06205453723669052,,,
22,56064,-0.03543449938297272,,,
22,56069,-0.04830673709511757,,,
22,56074,-0.0434773713350296,,,
22,56079,-0.04567422717809677,,,
22,56084,-0.03477714955806732,,,
22,56089,-0.036976076662540436,,,
22,56094,-0.027543503791093826,,,
22,56099,-0.03784193843603134,,,
22,56104,-0.04349352419376373,,,
22,56109,-0.05285825580358505,,,
22,56114,-0.03311416506767273,,,
22,56119,-0.04603249952197075,,,
22,56124,-0.05057363957166672,,,
22,56129,-0.030813008546829224,,,
22,56134,-0.011541904881596565,,,
22,56139,-0.05047837644815445,,,
22,56144,-0.05579053610563278,,,
22,56149,-0.0228392593562603,,,
22,56154,-0.05572845786809921,,,
22,56159,-0.0662098079919815,,,
22,56164,-0.024859942495822906,,,
22,56169,-0.06167532876133919,,,
22,56174,-0.058807238936424255,,,
22,56179,-0.04834979027509689,,,
22,56184,-0.0421704463660717,,,
22,56189,-0.05775807425379753,,,
22,56194,-0.027682270854711533,,,
22,56199,-0.028450850397348404,,,
22,56204,-0.04282163828611374,,,
22,56209,-0.04207843542098999,,,
22,56214,-0.05209067091345787,,,
22,56219,-0.05077661573886871,,,
22,56224,-0.034804970026016235,,,
22,56229,-0.03209458664059639,,,
22,56234,-0.04364621266722679,,,
22,56239,-0.05293674021959305,,,
22,56244,-0.024867326021194458,,,
22,56249,-0.035705678164958954,,,
22,56254,-0.03601755201816559,,,
22,56259,-0.04487057030200958,,,
22,56264,-0.03219171240925789,,,
22,56269,-0.03646384924650192,,,
22,56274,-0.0050523485988378525,,,
22,56279,-0.03581749647855759,,,
22,56284,-0.0298298429697752,,,
22,56289,-0.03898939862847328,,,
22,56294,-0.026326972991228104,,,
22,56299,-0.02909882552921772,,,
22,56304,-0.025819318369030952,,,
22,56309,-0.03482570871710777,,,
22,56314,-0.06961368769407272,,,
22,56319,-0.050655465573072433,,,
22,56324,-0.025033388286828995,,,
22,56329,-0.03138694912195206,,,
22,56334,-0.03679024428129196,,,
22,56339,-0.035826317965984344,,,
22,56344,-0.035744234919548035,,,
22,56349,-0.0276503786444664,,,
22,56354,-0.038916707038879395,,,
22,56359,-0.048293307423591614,,,
22,56364,-0.038269586861133575,,,
22,56369,-0.025097055360674858,,,
22,56374,-0.017933454364538193,,,
22,56379,-0.03276178240776062,,,
22,56384,-0.032901979982852936,,,
22,56389,-0.032287999987602234,,,
22,56394,-0.05167311429977417,,,
22,56399,-0.01949353516101837,,,
22,56404,-0.029536046087741852,,,
22,56409,-0.04489399492740631,,,
22,56414,-0.033807411789894104,,,
22,56419,-0.054971661418676376,,,
22,56424,-0.03761153668165207,,,
22,56429,-0.04792163521051407,,,
22,56434,-0.03700435906648636,,,
22,56439,-0.027848660945892334,,,
22,56444,-0.039023157209157944,,,
22,56449,-0.03826169669628143,,,
22,56454,-0.04537758603692055,,,
22,56459,-0.04748335853219032,,,
22,56464,-0.04452583193778992,,,
22,56469,-0.013552864082157612,,,
22,56474,-0.03206866607069969,,,
22,56479,-0.028745997697114944,,,
22,56484,-0.048483237624168396,,,
22,56489,-0.04212583601474762,,,
22,56494,-0.004614359699189663,,,
22,56499,-0.05775722861289978,,,
22,56504,-0.049806952476501465,,,
22,56509,-0.04909554868936539,,,
22,56514,-0.03075651079416275,,,
22,56519,-0.049274805933237076,,,
22,56524,-0.04084870219230652,,,
22,56529,-0.03453763574361801,,,
22,56534,-0.06097788363695145,,,
22,56539,-0.03571496158838272,,,
22,56544,-0.02884751744568348,,,
22,56549,-0.030741265043616295,,,
22,56554,-0.02168440818786621,,,
22,56559,-0.041656602174043655,,,
22,56564,-0.04040079936385155,,,
22,56569,-0.03080994263291359,,,
22,56574,-0.03045668825507164,,,
22,56579,-0.03641550615429878,,,
22,56584,-0.022452812641859055,,,
22,56589,-0.04598866403102875,,,
22,56594,-0.053998030722141266,,,
22,56599,-0.04628397896885872,,,
22,56604,-0.03864812105894089,,,
22,56609,-0.03556311875581741,,,
22,56614,-0.025886040180921555,,,
22,56619,-0.043730102479457855,,,
22,56624,-0.04665636271238327,,,
22,56629,-0.03573952615261078,,,
22,56634,-0.02519065886735916,,,
22,56639,-0.03719128668308258,,,
22,56644,-0.04381465166807175,,,
22,56649,-0.03841836005449295,,,
22,56654,-0.02760397642850876,,,
22,56659,-0.049525123089551926,,,
22,56664,-0.042813800275325775,,,
22,56669,-0.043258510529994965,,,
22,56674,-0.031539201736450195,,,
22,56679,-0.041058603674173355,,,
22,56684,-0.03522440046072006,,,
22,56689,-0.031027425080537796,,,
22,56694,-0.017015591263771057,,,
22,56699,-0.036936044692993164,,,
22,56704,-0.03974151611328125,,,
22,56709,-0.053161174058914185,,,
22,56714,-0.02279805764555931,,,
22,56719,-0.03695032000541687,,,
22,56724,-0.03515245020389557,,,
22,56729,-0.026506535708904266,,,
22,56734,-0.039205241948366165,,,
22,56739,-0.05012904852628708,,,
22,56744,-0.04962656646966934,,,
22,56749,-0.03723836690187454,,,
22,56754,-0.0558621883392334,,,
22,56759,-0.04055120050907135,,,
22,56764,-0.038844648748636246,,,
22,56769,-0.031005626544356346,,,
22,56774,-0.04197520762681961,,,
22,56779,-0.024784835055470467,,,
22,56784,-0.04076864570379257,,,
22,56789,-0.04543456807732582,,,
22,56794,-0.03909021615982056,,,
22,56799,-0.03988059610128403,,,
22,56804,-0.027287384495139122,,,
22,56809,-0.03490948677062988,,,
22,56814,-0.022637518122792244,,,
22,56819,-0.021882526576519012,,,
22,56824,-0.04614175111055374,,,
22,56829,-0.03972270339727402,,,
22,56834,-0.03543604910373688,,,
22,56839,-0.018739797174930573,,,
22,56844,-0.04698165878653526,,,
22,56849,-0.05167798697948456,,,
22,56854,-0.04763440787792206,,,
22,56859,-0.04572702944278717,,,
22,56864,-0.05134212225675583,,,
22,56869,-0.021739676594734192,,,
22,56874,-0.036067042499780655,,,
22,56879,-0.02902470901608467,,,
22,56884,-0.0367235392332077,,,
22,56889,-0.03609819337725639,,,
22,56894,-0.025776097550988197,,,
22,56899,-0.018673090264201164,,,
22,56904,-0.046543560922145844,,,
22,56909,-0.05130509287118912,,,
22,56914,-0.04328756406903267,,,
22,56919,-0.05138344690203667,,,
22,56924,-0.047354139387607574,,,
22,56929,-0.021634532138705254,,,
22,56934,-0.052385248243808746,,,
22,56939,-0.03622130677103996,,,
22,56944,-0.04135281965136528,,,
22,56949,-0.034232668578624725,,,
22,56954,-0.03607361763715744,,,
22,56959,-0.039683010429143906,,,
22,56964,-0.03499012440443039,,,
22,56969,-0.03548054397106171,,,
22,56974,-0.037687718868255615,,,
22,56979,-0.05681532621383667,,,
22,56984,-0.037658460438251495,,,
22,56989,-0.05201716721057892,,,
22,56994,-0.03887007385492325,,,
22,56999,-0.05994842201471329,,,
22,57004,-0.03749621659517288,,,
22,57009,-0.04508452117443085,,,
22,57014,-0.04959435015916824,,,
22,57019,-0.025796467438340187,,,
22,57024,-0.03138241171836853,,,
22,57029,-0.03169862926006317,,,
22,57034,-0.048735834658145905,,,
22,57039,-0.04327446222305298,,,
22,57044,-0.025687433779239655,,,
22,57049,-0.029865894466638565,,,
22,57054,-0.017142973840236664,,,
22,57059,-0.057159941643476486,,,
22,57064,-0.05747715011239052,,,
22,57069,-0.04065471142530441,,,
22,57074,-0.025347299873828888,,,
22,57079,-0.05213319882750511,,,
22,57084,-0.04507923871278763,,,
22,57089,-0.033864863216876984,,,
22,57094,-0.036478351801633835,,,
22,57099,-0.038452401757240295,,,
22,57104,-0.032088469713926315,,,
22,57109,-0.03556656837463379,,,
22,57114,-0.02065735124051571,,,
22,57119,-0.045982155948877335,,,
22,57124,-0.0348212830722332,,,
22,57129,-0.04401743784546852,,,
22,57134,-0.03889210522174835,,,
22,57139,-0.035743847489356995,,,
22,57144,-0.01665663532912731,,,
22,57149,-0.0207989439368248,,,
22,57154,-0.051180802285671234,,,
22,57159,-0.04224906861782074,,,
22,57164,-0.050336092710494995,,,
22,57169,-0.04095705971121788,,,
22,57174,-0.044624391943216324,,,
22,57179,-0.02484254166483879,,,
22,57184,-0.038279734551906586,,,
22,57189,-0.0559704527258873,,,
22,57194,-0.032676566392183304,,,
22,57199,-0.050999030470848083,,,
22,57204,-0.031170185655355453,,,
22,57209,-0.0434139147400856,,,
22,57214,-0.04650196433067322,,,
22,57219,-0.03841046243906021,,,
22,57224,-0.03554125875234604,,,
22,57229,-0.043367043137550354,,,
22,57234,-0.0006730435416102409,,,
22,57239,-0.05458958446979523,,,
22,57244,-0.012862352654337883,,,
22,57249,-0.04038774222135544,,,
22,57254,-0.02393500506877899,,,
22,57259,-0.054989513009786606,,,
22,57264,-0.03098382242023945,,,
22,57269,-0.04229527711868286,,,
22,57274,-0.020650019869208336,,,
22,57279,-0.03871481865644455,,,
22,57284,-0.0395360067486763,,,
22,57289,-0.032067980617284775,,,
22,57294,-0.028501320630311966,,,
22,57299,-0.049294836819171906,,,
22,57304,-0.06137969344854355,,,
22,57309,-0.04955756291747093,,,
22,57314,-0.01784975454211235,,,
22,57319,-0.053139299154281616,,,
22,57324,-0.038969337940216064,,,
22,57329,-0.049360089004039764,,,
22,57334,-0.040578827261924744,,,
22,57339,-0.024232320487499237,,,
22,57344,-0.05320105701684952,,,
22,57349,-0.05727043002843857,,,
22,57354,-0.031326182186603546,,,
22,57359,-0.03491632267832756,,,
22,57364,-0.04556770622730255,,,
22,57369,-0.03963026404380798,,,
22,57374,-0.04584241658449173,,,
22,57379,-0.030226299539208412,,,
22,57384,-0.05861982703208923,,,
22,57389,-0.04366367682814598,,,
22,57394,-0.04174855351448059,,,
22,57399,-0.021083969622850418,,,
22,57404,-0.048885636031627655,,,
22,57409,-0.03460303694009781,,,
22,57414,-0.04799709469079971,,,
22,57419,-0.05116351321339607,,,
22,57424,-0.04172476381063461,,,
22,57429,-0.03261615335941315,,,
22,57434,-0.017246190458536148,,,
22,57439,-0.03302003815770149,,,
22,57444,-0.041779614984989166,,,
22,57449,-0.042203813791275024,,,
22,57454,-0.023595308884978294,,,
22,57459,-0.03257612884044647,,,
22,57464,-0.03975614905357361,,,
22,57469,-0.04287608712911606,,,
22,57474,-0.04144113510847092,,,
22,57479,-0.04465911537408829,,,
22,57484,-0.04785969480872154,,,
22,57489,-0.03117464855313301,,,
22,57494,-0.0421641543507576,,,
22,57499,-0.02976379543542862,,,
22,57499,,-0.033937521278858185,0.2912999987602234,0.5859180688858032
23,57504,-0.035873956978321075,,,
23,57509,-0.056402936577796936,,,
23,57514,-0.028126779943704605,,,
23,57519,-0.03983699530363083,,,
23,57524,-0.0489443838596344,,,
23,57529,-0.04586168751120567,,,
23,57534,-0.03587569296360016,,,
23,57539,-0.02884383499622345,,,
23,57544,-0.017974326387047768,,,
23,57549,-0.030069738626480103,,,
23,57554,-0.03861168026924133,,,
23,57559,-0.056808654218912125,,,
23,57564,-0.04280587285757065,,,
23,57569,-0.04438604414463043,,,
23,57574,-0.04793083667755127,,,
23,57579,-0.03153446316719055,,,
23,57584,-0.05094555765390396,,,
23,57589,-0.03636385500431061,,,
23,57594,-0.02161032147705555,,,
23,57599,-0.039535462856292725,,,
23,57604,-0.021126454696059227,,,
23,57609,-0.027782155200839043,,,
23,57614,-0.04921497404575348,,,
23,57619,-0.03806602209806442,,,
23,57624,-0.01682550460100174,,,
23,57629,-0.051591020077466965,,,
23,57634,-0.027766024693846703,,,
23,57639,-0.04004226624965668,,,
23,57644,-0.04193894565105438,,,
23,57649,-0.03327129781246185,,,
23,57654,-0.03778059408068657,,,
23,57659,-0.023342696949839592,,,
23,57664,-0.05062544345855713,,,
23,57669,-0.033942390233278275,,,
23,57674,-0.048830945044755936,,,
23,57679,-0.0347830206155777,,,
23,57684,-0.018190309405326843,,,
23,57689,-0.018346721306443214,,,
23,57694,-0.036905184388160706,,,
23,57699,-0.048281215131282806,,,
23,57704,-0.05667897313833237,,,
23,57709,-0.050518542528152466,,,
23,57714,-0.036624785512685776,,,
23,57719,-0.023985717445611954,,,
23,57724,-0.058478742837905884,,,
23,57729,-0.04561184346675873,,,
23,57734,-0.036638043820858,,,
23,57739,-0.035842813551425934,,,
23,57744,-0.05134344846010208,,,
23,57749,-0.04284266382455826,,,
23,57754,-0.04270433261990547,,,
23,57759,-0.0406692698597908,,,
23,57764,-0.03900647535920143,,,
23,57769,-0.0440249890089035,,,
23,57774,-0.04436488822102547,,,
23,57779,-0.0547468438744545,,,
23,57784,-0.021907692775130272,,,
23,57789,-0.04557255655527115,,,
23,57794,-0.012035710737109184,,,
23,57799,-0.046827010810375214,,,
23,57804,-0.02164274826645851,,,
23,57809,-0.04499929025769234,,,
23,57814,-0.05672065168619156,,,
23,57819,-0.02451542392373085,,,
23,57824,-0.014504225924611092,,,
23,57829,-0.037296995520591736,,,
23,57834,-0.05378527194261551,,,
23,57839,-0.040795132517814636,,,
23,57844,-0.01312146708369255,,,
23,57849,-0.05297893285751343,,,
23,57854,-0.03508489578962326,,,
23,57859,-0.0505654439330101,,,
23,57864,-0.03349485993385315,,,
23,57869,-0.0325506329536438,,,
23,57874,-0.0484158918261528,,,
23,57879,-0.023204727098345757,,,
23,57884,-0.041712887585163116,,,
23,57889,-0.036647193133831024,,,
23,57894,-0.03950278460979462,,,
23,57899,-0.0021887579932808876,,,
23,57904,-0.037127815186977386,,,
23,57909,-0.03692556917667389,,,
23,57914,-0.03943812847137451,,,
23,57919,-0.03416828438639641,,,
23,57924,-0.030778734013438225,,,
23,57929,-0.03141583502292633,,,
23,57934,-0.0365302711725235,,,
23,57939,-0.03671608865261078,,,
23,57944,-0.045380860567092896,,,
23,57949,-0.03302754461765289,,,
23,57954,-0.003528570756316185,,,
23,57959,-0.04645910859107971,,,
23,57964,-0.03969119116663933,,,
23,57969,-0.043818600475788116,,,
23,57974,-0.04697752371430397,,,
23,57979,-0.05219099670648575,,,
23,57984,-0.052294470369815826,,,
23,57989,-0.03080179914832115,,,
23,57994,-0.0285005122423172,,,
23,57999,-0.027136750519275665,,,
23,58004,-0.037273019552230835,,,
23,58009,-0.0467928871512413,,,
23,58014,-0.04094046354293823,,,
23,58019,-0.04002436250448227,,,
23,58024,-0.04166576638817787,,,
23,58029,-0.0356222540140152,,,
23,58034,-0.046185992658138275,,,
23,58039,-0.04675189405679703,,,
23,58044,-0.038308195769786835,,,
23,58049,-0.040621835738420486,,,
23,58054,-0.04345953091979027,,,
23,58059,-0.013907397165894508,,,
23,58064,-0.05514325946569443,,,
23,58069,-0.06209166720509529,,,
23,58074,-0.03367389738559723,,,
23,58079,-0.02493145316839218,,,
23,58084,-0.04153526574373245,,,
23,58089,-0.03487241268157959,,,
23,58094,-0.03508424013853073,,,
23,58099,-0.035659871995449066,,,
23,58104,-0.042167216539382935,,,
23,58109,-0.046226512640714645,,,
23,58114,-0.05049234256148338,,,
23,58119,-0.023912809789180756,,,
23,58124,-0.01985388807952404,,,
23,58129,-0.03181883320212364,,,
23,58134,-0.038382723927497864,,,
23,58139,-0.04945419728755951,,,
23,58144,-0.03744172304868698,,,
23,58149,-0.032066866755485535,,,
23,58154,-0.0492628812789917,,,
23,58159,-0.020551737397909164,,,
23,58164,-0.02997765503823757,,,
23,58169,-0.045843321830034256,,,
23,58174,-0.044420257210731506,,,
23,58179,-0.04096114635467529,,,
23,58184,-0.03901729732751846,,,
23,58189,-0.03921974450349808,,,
23,58194,-0.029644059017300606,,,
23,58199,-0.034166716039180756,,,
23,58204,-0.04897680878639221,,,
23,58209,-0.03929051011800766,,,
23,58214,-0.043589599430561066,,,
23,58219,-0.03669128566980362,,,
23,58224,-0.024842683225870132,,,
23,58229,-0.03769947960972786,,,
23,58234,-0.06118138134479523,,,
23,58239,-0.05668239668011665,,,
23,58244,-0.02742733247578144,,,
23,58249,-0.039584681391716,,,
23,58254,-0.0348622128367424,,,
23,58259,-0.04938361048698425,,,
23,58264,-0.036226801574230194,,,
23,58269,-0.052394650876522064,,,
23,58274,-0.04556290805339813,,,
23,58279,-0.03239373117685318,,,
23,58284,-0.049967505037784576,,,
23,58289,-0.04598393663764,,,
23,58294,-0.03245752677321434,,,
23,58299,-0.04629400745034218,,,
23,58304,-0.03543116897344589,,,
23,58309,-0.0307555440813303,,,
23,58314,-0.020019274204969406,,,
23,58319,-0.04587738960981369,,,
23,58324,-0.05348974093794823,,,
23,58329,-0.051188718527555466,,,
23,58334,-0.03383341804146767,,,
23,58339,-0.03893549367785454,,,
23,58344,-0.04265381395816803,,,
23,58349,-0.040198713541030884,,,
23,58354,-0.03034796193242073,,,
23,58359,-0.03648778796195984,,,
23,58364,-0.019632983952760696,,,
23,58369,-0.03101464733481407,,,
23,58374,-0.05606677383184433,,,
23,58379,-0.05058075487613678,,,
23,58384,-0.05710935592651367,,,
23,58389,-0.047775935381650925,,,
23,58394,-0.03384055197238922,,,
23,58399,-0.026447786018252373,,,
23,58404,-0.012923629023134708,,,
23,58409,-0.04648173227906227,,,
23,58414,-0.03971482813358307,,,
23,58419,-0.003436748869717121,,,
23,58424,-0.026824481785297394,,,
23,58429,-0.03716273605823517,,,
23,58434,-0.025016961619257927,,,
23,58439,-0.03927523270249367,,,
23,58444,-0.04577593877911568,,,
23,58449,-0.05096989870071411,,,
23,58454,-0.031456224620342255,,,
23,58459,-0.04400531202554703,,,
23,58464,-0.049560412764549255,,,
23,58469,-0.015309716574847698,,,
23,58474,-0.036924853920936584,,,
23,58479,-0.05189772695302963,,,
23,58484,-0.03136955946683884,,,
23,58489,-0.054177455604076385,,,
23,58494,-0.03542712703347206,,,
23,58499,-0.045942943543195724,,,
23,58504,-0.04302714020013809,,,
23,58509,-0.03363558277487755,,,
23,58514,-0.03368852287530899,,,
23,58519,-0.0402085967361927,,,
23,58524,-0.05640588700771332,,,
23,58529,-0.05235781520605087,,,
23,58534,-0.05253373831510544,,,
23,58539,-0.028065785765647888,,,
23,58544,-0.02463170699775219,,,
23,58549,-0.03961670398712158,,,
23,58554,-0.02795933559536934,,,
23,58559,-0.03953932970762253,,,
23,58564,-0.041007477790117264,,,
23,58569,-0.053116485476493835,,,
23,58574,-0.04356331378221512,,,
23,58579,-0.04133906215429306,,,
23,58584,-0.035711415112018585,,,
23,58589,-0.03654344752430916,,,
23,58594,-0.03062749281525612,,,
23,58599,-0.038264766335487366,,,
23,58604,-0.04456494748592377,,,
23,58609,-0.0356888547539711,,,
23,58614,-0.04423774406313896,,,
23,58619,-0.042556073516607285,,,
23,58624,-0.04339682683348656,,,
23,58629,-0.040561094880104065,,,
23,58634,-0.0005287500098347664,,,
23,58639,-0.04409200698137283,,,
23,58644,-0.038251206278800964,,,
23,58649,-0.03467961400747299,,,
23,58654,-0.022562174126505852,,,
23,58659,-0.029309425503015518,,,
23,58664,-0.029220903292298317,,,
23,58669,-0.02026199921965599,,,
23,58674,-0.03882572054862976,,,
23,58679,-0.034670859575271606,,,
23,58684,-0.024611910805106163,,,
23,58689,-0.01962859183549881,,,
23,58694,-0.05504778027534485,,,
23,58699,-0.04620935767889023,,,
23,58704,-0.01903589256107807,,,
23,58709,-0.04574234411120415,,,
23,58714,-0.025659753009676933,,,
23,58719,-0.03231659531593323,,,
23,58724,-0.046490296721458435,,,
23,58729,-0.029687872156500816,,,
23,58734,-0.039449140429496765,,,
23,58739,-0.0361652746796608,,,
23,58744,-0.03802018612623215,,,
23,58749,-0.03197877109050751,,,
23,58754,-0.04812855273485184,,,
23,58759,-0.04445258900523186,,,
23,58764,-0.04860711842775345,,,
23,58769,-0.04061110317707062,,,
23,58774,-0.03929230943322182,,,
23,58779,-0.0404449887573719,,,
23,58784,-0.04720458760857582,,,
23,58789,-0.020780693739652634,,,
23,58794,-0.041072141379117966,,,
23,58799,-0.05506682023406029,,,
23,58804,-0.038718126714229584,,,
23,58809,-0.04353823885321617,,,
23,58814,-0.02445523999631405,,,
23,58819,-0.0416489876806736,,,
23,58824,-0.04901711270213127,,,
23,58829,-0.029497716575860977,,,
23,58834,-0.03928416594862938,,,
23,58839,-0.043513618409633636,,,
23,58844,-0.03990631550550461,,,
23,58849,-0.03631771728396416,,,
23,58854,-0.026378169655799866,,,
23,58859,-0.0449703224003315,,,
23,58864,-0.03337693214416504,,,
23,58869,-0.048836879432201385,,,
23,58874,-0.03180836886167526,,,
23,58879,-0.048617906868457794,,,
23,58884,-0.03553815931081772,,,
23,58889,-0.03944423794746399,,,
23,58894,-0.03662130981683731,,,
23,58899,-0.035727933049201965,,,
23,58904,-0.0474519357085228,,,
23,58909,-0.04246615618467331,,,
23,58914,-0.05496493726968765,,,
23,58919,-0.04609788581728935,,,
23,58924,-0.03645572438836098,,,
23,58929,-0.04246632009744644,,,
23,58934,-0.04243900626897812,,,
23,58939,-0.03441302105784416,,,
23,58944,-0.042604655027389526,,,
23,58949,-0.03757045790553093,,,
23,58954,-0.02921156771481037,,,
23,58959,-0.04374662786722183,,,
23,58964,-0.05391038581728935,,,
23,58969,-0.04997808113694191,,,
23,58974,-0.041158195585012436,,,
23,58979,-0.04438392072916031,,,
23,58984,-0.030422532930970192,,,
23,58989,-0.0207226499915123,,,
23,58994,-0.042643073946237564,,,
23,58999,-0.04513281583786011,,,
23,59004,-0.03206025809049606,,,
23,59009,-0.045029155910015106,,,
23,59014,-0.03730696812272072,,,
23,59019,-0.044658362865448,,,
23,59024,-0.056114740669727325,,,
23,59029,-0.03038926236331463,,,
23,59034,-0.027336249127984047,,,
23,59039,-0.04331972450017929,,,
23,59044,-0.027671540156006813,,,
23,59049,-0.0283934585750103,,,
23,59054,-0.050947483628988266,,,
23,59059,-0.02924201264977455,,,
23,59064,-0.04077150300145149,,,
23,59069,-0.03143811598420143,,,
23,59074,-0.01174674741923809,,,
23,59079,-0.05107055604457855,,,
23,59084,-0.029253734275698662,,,
23,59089,-0.0359124056994915,,,
23,59094,-0.007888850755989552,,,
23,59099,-0.04581829160451889,,,
23,59104,-0.048867836594581604,,,
23,59109,-0.041021645069122314,,,
23,59114,-0.04589240625500679,,,
23,59119,-0.030142102390527725,,,
23,59124,-0.043924927711486816,,,
23,59129,-0.04474509134888649,,,
23,59134,-0.03288235515356064,,,
23,59139,-0.04808655008673668,,,
23,59144,-0.05253058671951294,,,
23,59149,-0.038770221173763275,,,
23,59154,-0.03592352569103241,,,
23,59159,-0.03517353534698486,,,
23,59164,-0.05011586472392082,,,
23,59169,-0.03453315794467926,,,
23,59174,-0.03810587525367737,,,
23,59179,-0.044875405728816986,,,
23,59184,-0.04425632208585739,,,
23,59189,-0.038205020129680634,,,
23,59194,-0.044537730515003204,,,
23,59199,-0.03522360324859619,,,
23,59204,-0.05439036712050438,,,
23,59209,-0.04533778503537178,,,
23,59214,-0.018474865704774857,,,
23,59219,-0.037521690130233765,,,
23,59224,-0.056114956736564636,,,
23,59229,-0.04656899720430374,,,
23,59234,-0.017475701868534088,,,
23,59239,-0.03221254423260689,,,
23,59244,-0.03296820446848869,,,
23,59249,-0.03506983816623688,,,
23,59254,-0.035355862230062485,,,
23,59259,-0.05147485062479973,,,
23,59264,-0.04437081888318062,,,
23,59269,-0.052878379821777344,,,
23,59274,-0.027129821479320526,,,
23,59279,-0.043473534286022186,,,
23,59284,-0.033609263598918915,,,
23,59289,-0.05184926837682724,,,
23,59294,-0.0509084053337574,,,
23,59299,-0.04079673811793327,,,
23,59304,-0.04359946399927139,,,
23,59309,-0.03446095064282417,,,
23,59314,-0.049215443432331085,,,
23,59319,-0.04057727009057999,,,
23,59324,-0.03546486049890518,,,
23,59329,-0.06769031286239624,,,
23,59334,-0.03466426208615303,,,
23,59339,-0.0069426316767930984,,,
23,59344,-0.0460013747215271,,,
23,59349,-0.03746841847896576,,,
23,59354,-0.0490693524479866,,,
23,59359,-0.05069157853722572,,,
23,59364,-0.05230831354856491,,,
23,59369,-0.03552325814962387,,,
23,59374,-0.031222641468048096,,,
23,59379,-0.06153283268213272,,,
23,59384,-0.02446884475648403,,,
23,59389,-0.036147065460681915,,,
23,59394,-0.042305052280426025,,,
23,59399,-0.032883431762456894,,,
23,59404,-0.036748431622982025,,,
23,59409,-0.0449836328625679,,,
23,59414,-0.055803440511226654,,,
23,59419,-0.049224160611629486,,,
23,59424,-0.01810941845178604,,,
23,59429,-0.0448492094874382,,,
23,59434,-0.035657208412885666,,,
23,59439,-0.032317329198122025,,,
23,59444,-0.0394919216632843,,,
23,59449,-0.026463035494089127,,,
23,59454,-0.04294900596141815,,,
23,59459,-0.043028246611356735,,,
23,59464,-0.023540634661912918,,,
23,59469,-0.050404954701662064,,,
23,59474,-0.04165929555892944,,,
23,59479,-0.03772827237844467,,,
23,59484,-0.04215773195028305,,,
23,59489,-0.05598144233226776,,,
23,59494,-0.03890368714928627,,,
23,59499,-0.03658752143383026,,,
23,59504,-0.04347957670688629,,,
23,59509,-0.0204925499856472,,,
23,59514,-0.04101605713367462,,,
23,59519,-0.03198380023241043,,,
23,59524,-0.026503894478082657,,,
23,59529,-0.04895500838756561,,,
23,59534,-0.05063179135322571,,,
23,59539,-0.029062487185001373,,,
23,59544,-0.04393496364355087,,,
23,59549,-0.033827655017375946,,,
23,59554,-0.03338412940502167,,,
23,59559,-0.0627402663230896,,,
23,59564,-0.04020991176366806,,,
23,59569,-0.015773408114910126,,,
23,59574,-0.04024290293455124,,,
23,59579,-0.012434964068233967,,,
23,59584,-0.04541059583425522,,,
23,59589,-0.02961035817861557,,,
23,59594,-0.0474935844540596,,,
23,59599,-0.030427398160099983,,,
23,59604,-0.03614906221628189,,,
23,59609,-0.044190824031829834,,,
23,59614,-0.033863335847854614,,,
23,59619,-0.027266379445791245,,,
23,59624,-0.045979663729667664,,,
23,59629,-0.050815992057323456,,,
23,59634,-0.04123128950595856,,,
23,59639,-0.03942650556564331,,,
23,59644,-0.044225938618183136,,,
23,59649,-0.04294300824403763,,,
23,59654,-0.029223555698990822,,,
23,59659,-0.05043013393878937,,,
23,59664,-0.04703259468078613,,,
23,59669,-0.03660988062620163,,,
23,59674,-0.03725414723157883,,,
23,59679,-0.04887118190526962,,,
23,59684,-0.02749168500304222,,,
23,59689,-0.04886915907263756,,,
23,59694,-0.013588550500571728,,,
23,59699,-0.04705371707677841,,,
23,59704,-0.014862500131130219,,,
23,59709,-0.0036298763006925583,,,
23,59714,-0.030731717124581337,,,
23,59719,-0.039612337946891785,,,
23,59724,-0.034968189895153046,,,
23,59729,-0.04390265792608261,,,
23,59734,-0.049822330474853516,,,
23,59739,-0.03334876522421837,,,
23,59744,-0.044683024287223816,,,
23,59749,-0.04338052123785019,,,
23,59754,-0.038415633141994476,,,
23,59759,-0.03830733150243759,,,
23,59764,-0.030796708539128304,,,
23,59769,-0.042739138007164,,,
23,59774,-0.03778012469410896,,,
23,59779,-0.046812478452920914,,,
23,59784,-0.03488758206367493,,,
23,59789,-0.004016105085611343,,,
23,59794,-0.044971127063035965,,,
23,59799,-0.03457769751548767,,,
23,59804,-0.03991604596376419,,,
23,59809,-0.04042596369981766,,,
23,59814,-0.045566048473119736,,,
23,59819,-0.03825860098004341,,,
23,59824,-0.010713223367929459,,,
23,59829,-0.03620173782110214,,,
23,59834,-0.01007106527686119,,,
23,59839,-0.03950591757893562,,,
23,59844,-0.05237909033894539,,,
23,59849,-0.04923393577337265,,,
23,59854,-0.022391358390450478,,,
23,59859,-0.03746088594198227,,,
23,59864,-0.034420598298311234,,,
23,59869,-0.033198803663253784,,,
23,59874,-0.032610367983579636,,,
23,59879,-0.045398831367492676,,,
23,59884,-0.03179594874382019,,,
23,59889,-0.027847575023770332,,,
23,59894,-0.06003670394420624,,,
23,59899,-0.03036155179142952,,,
23,59904,-0.0311721321195364,,,
23,59909,-0.03724316880106926,,,
23,59914,-0.04487874358892441,,,
23,59919,-0.023237032815814018,,,
23,59924,-0.045523449778556824,,,
23,59929,-0.03187459334731102,,,
23,59934,-0.031158503144979477,,,
23,59939,-0.05357598140835762,,,
23,59944,-0.016573112457990646,,,
23,59949,-0.03521198779344559,,,
23,59954,-0.021771980449557304,,,
23,59959,-0.002959318459033966,,,
23,59964,-0.05069780349731445,,,
23,59969,-0.06325588375329971,,,
23,59974,-0.036577507853507996,,,
23,59979,-0.053410205990076065,,,
23,59984,-0.06154210492968559,,,
23,59989,-0.010848933830857277,,,
23,59994,-0.029836973175406456,,,
23,59999,-0.03414905443787575,,,
23,59999,,-0.03035019524395466,0.29840001463890076,0.5929586887359619
24,60004,-0.026239600032567978,,,
24,60009,-0.04317610710859299,,,
24,60014,-0.04594340920448303,,,
24,60019,-0.034814685583114624,,,
24,60024,-0.029814550653100014,,,
24,60029,-0.050670597702264786,,,
24,60034,-0.03603591024875641,,,
24,60039,-0.051930274814367294,,,
24,60044,-0.04302746057510376,,,
24,60049,-0.04422135278582573,,,
24,60054,-0.04427225887775421,,,
24,60059,-0.04449758678674698,,,
24,60064,-0.04359687119722366,,,
24,60069,-0.02167978137731552,,,
24,60074,-0.02648560330271721,,,
24,60079,-0.040266282856464386,,,
24,60084,-0.03442773222923279,,,
24,60089,-0.03402474522590637,,,
24,60094,-0.05061919614672661,,,
24,60099,-0.036451321095228195,,,
24,60104,-0.05760271102190018,,,
24,60109,-0.04564760625362396,,,
24,60114,-0.03086116537451744,,,
24,60119,-0.03927750140428543,,,
24,60124,-0.03780582547187805,,,
24,60129,-0.031248407438397408,,,
24,60134,-0.04275348410010338,,,
24,60139,-0.038809604942798615,,,
24,60144,-0.04655681550502777,,,
24,60149,-0.02462647296488285,,,
24,60154,-0.03962784260511398,,,
24,60159,-0.035587288439273834,,,
24,60164,-0.03919908404350281,,,
24,60169,-0.03194659948348999,,,
24,60174,-0.0396660752594471,,,
24,60179,-0.032086122781038284,,,
24,60184,-0.03873715549707413,,,
24,60189,-0.02838514931499958,,,
24,60194,0.012729573994874954,,,
24,60199,-0.04118815064430237,,,
24,60204,-0.04519796743988991,,,
24,60209,-0.04313640296459198,,,
24,60214,-0.035810090601444244,,,
24,60219,-0.031641677021980286,,,
24,60224,-0.025619380176067352,,,
24,60229,-0.05328472703695297,,,
24,60234,-0.016296453773975372,,,
24,60239,-0.04277009144425392,,,
24,60244,-0.023834679275751114,,,
24,60249,-0.038091473281383514,,,
24,60254,-0.04846459627151489,,,
24,60259,-0.026006333529949188,,,
24,60264,-0.03216806799173355,,,
24,60269,-0.03288321569561958,,,
24,60274,-0.02896072529256344,,,
24,60279,-0.04136166721582413,,,
24,60284,-0.023656103760004044,,,
24,60289,-0.036559008061885834,,,
24,60294,-0.03921002149581909,,,
24,60299,-0.0496048703789711,,,
24,60304,-0.04020748287439346,,,
24,60309,-0.02515541762113571,,,
24,60314,-0.036112673580646515,,,
24,60319,-0.036986082792282104,,,
24,60324,-0.0342576690018177,,,
24,60329,-0.04226773604750633,,,
24,60334,-0.03609037399291992,,,
24,60339,-0.028109557926654816,,,
24,60344,-0.019601408392190933,,,
24,60349,-0.018952613696455956,,,
24,60354,-0.04457889124751091,,,
24,60359,-0.04091339930891991,,,
24,60364,-0.02233005315065384,,,
24,60369,-0.024437565356492996,,,
24,60374,-0.04304452985525131,,,
24,60379,-0.050665050745010376,,,
24,60384,-0.04534396529197693,,,
24,60389,-0.03890342265367508,,,
24,60394,-0.04197196662425995,,,
24,60399,-0.045591022819280624,,,
24,60404,-0.05063101276755333,,,
24,60409,-0.05839405208826065,,,
24,60414,-0.04004358872771263,,,
24,60419,-0.04611171782016754,,,
24,60424,-0.03332757204771042,,,
24,60429,-0.04688595235347748,,,
24,60434,-0.051894575357437134,,,
24,60439,-0.017680231481790543,,,
24,60444,-0.047467365860939026,,,
24,60449,-0.04955671727657318,,,
24,60454,-0.03866194933652878,,,
24,60459,-0.03897995501756668,,,
24,60464,-0.03149806708097458,,,
24,60469,-0.03118150681257248,,,
24,60474,-0.036639727652072906,,,
24,60479,-0.03078950010240078,,,
24,60484,-0.06458621472120285,,,
24,60489,-0.0417059026658535,,,
24,60494,-0.03800452500581741,,,
24,60499,-0.029530739411711693,,,
24,60504,-0.041600894182920456,,,
24,60509,-0.060987990349531174,,,
24,60514,-0.03734724223613739,,,
24,60519,-0.032488398253917694,,,
24,60524,-0.036849044263362885,,,
24,60529,-0.038570404052734375,,,
24,60534,-0.03160247206687927,,,
24,60539,-0.05400434136390686,,,
24,60544,-0.026975931599736214,,,
24,60549,-0.0336981900036335,,,
24,60554,-0.05455847829580307,,,
24,60559,-0.04267203062772751,,,
24,60564,-0.06032352149486542,,,
24,60569,-0.03296927362680435,,,
24,60574,-0.046646878123283386,,,
24,60579,-0.04649055004119873,,,
24,60584,-0.048821821808815,,,
24,60589,-0.04436308890581131,,,
24,60594,-0.03605182096362114,,,
24,60599,-0.04452462121844292,,,
24,60604,-0.042252104729413986,,,
24,60609,-0.036120571196079254,,,
24,60614,-0.04962310194969177,,,
24,60619,-0.02998068556189537,,,
24,60624,-0.028173349797725677,,,
24,60629,-0.028621021658182144,,,
24,60634,-0.03277125954627991,,,
24,60639,-0.04301027953624725,,,
24,60644,-0.04101063311100006,,,
24,60649,-0.03663130849599838,,,
24,60654,-0.04322456568479538,,,
24,60659,-0.03426278010010719,,,
24,60664,-0.046483222395181656,,,
24,60669,-0.039482034742832184,,,
24,60674,-0.03674592450261116,,,
24,60679,-0.0217144712805748,,,
24,60684,-0.042838044464588165,,,
24,60689,-0.025855552405118942,,,
24,60694,-0.05583395063877106,,,
24,60699,-0.039952415972948074,,,
24,60704,-0.03510134667158127,,,
24,60709,-0.03262503817677498,,,
24,60714,-0.026132525876164436,,,
24,60719,-0.030831003561615944,,,
24,60724,-0.006975717376917601,,,
24,60729,-0.04070562869310379,,,
24,60734,-0.045038364827632904,,,
24,60739,-0.0414891317486763,,,
24,60744,-0.04418584704399109,,,
24,60749,-0.055197522044181824,,,
24,60754,-0.030429374426603317,,,
24,60759,-0.038717493414878845,,,
24,60764,-0.048449598252773285,,,
24,60769,-0.027359191328287125,,,
24,60774,-0.04629740118980408,,,
24,60779,-0.0341910794377327,,,
24,60784,-0.046949051320552826,,,
24,60789,-0.020562738180160522,,,
24,60794,-0.03774683177471161,,,
24,60799,-0.029992958530783653,,,
24,60804,-0.045795176178216934,,,
24,60809,-0.034991588443517685,,,
24,60814,-0.06180239096283913,,,
24,60819,-0.0613323375582695,,,
24,60824,-0.04620477184653282,,,
24,60829,-0.05486578494310379,,,
24,60834,-0.023920871317386627,,,
24,60839,-0.02754843421280384,,,
24,60844,-0.03291627764701843,,,
24,60849,-0.05322358012199402,,,
24,60854,-0.057333219796419144,,,
24,60859,-0.06192856281995773,,,
24,60864,-0.037427954375743866,,,
24,60869,-0.04693693667650223,,,
24,60874,-0.0521896667778492,,,
24,60879,-0.048037853091955185,,,
24,60884,-0.03912857174873352,,,
24,60889,-0.04427468776702881,,,
24,60894,-0.039790667593479156,,,
24,60899,-0.04114788770675659,,,
24,60904,-0.03817015513777733,,,
24,60909,-0.0309334434568882,,,
24,60914,-0.0440281480550766,,,
24,60919,-0.043466150760650635,,,
24,60924,-0.04902201145887375,,,
24,60929,-0.03452286124229431,,,
24,60934,-0.04870300740003586,,,
24,60939,-0.04107687622308731,,,
24,60944,-0.05391717702150345,,,
24,60949,-0.043543338775634766,,,
24,60954,-0.024196241050958633,,,
24,60959,-0.044999442994594574,,,
24,60964,-0.04668039828538895,,,
24,60969,-0.04872564598917961,,,
24,60974,-0.03342089056968689,,,
24,60979,-0.046072810888290405,,,
24,60984,-0.0456375926733017,,,
24,60989,-0.030077576637268066,,,
24,60994,-0.029772451147437096,,,
24,60999,-0.045566972345113754,,,
24,61004,-0.041449129581451416,,,
24,61009,-0.042905136942863464,,,
24,61014,-0.03666595742106438,,,
24,61019,-0.05417630821466446,,,
24,61024,-0.02716073952615261,,,
24,61029,-0.03760402277112007,,,
24,61034,-0.028883865103125572,,,
24,61039,-0.02472320757806301,,,
24,61044,-0.028925277292728424,,,
24,61049,-0.03929685056209564,,,
24,61054,-0.04507472366094589,,,
24,61059,-0.04434344172477722,,,
24,61064,-0.02784731239080429,,,
24,61069,-0.02282032184302807,,,
24,61074,-0.05299762263894081,,,
24,61079,-0.03454115241765976,,,
24,61084,0.0020671712700277567,,,
24,61089,-0.013615243136882782,,,
24,61094,-0.04426294192671776,,,
24,61099,-0.04704643785953522,,,
24,61104,-0.046255867928266525,,,
24,61109,-0.05329921096563339,,,
24,61114,-0.029779702425003052,,,
24,61119,-0.05206213891506195,,,
24,61124,-0.02528192847967148,,,
24,61129,-0.05160827189683914,,,
24,61134,-0.020178603008389473,,,
24,61139,-0.027802472934126854,,,
24,61144,-0.03958792984485626,,,
24,61149,-0.04559112340211868,,,
24,61154,-0.036559492349624634,,,
24,61159,-0.014303239993751049,,,
24,61164,-0.052348144352436066,,,
24,61169,-0.023797450587153435,,,
24,61174,-0.03697682172060013,,,
24,61179,-0.050484780222177505,,,
24,61184,-0.029401978477835655,,,
24,61189,-0.05316106230020523,,,
24,61194,-0.024058572947978973,,,
24,61199,-0.044415246695280075,,,
24,61204,-0.03872138634324074,,,
24,61209,-0.022894907742738724,,,
24,61214,-0.03661268204450607,,,
24,61219,-0.02969665452837944,,,
24,61224,-0.033067647367715836,,,
24,61229,-0.056732095777988434,,,
24,61234,-0.040127504616975784,,,
24,61239,-0.047308214008808136,,,
24,61244,-0.030588719993829727,,,
24,61249,-0.024612972512841225,,,
24,61254,-0.03965463489294052,,,
24,61259,-0.027717631310224533,,,
24,61264,-0.035352081060409546,,,
24,61269,-0.04860874265432358,,,
24,61274,-0.03926106542348862,,,
24,61279,-0.04183110594749451,,,
24,61284,-0.0428052693605423,,,
24,61289,-0.03454669192433357,,,
24,61294,-0.03232788294553757,,,
24,61299,-0.042791109532117844,,,
24,61304,-0.04300074279308319,,,
24,61309,-0.0500606931746006,,,
24,61314,-0.04013878107070923,,,
24,61319,-0.03865905851125717,,,
24,61324,-0.030931558459997177,,,
24,61329,-0.036441925913095474,,,
24,61334,-0.03540751338005066,,,
24,61339,-0.05177769064903259,,,
24,61344,-0.027666183188557625,,,
24,61349,-0.02747420407831669,,,
24,61354,-0.031400419771671295,,,
24,61359,-0.05103081464767456,,,
24,61364,-0.039830904453992844,,,
24,61369,-0.04163604974746704,,,
24,61374,-0.02861437201499939,,,
24,61379,-0.0338139608502388,,,
24,61384,-0.02268712967634201,,,
24,61389,-0.023276707157492638,,,
24,61394,-0.048645976930856705,,,
24,61399,-0.00808336678892374,,,
24,61404,-0.023807279765605927,,,
24,61409,-0.035316772758960724,,,
24,61414,-0.039271578192710876,,,
24,61419,-0.051591597497463226,,,
24,61424,-0.0528198704123497,,,
24,61429,-0.034160904586315155,,,
24,61434,-0.047878287732601166,,,
24,61439,-0.028466425836086273,,,
24,61444,-0.03284543380141258,,,
24,61449,-0.04888217896223068,,,
24,61454,-0.04269125312566757,,,
24,61459,-0.03570396453142166,,,
24,61464,-0.03026008792221546,,,
24,61469,-0.03650575876235962,,,
24,61474,-0.04996451735496521,,,
24,61479,-0.030237756669521332,,,
24,61484,-0.05493917688727379,,,
24,61489,-0.030437633395195007,,,
24,61494,-0.04569111764431,,,
24,61499,-0.035248883068561554,,,
24,61504,-0.048453256487846375,,,
24,61509,-0.04217872396111488,,,
24,61514,-0.04028606787323952,,,
24,61519,-0.051621247082948685,,,
24,61524,-0.05008846893906593,,,
24,61529,-0.04006889462471008,,,
24,61534,-0.03214965760707855,,,
24,61539,-0.024618884548544884,,,
24,61544,-0.037453725934028625,,,
24,61549,-0.05825929343700409,,,
24,61554,-0.04685211926698685,,,
24,61559,-0.02602095901966095,,,
24,61564,-0.03666560351848602,,,
24,61569,-0.03756284713745117,,,
24,61574,-0.05234258621931076,,,
24,61579,-0.0032247379422187805,,,
24,61584,-0.004719606600701809,,,
24,61589,-0.035781245678663254,,,
24,61594,-0.04014463722705841,,,
24,61599,-0.06113522872328758,,,
24,61604,-0.04267313703894615,,,
24,61609,-0.05213017761707306,,,
24,61614,-0.054393470287323,,,
24,61619,-0.057422444224357605,,,
24,61624,-0.053496528416872025,,,
24,61629,-0.030138520523905754,,,
24,61634,-0.043291687965393066,,,
24,61639,-0.039764001965522766,,,
24,61644,-0.033823609352111816,,,
24,61649,-0.03795326501131058,,,
24,61654,-0.05241712927818298,,,
24,61659,-0.039471399039030075,,,
24,61664,-0.04054563120007515,,,
24,61669,-0.03229194134473801,,,
24,61674,-0.03647639974951744,,,
24,61679,-0.04549583047628403,,,
24,61684,-0.0323084332048893,,,
24,61689,-0.04977996274828911,,,
24,61694,0.0038548335433006287,,,
24,61699,-0.04632636159658432,,,
24,61704,-0.04497745633125305,,,
24,61709,-0.03768247365951538,,,
24,61714,-0.04238584637641907,,,
24,61719,-0.0466463603079319,,,
24,61724,-0.03866018354892731,,,
24,61729,-0.010982797481119633,,,
24,61734,-0.05091332644224167,,,
24,61739,-0.026526864618062973,,,
24,61744,-0.02588297799229622,,,
24,61749,-0.030457329005002975,,,
24,61754,-0.05144669860601425,,,
24,61759,-0.014759705401957035,,,
24,61764,-0.055848971009254456,,,
24,61769,-0.04776868224143982,,,
24,61774,-0.02327451854944229,,,
24,61779,-0.050033312290906906,,,
24,61784,-0.046627677977085114,,,
24,61789,-0.041153885424137115,,,
24,61794,-0.027118436992168427,,,
24,61799,-0.03605954349040985,,,
24,61804,-0.06963726133108139,,,
24,61809,-0.021519551053643227,,,
24,61814,-0.041494328528642654,,,
24,61819,-0.04616164043545723,,,
24,61824,-0.036568790674209595,,,
24,61829,-0.03835349902510643,,,
24,61834,-0.03519091755151749,,,
24,61839,-0.027236875146627426,,,
24,61844,-0.05329295992851257,,,
24,61849,-0.06310652941465378,,,
24,61854,-0.035990722477436066,,,
24,61859,-0.030055496841669083,,,
24,61864,-0.047360535711050034,,,
24,61869,-0.03828781843185425,,,
24,61874,-0.027385640889406204,,,
24,61879,-0.006908508948981762,,,
24,61884,-0.03287816420197487,,,
24,61889,-0.03066067211329937,,,
24,61894,-0.04096343740820885,,,
24,61899,-0.046915989369153976,,,
24,61904,-0.03920556604862213,,,
24,61909,-0.030641939491033554,,,
24,61914,-0.0530836284160614,,,
24,61919,-0.04040825366973877,,,
24,61924,-0.03497384116053581,,,
24,61929,-0.039567939937114716,,,
24,61934,-0.04077684134244919,,,
24,61939,-0.018543928861618042,,,
24,61944,-0.036579765379428864,,,
24,61949,-0.04626081883907318,,,
24,61954,-0.02693668194115162,,,
24,61959,-0.03779355436563492,,,
24,61964,-0.034956194460392,,,
24,61969,-0.036808982491493225,,,
24,61974,-0.040901102125644684,,,
24,61979,-0.0488450713455677,,,
24,61984,-0.030136164277791977,,,
24,61989,-0.03514203801751137,,,
24,61994,-0.03009796142578125,,,
24,61999,-0.029970139265060425,,,
24,62004,-0.0459924153983593,,,
24,62009,-0.03313620761036873,,,
24,62014,-0.042275168001651764,,,
24,62019,-0.055911608040332794,,,
24,62024,-0.035422105342149734,,,
24,62029,-0.02939007058739662,,,
24,62034,-0.04421272873878479,,,
24,62039,-0.042410969734191895,,,
24,62044,-0.048210062086582184,,,
24,62049,-0.04840656369924545,,,
24,62054,-0.04359782487154007,,,
24,62059,-0.032560497522354126,,,
24,62064,-0.02764185145497322,,,
24,62069,-0.040162235498428345,,,
24,62074,-0.03386338800191879,,,
24,62079,-0.026034649461507797,,,
24,62084,-0.02636951580643654,,,
24,62089,-0.024200160056352615,,,
24,62094,-0.03754108399152756,,,
24,62099,-0.011939538642764091,,,
24,62104,-0.025878584012389183,,,
24,62109,-0.047927699983119965,,,
24,62114,-0.05609191209077835,,,
24,62119,-0.04806256666779518,,,
24,62124,-0.03411450609564781,,,
24,62129,-0.050057537853717804,,,
24,62134,-0.045546699315309525,,,
24,62139,-0.017291195690631866,,,
24,62144,-0.03256244212388992,,,
24,62149,-0.04128309339284897,,,
24,62154,-0.057954274117946625,,,
24,62159,-0.053889356553554535,,,
24,62164,-0.05581767112016678,,,
24,62169,-0.043080806732177734,,,
24,62174,-0.05169319361448288,,,
24,62179,-0.02394261583685875,,,
24,62184,-0.026259372010827065,,,
24,62189,-0.03607349842786789,,,
24,62194,-0.03310918062925339,,,
24,62199,-0.013923292979598045,,,
24,62204,-0.04670435190200806,,,
24,62209,-0.03632332757115364,,,
24,62214,-0.05888689309358597,,,
24,62219,-0.03680260851979256,,,
24,62224,-0.04469176381826401,,,
24,62229,-0.05025991052389145,,,
24,62234,-0.044509537518024445,,,
24,62239,-0.03946513682603836,,,
24,62244,-0.030222024768590927,,,
24,62249,-0.04518873617053032,,,
24,62254,-0.034466154873371124,,,
24,62259,-0.03115939348936081,,,
24,62264,-0.04720000922679901,,,
24,62269,-0.05077097564935684,,,
24,62274,-0.046723440289497375,,,
24,62279,-0.038060352206230164,,,
24,62284,-0.03551065921783447,,,
24,62289,-0.05144275724887848,,,
24,62294,-0.04035518318414688,,,
24,62299,-0.025946810841560364,,,
24,62304,-0.01511042844504118,,,
24,62309,-0.051223427057266235,,,
24,62314,-0.03512090444564819,,,
24,62319,-0.03272862359881401,,,
24,62324,-0.03183245658874512,,,
24,62329,-0.056208547204732895,,,
24,62334,-0.039207760244607925,,,
24,62339,-0.06049436330795288,,,
24,62344,-0.027323387563228607,,,
24,62349,-0.047176897525787354,,,
24,62354,-0.025103703141212463,,,
24,62359,-0.04805184155702591,,,
24,62364,-0.04794151335954666,,,
24,62369,-0.04120790213346481,,,
24,62374,-0.042695432901382446,,,
24,62379,-0.04391574114561081,,,
24,62384,-0.04231954365968704,,,
24,62389,-0.03071456402540207,,,
24,62394,-0.035478074103593826,,,
24,62399,-0.043116793036460876,,,
24,62404,-0.037907425314188004,,,
24,62409,-0.03303218260407448,,,
24,62414,-0.034230802208185196,,,
24,62419,-0.04939722269773483,,,
24,62424,-0.04271312057971954,,,
24,62429,-0.022394325584173203,,,
24,62434,-0.03449511155486107,,,
24,62439,-0.0074141803197562695,,,
24,62444,-0.04632376879453659,,,
24,62449,-0.05260627716779709,,,
24,62454,-0.04864237457513809,,,
24,62459,-0.040437761694192886,,,
24,62464,-0.05481811985373497,,,
24,62469,-0.04047486186027527,,,
24,62474,-0.03857741504907608,,,
24,62479,-0.020261704921722412,,,
24,62484,-0.037703417241573334,,,
24,62489,-0.03598751872777939,,,
24,62494,-0.05389091372489929,,,
24,62499,-0.01781318709254265,,,
24,62499,,-0.03209870681166649,0.31119999289512634,0.6140032410621643
25,62504,-0.04265213757753372,,,
25,62509,-0.042949575930833817,,,
25,62514,-0.023247631266713142,,,
25,62519,-0.03226795047521591,,,
25,62524,-0.057093147188425064,,,
25,62529,-0.005751542281359434,,,
25,62534,-0.0411030575633049,,,
25,62539,-0.045352205634117126,,,
25,62544,-0.05570492148399353,,,
25,62549,-0.03951885178685188,,,
25,62554,-0.054265882819890976,,,
25,62559,-0.03573918342590332,,,
25,62564,-0.04028327763080597,,,
25,62569,-0.03230300545692444,,,
25,62574,-0.046408697962760925,,,
25,62579,-0.03386915475130081,,,
25,62584,-0.03296589106321335,,,
25,62589,-0.031753573566675186,,,
25,62594,-0.03374849259853363,,,
25,62599,-0.03078945353627205,,,
25,62604,-0.04675588756799698,,,
25,62609,-0.0421128049492836,,,
25,62614,-0.02803700976073742,,,
25,62619,-0.027676189318299294,,,
25,62624,-0.040445271879434586,,,
25,62629,-0.029506593942642212,,,
25,62634,-0.02446071058511734,,,
25,62639,-0.043710749596357346,,,
25,62644,-0.03759326785802841,,,
25,62649,-0.024364406242966652,,,
25,62654,-0.06254656612873077,,,
25,62659,-0.0381021574139595,,,
25,62664,-0.051529012620449066,,,
25,62669,-0.03134511411190033,,,
25,62674,-0.033471547067165375,,,
25,62679,-0.03962726891040802,,,
25,62684,-0.032766468822956085,,,
25,62689,-0.018411416560411453,,,
25,62694,-0.04639569669961929,,,
25,62699,0.011755162850022316,,,
25,62704,-0.040354304015636444,,,
25,62709,-0.031369227916002274,,,
25,62714,-0.030421197414398193,,,
25,62719,-0.024391833692789078,,,
25,62724,-0.022667163982987404,,,
25,62729,-0.04964819550514221,,,
25,62734,-0.03980734199285507,,,
25,62739,-0.029404984787106514,,,
25,62744,-0.046825625002384186,,,
25,62749,-0.050454504787921906,,,
25,62754,-0.028409656137228012,,,
25,62759,-0.01959654688835144,,,
25,62764,-0.031097805127501488,,,
25,62769,-0.03563789278268814,,,
25,62774,-0.05875006318092346,,,
25,62779,-0.05690397322177887,,,
25,62784,-0.035237688571214676,,,
25,62789,-0.03543492779135704,,,
25,62794,-0.03916797414422035,,,
25,62799,-0.02890602871775627,,,
25,62804,-0.04916716367006302,,,
25,62809,-0.054117873311042786,,,
25,62814,-0.030489526689052582,,,
25,62819,-0.03794016316533089,,,
25,62824,-0.03328380733728409,,,
25,62829,-0.048042286187410355,,,
25,62834,-0.038328927010297775,,,
25,62839,-0.059625960886478424,,,
25,62844,-0.02847173623740673,,,
25,62849,-0.045800939202308655,,,
25,62854,-0.02904466539621353,,,
25,62859,-0.03936392068862915,,,
25,62864,-0.04241706058382988,,,
25,62869,-0.04041566699743271,,,
25,62874,-0.054060254245996475,,,
25,62879,-0.027565181255340576,,,
25,62884,-0.05691763013601303,,,
25,62889,-0.02886676788330078,,,
25,62894,-0.054852209985256195,,,
25,62899,-0.0500323511660099,,,
25,62904,-0.044123172760009766,,,
25,62909,-0.041735097765922546,,,
25,62914,-0.05057379603385925,,,
25,62919,-0.02524705044925213,,,
25,62924,-0.04918615147471428,,,
25,62929,-0.041848309338092804,,,
25,62934,-0.03932800516486168,,,
25,62939,-0.047690942883491516,,,
25,62944,-0.027209239080548286,,,
25,62949,-0.03617770969867706,,,
25,62954,-0.04383310675621033,,,
25,62959,-0.036403998732566833,,,
25,62964,-0.03921620547771454,,,
25,62969,-0.0312628373503685,,,
25,62974,-0.015238050371408463,,,
25,62979,-0.03220077231526375,,,
25,62984,-0.0015956852585077286,,,
25,62989,-0.03631475940346718,,,
25,62994,-0.061438631266355515,,,
25,62999,-0.03890921175479889,,,
25,63004,-0.015508212149143219,,,
25,63009,-0.018659643828868866,,,
25,63014,-0.049947917461395264,,,
25,63019,-0.02265261299908161,,,
25,63024,-0.03570009768009186,,,
25,63029,-0.05557403713464737,,,
25,63034,-0.045036014169454575,,,
25,63039,-0.06645418703556061,,,
25,63044,-0.053102150559425354,,,
25,63049,-0.01658279076218605,,,
25,63054,-0.047298796474933624,,,
25,63059,-0.036947645246982574,,,
25,63064,-0.006732296664267778,,,
25,63069,-0.030346937477588654,,,
25,63074,-0.03604845702648163,,,
25,63079,-0.038376688957214355,,,
25,63084,-0.022615138441324234,,,
25,63089,-0.060210805386304855,,,
25,63094,-0.034105103462934494,,,
25,63099,-0.05844711884856224,,,
25,63104,-0.0390494130551815,,,
25,63109,-0.027268970385193825,,,
25,63114,-0.03105449490249157,,,
25,63119,-0.04405386000871658,,,
25,63124,-0.03606818988919258,,,
25,63129,-0.04869672656059265,,,
25,63134,-0.03605916351079941,,,
25,63139,-0.03886716067790985,,,
25,63144,-0.02484939619898796,,,
25,63149,-0.058154068887233734,,,
25,63154,-0.03981581702828407,,,
25,63159,-0.030603302642703056,,,
25,63164,-0.016768913716077805,,,
25,63169,-0.05012894794344902,,,
25,63174,-0.045311339199543,,,
25,63179,-0.047461748123168945,,,
25,63184,-0.03355773165822029,,,
25,63189,-0.03984152525663376,,,
25,63194,-0.020633116364479065,,,
25,63199,-0.05262989550828934,,,
25,63204,-0.03571798652410507,,,
25,63209,-0.01873677968978882,,,
25,63214,-0.022860366851091385,,,
25,63219,-0.025290850549936295,,,
25,63224,-0.03999705612659454,,,
25,63229,-0.0499858483672142,,,
25,63234,-0.044334810227155685,,,
25,63239,-0.04322902113199234,,,
25,63244,-0.05863647162914276,,,
25,63249,-0.04320191219449043,,,
25,63254,-0.026779696345329285,,,
25,63259,-0.026918180286884308,,,
25,63264,-0.0421801395714283,,,
25,63269,-0.03455424681305885,,,
25,63274,-0.044331323355436325,,,
25,63279,-0.030712559819221497,,,
25,63284,-0.06298806518316269,,,
25,63289,-0.06547176092863083,,,
25,63294,-0.041921865195035934,,,
25,63299,-0.03773779422044754,,,
25,63304,-0.027131859213113785,,,
25,63309,-0.029638973996043205,,,
25,63314,-0.03434864804148674,,,
25,63319,-0.022429704666137695,,,
25,63324,-0.043638356029987335,,,
25,63329,-0.04593291133642197,,,
25,63334,-0.027358535677194595,,,
25,63339,-0.02476629801094532,,,
25,63344,-0.03152541443705559,,,
25,63349,-0.03167126327753067,,,
25,63354,-0.04851411283016205,,,
25,63359,-0.04361813887953758,,,
25,63364,-0.023123880848288536,,,
25,63369,0.11875300109386444,,,
25,63374,-0.037971947342157364,,,
25,63379,-0.04618528112769127,,,
25,63384,-0.030341584235429764,,,
25,63389,-0.04109758883714676,,,
25,63394,-0.030275529250502586,,,
25,63399,-0.04409778490662575,,,
25,63404,-0.04712963104248047,,,
25,63409,-0.04102437198162079,,,
25,63414,-0.026281751692295074,,,
25,63419,-0.015468034893274307,,,
25,63424,-0.04631490260362625,,,
25,63429,-0.04031360521912575,,,
25,63434,-0.06074393913149834,,,
25,63439,-0.04061766713857651,,,
25,63444,-0.01793280430138111,,,
25,63449,-0.01488412730395794,,,
25,63454,-0.04105690121650696,,,
25,63459,-0.016621379181742668,,,
25,63464,-0.03292102366685867,,,
25,63469,-0.046022821217775345,,,
25,63474,-0.03152221441268921,,,
25,63479,-0.038773030042648315,,,
25,63484,-0.03732505068182945,,,
25,63489,-0.03435307368636131,,,
25,63494,-0.03447413817048073,,,
25,63499,-0.024179693311452866,,,
25,63504,-0.03869965672492981,,,
25,63509,-0.04222899675369263,,,
25,63514,-0.04066076874732971,,,
25,63519,-0.02716166153550148,,,
25,63524,-0.04173092916607857,,,
25,63529,-0.06301090121269226,,,
25,63534,-0.04995221644639969,,,
25,63539,-0.05302587151527405,,,
25,63544,-0.048650458455085754,,,
25,63549,-0.03053903579711914,,,
25,63554,-0.03932050243020058,,,
25,63559,-0.04721426963806152,,,
25,63564,-0.04238809272646904,,,
25,63569,-0.051069848239421844,,,
25,63574,-0.03168025240302086,,,
25,63579,-0.042199116200208664,,,
25,63584,-0.033039405941963196,,,
25,63589,-0.01905064657330513,,,
25,63594,-0.04013735428452492,,,
25,63599,-0.0393674299120903,,,
25,63604,-0.04712795466184616,,,
25,63609,-0.007802938111126423,,,
25,63614,-0.04574408382177353,,,
25,63619,-0.03767848014831543,,,
25,63624,-0.03158598393201828,,,
25,63629,-0.039679765701293945,,,
25,63634,-0.040287017822265625,,,
25,63639,-0.03184448182582855,,,
25,63644,-0.032561175525188446,,,
25,63649,-0.044737741351127625,,,
25,63654,-0.03498942777514458,,,
25,63659,-0.05091521516442299,,,
25,63664,-0.040846772491931915,,,
25,63669,-0.03446371853351593,,,
25,63674,-0.026514705270528793,,,
25,63679,-0.042082883417606354,,,
25,63684,-0.0299127995967865,,,
25,63689,-0.03540041297674179,,,
25,63694,-0.05687516927719116,,,
25,63699,-0.041512783616781235,,,
25,63704,-0.03444977104663849,,,
25,63709,-0.0413956493139267,,,
25,63714,-0.05016091838479042,,,
25,63719,-0.022855091840028763,,,
25,63724,-0.045064955949783325,,,
25,63729,-0.053879182785749435,,,
25,63734,-0.029555780813097954,,,
25,63739,-0.052261169999837875,,,
25,63744,-0.02921248972415924,,,
25,63749,-0.02026980370283127,,,
25,63754,-0.03904830291867256,,,
25,63759,-0.0215526781976223,,,
25,63764,-0.025363976135849953,,,
25,63769,-0.03512148559093475,,,
25,63774,-0.04477667808532715,,,
25,63779,-0.02727816253900528,,,
25,63784,-0.03518605977296829,,,
25,63789,-0.01923733949661255,,,
25,63794,-0.045374512672424316,,,
25,63799,-0.04857650771737099,,,
25,63804,-0.06354702264070511,,,
25,63809,-0.03755225986242294,,,
25,63814,-0.02972053736448288,,,
25,63819,-0.02945711649954319,,,
25,63824,-0.0409097857773304,,,
25,63829,-0.031297631561756134,,,
25,63834,-0.05446961149573326,,,
25,63839,-0.03635775297880173,,,
25,63844,-0.04507403448224068,,,
25,63849,-0.052383869886398315,,,
25,63854,-0.04226626455783844,,,
25,63859,-0.04018677398562431,,,
25,63864,-0.04763507843017578,,,
25,63869,-0.029047681018710136,,,
25,63874,-0.027803953737020493,,,
25,63879,-0.01896735653281212,,,
25,63884,-0.03631691634654999,,,
25,63889,-0.04065052419900894,,,
25,63894,-0.03732859343290329,,,
25,63899,-0.050341203808784485,,,
25,63904,-0.05102061480283737,,,
25,63909,-0.02020813152194023,,,
25,63914,-0.0120776342228055,,,
25,63919,-0.04876058176159859,,,
25,63924,-0.02383350394666195,,,
25,63929,-0.05018439143896103,,,
25,63934,-0.03653659671545029,,,
25,63939,-0.04454641789197922,,,
25,63944,-0.04367003217339516,,,
25,63949,-0.04785951226949692,,,
25,63954,-0.04918381944298744,,,
25,63959,-0.027824293822050095,,,
25,63964,-0.038391754031181335,,,
25,63969,-0.0482587069272995,,,
25,63974,-0.036552101373672485,,,
25,63979,-0.022465039044618607,,,
25,63984,-0.05286826193332672,,,
25,63989,-0.05032416433095932,,,
25,63994,-0.04305644333362579,,,
25,63999,-0.031762778759002686,,,
25,64004,-0.042747221887111664,,,
25,64009,-0.05109299719333649,,,
25,64014,-0.015898900106549263,,,
25,64019,-0.040962643921375275,,,
25,64024,-0.03331585228443146,,,
25,64029,-0.039156489074230194,,,
25,64034,-0.030571434646844864,,,
25,64039,-0.027815531939268112,,,
25,64044,-0.0035638045519590378,,,
25,64049,-0.031253211200237274,,,
25,64054,-0.049501948058605194,,,
25,64059,-0.05466053634881973,,,
25,64064,-0.028677213937044144,,,
25,64069,-0.050516918301582336,,,
25,64074,-0.027685601264238358,,,
25,64079,-0.05214492231607437,,,
25,64084,-0.0505167581140995,,,
25,64089,-0.04410019516944885,,,
25,64094,-0.04456333816051483,,,
25,64099,-0.042831238359212875,,,
25,64104,-0.03997543826699257,,,
25,64109,-0.045995280146598816,,,
25,64114,-0.04828493297100067,,,
25,64119,-0.037784699350595474,,,
25,64124,-0.039659999310970306,,,
25,64129,-0.03263639658689499,,,
25,64134,-0.04435918852686882,,,
25,64139,-0.03922658413648605,,,
25,64144,-0.022269979119300842,,,
25,64149,-0.03425891697406769,,,
25,64154,-0.03826059401035309,,,
25,64159,-0.029299400746822357,,,
25,64164,-0.030484016984701157,,,
25,64169,-0.035479556769132614,,,
25,64174,-0.03734937682747841,,,
25,64179,-0.036629363894462585,,,
25,64184,-0.040572308003902435,,,
25,64189,-0.04511050134897232,,,
25,64194,-0.04347788169980049,,,
25,64199,-0.03540193289518356,,,
25,64204,-0.04938770830631256,,,
25,64209,-0.04933078587055206,,,
25,64214,-0.05008471757173538,,,
25,64219,-0.03897734358906746,,,
25,64224,-0.04280724376440048,,,
25,64229,-0.06005379557609558,,,
25,64234,-0.04964161291718483,,,
25,64239,-0.039190396666526794,,,
25,64244,-0.03475115820765495,,,
25,64249,-0.04916573315858841,,,
25,64254,-0.031461913138628006,,,
25,64259,-0.033724524080753326,,,
25,64264,-0.043609537184238434,,,
25,64269,-0.03536953777074814,,,
25,64274,-0.033075962215662,,,
25,64279,-0.039507314562797546,,,
25,64284,-0.04204447939991951,,,
25,64289,-0.030992314219474792,,,
25,64294,-0.029995795339345932,,,
25,64299,-0.02656031772494316,,,
25,64304,-0.03892992064356804,,,
25,64309,-0.043693069368600845,,,
25,64314,-0.04484657943248749,,,
25,64319,-0.039537571370601654,,,
25,64324,-0.01827830821275711,,,
25,64329,-0.025698712095618248,,,
25,64334,-0.029617512598633766,,,
25,64339,-0.046154655516147614,,,
25,64344,-0.03790625184774399,,,
25,64349,-0.03830429166555405,,,
25,64354,-0.04451290890574455,,,
25,64359,-0.05173235386610031,,,
25,64364,-0.03998222202062607,,,
25,64369,-0.03388122469186783,,,
25,64374,-0.03323272988200188,,,
25,64379,-0.023863734677433968,,,
25,64384,-0.02470317855477333,,,
25,64389,-0.040765710175037384,,,
25,64394,-0.03919912129640579,,,
25,64399,-0.035246290266513824,,,
25,64404,-0.04948706179857254,,,
25,64409,-0.05649016052484512,,,
25,64414,-0.040844134986400604,,,
25,64419,-0.03885353356599808,,,
25,64424,-0.034579627215862274,,,
25,64429,-0.04954725503921509,,,
25,64434,-0.02564110979437828,,,
25,64439,-0.04177015647292137,,,
25,64444,-0.03986067324876785,,,
25,64449,-0.04014752432703972,,,
25,64454,-0.02595185488462448,,,
25,64459,-0.0412709005177021,,,
25,64464,-0.03524540364742279,,,
25,64469,-0.0378139466047287,,,
25,64474,-0.04068765044212341,,,
25,64479,-0.04567235708236694,,,
25,64484,-0.018784174695611,,,
25,64489,-0.04741232842206955,,,
25,64494,-0.037171922624111176,,,
25,64499,-0.026416325941681862,,,
25,64504,-0.053499747067689896,,,
25,64509,-0.03492274880409241,,,
25,64514,-0.05115189403295517,,,
25,64519,-0.039292555302381516,,,
25,64524,-0.0242367722094059,,,
25,64529,-0.05738552659749985,,,
25,64534,-0.03780268877744675,,,
25,64539,-0.040715087205171585,,,
25,64544,-0.018521584570407867,,,
25,64549,-0.0364106260240078,,,
25,64554,-0.02666436694562435,,,
25,64559,-0.038194186985492706,,,
25,64564,-0.03864790499210358,,,
25,64569,-0.043950311839580536,,,
25,64574,-0.049530476331710815,,,
25,64579,-0.03241564333438873,,,
25,64584,-0.05067932605743408,,,
25,64589,-0.04218924418091774,,,
25,64594,-0.040057048201560974,,,
25,64599,-0.013001933693885803,,,
25,64604,-0.04217635095119476,,,
25,64609,-0.031492434442043304,,,
25,64614,-0.0489802323281765,,,
25,64619,-0.038872916251420975,,,
25,64624,-0.05296631529927254,,,
25,64629,-0.03582220524549484,,,
25,64634,-0.06123965233564377,,,
25,64639,-0.03522287681698799,,,
25,64644,-0.016370290890336037,,,
25,64649,-0.04506285861134529,,,
25,64654,-0.039389438927173615,,,
25,64659,-0.03436517342925072,,,
25,64664,-0.018471209332346916,,,
25,64669,-0.03832903504371643,,,
25,64674,-0.02913183532655239,,,
25,64679,-0.04400081932544708,,,
25,64684,-0.04287821799516678,,,
25,64689,-0.056887783110141754,,,
25,64694,-0.05374666675925255,,,
25,64699,-0.04316862300038338,,,
25,64704,-0.04718451201915741,,,
25,64709,-0.039939988404512405,,,
25,64714,-0.03186250850558281,,,
25,64719,-0.04763547703623772,,,
25,64724,-0.03283756226301193,,,
25,64729,-0.02343040332198143,,,
25,64734,-0.032354194670915604,,,
25,64739,-0.046979859471321106,,,
25,64744,-0.019110022112727165,,,
25,64749,-0.045947276055812836,,,
25,64754,-0.04251430183649063,,,
25,64759,-0.030236732214689255,,,
25,64764,-0.04118691384792328,,,
25,64769,-0.03673439845442772,,,
25,64774,-0.03085308149456978,,,
25,64779,-0.02532617375254631,,,
25,64784,-0.0463387668132782,,,
25,64789,-0.007498567923903465,,,
25,64794,-0.03830669820308685,,,
25,64799,-0.02890251949429512,,,
25,64804,-0.05345863103866577,,,
25,64809,-0.026360152289271355,,,
25,64814,-0.04192209243774414,,,
25,64819,-0.032259050756692886,,,
25,64824,-0.05468927323818207,,,
25,64829,-0.04474916681647301,,,
25,64834,-0.03507513552904129,,,
25,64839,-0.04490715637803078,,,
25,64844,-0.019366923719644547,,,
25,64849,-0.03250788152217865,,,
25,64854,-0.0072137946262955666,,,
25,64859,-0.038476381450891495,,,
25,64864,-0.05266118422150612,,,
25,64869,-0.056576505303382874,,,
25,64874,-0.059179455041885376,,,
25,64879,-0.004444204270839691,,,
25,64884,-0.04404523968696594,,,
25,64889,-0.03887389972805977,,,
25,64894,-0.027788836508989334,,,
25,64899,-0.052319519221782684,,,
25,64904,-0.03776588663458824,,,
25,64909,-0.04357675835490227,,,
25,64914,-0.04068244621157646,,,
25,64919,-0.03848078101873398,,,
25,64924,-0.0517575740814209,,,
25,64929,-0.03039710782468319,,,
25,64934,-0.040425799787044525,,,
25,64939,-0.037356212735176086,,,
25,64944,-0.029663756489753723,,,
25,64949,-0.040218502283096313,,,
25,64954,-0.029760288074612617,,,
25,64959,-0.03056188113987446,,,
25,64964,-0.021451782435178757,,,
25,64969,-0.03884104639291763,,,
25,64974,-0.04692280665040016,,,
25,64979,-0.049962013959884644,,,
25,64984,-0.04028406739234924,,,
25,64989,-0.04383629560470581,,,
25,64994,-0.02855045720934868,,,
25,64999,-0.02501741796731949,,,
25,64999,,-0.028189226984977722,0.2870999872684479,0.5759339928627014
26,65004,-0.03722425550222397,,,
26,65009,-0.014243636280298233,,,
26,65014,-0.0401654988527298,,,
26,65019,-0.04323611408472061,,,
26,65024,-0.034687574952840805,,,
26,65029,-0.0239718034863472,,,
26,65034,-0.012411623261868954,,,
26,65039,-0.031849127262830734,,,
26,65044,-0.049310244619846344,,,
26,65049,-0.03825637698173523,,,
26,65054,-0.04304805397987366,,,
26,65059,-0.024278584867715836,,,
26,65064,-0.02488737553358078,,,
26,65069,-0.03094879351556301,,,
26,65074,-0.0427432656288147,,,
26,65079,-0.03569955751299858,,,
26,65084,-0.035669729113578796,,,
26,65089,-0.04332580044865608,,,
26,65094,-0.03476680815219879,,,
26,65099,-0.04315856471657753,,,
26,65104,-0.02737884595990181,,,
26,65109,-0.04479599744081497,,,
26,65114,-0.04282946139574051,,,
26,65119,-0.015773635357618332,,,
26,65124,-0.039665840566158295,,,
26,65129,-0.03029767982661724,,,
26,65134,-0.06066640466451645,,,
26,65139,-0.03397680073976517,,,
26,65144,-0.052651405334472656,,,
26,65149,-0.05642791837453842,,,
26,65154,-0.047020792961120605,,,
26,65159,-0.058571286499500275,,,
26,65164,-0.03646421432495117,,,
26,65169,-0.03410958871245384,,,
26,65174,-0.025430435314774513,,,
26,65179,-0.031087230890989304,,,
26,65184,-0.04363143444061279,,,
26,65189,-0.04689987748861313,,,
26,65194,-0.04613340273499489,,,
26,65199,-0.05195850878953934,,,
26,65204,-0.044947877526283264,,,
26,65209,-0.039305415004491806,,,
26,65214,-0.055873237550258636,,,
26,65219,-0.0010434770956635475,,,
26,65224,-0.03423058241605759,,,
26,65229,-0.03422080725431442,,,
26,65234,-0.04391973093152046,,,
26,65239,-0.0356234610080719,,,
26,65244,-0.030441757291555405,,,
26,65249,-0.04715458303689957,,,
26,65254,-0.017714735120534897,,,
26,65259,-0.04410463571548462,,,
26,65264,-0.02950393408536911,,,
26,65269,-0.039101846516132355,,,
26,65274,-0.026925723999738693,,,
26,65279,-0.05370341241359711,,,
26,65284,-0.03381325677037239,,,
26,65289,0.008781574666500092,,,
26,65294,-0.016131430864334106,,,
26,65299,-0.05177238583564758,,,
26,65304,-0.0443173311650753,,,
26,65309,-0.043531015515327454,,,
26,65314,-0.017454098910093307,,,
26,65319,-0.05944040045142174,,,
26,65324,-0.03845643997192383,,,
26,65329,-0.03431304171681404,,,
26,65334,-0.030223984271287918,,,
26,65339,-0.05250084027647972,,,
26,65344,-0.03093651309609413,,,
26,65349,-0.04661060869693756,,,
26,65354,-0.03487226366996765,,,
26,65359,-0.04470808804035187,,,
26,65364,-0.03727508336305618,,,
26,65369,-0.04211399331688881,,,
26,65374,-0.02154339849948883,,,
26,65379,-0.04055596888065338,,,
26,65384,-0.02742200531065464,,,
26,65389,-0.03993456810712814,,,
26,65394,-0.04196469858288765,,,
26,65399,-0.04032786190509796,,,
26,65404,-0.057414136826992035,,,
26,65409,-0.013567907735705376,,,
26,65414,-0.03925636410713196,,,
26,65419,-0.04934806376695633,,,
26,65424,-0.06076071411371231,,,
26,65429,-0.02600480057299137,,,
26,65434,-0.034197140485048294,,,
26,65439,-0.04092193767428398,,,
26,65444,-0.0443294532597065,,,
26,65449,-0.03544244170188904,,,
26,65454,-0.03688165545463562,,,
26,65459,-0.03859424591064453,,,
26,65464,-0.027142275124788284,,,
26,65469,-0.03493713587522507,,,
26,65474,-0.04371216520667076,,,
26,65479,-0.056421734392642975,,,
26,65484,-0.03927188366651535,,,
26,65489,-0.02830130234360695,,,
26,65494,-0.048546865582466125,,,
26,65499,-0.03219223767518997,,,
26,65504,-0.04727565497159958,,,
26,65509,-0.039807915687561035,,,
26,65514,-0.03527655079960823,,,
26,65519,-0.03258369863033295,,,
26,65524,-0.028350945562124252,,,
26,65529,-0.031151531264185905,,,
26,65534,-0.05205155164003372,,,
26,65539,-0.04085225611925125,,,
26,65544,-0.04207827150821686,,,
26,65549,-0.028348486870527267,,,
26,65554,-0.04076620936393738,,,
26,65559,-0.035048920661211014,,,
26,65564,-0.01831970363855362,,,
26,65569,-0.04315131902694702,,,
26,65574,-0.04908686876296997,,,
26,65579,-0.03558801859617233,,,
26,65584,-0.03551799803972244,,,
26,65589,-0.03154882788658142,,,
26,65594,-0.042745910584926605,,,
26,65599,-0.037506699562072754,,,
26,65604,-0.05018915235996246,,,
26,65609,-0.05227864161133766,,,
26,65614,-0.031632423400878906,,,
26,65619,-0.040652479976415634,,,
26,65624,-0.03796985000371933,,,
26,65629,-0.04324699193239212,,,
26,65634,-0.04678722470998764,,,
26,65639,-0.03123290091753006,,,
26,65644,-0.03271493315696716,,,
26,65649,-0.0476030595600605,,,
26,65654,-0.040886204689741135,,,
26,65659,-0.034745361655950546,,,
26,65664,-0.030101528391242027,,,
26,65669,-0.019003883004188538,,,
26,65674,-0.04569578543305397,,,
26,65679,-0.024778490886092186,,,
26,65684,-0.03812272846698761,,,
26,65689,-0.032301876693964005,,,
26,65694,-0.04060354083776474,,,
26,65699,-0.0441773496568203,,,
26,65704,-0.057421065866947174,,,
26,65709,-0.02594805508852005,,,
26,65714,-0.03699277713894844,,,
26,65719,-0.028304776176810265,,,
26,65724,-0.04080775007605553,,,
26,65729,-0.0412864051759243,,,
26,65734,-0.029367720708251,,,
26,65739,-0.051703982055187225,,,
26,65744,-0.03335260599851608,,,
26,65749,-0.032573916018009186,,,
26,65754,-0.029201969504356384,,,
26,65759,-0.03418456017971039,,,
26,65764,-0.029967188835144043,,,
26,65769,-0.04282490164041519,,,
26,65774,-0.039465583860874176,,,
26,65779,-0.03926796093583107,,,
26,65784,-0.04597656428813934,,,
26,65789,-0.024846993386745453,,,
26,65794,-0.03632785379886627,,,
26,65799,-0.036202576011419296,,,
26,65804,-0.04845822975039482,,,
26,65809,-0.03059924952685833,,,
26,65814,-0.027646325528621674,,,
26,65819,-0.04378289356827736,,,
26,65824,-0.038546547293663025,,,
26,65829,-0.034785784780979156,,,
26,65834,-0.049078814685344696,,,
26,65839,-0.0430617555975914,,,
26,65844,-0.048224277794361115,,,
26,65849,-0.05832319334149361,,,
26,65854,-0.038854822516441345,,,
26,65859,-0.03145032748579979,,,
26,65864,-0.04144258052110672,,,
26,65869,-0.033339228481054306,,,
26,65874,-0.03310466930270195,,,
26,65879,-0.03709368407726288,,,
26,65884,-0.044456250965595245,,,
26,65889,-0.05272999778389931,,,
26,65894,-0.02673325687646866,,,
26,65899,-0.0321219302713871,,,
26,65904,-0.048396386206150055,,,
26,65909,-0.03237967938184738,,,
26,65914,-0.0333065539598465,,,
26,65919,-0.03357062116265297,,,
26,65924,-0.05142274498939514,,,
26,65929,-0.04032299667596817,,,
26,65934,-0.029317613691091537,,,
26,65939,-0.03925337269902229,,,
26,65944,-0.030888915061950684,,,
26,65949,-0.03041689842939377,,,
26,65954,-0.038691259920597076,,,
26,65959,-0.029153186827898026,,,
26,65964,-0.04128342121839523,,,
26,65969,-0.04224126785993576,,,
26,65974,-0.04271603748202324,,,
26,65979,-0.024900000542402267,,,
26,65984,-0.04496360197663307,,,
26,65989,-0.032013557851314545,,,
26,65994,-0.034101396799087524,,,
26,65999,-0.030235599726438522,,,
26,66004,-0.02508120983839035,,,
26,66009,-0.04213705658912659,,,
26,66014,-0.047706667333841324,,,
26,66019,-0.05159272998571396,,,
26,66024,-0.03849516063928604,,,
26,66029,-0.03325299918651581,,,
26,66034,-0.038704950362443924,,,
26,66039,-0.028048815205693245,,,
26,66044,-0.05098165571689606,,,
26,66049,-0.03661112114787102,,,
26,66054,-0.02695092372596264,,,
26,66059,-0.040296949446201324,,,
26,66064,-0.03938588500022888,,,
26,66069,-0.03249957412481308,,,
26,66074,-0.024023018777370453,,,
26,66079,-0.04362267628312111,,,
26,66084,-0.03719750791788101,,,
26,66089,-0.05792758986353874,,,
26,66094,-0.030239686369895935,,,
26,66099,-0.03984043002128601,,,
26,66104,-0.03222386911511421,,,
26,66109,-0.017237145453691483,,,
26,66114,-0.029808931052684784,,,
26,66119,-0.0328514464199543,,,
26,66124,-0.03980978578329086,,,
26,66129,-0.03522124141454697,,,
26,66134,-0.02907527983188629,,,
26,66139,-0.03158944472670555,,,
26,66144,-0.040475524961948395,,,
26,66149,-0.04376818984746933,,,
26,66154,-0.040232107043266296,,,
26,66159,-0.03177700191736221,,,
26,66164,-0.05679973214864731,,,
26,66169,-0.02667315863072872,,,
26,66174,-0.03383616730570793,,,
26,66179,-0.02347540855407715,,,
26,66184,-0.039659079164266586,,,
26,66189,-0.025030042976140976,,,
26,66194,-0.045849062502384186,,,
26,66199,-0.03725380450487137,,,
26,66204,-0.04114487022161484,,,
26,66209,-0.045016124844551086,,,
26,66214,-0.05446373298764229,,,
26,66219,-0.04485546797513962,,,
26,66224,-0.02969987690448761,,,
26,66229,-0.04269659146666527,,,
26,66234,-0.01747141219675541,,,
26,66239,-0.029234150424599648,,,
26,66244,-0.017442289739847183,,,
26,66249,-0.04507274180650711,,,
26,66254,-0.03911184147000313,,,
26,66259,0.0027182959020137787,,,
26,66264,-0.017230764031410217,,,
26,66269,-0.05827949941158295,,,
26,66274,-0.054437242448329926,,,
26,66279,-0.04571640118956566,,,
26,66284,-0.029522817581892014,,,
26,66289,-0.03744220733642578,,,
26,66294,-0.04173802211880684,,,
26,66299,-0.04382684826850891,,,
26,66304,-0.032908566296100616,,,
26,66309,-0.031564660370349884,,,
26,66314,-0.029866477474570274,,,
26,66319,-0.03956671059131622,,,
26,66324,-0.033076442778110504,,,
26,66329,-0.02680758386850357,,,
26,66334,-0.016684945672750473,,,
26,66339,-0.02970169670879841,,,
26,66344,-0.041404902935028076,,,
26,66349,-0.03726862743496895,,,
26,66354,-0.036415569484233856,,,
26,66359,-0.04699767380952835,,,
26,66364,-0.03144995495676994,,,
26,66369,-0.0321216955780983,,,
26,66374,-0.03331267833709717,,,
26,66379,-0.048507481813430786,,,
26,66384,-0.06150524318218231,,,
26,66389,-0.030300285667181015,,,
26,66394,-0.04178551957011223,,,
26,66399,-0.05174794793128967,,,
26,66404,-0.058984994888305664,,,
26,66409,-0.0426662378013134,,,
26,66414,-0.021018126979470253,,,
26,66419,-0.03132319822907448,,,
26,66424,-0.051905274391174316,,,
26,66429,-0.05355636402964592,,,
26,66434,-0.05222861468791962,,,
26,66439,-0.059663668274879456,,,
26,66444,-0.03257279470562935,,,
26,66449,-0.04242297261953354,,,
26,66454,-0.03366774320602417,,,
26,66459,-0.018186595290899277,,,
26,66464,-0.016107290983200073,,,
26,66469,-0.031446926295757294,,,
26,66474,-0.032182905822992325,,,
26,66479,-0.03429700434207916,,,
26,66484,-0.044208623468875885,,,
26,66489,-0.024864617735147476,,,
26,66494,-0.04856179282069206,,,
26,66499,-0.031549785286188126,,,
26,66504,-0.04216429591178894,,,
26,66509,-0.03992288187146187,,,
26,66514,-0.04569649323821068,,,
26,66519,-0.04719521105289459,,,
26,66524,-0.04581724852323532,,,
26,66529,-0.041575219482183456,,,
26,66534,-0.03165148198604584,,,
26,66539,-0.04918629676103592,,,
26,66544,-0.05451737716794014,,,
26,66549,-0.0371096208691597,,,
26,66554,-0.0441194511950016,,,
26,66559,-0.042522065341472626,,,
26,66564,-0.00930070225149393,,,
26,66569,-0.042147066444158554,,,
26,66574,-0.033713001757860184,,,
26,66579,-0.005734845530241728,,,
26,66584,-0.027502449229359627,,,
26,66589,-0.0296288151293993,,,
26,66594,-0.024192098528146744,,,
26,66599,-0.040905147790908813,,,
26,66604,-0.03225282207131386,,,
26,66609,-0.04495680332183838,,,
26,66614,-0.05609218403697014,,,
26,66619,-0.04549024626612663,,,
26,66624,-0.04619426280260086,,,
26,66629,-0.03683280572295189,,,
26,66634,-0.04995149374008179,,,
26,66639,-0.03771720081567764,,,
26,66644,-0.026783984154462814,,,
26,66649,-0.03551292419433594,,,
26,66654,-0.04193783178925514,,,
26,66659,-0.03555530309677124,,,
26,66664,-0.029335560277104378,,,
26,66669,-0.050652503967285156,,,
26,66674,-0.05666729807853699,,,
26,66679,-0.042126402258872986,,,
26,66684,-0.03320789337158203,,,
26,66689,-0.04667156934738159,,,
26,66694,-0.030556831508874893,,,
26,66699,-0.05582583695650101,,,
26,66704,-0.04573823884129524,,,
26,66709,-0.05013272538781166,,,
26,66714,-0.041161127388477325,,,
26,66719,-0.028800562024116516,,,
26,66724,-0.04864347353577614,,,
26,66729,-0.028140151873230934,,,
26,66734,-0.04491826146841049,,,
26,66739,-0.017027605324983597,,,
26,66744,-0.03677547723054886,,,
26,66749,-0.04481827840209007,,,
26,66754,-0.04572032392024994,,,
26,66759,-0.04232942312955856,,,
26,66764,-0.04474553465843201,,,
26,66769,-0.03851860761642456,,,
26,66774,-0.04401490092277527,,,
26,66779,-0.04292677342891693,,,
26,66784,-0.025434428825974464,,,
26,66789,-0.050546370446681976,,,
26,66794,-0.03665272891521454,,,
26,66799,-0.036431632936000824,,,
26,66804,-0.049253739416599274,,,
26,66809,-0.05056178569793701,,,
26,66814,-0.020975084975361824,,,
26,66819,-0.02617785893380642,,,
26,66824,-0.02620013616979122,,,
26,66829,-0.03171238675713539,,,
26,66834,-0.03800862282514572,,,
26,66839,-0.037211738526821136,,,
26,66844,-0.02271442674100399,,,
26,66849,-0.05663633346557617,,,
26,66854,-0.04405876621603966,,,
26,66859,-0.02844785898923874,,,
26,66864,-0.029566900804638863,,,
26,66869,-0.039692699909210205,,,
26,66874,-0.05498066544532776,,,
26,66879,-0.04060095176100731,,,
26,66884,-0.028528695926070213,,,
26,66889,-0.040011927485466,,,
26,66894,-0.041250456124544144,,,
26,66899,-0.03290732577443123,,,
26,66904,-0.053961873054504395,,,
26,66909,0.009993131272494793,,,
26,66914,-0.05810685083270073,,,
26,66919,-0.03148870915174484,,,
26,66924,-0.026998333632946014,,,
26,66929,-0.029634542763233185,,,
26,66934,-0.034758828580379486,,,
26,66939,-0.02648210898041725,,,
26,66944,-0.054287396371364594,,,
26,66949,-0.05220014229416847,,,
26,66954,-0.051720455288887024,,,
26,66959,-0.04641106352210045,,,
26,66964,-0.04847195744514465,,,
26,66969,-0.05102548748254776,,,
26,66974,-0.013082826510071754,,,
26,66979,-0.04041149467229843,,,
26,66984,-0.036286674439907074,,,
26,66989,-0.029839012771844864,,,
26,66994,-0.04300365597009659,,,
26,66999,-0.028036203235387802,,,
26,67004,-0.027086269110441208,,,
26,67009,-0.05042571946978569,,,
26,67014,-0.030342603102326393,,,
26,67019,-0.0408044308423996,,,
26,67024,-0.043375637382268906,,,
26,67029,-0.024518650025129318,,,
26,67034,-0.03796393424272537,,,
26,67039,-0.04921562224626541,,,
26,67044,-0.038719888776540756,,,
26,67049,-0.04382971674203873,,,
26,67054,-0.04038781672716141,,,
26,67059,-0.03565771505236626,,,
26,67064,-0.0004006663803011179,,,
26,67069,-0.03433580696582794,,,
26,67074,-0.044232212007045746,,,
26,67079,-0.04243630915880203,,,
26,67084,-0.04072928428649902,,,
26,67089,-0.02657945081591606,,,
26,67094,-0.02844514325261116,,,
26,67099,-0.035750970244407654,,,
26,67104,-0.05169469490647316,,,
26,67109,-0.046985939145088196,,,
26,67114,-0.031931549310684204,,,
26,67119,-0.04381819814443588,,,
26,67124,-0.022227685898542404,,,
26,67129,-0.020642342045903206,,,
26,67134,-0.03778945654630661,,,
26,67139,-0.05053841695189476,,,
26,67144,-0.022309422492980957,,,
26,67149,-0.06310097128152847,,,
26,67154,-0.04905395209789276,,,
26,67159,-0.041761353611946106,,,
26,67164,-0.033670373260974884,,,
26,67169,-0.03953606262803078,,,
26,67174,-0.033066943287849426,,,
26,67179,-0.044151581823825836,,,
26,67184,-0.043902426958084106,,,
26,67189,-0.03598955646157265,,,
26,67194,-0.050833284854888916,,,
26,67199,-0.026666490361094475,,,
26,67204,0.0026672016829252243,,,
26,67209,-0.054452911019325256,,,
26,67214,-0.05102929100394249,,,
26,67219,-0.024657167494297028,,,
26,67224,-0.03726276755332947,,,
26,67229,-0.03102833405137062,,,
26,67234,-0.03544867783784866,,,
26,67239,-0.029929473996162415,,,
26,67244,-0.03548268973827362,,,
26,67249,-0.042475759983062744,,,
26,67254,-0.04687345400452614,,,
26,67259,-0.056893620640039444,,,
26,67264,-0.03626181185245514,,,
26,67269,-0.0437624491751194,,,
26,67274,-0.035493358969688416,,,
26,67279,-0.022700663655996323,,,
26,67284,-0.023214854300022125,,,
26,67289,-0.03985322639346123,,,
26,67294,-0.039649393409490585,,,
26,67299,-0.04045490920543671,,,
26,67304,-0.05306678265333176,,,
26,67309,-0.05467277765274048,,,
26,67314,-0.04261191934347153,,,
26,67319,-0.026187622919678688,,,
26,67324,-0.03385022655129433,,,
26,67329,-0.04790743440389633,,,
26,67334,-0.03759394586086273,,,
26,67339,-0.0378979928791523,,,
26,67344,-0.03147094324231148,,,
26,67349,-0.0283393245190382,,,
26,67354,-0.03636494278907776,,,
26,67359,-0.03899458423256874,,,
26,67364,-0.05476212128996849,,,
26,67369,-0.0339912511408329,,,
26,67374,-0.04559868201613426,,,
26,67379,-0.02377934381365776,,,
26,67384,-0.031782057136297226,,,
26,67389,-0.03850772976875305,,,
26,67394,-0.05198521912097931,,,
26,67399,-0.0502060241997242,,,
26,67404,-0.05582575127482414,,,
26,67409,-0.008980486541986465,,,
26,67414,-0.04244782030582428,,,
26,67419,-0.05581080541014671,,,
26,67424,-0.049664534628391266,,,
26,67429,-0.04767283797264099,,,
26,67434,-0.03603198379278183,,,
26,67439,-0.031731173396110535,,,
26,67444,-0.025781268253922462,,,
26,67449,-0.03230823576450348,,,
26,67454,-0.03967157006263733,,,
26,67459,-0.04385259747505188,,,
26,67464,-0.030807653442025185,,,
26,67469,-0.038359805941581726,,,
26,67474,-0.042499735951423645,,,
26,67479,-0.045663345605134964,,,
26,67484,-0.04794101417064667,,,
26,67489,-0.04035869240760803,,,
26,67494,-0.044839102774858475,,,
26,67499,-0.02674977108836174,,,
26,67499,,-0.02856343425810337,0.290800005197525,0.5978294014930725
27,67504,-0.03506550192832947,,,
27,67509,-0.03994069620966911,,,
27,67514,-0.043668393045663834,,,
27,67519,-0.04002043604850769,,,
27,67524,-0.02724321559071541,,,
27,67529,-0.03907234966754913,,,
27,67534,-0.04261433705687523,,,
27,67539,-0.05106905847787857,,,
27,67544,-0.04260212928056717,,,
27,67549,-0.028349434956908226,,,
27,67554,-0.02986917644739151,,,
27,67559,-0.041443340480327606,,,
27,67564,-0.03734925389289856,,,
27,67569,-0.046076416969299316,,,
27,67574,-0.022200725972652435,,,
27,67579,-0.0319061242043972,,,
27,67584,-0.04564375802874565,,,
27,67589,-0.032245516777038574,,,
27,67594,-0.04509711265563965,,,
27,67599,-0.03047069162130356,,,
27,67604,-0.022610168904066086,,,
27,67609,-0.03768862038850784,,,
27,67614,-0.037375058978796005,,,
27,67619,-0.03728659823536873,,,
27,67624,-0.038388170301914215,,,
27,67629,-0.032489221543073654,,,
27,67634,-0.03048909828066826,,,
27,67639,-0.048396311700344086,,,
27,67644,-0.0332375131547451,,,
27,67649,-0.032491713762283325,,,
27,67654,-0.048798054456710815,,,
27,67659,-0.03463710844516754,,,
27,67664,-0.03984717279672623,,,
27,67669,-0.030835894867777824,,,
27,67674,-0.037199534475803375,,,
27,67679,-0.03962782025337219,,,
27,67684,-0.05011529475450516,,,
27,67689,-0.05030422285199165,,,
27,67694,-0.02536117658019066,,,
27,67699,-0.0334857702255249,,,
27,67704,-0.03954740986227989,,,
27,67709,-0.04084797203540802,,,
27,67714,-0.04332005977630615,,,
27,67719,-0.04198265075683594,,,
27,67724,-0.025094512850046158,,,
27,67729,-0.018854549154639244,,,
27,67734,-0.027126943692564964,,,
27,67739,-0.04970162361860275,,,
27,67744,-0.01572931371629238,,,
27,67749,-0.05711626634001732,,,
27,67754,-0.037059538066387177,,,
27,67759,-0.04338490962982178,,,
27,67764,-0.03868944197893143,,,
27,67769,-0.04100581631064415,,,
27,67774,-0.02109665796160698,,,
27,67779,-0.046140920370817184,,,
27,67784,-0.04437561333179474,,,
27,67789,-0.06271232664585114,,,
27,67794,-0.03585197031497955,,,
27,67799,-0.044573478400707245,,,
27,67804,-0.016212396323680878,,,
27,67809,-0.020555920898914337,,,
27,67814,-0.04380420222878456,,,
27,67819,-0.03800792247056961,,,
27,67824,-0.034351542592048645,,,
27,67829,-0.033055443316698074,,,
27,67834,-0.029264342039823532,,,
27,67839,-0.04322618246078491,,,
27,67844,-0.04546290636062622,,,
27,67849,-0.03407549113035202,,,
27,67854,-0.03479449450969696,,,
27,67859,-0.042230572551488876,,,
27,67864,-0.038225650787353516,,,
27,67869,-0.046540163457393646,,,
27,67874,-0.03304513916373253,,,
27,67879,-0.026770517230033875,,,
27,67884,-0.029788188636302948,,,
27,67889,-0.020298674702644348,,,
27,67894,-0.04662688076496124,,,
27,67899,-0.040208905935287476,,,
27,67904,-0.04940400272607803,,,
27,67909,-0.050839588046073914,,,
27,67914,-0.037063468247652054,,,
27,67919,-0.045572519302368164,,,
27,67924,-0.0409080795943737,,,
27,67929,-0.04452671855688095,,,
27,67934,-0.02759709022939205,,,
27,67939,-0.03707645833492279,,,
27,67944,-0.03021611087024212,,,
27,67949,-0.054151054471731186,,,
27,67954,-0.03432047739624977,,,
27,67959,-0.03197970241308212,,,
27,67964,-0.029011014848947525,,,
27,67969,-0.029152696952223778,,,
27,67974,-0.04111282527446747,,,
27,67979,-0.03653741627931595,,,
27,67984,-0.03793424740433693,,,
27,67989,-0.02906649187207222,,,
27,67994,-0.03612593561410904,,,
27,67999,-0.03465193510055542,,,
27,68004,-0.05063594877719879,,,
27,68009,-0.039172567427158356,,,
27,68014,-0.03770804405212402,,,
27,68019,-0.032637760043144226,,,
27,68024,-0.039756760001182556,,,
27,68029,0.0037328973412513733,,,
27,68034,-0.04841671884059906,,,
27,68039,-0.026571378111839294,,,
27,68044,-0.051342856138944626,,,
27,68049,-0.0293365940451622,,,
27,68054,-0.01106876228004694,,,
27,68059,-0.043712589889764786,,,
27,68064,-0.03865215182304382,,,
27,68069,-0.02713707834482193,,,
27,68074,-0.02535407990217209,,,
27,68079,-0.03421320766210556,,,
27,68084,-0.04704444482922554,,,
27,68089,-0.03392945975065231,,,
27,68094,-0.03806234896183014,,,
27,68099,-0.037476733326911926,,,
27,68104,-0.029139067977666855,,,
27,68109,-0.02025497518479824,,,
27,68114,-0.03427908942103386,,,
27,68119,-0.02324572205543518,,,
27,68124,-0.04546374827623367,,,
27,68129,-0.04220226779580116,,,
27,68134,-0.05489960312843323,,,
27,68139,-0.028289303183555603,,,
27,68144,-0.04747164994478226,,,
27,68149,-0.0493314266204834,,,
27,68154,-0.03772002086043358,,,
27,68159,-0.03737476095557213,,,
27,68164,-0.04320748150348663,,,
27,68169,-0.04155785217881203,,,
27,68174,-0.04272514209151268,,,
27,68179,-0.054224103689193726,,,
27,68184,-0.04512773081660271,,,
27,68189,-0.03495526686310768,,,
27,68194,-0.03988742083311081,,,
27,68199,-0.05545653775334358,,,
27,68204,-0.04553097486495972,,,
27,68209,-0.03644870966672897,,,
27,68214,-0.033396199345588684,,,
27,68219,-0.0464688204228878,,,
27,68224,-0.05456780642271042,,,
27,68229,-0.04665255546569824,,,
27,68234,-0.046128615736961365,,,
27,68239,-0.051561132073402405,,,
27,68244,-0.016282375901937485,,,
27,68249,-0.023124760016798973,,,
27,68254,-0.04388570785522461,,,
27,68259,-0.026197517290711403,,,
27,68264,-0.024107057601213455,,,
27,68269,-0.0347166433930397,,,
27,68274,-0.04450983554124832,,,
27,68279,-0.056810807436704636,,,
27,68284,-0.046004362404346466,,,
27,68289,-0.04760761559009552,,,
27,68294,-0.055928755551576614,,,
27,68299,-0.02406768873333931,,,
27,68304,-0.04252135753631592,,,
27,68309,-0.041088879108428955,,,
27,68314,-0.029107067734003067,,,
27,68319,-0.04293001443147659,,,
27,68324,-0.03188769146800041,,,
27,68329,-0.03887321427464485,,,
27,68334,-0.02780511975288391,,,
27,68339,-0.02680530585348606,,,
27,68344,-0.05085226148366928,,,
27,68349,-0.043146487325429916,,,
27,68354,-0.05337730795145035,,,
27,68359,-0.03200920671224594,,,
27,68364,-0.03691453859210014,,,
27,68369,-0.03954874724149704,,,
27,68374,-0.03262292966246605,,,
27,68379,-0.03276330232620239,,,
27,68384,-0.03372139856219292,,,
27,68389,-0.04003999009728432,,,
27,68394,-0.047516465187072754,,,
27,68399,-0.026045314967632294,,,
27,68404,-0.03411132097244263,,,
27,68409,-0.041112013161182404,,,
27,68414,-0.0199945867061615,,,
27,68419,-0.02362135425209999,,,
27,68424,-0.044996876269578934,,,
27,68429,-0.05357466638088226,,,
27,68434,-0.050140731036663055,,,
27,68439,-0.03192046284675598,,,
27,68444,-0.03651629015803337,,,
27,68449,-0.04139871150255203,,,
27,68454,-0.03334052488207817,,,
27,68459,-0.035715967416763306,,,
27,68464,-0.04610401391983032,,,
27,68469,-0.04070763289928436,,,
27,68474,-0.04475299268960953,,,
27,68479,-0.05477165803313255,,,
27,68484,-0.04039265960454941,,,
27,68489,-0.026464154943823814,,,
27,68494,-0.033672939985990524,,,
27,68499,-0.03786887973546982,,,
27,68504,-0.04285137355327606,,,
27,68509,-0.0404384583234787,,,
27,68514,-0.03451625257730484,,,
27,68519,-0.03692971169948578,,,
27,68524,-0.0514567568898201,,,
27,68529,-0.030476626008749008,,,
27,68534,-0.03322174772620201,,,
27,68539,-0.036927081644535065,,,
27,68544,-0.037431105971336365,,,
27,68549,-0.04084277153015137,,,
27,68554,-0.0417836531996727,,,
27,68559,-0.03515809029340744,,,
27,68564,-0.038952600210905075,,,
27,68569,-0.033288419246673584,,,
27,68574,-0.06715463846921921,,,
27,68579,-0.049024563282728195,,,
27,68584,-0.0325990729033947,,,
27,68589,-0.040599025785923004,,,
27,68594,-0.025652211159467697,,,
27,68599,-0.019108284264802933,,,
27,68604,-0.02257434092462063,,,
27,68609,-0.04154430329799652,,,
27,68614,-0.04005403816699982,,,
27,68619,-0.05488662049174309,,,
27,68624,-0.03792861849069595,,,
27,68629,-0.04767396301031113,,,
27,68634,-0.04707368090748787,,,
27,68639,-0.03392267972230911,,,
27,68644,-0.04293292760848999,,,
27,68649,-0.05104880407452583,,,
27,68654,-0.021242788061499596,,,
27,68659,-0.028386106714606285,,,
27,68664,-0.03556021675467491,,,
27,68669,-0.03141609579324722,,,
27,68674,-0.023647937923669815,,,
27,68679,-0.046221811324357986,,,
27,68684,-0.03881365805864334,,,
27,68689,-0.04166841879487038,,,
27,68694,-0.03622596710920334,,,
27,68699,-0.04661153256893158,,,
27,68704,-0.04784984141588211,,,
27,68709,-0.037012454122304916,,,
27,68714,-0.04154212027788162,,,
27,68719,-0.021373722702264786,,,
27,68724,-0.03670165687799454,,,
27,68729,-0.013784298673272133,,,
27,68734,-0.041177522391080856,,,
27,68739,-0.036617908626794815,,,
27,68744,-0.05914710462093353,,,
27,68749,-0.048419613391160965,,,
27,68754,-0.03533099591732025,,,
27,68759,-0.041697725653648376,,,
27,68764,-0.05030185729265213,,,
27,68769,-0.03247161582112312,,,
27,68774,-0.017647635191679,,,
27,68779,-0.04004799574613571,,,
27,68784,-0.04531731456518173,,,
27,68789,-0.03220304101705551,,,
27,68794,-0.033603645861148834,,,
27,68799,-0.03907126933336258,,,
27,68804,-0.056034497916698456,,,
27,68809,-0.0340614952147007,,,
27,68814,-0.02160031907260418,,,
27,68819,-0.045931361615657806,,,
27,68824,-0.0316401906311512,,,
27,68829,-0.032379813492298126,,,
27,68834,-0.029546843841671944,,,
27,68839,-0.03874069079756737,,,
27,68844,-0.04348011314868927,,,
27,68849,-0.042024631053209305,,,
27,68854,-0.037270061671733856,,,
27,68859,-0.055180490016937256,,,
27,68864,-0.04214329645037651,,,
27,68869,-0.032787226140499115,,,
27,68874,-0.037348613142967224,,,
27,68879,-0.037267155945301056,,,
27,68884,-0.038701415061950684,,,
27,68889,-0.025960776954889297,,,
27,68894,-0.043618105351924896,,,
27,68899,-0.030117982998490334,,,
27,68904,-0.030707623809576035,,,
27,68909,-0.0346171110868454,,,
27,68914,-0.029146891087293625,,,
27,68919,-0.02976309321820736,,,
27,68924,-0.03822053596377373,,,
27,68929,-0.046900223940610886,,,
27,68934,-0.03459487110376358,,,
27,68939,-0.03967598080635071,,,
27,68944,-0.043094683438539505,,,
27,68949,-0.05005195736885071,,,
27,68954,-0.02791019342839718,,,
27,68959,-0.030231915414333344,,,
27,68964,-0.03626095503568649,,,
27,68969,-0.046164169907569885,,,
27,68974,-0.03169067203998566,,,
27,68979,-0.021528013050556183,,,
27,68984,-0.0422704815864563,,,
27,68989,-0.03231263905763626,,,
27,68994,-0.039445459842681885,,,
27,68999,-0.0352996364235878,,,
27,69004,-0.018672114238142967,,,
27,69009,-0.05218970775604248,,,
27,69014,-0.0413815900683403,,,
27,69019,-0.04176195710897446,,,
27,69024,-0.04590644687414169,,,
27,69029,-0.03321617841720581,,,
27,69034,-0.050914227962493896,,,
27,69039,-0.040802206844091415,,,
27,69044,-0.05019012466073036,,,
27,69049,-0.006745737046003342,,,
27,69054,-0.03343018516898155,,,
27,69059,-0.049954626709222794,,,
27,69064,-0.037945352494716644,,,
27,69069,-0.04218494892120361,,,
27,69074,-0.040710754692554474,,,
27,69079,-0.033690016716718674,,,
27,69084,-0.045630380511283875,,,
27,69089,-0.034218136221170425,,,
27,69094,-0.037665754556655884,,,
27,69099,-0.037576623260974884,,,
27,69104,-0.026516351848840714,,,
27,69109,-0.04450564831495285,,,
27,69114,-0.028879541903734207,,,
27,69119,-0.041490159928798676,,,
27,69124,-0.04245571792125702,,,
27,69129,-0.04281153157353401,,,
27,69134,-0.05208037421107292,,,
27,69139,-0.028874291107058525,,,
27,69144,-0.04680739343166351,,,
27,69149,-0.037522394210100174,,,
27,69154,-0.04215807095170021,,,
27,69159,-0.03954734653234482,,,
27,69164,-0.03553277254104614,,,
27,69169,-0.05432587116956711,,,
27,69174,-0.04377628117799759,,,
27,69179,-0.04546485096216202,,,
27,69184,-0.04791108891367912,,,
27,69189,-0.021790193393826485,,,
27,69194,-0.04062669724225998,,,
27,69199,-0.03357734531164169,,,
27,69204,-0.03207745775580406,,,
27,69209,-0.04572039097547531,,,
27,69214,-0.04180731251835823,,,
27,69219,-0.052602507174015045,,,
27,69224,-0.04010072723031044,,,
27,69229,-0.03371137008070946,,,
27,69234,-0.008094633929431438,,,
27,69239,-0.03710217401385307,,,
27,69244,-0.05333812162280083,,,
27,69249,-0.049308206886053085,,,
27,69254,-0.03744976967573166,,,
27,69259,-0.03075128234922886,,,
27,69264,-0.012998624704778194,,,
27,69269,-0.03785651922225952,,,
27,69274,-0.00957723893225193,,,
27,69279,-0.028207501396536827,,,
27,69284,-0.046386878937482834,,,
27,69289,-0.025173703208565712,,,
27,69294,-0.03361157700419426,,,
27,69299,-0.04506445676088333,,,
27,69304,-0.028381656855344772,,,
27,69309,-0.020242756232619286,,,
27,69314,-0.047575563192367554,,,
27,69319,-0.04031109809875488,,,
27,69324,-0.040716271847486496,,,
27,69329,-0.05083860456943512,,,
27,69334,-0.029612965881824493,,,
27,69339,-0.0593380406498909,,,
27,69344,-0.013533197343349457,,,
27,69349,-0.06139890477061272,,,
27,69354,-0.047075625509023666,,,
27,69359,-0.03867781162261963,,,
27,69364,-0.051135897636413574,,,
27,69369,-0.054524168372154236,,,
27,69374,-0.050765201449394226,,,
27,69379,-0.04583927243947983,,,
27,69384,-0.039797451347112656,,,
27,69389,-0.032322414219379425,,,
27,69394,-0.034232161939144135,,,
27,69399,-0.04422963038086891,,,
27,69404,-0.03693442791700363,,,
27,69409,-0.0398813933134079,,,
27,69414,-0.03481116145849228,,,
27,69419,-0.005147084593772888,,,
27,69424,-0.03472178429365158,,,
27,69429,-0.03480347618460655,,,
27,69434,-0.035311631858348846,,,
27,69439,-0.032188575714826584,,,
27,69444,-0.04367631673812866,,,
27,69449,-0.03356075659394264,,,
27,69454,-0.03573989495635033,,,
27,69459,-0.038710445165634155,,,
27,69464,-0.023020125925540924,,,
27,69469,-0.04661746323108673,,,
27,69474,-0.02981172502040863,,,
27,69479,-0.020649705082178116,,,
27,69484,-0.009230997413396835,,,
27,69489,-0.043145984411239624,,,
27,69494,-0.011205025017261505,,,
27,69499,-0.04929199069738388,,,
27,69504,-0.04816262051463127,,,
27,69509,-0.047000862658023834,,,
27,69514,-0.02755768410861492,,,
27,69519,-0.05205181613564491,,,
27,69524,-0.04127475991845131,,,
27,69529,-0.046773478388786316,,,
27,69534,-0.04736730456352234,,,
27,69539,-0.04586941748857498,,,
27,69544,-0.0315723679959774,,,
27,69549,-0.024194791913032532,,,
27,69554,-0.045821093022823334,,,
27,69559,-0.034723397344350815,,,
27,69564,-0.041166502982378006,,,
27,69569,-0.01610998809337616,,,
27,69574,-0.02282140590250492,,,
27,69579,-0.03085916116833687,,,
27,69584,-0.04484561085700989,,,
27,69589,-0.03889719024300575,,,
27,69594,-0.050206515938043594,,,
27,69599,0.008716139942407608,,,
27,69604,-0.04439222812652588,,,
27,69609,-0.030648820102214813,,,
27,69614,-0.04004412516951561,,,
27,69619,-0.04523709416389465,,,
27,69624,-0.024151146411895752,,,
27,69629,-0.040720343589782715,,,
27,69634,-0.030257314443588257,,,
27,69639,-0.03482237085700035,,,
27,69644,-0.05380871146917343,,,
27,69649,-0.049532629549503326,,,
27,69654,-0.038106031715869904,,,
27,69659,-0.0009707063436508179,,,
27,69664,-0.038156069815158844,,,
27,69669,-0.03397975116968155,,,
27,69674,-0.022003721445798874,,,
27,69679,-0.019490456208586693,,,
27,69684,-0.040091097354888916,,,
27,69689,-0.04636155068874359,,,
27,69694,-0.029570655897259712,,,
27,69699,-0.04967723786830902,,,
27,69704,-0.01575816050171852,,,
27,69709,-0.026372885331511497,,,
27,69714,-0.04048813879489899,,,
27,69719,-0.03720059245824814,,,
27,69724,-0.04157445952296257,,,
27,69729,-0.044439978897571564,,,
27,69734,-0.04795626923441887,,,
27,69739,-0.03470652922987938,,,
27,69744,-0.043709419667720795,,,
27,69749,-0.04143354669213295,,,
27,69754,-0.04565069451928139,,,
27,69759,-0.04175526648759842,,,
27,69764,-0.020916201174259186,,,
27,69769,-0.032640520483255386,,,
27,69774,-0.0366930291056633,,,
27,69779,-0.04975518584251404,,,
27,69784,-0.03554952144622803,,,
27,69789,-0.05676031857728958,,,
27,69794,-0.04530133306980133,,,
27,69799,-0.03504028171300888,,,
27,69804,-0.03730124235153198,,,
27,69809,-0.03718606382608414,,,
27,69814,-0.04587545990943909,,,
27,69819,-0.03351899981498718,,,
27,69824,-0.028331782668828964,,,
27,69829,-0.020791759714484215,,,
27,69834,-0.045447081327438354,,,
27,69839,-0.03588537871837616,,,
27,69844,-0.047669000923633575,,,
27,69849,-0.04360756278038025,,,
27,69854,-0.048338666558265686,,,
27,69859,-0.042108774185180664,,,
27,69864,-0.03373926505446434,,,
27,69869,-0.05153343081474304,,,
27,69874,-0.035644423216581345,,,
27,69879,-0.032511260360479355,,,
27,69884,-0.03102422133088112,,,
27,69889,-0.03883469104766846,,,
27,69894,-0.015482024289667606,,,
27,69899,-0.03306736797094345,,,
27,69904,-0.03056776523590088,,,
27,69909,-0.030369676649570465,,,
27,69914,-0.042272716760635376,,,
27,69919,-0.02935780957341194,,,
27,69924,-0.029710562899708748,,,
27,69929,-0.05510484799742699,,,
27,69934,-0.05844053626060486,,,
27,69939,-0.03864295780658722,,,
27,69944,-0.046792760491371155,,,
27,69949,-0.055727191269397736,,,
27,69954,-0.058651432394981384,,,
27,69959,-0.04471965879201889,,,
27,69964,-0.04467245563864708,,,
27,69969,-0.031148478388786316,,,
27,69974,-0.04966108500957489,,,
27,69979,-0.03613412380218506,,,
27,69984,-0.0361909456551075,,,
27,69989,-0.02549867331981659,,,
27,69994,-0.03310862183570862,,,
27,69999,-0.02985890582203865,,,
27,69999,,-0.0317605659365654,0.29409998655319214,0.5886425375938416
28,70004,-0.036167360842227936,,,
28,70009,-0.035189881920814514,,,
28,70014,-0.03964764624834061,,,
28,70019,-0.024952534586191177,,,
28,70024,-0.04227207228541374,,,
28,70029,-0.04862941801548004,,,
28,70034,-0.042823173105716705,,,
28,70039,-0.03464345633983612,,,
28,70044,-0.04200400412082672,,,
28,70049,-0.03327054902911186,,,
28,70054,-0.05255839228630066,,,
28,70059,-0.03316406160593033,,,
28,70064,-0.028512656688690186,,,
28,70069,-0.0319889634847641,,,
28,70074,-0.0342535525560379,,,
28,70079,-0.02934955805540085,,,
28,70084,-0.04522135853767395,,,
28,70089,-0.05430085211992264,,,
28,70094,-0.02874477580189705,,,
28,70099,-0.03775399178266525,,,
28,70104,-0.02752380631864071,,,
28,70109,-0.046423546969890594,,,
28,70114,-0.028797360137104988,,,
28,70119,-0.014844013378024101,,,
28,70124,-0.03703128546476364,,,
28,70129,-0.025849681347608566,,,
28,70134,-0.04085152596235275,,,
28,70139,-0.043068915605545044,,,
28,70144,-0.04163242504000664,,,
28,70149,-0.03409073129296303,,,
28,70154,-0.045513544231653214,,,
28,70159,-0.03602375090122223,,,
28,70164,-0.030843066051602364,,,
28,70169,-0.023365501314401627,,,
28,70174,-0.0309281088411808,,,
28,70179,-0.02286161296069622,,,
28,70184,-0.037330515682697296,,,
28,70189,-0.02767542377114296,,,
28,70194,-0.04991990327835083,,,
28,70199,-0.03899918496608734,,,
28,70204,-0.0335422158241272,,,
28,70209,-0.03691142797470093,,,
28,70214,-0.04943346232175827,,,
28,70219,-0.054133012890815735,,,
28,70224,-0.050142720341682434,,,
28,70229,-0.03047534078359604,,,
28,70234,-0.05122332647442818,,,
28,70239,-0.035660065710544586,,,
28,70244,-0.04595949500799179,,,
28,70249,-0.03406432271003723,,,
28,70254,-0.015997979789972305,,,
28,70259,-0.025132669135928154,,,
28,70264,-0.03515567258000374,,,
28,70269,-0.04054466634988785,,,
28,70274,-0.04957297816872597,,,
28,70279,-0.03964163735508919,,,
28,70284,-0.051700934767723083,,,
28,70289,-0.030128441751003265,,,
28,70294,-0.017995677888393402,,,
28,70299,-0.03592720627784729,,,
28,70304,-0.04221688210964203,,,
28,70309,-0.04314098879694939,,,
28,70314,-0.02519271709024906,,,
28,70319,-0.047499626874923706,,,
28,70324,-0.04423433542251587,,,
28,70329,-0.0396573469042778,,,
28,70334,-0.03466814011335373,,,
28,70339,-0.045786332339048386,,,
28,70344,-0.03985277935862541,,,
28,70349,-0.03692060336470604,,,
28,70354,-0.03260773420333862,,,
28,70359,-0.03469812870025635,,,
28,70364,-0.02299216017127037,,,
28,70369,-0.041775111109018326,,,
28,70374,-0.04867420345544815,,,
28,70379,-0.03243829682469368,,,
28,70384,-0.039793405681848526,,,
28,70389,-0.031406283378601074,,,
28,70394,-0.016585085541009903,,,
28,70399,-0.03629687428474426,,,
28,70404,-0.04207358509302139,,,
28,70409,-0.048079583793878555,,,
28,70414,-0.041953474283218384,,,
28,70419,-0.03925679624080658,,,
28,70424,-0.047240808606147766,,,
28,70429,-0.03195810317993164,,,
28,70434,-0.03948216140270233,,,
28,70439,-0.03170190006494522,,,
28,70444,-0.0395580530166626,,,
28,70449,-0.03444242477416992,,,
28,70454,-0.03455215319991112,,,
28,70459,-0.01643761247396469,,,
28,70464,-0.033852554857730865,,,
28,70469,-0.04384196549654007,,,
28,70474,-0.05110190436244011,,,
28,70479,-0.048778779804706573,,,
28,70484,-0.03866969794034958,,,
28,70489,-0.023953275755047798,,,
28,70494,-0.024944178760051727,,,
28,70499,-0.0281432643532753,,,
28,70504,-0.03863179683685303,,,
28,70509,-0.03297504782676697,,,
28,70514,-0.04341106116771698,,,
28,70519,-0.034535255283117294,,,
28,70524,-0.03269121050834656,,,
28,70529,-0.042878407984972,,,
28,70534,-0.0292515829205513,,,
28,70539,-0.03708220273256302,,,
28,70544,-0.043681900948286057,,,
28,70549,-0.04530875384807587,,,
28,70554,-0.03182520717382431,,,
28,70559,-0.03544792905449867,,,
28,70564,-0.034510537981987,,,
28,70569,-0.032358601689338684,,,
28,70574,-0.027693260461091995,,,
28,70579,-0.04174615442752838,,,
28,70584,-0.03135855868458748,,,
28,70589,-0.04238753020763397,,,
28,70594,-0.04374648630619049,,,
28,70599,-0.0354020893573761,,,
28,70604,-0.036703117191791534,,,
28,70609,-0.02277938835322857,,,
28,70614,-0.04414191097021103,,,
28,70619,-0.04309400916099548,,,
28,70624,-0.03812709450721741,,,
28,70629,-0.01310807466506958,,,
28,70634,-0.049195222556591034,,,
28,70639,-0.049568720161914825,,,
28,70644,-0.038828011602163315,,,
28,70649,-0.04327315092086792,,,
28,70654,-0.03845140337944031,,,
28,70659,-0.03232788294553757,,,
28,70664,-0.037044718861579895,,,
28,70669,-0.047310151159763336,,,
28,70674,-0.034985825419425964,,,
28,70679,-0.049130745232105255,,,
28,70684,-0.040308378636837006,,,
28,70689,-0.04019150137901306,,,
28,70694,-0.04571278393268585,,,
28,70699,-0.03529245778918266,,,
28,70704,-0.05737829953432083,,,
28,70709,-0.04902002960443497,,,
28,70714,-0.029970286414027214,,,
28,70719,-0.022383468225598335,,,
28,70724,-0.028961457312107086,,,
28,70729,-0.04104314744472504,,,
28,70734,-0.042813412845134735,,,
28,70739,-0.031293414533138275,,,
28,70744,-0.039742231369018555,,,
28,70749,-0.025167278945446014,,,
28,70754,-0.05057127773761749,,,
28,70759,-0.04406915605068207,,,
28,70764,-0.027844171971082687,,,
28,70769,-0.062462326139211655,,,
28,70774,-0.04174076020717621,,,
28,70779,-0.028640763834118843,,,
28,70784,-0.046740517020225525,,,
28,70789,-0.04302215576171875,,,
28,70794,-0.042095571756362915,,,
28,70799,-0.03699127584695816,,,
28,70804,-0.030100613832473755,,,
28,70809,-0.030631985515356064,,,
28,70814,-0.03830881789326668,,,
28,70819,-0.03711114078760147,,,
28,70824,-0.04961329698562622,,,
28,70829,-0.03982258960604668,,,
28,70834,-0.057134635746479034,,,
28,70839,-0.04388730600476265,,,
28,70844,-0.028188098222017288,,,
28,70849,-0.041271764785051346,,,
28,70854,-0.03132960945367813,,,
28,70859,-0.03269147500395775,,,
28,70864,-0.03329654037952423,,,
28,70869,-0.03175511583685875,,,
28,70874,-0.04465378075838089,,,
28,70879,-0.05083218961954117,,,
28,70884,-0.05529286339879036,,,
28,70889,-0.04257477819919586,,,
28,70894,-0.02990632876753807,,,
28,70899,-0.0306951105594635,,,
28,70904,-0.02548833377659321,,,
28,70909,-0.042987558990716934,,,
28,70914,-0.027606775984168053,,,
28,70919,-0.051005467772483826,,,
28,70924,-0.03000216744840145,,,
28,70929,-0.05294990539550781,,,
28,70934,-0.042721912264823914,,,
28,70939,-0.03303470090031624,,,
28,70944,-0.04933902993798256,,,
28,70949,-0.031008552759885788,,,
28,70954,-0.03279275819659233,,,
28,70959,-0.04010946303606033,,,
28,70964,-0.040069594979286194,,,
28,70969,-0.043485239148139954,,,
28,70974,-0.03595118969678879,,,
28,70979,-0.03998355567455292,,,
28,70984,-0.04455351084470749,,,
28,70989,-0.0362035408616066,,,
28,70994,-0.04108503460884094,,,
28,70999,-0.038029931485652924,,,
28,71004,-0.04399601370096207,,,
28,71009,-0.0446661114692688,,,
28,71014,-0.03165504336357117,,,
28,71019,-0.0184526015073061,,,
28,71024,-0.04080040007829666,,,
28,71029,-0.03236683830618858,,,
28,71034,-0.042169854044914246,,,
28,71039,-0.03136975318193436,,,
28,71044,-0.03008306585252285,,,
28,71049,-0.03979022428393364,,,
28,71054,-0.05111139267683029,,,
28,71059,-0.05181317403912544,,,
28,71064,-0.04456209018826485,,,
28,71069,-0.03955088555812836,,,
28,71074,-0.04138925299048424,,,
28,71079,-0.042406968772411346,,,
28,71084,-0.04486171156167984,,,
28,71089,-0.050165336579084396,,,
28,71094,-0.04455490782856941,,,
28,71099,-0.03710401803255081,,,
28,71104,-0.031747426837682724,,,
28,71109,-0.03568033501505852,,,
28,71114,-0.039183445274829865,,,
28,71119,-0.04327686131000519,,,
28,71124,-0.053464215248823166,,,
28,71129,-0.042044125497341156,,,
28,71134,-0.028625428676605225,,,
28,71139,-0.04999406263232231,,,
28,71144,-0.03036688081920147,,,
28,71149,-0.047954633831977844,,,
28,71154,-0.028075799345970154,,,
28,71159,-0.03604627773165703,,,
28,71164,-0.016346143558621407,,,
28,71169,-0.022506684064865112,,,
28,71174,-0.04122372716665268,,,
28,71179,-0.021781980991363525,,,
28,71184,-0.03891816362738609,,,
28,71189,-0.041172612458467484,,,
28,71194,-0.032796598970890045,,,
28,71199,-0.031010009348392487,,,
28,71204,-0.03932070732116699,,,
28,71209,-0.04565638676285744,,,
28,71214,-0.04787889122962952,,,
28,71219,-0.057727210223674774,,,
28,71224,-0.03490521013736725,,,
28,71229,-0.04921048879623413,,,
28,71234,-0.03349245712161064,,,
28,71239,0.008870303630828857,,,
28,71244,-0.05077133700251579,,,
28,71249,-0.0010988833382725716,,,
28,71254,-0.04343365132808685,,,
28,71259,-0.04208328574895859,,,
28,71264,-0.03317224234342575,,,
28,71269,-0.03843189775943756,,,
28,71274,-0.04161800444126129,,,
28,71279,-0.037143588066101074,,,
28,71284,-0.04016508534550667,,,
28,71289,-0.036719582974910736,,,
28,71294,-0.024759436026215553,,,
28,71299,-0.03764508292078972,,,
28,71304,-0.032030608505010605,,,
28,71309,-0.04265806823968887,,,
28,71314,-0.03684564679861069,,,
28,71319,-0.03992464020848274,,,
28,71324,-0.03441835567355156,,,
28,71329,-0.03137858957052231,,,
28,71334,-0.04834438115358353,,,
28,71339,-0.022157955914735794,,,
28,71344,-0.031622838228940964,,,
28,71349,-0.04904935508966446,,,
28,71354,-0.022274214774370193,,,
28,71359,-0.034715794026851654,,,
28,71364,-0.05929451063275337,,,
28,71369,-0.04069241136312485,,,
28,71374,-0.037829771637916565,,,
28,71379,-0.044916510581970215,,,
28,71384,-0.037111300975084305,,,
28,71389,-0.02318909950554371,,,
28,71394,-0.03621463105082512,,,
28,71399,-0.03305884450674057,,,
28,71404,-0.028550364077091217,,,
28,71409,-0.04397740960121155,,,
28,71414,-0.049688130617141724,,,
28,71419,-0.034542832523584366,,,
28,71424,-0.037712737917900085,,,
28,71429,-0.0444655679166317,,,
28,71434,-0.05276335030794144,,,
28,71439,-0.04611741006374359,,,
28,71444,-0.03564104810357094,,,
28,71449,-0.026967473328113556,,,
28,71454,-0.0362880639731884,,,
28,71459,-0.023980621248483658,,,
28,71464,-0.015255127102136612,,,
28,71469,-0.023097915574908257,,,
28,71474,-0.04282518848776817,,,
28,71479,-0.05079955607652664,,,
28,71484,-0.044472791254520416,,,
28,71489,-0.05208170413970947,,,
28,71494,-0.050017014145851135,,,
28,71499,-0.03842580318450928,,,
28,71504,-0.0330936498939991,,,
28,71509,-0.022967621684074402,,,
28,71514,-0.05161557346582413,,,
28,71519,-0.04961389675736427,,,
28,71524,-0.012923656031489372,,,
28,71529,-0.03545745089650154,,,
28,71534,-0.03256244957447052,,,
28,71539,-0.033954769372940063,,,
28,71544,-0.04874300956726074,,,
28,71549,-0.030300837010145187,,,
28,71554,-0.024291861802339554,,,
28,71559,-0.026674458757042885,,,
28,71564,-0.050304871052503586,,,
28,71569,-0.038452133536338806,,,
28,71574,-0.03716142103075981,,,
28,71579,-0.04729585722088814,,,
28,71584,-0.0419514924287796,,,
28,71589,-0.047228336334228516,,,
28,71594,-0.03802753984928131,,,
28,71599,-0.03321359306573868,,,
28,71604,-0.03838455677032471,,,
28,71609,-0.04235043376684189,,,
28,71614,-0.050734080374240875,,,
28,71619,-0.03809566795825958,,,
28,71624,-0.04550613462924957,,,
28,71629,-0.03228634595870972,,,
28,71634,-0.018212057650089264,,,
28,71639,-0.03338497504591942,,,
28,71644,-0.03992214798927307,,,
28,71649,-0.04921454191207886,,,
28,71654,-0.03754238784313202,,,
28,71659,-0.04939229413866997,,,
28,71664,-0.028281258419156075,,,
28,71669,-0.03938400372862816,,,
28,71674,-0.02698308788239956,,,
28,71679,-0.035251762717962265,,,
28,71684,-0.04545557498931885,,,
28,71689,-0.053852614015340805,,,
28,71694,-0.028884734958410263,,,
28,71699,-0.045916929841041565,,,
28,71704,-0.042438164353370667,,,
28,71709,-0.03248155117034912,,,
28,71714,-0.049262143671512604,,,
28,71719,-0.037749093025922775,,,
28,71724,-0.038074277341365814,,,
28,71729,-0.029700960963964462,,,
28,71734,-0.030831970274448395,,,
28,71739,-0.048615463078022,,,
28,71744,-0.028315840288996696,,,
28,71749,-0.032163821160793304,,,
28,71754,-0.0359434112906456,,,
28,71759,-0.043807193636894226,,,
28,71764,-0.03426187112927437,,,
28,71769,-0.033640243113040924,,,
28,71774,-0.029466185718774796,,,
28,71779,-0.031695932149887085,,,
28,71784,-0.03165838122367859,,,
28,71789,-0.027917848899960518,,,
28,71794,-0.03396860137581825,,,
28,71799,-0.049747906625270844,,,
28,71804,-0.04200194776058197,,,
28,71809,-0.058187663555145264,,,
28,71814,-0.051320940256118774,,,
28,71819,-0.04462963342666626,,,
28,71824,-0.035496778786182404,,,
28,71829,-0.029436171054840088,,,
28,71834,-0.022585652768611908,,,
28,71839,-0.027850590646266937,,,
28,71844,-0.03775522857904434,,,
28,71849,-0.042254336178302765,,,
28,71854,-0.03848647698760033,,,
28,71859,-0.02447238191962242,,,
28,71864,-0.03306490182876587,,,
28,71869,-0.05197405815124512,,,
28,71874,-0.027163732796907425,,,
28,71879,-0.03380561247467995,,,
28,71884,-0.04693189263343811,,,
28,71889,-0.04303599148988724,,,
28,71894,-0.048952579498291016,,,
28,71899,-0.030990466475486755,,,
28,71904,-0.03697624430060387,,,
28,71909,-0.03656769171357155,,,
28,71914,-0.056763775646686554,,,
28,71919,-0.052689045667648315,,,
28,71924,-0.0648534968495369,,,
28,71929,-0.019242528825998306,,,
28,71934,-0.03965982794761658,,,
28,71939,-0.04876800253987312,,,
28,71944,-0.03695113956928253,,,
28,71949,-0.041626907885074615,,,
28,71954,-0.024157285690307617,,,
28,71959,-0.04088398814201355,,,
28,71964,-0.048226967453956604,,,
28,71969,-0.04136502742767334,,,
28,71974,-0.04117942973971367,,,
28,71979,-0.031086213886737823,,,
28,71984,-0.05340446159243584,,,
28,71989,-0.0226215161383152,,,
28,71994,-0.03220972418785095,,,
28,71999,-0.037327155470848083,,,
28,72004,-0.0454704575240612,,,
28,72009,-0.031709861010313034,,,
28,72014,-0.04531942307949066,,,
28,72019,-0.03486804664134979,,,
28,72024,-0.029118530452251434,,,
28,72029,-0.014458350837230682,,,
28,72034,-0.05125769227743149,,,
28,72039,-0.06217309087514877,,,
28,72044,-0.03825639933347702,,,
28,72049,-0.05107322335243225,,,
28,72054,-0.04047419875860214,,,
28,72059,-0.05702431872487068,,,
28,72064,-0.037842921912670135,,,
28,72069,-0.03569623455405235,,,
28,72074,0.004546389449387789,,,
28,72079,-0.03143344074487686,,,
28,72084,-0.03677567094564438,,,
28,72089,-0.029556022956967354,,,
28,72094,-0.04453470930457115,,,
28,72099,-0.05173062905669212,,,
28,72104,-0.024969253689050674,,,
28,72109,-0.031027939170598984,,,
28,72114,-0.02067974954843521,,,
28,72119,-0.055614273995161057,,,
28,72124,-0.054854732006788254,,,
28,72129,-0.04848957061767578,,,
28,72134,-0.04580255597829819,,,
28,72139,-0.03777894005179405,,,
28,72144,-0.02233387902379036,,,
28,72149,-0.028239119797945023,,,
28,72154,-0.05485988035798073,,,
28,72159,-0.06312685459852219,,,
28,72164,-0.012182469479739666,,,
28,72169,-0.04677756503224373,,,
28,72174,-0.03327834606170654,,,
28,72179,-0.04085986316204071,,,
28,72184,-0.02750875987112522,,,
28,72189,-0.05451532453298569,,,
28,72194,-0.06702809035778046,,,
28,72199,-0.027932243421673775,,,
28,72204,-0.04658181965351105,,,
28,72209,-0.029263801872730255,,,
28,72214,-0.04256793111562729,,,
28,72219,-0.04425957798957825,,,
28,72224,-0.04052063822746277,,,
28,72229,-0.03898182511329651,,,
28,72234,-0.01179831475019455,,,
28,72239,-0.034996986389160156,,,
28,72244,-0.04074421897530556,,,
28,72249,-0.04555046558380127,,,
28,72254,-0.04911646246910095,,,
28,72259,-0.046488117426633835,,,
28,72264,-0.046191271394491196,,,
28,72269,-0.029666796326637268,,,
28,72274,-0.03548257425427437,,,
28,72279,-0.04765788093209267,,,
28,72284,-0.02687494456768036,,,
28,72289,-0.03638872504234314,,,
28,72294,-0.03698435425758362,,,
28,72299,-0.03210073709487915,,,
28,72304,-0.0366830974817276,,,
28,72309,-0.04193802922964096,,,
28,72314,-0.039290107786655426,,,
28,72319,-0.05013657733798027,,,
28,72324,-0.04792945086956024,,,
28,72329,-0.040298350155353546,,,
28,72334,-0.03808126598596573,,,
28,72339,-0.03887719288468361,,,
28,72344,-0.03861410170793533,,,
28,72349,-0.05118093639612198,,,
28,72354,-0.028903618454933167,,,
28,72359,-0.056354958564043045,,,
28,72364,-0.02516169846057892,,,
28,72369,-0.03874829784035683,,,
28,72374,-0.02870667353272438,,,
28,72379,-0.029857616871595383,,,
28,72384,-0.030493788421154022,,,
28,72389,-0.01796209067106247,,,
28,72394,-0.04905969277024269,,,
28,72399,-0.02516196481883526,,,
28,72404,-0.04706460237503052,,,
28,72409,-0.04240216314792633,,,
28,72414,-0.045880548655986786,,,
28,72419,-0.045782312750816345,,,
28,72424,-0.04719144105911255,,,
28,72429,-0.026884693652391434,,,
28,72434,-0.044512417167425156,,,
28,72439,-0.02704234980046749,,,
28,72444,-0.03682033345103264,,,
28,72449,-0.03503353148698807,,,
28,72454,-0.03666604310274124,,,
28,72459,-0.045639485120773315,,,
28,72464,-0.0421525314450264,,,
28,72469,-0.025035491213202477,,,
28,72474,-0.03892897069454193,,,
28,72479,-0.03402998670935631,,,
28,72484,-0.0439176969230175,,,
28,72489,-0.03789076954126358,,,
28,72494,-0.038050029426813126,,,
28,72499,-0.029087670147418976,,,
28,72499,,-0.02791769430041313,0.2939000129699707,0.5867708325386047
29,72504,-0.0475311204791069,,,
29,72509,-0.047022510319948196,,,
29,72514,-0.045147933065891266,,,
29,72519,-0.029651392251253128,,,
29,72524,-0.040571898221969604,,,
29,72529,-0.0474897101521492,,,
29,72534,-0.04514240473508835,,,
29,72539,-0.03371688723564148,,,
29,72544,-0.042156100273132324,,,
29,72549,-0.028947990387678146,,,
29,72554,-0.025920752435922623,,,
29,72559,-0.03724129498004913,,,
29,72564,-0.0346633717417717,,,
29,72569,-0.04016415402293205,,,
29,72574,-0.03747914731502533,,,
29,72579,-0.03903617337346077,,,
29,72584,-0.04879247024655342,,,
29,72589,-0.025154681876301765,,,
29,72594,-0.03813191503286362,,,
29,72599,-0.02062861993908882,,,
29,72604,-0.033059168606996536,,,
29,72609,-0.024762021377682686,,,
29,72614,-0.036146339029073715,,,
29,72619,-0.04206881672143936,,,
29,72624,-0.0273420549929142,,,
29,72629,-0.03423643484711647,,,
29,72634,-0.037996746599674225,,,
29,72639,-0.0512034073472023,,,
29,72644,-0.040611475706100464,,,
29,72649,-0.0384206585586071,,,
29,72654,-0.04379729926586151,,,
29,72659,-0.029469508677721024,,,
29,72664,-0.04543378949165344,,,
29,72669,-0.05095456540584564,,,
29,72674,-0.04388192296028137,,,
29,72679,-0.05074876919388771,,,
29,72684,-0.033741772174835205,,,
29,72689,-0.02099016308784485,,,
29,72694,-0.023933010175824165,,,
29,72699,-0.02465556189417839,,,
29,72704,-0.049645788967609406,,,
29,72709,-0.03769398853182793,,,
29,72714,-0.02547457069158554,,,
29,72719,-0.036687519401311874,,,
29,72724,-0.05427950248122215,,,
29,72729,-0.04550539329648018,,,
29,72734,-0.040625713765621185,,,
29,72739,-0.03071703016757965,,,
29,72744,-0.0179855078458786,,,
29,72749,-0.05095382407307625,,,
29,72754,-0.03706676885485649,,,
29,72759,-0.029426254332065582,,,
29,72764,-0.034719787538051605,,,
29,72769,-0.0006097974255681038,,,
29,72774,-0.03795316070318222,,,
29,72779,-0.027451831847429276,,,
29,72784,-0.04395391792058945,,,
29,72789,-0.0396677702665329,,,
29,72794,-0.03846299648284912,,,
29,72799,-0.028125733137130737,,,
29,72804,-0.05089570954442024,,,
29,72809,-0.02360951155424118,,,
29,72814,-0.04153404384851456,,,
29,72819,-0.047963421791791916,,,
29,72824,-0.04582022875547409,,,
29,72829,-0.04769013077020645,,,
29,72834,-0.04147598147392273,,,
29,72839,-0.053337909281253815,,,
29,72844,-0.02982063964009285,,,
29,72849,-0.047417256981134415,,,
29,72854,-0.037009354680776596,,,
29,72859,-0.06631845235824585,,,
29,72864,-0.02942962571978569,,,
29,72869,-0.038738515228033066,,,
29,72874,-0.03846421092748642,,,
29,72879,-0.021701879799365997,,,
29,72884,-0.03070537932217121,,,
29,72889,-0.03963235765695572,,,
29,72894,-0.028591027483344078,,,
29,72899,-0.033890657126903534,,,
29,72904,-0.043085020035505295,,,
29,72909,-0.028560595586895943,,,
29,72914,-0.052455462515354156,,,
29,72919,-0.04693332314491272,,,
29,72924,-0.0332142636179924,,,
29,72929,-0.039797112345695496,,,
29,72934,-0.04674004018306732,,,
29,72939,-0.03659606724977493,,,
29,72944,-0.014182940125465393,,,
29,72949,-0.03646360710263252,,,
29,72954,-0.023548997938632965,,,
29,72959,-0.030733272433280945,,,
29,72964,-0.0509275458753109,,,
29,72969,-0.020433761179447174,,,
29,72974,-0.020507322624325752,,,
29,72979,-0.04499141871929169,,,
29,72984,-0.03066541627049446,,,
29,72989,-0.04915440082550049,,,
29,72994,-0.03902294859290123,,,
29,72999,-0.043168388307094574,,,
29,73004,-0.04797082394361496,,,
29,73009,-0.053608328104019165,,,
29,73014,-0.047819990664720535,,,
29,73019,-0.03237326443195343,,,
29,73024,-0.04790288954973221,,,
29,73029,-0.011607084423303604,,,
29,73034,-0.024974677711725235,,,
29,73039,-0.0245523639023304,,,
29,73044,-0.05936604365706444,,,
29,73049,-0.03150780126452446,,,
29,73054,-0.044332846999168396,,,
29,73059,-0.03488021716475487,,,
29,73064,-0.027075696736574173,,,
29,73069,-0.0429588258266449,,,
29,73074,-0.056129340082407,,,
29,73079,-0.027676446363329887,,,
29,73084,-0.05056462064385414,,,
29,73089,-0.033654868602752686,,,
29,73094,-0.04029832035303116,,,
29,73099,-0.05094299465417862,,,
29,73104,-0.04397423565387726,,,
29,73109,-0.024057738482952118,,,
29,73114,-0.03282433748245239,,,
29,73119,-0.04683520272374153,,,
29,73124,-0.043731242418289185,,,
29,73129,-0.025170203298330307,,,
29,73134,-0.03798864781856537,,,
29,73139,-0.032531242817640305,,,
29,73144,-0.04078473895788193,,,
29,73149,-0.042007070034742355,,,
29,73154,-0.047138240188360214,,,
29,73159,-0.04323984310030937,,,
29,73164,-0.027036622166633606,,,
29,73169,-0.04026057571172714,,,
29,73174,-0.05914284288883209,,,
29,73179,-0.0372265949845314,,,
29,73184,-0.03368882089853287,,,
29,73189,-0.030316069722175598,,,
29,73194,-0.029912834987044334,,,
29,73199,-0.03825404495000839,,,
29,73204,-0.03854783996939659,,,
29,73209,-0.047116249799728394,,,
29,73214,-0.05307541415095329,,,
29,73219,-0.056835487484931946,,,
29,73224,-0.0284983292222023,,,
29,73229,-0.036475785076618195,,,
29,73234,-0.02938784845173359,,,
29,73239,-0.035452522337436676,,,
29,73244,-0.035488028079271317,,,
29,73249,-0.04414921998977661,,,
29,73254,-0.04992552101612091,,,
29,73259,-0.05155087262392044,,,
29,73264,-0.03141402453184128,,,
29,73269,-0.05176304280757904,,,
29,73274,-0.02467631921172142,,,
29,73279,-0.04109754040837288,,,
29,73284,-0.04924889653921127,,,
29,73289,-0.04021855443716049,,,
29,73294,-0.03614107891917229,,,
29,73299,-0.04456464946269989,,,
29,73304,-0.03469689190387726,,,
29,73309,-0.057550445199012756,,,
29,73314,-0.059458177536726,,,
29,73319,-0.04742685705423355,,,
29,73324,-0.03855680674314499,,,
29,73329,-0.04499206691980362,,,
29,73334,-0.016730869188904762,,,
29,73339,-0.033316805958747864,,,
29,73344,-0.026755094528198242,,,
29,73349,-0.03579437732696533,,,
29,73354,-0.03984784334897995,,,
29,73359,-0.040641479194164276,,,
29,73364,-0.02782358229160309,,,
29,73369,-0.06607373803853989,,,
29,73374,-0.0469970703125,,,
29,73379,-0.04134717583656311,,,
29,73384,-0.052377376705408096,,,
29,73389,-0.05286836996674538,,,
29,73394,-0.04374838247895241,,,
29,73399,-0.04457053914666176,,,
29,73404,-0.038799114525318146,,,
29,73409,-0.033585526049137115,,,
29,73414,-0.05165350064635277,,,
29,73419,-0.024495553225278854,,,
29,73424,-0.025900542736053467,,,
29,73429,-0.036949604749679565,,,
29,73434,-0.04284414276480675,,,
29,73439,-0.04001273959875107,,,
29,73444,-0.0408453606069088,,,
29,73449,-0.02160019427537918,,,
29,73454,-0.047042448073625565,,,
29,73459,-0.047419965267181396,,,
29,73464,-0.030734021216630936,,,
29,73469,-0.026797965168952942,,,
29,73474,-0.04132664576172829,,,
29,73479,-0.03431226313114166,,,
29,73484,-0.013559503480792046,,,
29,73489,-0.04463423416018486,,,
29,73494,-0.024460557848215103,,,
29,73499,-0.03623010590672493,,,
29,73504,-0.029603097587823868,,,
29,73509,-0.036640241742134094,,,
29,73514,-0.037699297070503235,,,
29,73519,-0.046178217977285385,,,
29,73524,-0.022134751081466675,,,
29,73529,-0.04610048606991768,,,
29,73534,-0.03278760239481926,,,
29,73539,-0.049878545105457306,,,
29,73544,-0.04027743637561798,,,
29,73549,-0.04884131997823715,,,
29,73554,-0.03683796525001526,,,
29,73559,-0.04546527564525604,,,
29,73564,-0.04314977675676346,,,
29,73569,-0.047632038593292236,,,
29,73574,-0.0353471040725708,,,
29,73579,-0.030301813036203384,,,
29,73584,-0.0531264990568161,,,
29,73589,-0.03452655300498009,,,
29,73594,-0.04786575958132744,,,
29,73599,-0.022117946296930313,,,
29,73604,-0.034471310675144196,,,
29,73609,-0.040080927312374115,,,
29,73614,-0.04248608648777008,,,
29,73619,-0.050929922610521317,,,
29,73624,-0.04094099998474121,,,
29,73629,-0.029422789812088013,,,
29,73634,-0.02277601696550846,,,
29,73639,-0.03888997435569763,,,
29,73644,-0.043245308101177216,,,
29,73649,-0.028093140572309494,,,
29,73654,-0.03901495039463043,,,
29,73659,-0.0221032053232193,,,
29,73664,-0.03401679918169975,,,
29,73669,-0.041598640382289886,,,
29,73674,-0.029905855655670166,,,
29,73679,-0.05080592632293701,,,
29,73684,-0.04553243890404701,,,
29,73689,-0.03374093025922775,,,
29,73694,-0.04251914843916893,,,
29,73699,-0.023710325360298157,,,
29,73704,-0.0464254766702652,,,
29,73709,-0.04416502267122269,,,
29,73714,-0.016077645123004913,,,
29,73719,-0.03976679593324661,,,
29,73724,-0.03400600701570511,,,
29,73729,-0.04997330904006958,,,
29,73734,-0.032934099435806274,,,
29,73739,-0.03139239549636841,,,
29,73744,-0.039111606776714325,,,
29,73749,-0.040954574942588806,,,
29,73754,-0.027459343895316124,,,
29,73759,-0.04449939355254173,,,
29,73764,-0.042359717190265656,,,
29,73769,-0.030302973464131355,,,
29,73774,-0.03509721904993057,,,
29,73779,-0.0367463193833828,,,
29,73784,-0.040213365107774734,,,
29,73789,-0.03653506562113762,,,
29,73794,-0.03362752124667168,,,
29,73799,-0.025705872103571892,,,
29,73804,-0.0342535637319088,,,
29,73809,-0.03838668763637543,,,
29,73814,-0.04709335044026375,,,
29,73819,-0.02046157419681549,,,
29,73824,-0.0448317676782608,,,
29,73829,-0.03179607167840004,,,
29,73834,-0.0350341722369194,,,
29,73839,-0.04196580499410629,,,
29,73844,-0.05191187560558319,,,
29,73849,-0.0376889668405056,,,
29,73854,-0.039119087159633636,,,
29,73859,-0.03708900511264801,,,
29,73864,-0.026405058801174164,,,
29,73869,-0.04332325607538223,,,
29,73874,-0.045120686292648315,,,
29,73879,-0.04483155533671379,,,
29,73884,-0.04787614941596985,,,
29,73889,-0.03787454962730408,,,
29,73894,-0.05210813507437706,,,
29,73899,-0.05762440338730812,,,
29,73904,-0.046343207359313965,,,
29,73909,-0.040484942495822906,,,
29,73914,-0.039628949016332626,,,
29,73919,-0.028692811727523804,,,
29,73924,-0.027661364525556564,,,
29,73929,-0.024210069328546524,,,
29,73934,-0.029155058786273003,,,
29,73939,-0.036025457084178925,,,
29,73944,-0.05549409240484238,,,
29,73949,-0.04853925481438637,,,
29,73954,-0.06298895925283432,,,
29,73959,-0.0346582792699337,,,
29,73964,-0.01170763187110424,,,
29,73969,-0.02619437873363495,,,
29,73974,-0.024674691259860992,,,
29,73979,-0.036903221160173416,,,
29,73984,-0.042306963354349136,,,
29,73989,-0.055175937712192535,,,
29,73994,-0.03388277813792229,,,
29,73999,-0.04152737557888031,,,
29,74004,-0.05253424867987633,,,
29,74009,-0.03705078363418579,,,
29,74014,-0.055583156645298004,,,
29,74019,-0.03540302813053131,,,
29,74024,-0.03485984727740288,,,
29,74029,-0.03834562003612518,,,
29,74034,-0.05009813606739044,,,
29,74039,-0.04552628472447395,,,
29,74044,-0.038530975580215454,,,
29,74049,-0.061008818447589874,,,
29,74054,-0.03136056289076805,,,
29,74059,-0.033242810517549515,,,
29,74064,-0.03726847469806671,,,
29,74069,-0.041480109095573425,,,
29,74074,-0.03533833101391792,,,
29,74079,-0.039562687277793884,,,
29,74084,-0.025281686335802078,,,
29,74089,-0.03144380822777748,,,
29,74094,-0.04052237793803215,,,
29,74099,-0.04406863451004028,,,
29,74104,-0.023992270231246948,,,
29,74109,-0.04156766086816788,,,
29,74114,-0.046076107770204544,,,
29,74119,-0.041737355291843414,,,
29,74124,-0.017189254984259605,,,
29,74129,0.0010040141642093658,,,
29,74134,-0.017887484282255173,,,
29,74139,-0.033078912645578384,,,
29,74144,-0.03602294623851776,,,
29,74149,-0.053944140672683716,,,
29,74154,-0.02409406006336212,,,
29,74159,-0.05122731626033783,,,
29,74164,-0.047682397067546844,,,
29,74169,-0.053499214351177216,,,
29,74174,-0.04633837938308716,,,
29,74179,-0.04009716212749481,,,
29,74184,-0.03364313766360283,,,
29,74189,-0.03152857720851898,,,
29,74194,-0.03379136696457863,,,
29,74199,-0.041745077818632126,,,
29,74204,-0.027653174474835396,,,
29,74209,-0.027540605515241623,,,
29,74214,-0.037247996777296066,,,
29,74219,-0.05448298156261444,,,
29,74224,-0.0406845398247242,,,
29,74229,-0.0372578427195549,,,
29,74234,-0.033921461552381516,,,
29,74239,-0.044817809015512466,,,
29,74244,-0.0320819616317749,,,
29,74249,-0.04459341615438461,,,
29,74254,-0.030260339379310608,,,
29,74259,-0.029776912182569504,,,
29,74264,-0.03776657581329346,,,
29,74269,-0.025296177715063095,,,
29,74274,-0.03428996354341507,,,
29,74279,-0.03951403126120567,,,
29,74284,-0.047240279614925385,,,
29,74289,-0.04258447512984276,,,
29,74294,-0.033222559839487076,,,
29,74299,-0.03735542669892311,,,
29,74304,-0.049887850880622864,,,
29,74309,-0.03529791533946991,,,
29,74314,-0.011712344363331795,,,
29,74319,-0.029965195804834366,,,
29,74324,-0.02047780528664589,,,
29,74329,-0.016163695603609085,,,
29,74334,-0.04453607648611069,,,
29,74339,-0.05293821543455124,,,
29,74344,-0.02881358377635479,,,
29,74349,-0.02350909449160099,,,
29,74354,-0.04058519005775452,,,
29,74359,-0.042026035487651825,,,
29,74364,-0.06125560775399208,,,
29,74369,-0.02236338146030903,,,
29,74374,-0.025048870593309402,,,
29,74379,-0.048153553158044815,,,
29,74384,-0.03206926956772804,,,
29,74389,-0.058550745248794556,,,
29,74394,-0.036314938217401505,,,
29,74399,-0.041680797934532166,,,
29,74404,-0.0524287223815918,,,
29,74409,-0.041691601276397705,,,
29,74414,-0.038152482360601425,,,
29,74419,-0.03488568961620331,,,
29,74424,-0.03685053437948227,,,
29,74429,-0.05850903317332268,,,
29,74434,-0.045213732868433,,,
29,74439,-0.03660066798329353,,,
29,74444,-0.04982994124293327,,,
29,74449,-0.04389148950576782,,,
29,74454,-0.043476205319166183,,,
29,74459,-0.04478612542152405,,,
29,74464,-0.04129733145236969,,,
29,74469,-0.01725716143846512,,,
29,74474,-0.045783691108226776,,,
29,74479,-0.03586003929376602,,,
29,74484,-0.028348227962851524,,,
29,74489,-0.03704226762056351,,,
29,74494,-0.03429248556494713,,,
29,74499,-0.03552369028329849,,,
29,74504,-0.03539106249809265,,,
29,74509,-0.03476663678884506,,,
29,74514,-0.03717736899852753,,,
29,74519,-0.03970258682966232,,,
29,74524,-0.03701396286487579,,,
29,74529,-0.04645894467830658,,,
29,74534,-0.051209308207035065,,,
29,74539,-0.011594193056225777,,,
29,74544,-0.04197964817285538,,,
29,74549,-0.0438862144947052,,,
29,74554,-0.04657852649688721,,,
29,74559,-0.05013381689786911,,,
29,74564,-0.031098337844014168,,,
29,74569,-0.010491671971976757,,,
29,74574,-0.04038073495030403,,,
29,74579,-0.047678425908088684,,,
29,74584,-0.04099775478243828,,,
29,74589,-0.03812819719314575,,,
29,74594,-0.05249691754579544,,,
29,74599,-0.0357237234711647,,,
29,74604,-0.025598853826522827,,,
29,74609,-0.04886747896671295,,,
29,74614,-0.04504333436489105,,,
29,74619,-0.04294274002313614,,,
29,74624,-0.041483424603939056,,,
29,74629,-0.011759325861930847,,,
29,74634,-0.04306665062904358,,,
29,74639,-0.042521171271800995,,,
29,74644,-0.033392615616321564,,,
29,74649,-0.040044914931058884,,,
29,74654,-0.04838161915540695,,,
29,74659,-0.044586021453142166,,,
29,74664,-0.04044952243566513,,,
29,74669,-0.04165487363934517,,,
29,74674,-0.03499619662761688,,,
29,74679,-0.014677731320261955,,,
29,74684,-0.050281330943107605,,,
29,74689,-0.03715818375349045,,,
29,74694,-0.03709207847714424,,,
29,74699,-0.012439141981303692,,,
29,74704,-0.04351918771862984,,,
29,74709,-0.0492585264146328,,,
29,74714,-0.048707470297813416,,,
29,74719,-0.023611130192875862,,,
29,74724,-0.04228486120700836,,,
29,74729,-0.04586829990148544,,,
29,74734,-0.06427288800477982,,,
29,74739,-0.03540152683854103,,,
29,74744,-0.024505266919732094,,,
29,74749,-0.040845807641744614,,,
29,74754,0.010131929069757462,,,
29,74759,-0.03854605555534363,,,
29,74764,-0.03514795005321503,,,
29,74769,-0.040773116052150726,,,
29,74774,-0.05103994905948639,,,
29,74779,-0.03138560801744461,,,
29,74784,-0.039919834583997726,,,
29,74789,-0.05211170017719269,,,
29,74794,-0.0432509109377861,,,
29,74799,-0.02668134868144989,,,
29,74804,-0.04649950936436653,,,
29,74809,-0.026619527488946915,,,
29,74814,-0.02805878221988678,,,
29,74819,-0.03538500517606735,,,
29,74824,-0.04950271546840668,,,
29,74829,-0.041561923921108246,,,
29,74834,-0.04390965402126312,,,
29,74839,-0.04545703902840614,,,
29,74844,-0.028643086552619934,,,
29,74849,-0.04948720335960388,,,
29,74854,-0.04135926812887192,,,
29,74859,-0.04541666805744171,,,
29,74864,-0.04262334108352661,,,
29,74869,-0.033559124916791916,,,
29,74874,-0.034405581653118134,,,
29,74879,-0.030151033774018288,,,
29,74884,-0.034234873950481415,,,
29,74889,-0.0362229123711586,,,
29,74894,-0.03167790547013283,,,
29,74899,-0.016229359433054924,,,
29,74904,-0.03122074156999588,,,
29,74909,-0.04528569430112839,,,
29,74914,-0.05054149404168129,,,
29,74919,-0.04369503632187843,,,
29,74924,-0.045772187411785126,,,
29,74929,-0.04641057923436165,,,
29,74934,-0.05769205838441849,,,
29,74939,-0.04423826187849045,,,
29,74944,-0.04815174639225006,,,
29,74949,-0.042746637016534805,,,
29,74954,-0.035439375787973404,,,
29,74959,-0.03661087155342102,,,
29,74964,-0.04239918291568756,,,
29,74969,-0.025223759934306145,,,
29,74974,-0.01902598887681961,,,
29,74979,-0.03641701489686966,,,
29,74984,-0.02564232051372528,,,
29,74989,-0.046616263687610626,,,
29,74994,-0.03475552797317505,,,
29,74999,-0.039016515016555786,,,
29,74999,,-0.027581505477428436,0.288100004196167,0.5804308652877808
30,75004,-0.04507538676261902,,,
30,75009,-0.042823635041713715,,,
30,75014,-0.03493354469537735,,,
30,75019,-0.04060269892215729,,,
30,75024,-0.04267645254731178,,,
30,75029,-0.029160570353269577,,,
30,75034,-0.034889817237854004,,,
30,75039,-0.04489074647426605,,,
30,75044,-0.02651304006576538,,,
30,75049,-0.04729108512401581,,,
30,75054,-0.03264239430427551,,,
30,75059,-0.023201834410429,,,
30,75064,-0.03054705820977688,,,
30,75069,-0.03830622881650925,,,
30,75074,-0.03914568945765495,,,
30,75079,-0.0498092845082283,,,
30,75084,-0.022220704704523087,,,
30,75089,-0.04690388962626457,,,
30,75094,-0.0511634387075901,,,
30,75099,-0.04162662476301193,,,
30,75104,-0.02745717391371727,,,
30,75109,-0.04042569175362587,,,
30,75114,-0.017518118023872375,,,
30,75119,-0.04301697760820389,,,
30,75124,-0.029539531096816063,,,
30,75129,-0.04971960186958313,,,
30,75134,-0.04229746758937836,,,
30,75139,-0.03328222781419754,,,
30,75144,-0.0225535836070776,,,
30,75149,-0.03954702615737915,,,
30,75154,-0.03863752633333206,,,
30,75159,-0.04439956322312355,,,
30,75164,-0.03909635171294212,,,
30,75169,-0.04674776643514633,,,
30,75174,-0.024498481303453445,,,
30,75179,-0.036273181438446045,,,
30,75184,-0.04128531739115715,,,
30,75189,-0.030526265501976013,,,
30,75194,-0.04074659198522568,,,
30,75199,-0.04927430301904678,,,
30,75204,-0.051297351717948914,,,
30,75209,-0.04957524687051773,,,
30,75214,-0.0325029119849205,,,
30,75219,-0.03789098933339119,,,
30,75224,-0.03245735540986061,,,
30,75229,-0.0342726893723011,,,
30,75234,-0.04245388135313988,,,
30,75239,-0.05039500445127487,,,
30,75244,-0.03446910157799721,,,
30,75249,-0.04928016662597656,,,
30,75254,-0.0442981943488121,,,
30,75259,-0.03832726180553436,,,
30,75264,-0.04726555198431015,,,
30,75269,-0.041260283440351486,,,
30,75274,-0.04231895133852959,,,
30,75279,-0.028915178030729294,,,
30,75284,-0.029394423589110374,,,
30,75289,-0.02893546037375927,,,
30,75294,-0.04580635204911232,,,
30,75299,-0.038954153656959534,,,
30,75304,-0.04658011347055435,,,
30,75309,-0.049729861319065094,,,
30,75314,-0.026113010942935944,,,
30,75319,-0.0429970808327198,,,
30,75324,-0.051199086010456085,,,
30,75329,-0.05021963268518448,,,
30,75334,2.1941959857940674e-06,,,
30,75339,-0.04777960479259491,,,
30,75344,-0.04569373279809952,,,
30,75349,-0.027425669133663177,,,
30,75354,-0.029355481266975403,,,
30,75359,-0.03039199486374855,,,
30,75364,-0.026899706572294235,,,
30,75369,-0.03428984060883522,,,
30,75374,-0.02151259034872055,,,
30,75379,-0.039069924503564835,,,
30,75384,-0.03251905366778374,,,
30,75389,-0.03768128156661987,,,
30,75394,-0.05084013193845749,,,
30,75399,-0.03469226136803627,,,
30,75404,-0.011661218479275703,,,
30,75409,-0.05513111129403114,,,
30,75414,-0.04397283494472504,,,
30,75419,-0.03972553461790085,,,
30,75424,-0.03484358638525009,,,
30,75429,-0.016554154455661774,,,
30,75434,-0.03249557316303253,,,
30,75439,-0.04257938265800476,,,
30,75444,-0.04363945871591568,,,
30,75449,-0.04070136696100235,,,
30,75454,-0.045802608132362366,,,
30,75459,-0.025558389723300934,,,
30,75464,-0.00185332540422678,,,
30,75469,-0.05982207506895065,,,
30,75474,-0.03457784652709961,,,
30,75479,-0.03619204834103584,,,
30,75484,-0.04523277282714844,,,
30,75489,-0.034348659217357635,,,
30,75494,-0.0419575497508049,,,
30,75499,-0.046544939279556274,,,
30,75504,-0.04154521971940994,,,
30,75509,-0.041436370462179184,,,
30,75514,-0.03886157274246216,,,
30,75519,-0.03461461514234543,,,
30,75524,-0.02472696639597416,,,
30,75529,-0.046451635658741,,,
30,75534,-0.03821446746587753,,,
30,75539,-0.032627835869789124,,,
30,75544,-0.04708300158381462,,,
30,75549,-0.04385301470756531,,,
30,75554,-0.03210149332880974,,,
30,75559,-0.029115453362464905,,,
30,75564,-0.04863933473825455,,,
30,75569,-0.037169601768255234,,,
30,75574,-0.03630815073847771,,,
30,75579,-0.04476591944694519,,,
30,75584,-0.041737332940101624,,,
30,75589,-0.038200583308935165,,,
30,75594,-0.034356556832790375,,,
30,75599,-0.051466844975948334,,,
30,75604,-0.02778945118188858,,,
30,75609,-0.04683094471693039,,,
30,75614,-0.03781938552856445,,,
30,75619,-0.035183534026145935,,,
30,75624,-0.04133918881416321,,,
30,75629,-0.034950487315654755,,,
30,75634,-0.04126843810081482,,,
30,75639,-0.03307802230119705,,,
30,75644,-0.02921289950609207,,,
30,75649,-0.04547308385372162,,,
30,75654,-0.03777315467596054,,,
30,75659,-0.026448532938957214,,,
30,75664,-0.04025007411837578,,,
30,75669,-0.009155734442174435,,,
30,75674,-0.04777270928025246,,,
30,75679,-0.021512767300009727,,,
30,75684,-0.04376900941133499,,,
30,75689,-0.03290306404232979,,,
30,75694,-0.030862364917993546,,,
30,75699,-0.06030484288930893,,,
30,75704,-0.031414806842803955,,,
30,75709,-0.03267597407102585,,,
30,75714,-0.04098006710410118,,,
30,75719,-0.03519754111766815,,,
30,75724,-0.031925905495882034,,,
30,75729,-0.019903969019651413,,,
30,75734,-0.04336196929216385,,,
30,75739,-0.03903632611036301,,,
30,75744,-0.03276471421122551,,,
30,75749,-0.011764026246964931,,,
30,75754,-0.024205323308706284,,,
30,75759,-0.03312040492892265,,,
30,75764,-0.02539929188787937,,,
30,75769,-0.010186342522501945,,,
30,75774,-0.037828151136636734,,,
30,75779,-0.029864098876714706,,,
30,75784,-0.04073468595743179,,,
30,75789,-0.05122009664773941,,,
30,75794,-0.04089958965778351,,,
30,75799,-0.04430142045021057,,,
30,75804,-0.04485159367322922,,,
30,75809,-0.019776444882154465,,,
30,75814,-0.038048505783081055,,,
30,75819,-0.05033445358276367,,,
30,75824,-0.02599957585334778,,,
30,75829,-0.046930860728025436,,,
30,75834,-0.04913563281297684,,,
30,75839,-0.05367641896009445,,,
30,75844,-0.037769824266433716,,,
30,75849,-0.03233946114778519,,,
30,75854,0.0008396487683057785,,,
30,75859,-0.009631847962737083,,,
30,75864,-0.02234506607055664,,,
30,75869,-0.015173778869211674,,,
30,75874,-0.03871326148509979,,,
30,75879,-0.03227462247014046,,,
30,75884,-0.03263555094599724,,,
30,75889,-0.03707403689622879,,,
30,75894,-0.03089340403676033,,,
30,75899,-0.039233915507793427,,,
30,75904,-0.034325793385505676,,,
30,75909,-0.02526342310011387,,,
30,75914,-0.0154801607131958,,,
30,75919,-0.0501534640789032,,,
30,75924,-0.022596487775444984,,,
30,75929,-0.02020435966551304,,,
30,75934,-0.03071226179599762,,,
30,75939,-0.033460814505815506,,,
30,75944,-0.0512160062789917,,,
30,75949,-0.04604644328355789,,,
30,75954,-0.037591323256492615,,,
30,75959,-0.033572934567928314,,,
30,75964,-0.04309984669089317,,,
30,75969,-0.02629486471414566,,,
30,75974,-0.04288160428404808,,,
30,75979,-0.03776358813047409,,,
30,75984,-0.05009928345680237,,,
30,75989,-0.036070581525564194,,,
30,75994,-0.04983428120613098,,,
30,75999,-0.0423889234662056,,,
30,76004,-0.03396955877542496,,,
30,76009,-0.031214142218232155,,,
30,76014,-0.04651651531457901,,,
30,76019,-0.020346201956272125,,,
30,76024,-0.008233149535953999,,,
30,76029,-0.040537118911743164,,,
30,76034,-0.02206248976290226,,,
30,76039,-0.03953874111175537,,,
30,76044,-0.028482571244239807,,,
30,76049,-0.040372226387262344,,,
30,76054,-0.03270189091563225,,,
30,76059,-0.06373175978660583,,,
30,76064,-0.04663527384400368,,,
30,76069,-0.03039545938372612,,,
30,76074,-0.05540060997009277,,,
30,76079,-0.02259451523423195,,,
30,76084,-0.01451965980231762,,,
30,76089,-0.031462084501981735,,,
30,76094,-0.04017471522092819,,,
30,76099,-0.024376556277275085,,,
30,76104,-0.04794302582740784,,,
30,76109,-0.04632314294576645,,,
30,76114,-0.03772548586130142,,,
30,76119,-0.04586193710565567,,,
30,76124,-0.04871349781751633,,,
30,76129,-0.017525313422083855,,,
30,76134,-0.044491492211818695,,,
30,76139,-0.032244931906461716,,,
30,76144,-0.06588466465473175,,,
30,76149,-0.0318104550242424,,,
30,76154,-0.03769460320472717,,,
30,76159,-0.030957834795117378,,,
30,76164,-0.04261403903365135,,,
30,76169,-0.0390196368098259,,,
30,76174,-0.04699671268463135,,,
30,76179,-0.04703126102685928,,,
30,76184,-0.031071849167346954,,,
30,76189,-0.030529439449310303,,,
30,76194,-0.02858954668045044,,,
30,76199,-0.046545401215553284,,,
30,76204,-0.029354773461818695,,,
30,76209,-0.03926796093583107,,,
30,76214,-0.05094365403056145,,,
30,76219,-0.03275267779827118,,,
30,76224,-0.05536279082298279,,,
30,76229,-0.03573589026927948,,,
30,76234,-0.045447301119565964,,,
30,76239,-0.03995600342750549,,,
30,76244,-0.03402775526046753,,,
30,76249,-0.04549137130379677,,,
30,76254,-0.03214697539806366,,,
30,76259,-0.023486152291297913,,,
30,76264,-0.04362553358078003,,,
30,76269,-0.024633295834064484,,,
30,76274,-0.040995217859745026,,,
30,76279,-0.02863530069589615,,,
30,76284,-0.034698329865932465,,,
30,76289,-0.0400054045021534,,,
30,76294,-0.009191193617880344,,,
30,76299,-0.03344249352812767,,,
30,76304,-0.04882287234067917,,,
30,76309,-0.04641638696193695,,,
30,76314,-0.0319291427731514,,,
30,76319,-0.038545697927474976,,,
30,76324,-0.03705762326717377,,,
30,76329,-0.0414884015917778,,,
30,76334,-0.033179543912410736,,,
30,76339,-0.03340324014425278,,,
30,76344,-0.025475263595581055,,,
30,76349,-0.04873236268758774,,,
30,76354,-0.02047463320195675,,,
30,76359,-0.03957914933562279,,,
30,76364,-0.04303175210952759,,,
30,76369,-0.043082889169454575,,,
30,76374,-0.05078340321779251,,,
30,76379,-0.0454910546541214,,,
30,76384,-0.04063466191291809,,,
30,76389,-0.04423614218831062,,,
30,76394,-0.03959014266729355,,,
30,76399,-0.028254205361008644,,,
30,76404,-0.03566668927669525,,,
30,76409,-0.03208247944712639,,,
30,76414,-0.05158436670899391,,,
30,76419,-0.05193445086479187,,,
30,76424,-0.0523596815764904,,,
30,76429,-0.024233177304267883,,,
30,76434,-0.03617682307958603,,,
30,76439,-0.049100324511528015,,,
30,76444,-0.03992077708244324,,,
30,76449,-0.052543360739946365,,,
30,76454,-0.015293600037693977,,,
30,76459,-0.048772238194942474,,,
30,76464,-0.04076539725065231,,,
30,76469,-0.03842543438076973,,,
30,76474,-0.030442893505096436,,,
30,76479,-0.034560516476631165,,,
30,76484,-0.036601483821868896,,,
30,76489,-0.03077837824821472,,,
30,76494,-0.044294971972703934,,,
30,76499,-0.036509182304143906,,,
30,76504,-0.0409792959690094,,,
30,76509,-0.01806185208261013,,,
30,76514,-0.019452538341283798,,,
30,76519,-0.04020804911851883,,,
30,76524,-0.04672138765454292,,,
30,76529,-0.05659589171409607,,,
30,76534,-0.06140492856502533,,,
30,76539,-0.030899865552783012,,,
30,76544,-0.03514479845762253,,,
30,76549,-0.023832008242607117,,,
30,76554,-0.026071500033140182,,,
30,76559,-0.027592739090323448,,,
30,76564,-0.041114985942840576,,,
30,76569,-0.029412295669317245,,,
30,76574,-0.035232722759246826,,,
30,76579,-0.034405022859573364,,,
30,76584,-0.051354363560676575,,,
30,76589,-0.03505103662610054,,,
30,76594,-0.019569268450140953,,,
30,76599,-0.04048869386315346,,,
30,76604,-0.042907699942588806,,,
30,76609,-0.02715677209198475,,,
30,76614,-0.03205925226211548,,,
30,76619,-0.022629275918006897,,,
30,76624,-0.052481576800346375,,,
30,76629,-0.039543453603982925,,,
30,76634,-0.05208069086074829,,,
30,76639,-0.04075648635625839,,,
30,76644,-0.03222627565264702,,,
30,76649,-0.04333321005105972,,,
30,76654,-0.03959307447075844,,,
30,76659,-0.04004634916782379,,,
30,76664,-0.037412285804748535,,,
30,76669,-0.05111292749643326,,,
30,76674,-0.04135680943727493,,,
30,76679,-0.03881685063242912,,,
30,76684,-0.051798559725284576,,,
30,76689,-0.03795446828007698,,,
30,76694,-0.049373600631952286,,,
30,76699,-0.022509494796395302,,,
30,76704,-0.055020883679389954,,,
30,76709,-0.03362775221467018,,,
30,76714,-0.0377381294965744,,,
30,76719,-0.03587304428219795,,,
30,76724,-0.03151468187570572,,,
30,76729,-0.0024971230886876583,,,
30,76734,-0.04462013021111488,,,
30,76739,-0.04826534166932106,,,
30,76744,-0.05535881966352463,,,
30,76749,-0.03407344967126846,,,
30,76754,-0.03881865739822388,,,
30,76759,-0.0423363521695137,,,
30,76764,-0.04902128875255585,,,
30,76769,-0.05735720694065094,,,
30,76774,-0.03853612393140793,,,
30,76779,-0.04634540155529976,,,
30,76784,-0.033060118556022644,,,
30,76789,-0.0412062369287014,,,
30,76794,-0.026013769209384918,,,
30,76799,-0.035171691328287125,,,
30,76804,-0.0404362827539444,,,
30,76809,-0.036944933235645294,,,
30,76814,-0.037342458963394165,,,
30,76819,-0.043913260102272034,,,
30,76824,-0.03467528894543648,,,
30,76829,-0.02437485009431839,,,
30,76834,-0.03507554158568382,,,
30,76839,-0.02192404679954052,,,
30,76844,-0.0507754385471344,,,
30,76849,-0.024830784648656845,,,
30,76854,-0.04596264287829399,,,
30,76859,-0.026586029678583145,,,
30,76864,-0.026135854423046112,,,
30,76869,-0.03684258833527565,,,
30,76874,-0.024967718869447708,,,
30,76879,0.0030323509126901627,,,
30,76884,-0.03481696918606758,,,
30,76889,-0.03875340521335602,,,
30,76894,-0.06025831401348114,,,
30,76899,-0.04408092051744461,,,
30,76904,-0.04066617414355278,,,
30,76909,-0.05143523961305618,,,
30,76914,-0.040510039776563644,,,
30,76919,-0.027954082936048508,,,
30,76924,-0.025847211480140686,,,
30,76929,-0.021476058289408684,,,
30,76934,-0.030047932639718056,,,
30,76939,-0.05722421407699585,,,
30,76944,-0.03279075026512146,,,
30,76949,-0.057674214243888855,,,
30,76954,-0.024729622527956963,,,
30,76959,-0.023037489503622055,,,
30,76964,-0.03289920091629028,,,
30,76969,-0.046319253742694855,,,
30,76974,-0.033138491213321686,,,
30,76979,-0.030571894720196724,,,
30,76984,-0.03986871615052223,,,
30,76989,-0.061985842883586884,,,
30,76994,-0.04501267522573471,,,
30,76999,-0.040051501244306564,,,
30,77004,-0.04283365234732628,,,
30,77009,-0.03734854608774185,,,
30,77014,-0.038167402148246765,,,
30,77019,-0.04821363091468811,,,
30,77024,-0.03793744742870331,,,
30,77029,-0.03322351723909378,,,
30,77034,-0.04357045143842697,,,
30,77039,-0.04252826049923897,,,
30,77044,-0.017965739592909813,,,
30,77049,-0.03314876928925514,,,
30,77054,-0.055441029369831085,,,
30,77059,-0.034177668392658234,,,
30,77064,-0.05251900851726532,,,
30,77069,-0.03264719247817993,,,
30,77074,-0.03304893895983696,,,
30,77079,-0.02893979847431183,,,
30,77084,-0.01750202849507332,,,
30,77089,-0.0365709587931633,,,
30,77094,-0.038376584649086,,,
30,77099,-0.04350604861974716,,,
30,77104,-0.04290345311164856,,,
30,77109,-0.03382512554526329,,,
30,77114,-0.051185548305511475,,,
30,77119,-0.05510135367512703,,,
30,77124,-0.05484038591384888,,,
30,77129,-0.053973741829395294,,,
30,77134,-0.04436716437339783,,,
30,77139,-0.02635999210178852,,,
30,77144,-0.033661242574453354,,,
30,77149,-0.040414050221443176,,,
30,77154,-0.025380969047546387,,,
30,77159,-0.03441454842686653,,,
30,77164,-0.03910136595368385,,,
30,77169,-0.03246483951807022,,,
30,77174,-0.03570321574807167,,,
30,77179,-0.03946635127067566,,,
30,77184,-0.04252847656607628,,,
30,77189,-0.023307638242840767,,,
30,77194,-0.04541859030723572,,,
30,77199,-0.035022906959056854,,,
30,77204,-0.03998076915740967,,,
30,77209,-0.034434299916028976,,,
30,77214,-0.04257296398282051,,,
30,77219,-0.050548892468214035,,,
30,77224,-0.013299105688929558,,,
30,77229,-0.0300732608884573,,,
30,77234,-0.028767626732587814,,,
30,77239,-0.03724866360425949,,,
30,77244,-0.03277526795864105,,,
30,77249,-0.03889027237892151,,,
30,77254,-0.03492691367864609,,,
30,77259,-0.035207413136959076,,,
30,77264,-0.043450891971588135,,,
30,77269,-0.021781623363494873,,,
30,77274,-0.0496976375579834,,,
30,77279,-0.04709632322192192,,,
30,77284,-0.034098394215106964,,,
30,77289,-0.04228806495666504,,,
30,77294,-0.02862134948372841,,,
30,77299,-0.048780374228954315,,,
30,77304,-0.02286207117140293,,,
30,77309,-0.037864141166210175,,,
30,77314,-0.029207119718194008,,,
30,77319,-0.040515050292015076,,,
30,77324,-0.04233347252011299,,,
30,77329,-0.04392624646425247,,,
30,77334,-0.014001981355249882,,,
30,77339,-0.04087216407060623,,,
30,77344,-0.04443477839231491,,,
30,77349,-0.03172978013753891,,,
30,77354,-0.03443113714456558,,,
30,77359,-0.03849830478429794,,,
30,77364,-0.04272295534610748,,,
30,77369,-0.05508502572774887,,,
30,77374,-0.052440594881772995,,,
30,77379,-0.04543987289071083,,,
30,77384,-0.02546883001923561,,,
30,77389,-0.05137556046247482,,,
30,77394,-0.04733508080244064,,,
30,77399,-0.03230571374297142,,,
30,77404,-0.04033978283405304,,,
30,77409,-0.053218353539705276,,,
30,77414,-0.05060913413763046,,,
30,77419,-0.04277333617210388,,,
30,77424,-0.03901730105280876,,,
30,77429,-0.021216461434960365,,,
30,77434,-0.025368861854076385,,,
30,77439,-0.037078797817230225,,,
30,77444,-0.05025540292263031,,,
30,77449,-0.05317603796720505,,,
30,77454,-0.04465498775243759,,,
30,77459,-0.03697821497917175,,,
30,77464,-0.051235269755125046,,,
30,77469,-0.028255220502614975,,,
30,77474,-0.010909132659435272,,,
30,77479,-0.03433699905872345,,,
30,77484,-0.0647427886724472,,,
30,77489,-0.03880959749221802,,,
30,77494,-0.04323159158229828,,,
30,77499,-0.0414021797478199,,,
30,77499,,-0.029401611536741257,0.29350000619888306,0.5952310562133789
31,77504,-0.06338652223348618,,,
31,77509,-0.0453258715569973,,,
31,77514,-0.054518792778253555,,,
31,77519,-0.04174239933490753,,,
31,77524,-0.03702131658792496,,,
31,77529,-0.03889026492834091,,,
31,77534,-0.015482097864151001,,,
31,77539,-0.02024851366877556,,,
31,77544,-0.04325415939092636,,,
31,77549,-0.029112571850419044,,,
31,77554,-0.04069893807172775,,,
31,77559,-0.025532947853207588,,,
31,77564,-0.040528710931539536,,,
31,77569,-0.028522107750177383,,,
31,77574,-0.03313023969531059,,,
31,77579,-0.023306190967559814,,,
31,77584,-0.043136708438396454,,,
31,77589,-0.0321185365319252,,,
31,77594,-0.043711304664611816,,,
31,77599,-0.02682008594274521,,,
31,77604,-0.02221863344311714,,,
31,77609,-0.018846984952688217,,,
31,77614,-0.042856112122535706,,,
31,77619,-0.029997192323207855,,,
31,77624,-0.04170510917901993,,,
31,77629,-0.04441012814640999,,,
31,77634,-0.02978573553264141,,,
31,77639,-0.03970438614487648,,,
31,77644,-0.037788670510053635,,,
31,77649,-0.03527071699500084,,,
31,77654,-0.03741852194070816,,,
31,77659,-0.03376946225762367,,,
31,77664,0.022144928574562073,,,
31,77669,-0.02367822453379631,,,
31,77674,-0.03985702618956566,,,
31,77679,-0.027872655540704727,,,
31,77684,-0.03628416359424591,,,
31,77689,-0.035964831709861755,,,
31,77694,-0.0299057774245739,,,
31,77699,-0.0459284707903862,,,
31,77704,-0.027379192411899567,,,
31,77709,-0.039896488189697266,,,
31,77714,-0.049811575561761856,,,
31,77719,-0.05566701292991638,,,
31,77724,-0.02250884287059307,,,
31,77729,-0.020051758736371994,,,
31,77734,-0.022120213136076927,,,
31,77739,-0.03346344083547592,,,
31,77744,-0.03713933378458023,,,
31,77749,-0.005567656829953194,,,
31,77754,-0.028402144089341164,,,
31,77759,-0.03925623744726181,,,
31,77764,-0.03805302083492279,,,
31,77769,-0.03016267716884613,,,
31,77774,0.011287126690149307,,,
31,77779,-0.05142132565379143,,,
31,77784,-0.041542429476976395,,,
31,77789,-0.029905419796705246,,,
31,77794,-0.041401755064725876,,,
31,77799,-0.03184014931321144,,,
31,77804,-0.03380817547440529,,,
31,77809,-0.026433750987052917,,,
31,77814,-0.040830276906490326,,,
31,77819,-0.045879609882831573,,,
31,77824,-0.030888399109244347,,,
31,77829,-0.0316690132021904,,,
31,77834,-0.05052134394645691,,,
31,77839,-0.027568954974412918,,,
31,77844,-0.044392798095941544,,,
31,77849,-0.03198467567563057,,,
31,77854,-0.04555340111255646,,,
31,77859,-0.037625670433044434,,,
31,77864,-0.03991119563579559,,,
31,77869,-0.02210448682308197,,,
31,77874,-0.04424650967121124,,,
31,77879,-0.03463854268193245,,,
31,77884,-0.047130294144153595,,,
31,77889,-0.0470828115940094,,,
31,77894,-0.045641880482435226,,,
31,77899,-0.03222079947590828,,,
31,77904,-0.04139632731676102,,,
31,77909,-0.017627205699682236,,,
31,77914,-0.034886013716459274,,,
31,77919,-0.04192569851875305,,,
31,77924,-0.04344452917575836,,,
31,77929,0.00732240779325366,,,
31,77934,-0.05132462829351425,,,
31,77939,-0.03898514807224274,,,
31,77944,-0.036331258714199066,,,
31,77949,-0.024819057434797287,,,
31,77954,-0.03840724378824234,,,
31,77959,-0.054198745638132095,,,
31,77964,-0.042008176445961,,,
31,77969,-0.039752766489982605,,,
31,77974,-0.02469053491950035,,,
31,77979,-0.02582268789410591,,,
31,77984,-0.03187837824225426,,,
31,77989,-0.02081211470067501,,,
31,77994,-0.03189926967024803,,,
31,77999,-0.05222955346107483,,,
31,78004,-0.02946953848004341,,,
31,78009,-0.0343618243932724,,,
31,78014,-0.0303595382720232,,,
31,78019,-0.022059502080082893,,,
31,78024,-0.04014506936073303,,,
31,78029,-0.04819842800498009,,,
31,78034,-0.030073629692196846,,,
31,78039,-0.03949897736310959,,,
31,78044,-0.039681144058704376,,,
31,78049,-0.03925871476531029,,,
31,78054,-0.04700363427400589,,,
31,78059,-0.040629997849464417,,,
31,78064,-0.03499998524785042,,,
31,78069,-0.033570967614650726,,,
31,78074,-0.025013748556375504,,,
31,78079,-0.026390036568045616,,,
31,78084,-0.044182196259498596,,,
31,78089,-0.049752090126276016,,,
31,78094,-0.03081320971250534,,,
31,78099,-0.027556493878364563,,,
31,78104,-0.02114970050752163,,,
31,78109,-0.048788078129291534,,,
31,78114,-0.03863322362303734,,,
31,78119,-0.033434607088565826,,,
31,78124,-0.03435102105140686,,,
31,78129,-0.028461530804634094,,,
31,78134,-0.021714087575674057,,,
31,78139,-0.03554195165634155,,,
31,78144,-0.03098904900252819,,,
31,78149,-0.038263700902462006,,,
31,78154,-0.03169650956988335,,,
31,78159,-0.041004396975040436,,,
31,78164,-0.039882026612758636,,,
31,78169,-0.022066939622163773,,,
31,78174,-0.026372302323579788,,,
31,78179,-0.05474856495857239,,,
31,78184,-0.033033594489097595,,,
31,78189,-0.028485950082540512,,,
31,78194,-0.022860504686832428,,,
31,78199,-0.03849457949399948,,,
31,78204,-0.029439931735396385,,,
31,78209,-0.006966270972043276,,,
31,78214,-0.040071211755275726,,,
31,78219,-0.061643652617931366,,,
31,78224,-0.03216175734996796,,,
31,78229,-0.02621447667479515,,,
31,78234,-0.02647312358021736,,,
31,78239,-0.02515885978937149,,,
31,78244,-0.04617079347372055,,,
31,78249,-0.034426212310791016,,,
31,78254,-0.0470847561955452,,,
31,78259,-0.036378420889377594,,,
31,78264,-0.019901759922504425,,,
31,78269,-0.03587295860052109,,,
31,78274,-0.045790575444698334,,,
31,78279,-0.042150016874074936,,,
31,78284,-0.038474611937999725,,,
31,78289,-0.03953485190868378,,,
31,78294,-0.02904224395751953,,,
31,78299,-0.026016321033239365,,,
31,78304,-0.04688240587711334,,,
31,78309,-0.04018419235944748,,,
31,78314,-0.030285125598311424,,,
31,78319,-0.04466228187084198,,,
31,78324,-0.03257760405540466,,,
31,78329,-0.0361289456486702,,,
31,78334,-0.04779105633497238,,,
31,78339,-0.06109922379255295,,,
31,78344,-0.028880827128887177,,,
31,78349,-0.0365828238427639,,,
31,78354,-0.02016480267047882,,,
31,78359,-0.03433239832520485,,,
31,78364,-0.04846194013953209,,,
31,78369,-0.03833121433854103,,,
31,78374,-0.05258132144808769,,,
31,78379,-0.04052014648914337,,,
31,78384,-0.03712902218103409,,,
31,78389,-0.0442182719707489,,,
31,78394,-0.028640279546380043,,,
31,78399,-0.019918546080589294,,,
31,78404,-0.025360653176903725,,,
31,78409,-0.03567853569984436,,,
31,78414,-0.04473064839839935,,,
31,78419,-0.05011371523141861,,,
31,78424,-0.03753802552819252,,,
31,78429,-0.038847263902425766,,,
31,78434,-0.005584866274148226,,,
31,78439,-0.03258137404918671,,,
31,78444,-0.04538092389702797,,,
31,78449,-0.03776681423187256,,,
31,78454,-0.05032224953174591,,,
31,78459,-0.024304423481225967,,,
31,78464,-0.020403381437063217,,,
31,78469,-0.03463774919509888,,,
31,78474,-0.03079035133123398,,,
31,78479,-0.027616458013653755,,,
31,78484,-0.00844830833375454,,,
31,78489,-0.04035698622465134,,,
31,78494,-0.02849584072828293,,,
31,78499,-0.040102921426296234,,,
31,78504,-0.047744542360305786,,,
31,78509,-0.04006422311067581,,,
31,78514,-0.03906840831041336,,,
31,78519,-0.05013316869735718,,,
31,78524,-0.026154853403568268,,,
31,78529,-0.031086038798093796,,,
31,78534,-0.036546893417835236,,,
31,78539,-0.04197477176785469,,,
31,78544,-0.03755662590265274,,,
31,78549,-0.05774388089776039,,,
31,78554,-0.03668639063835144,,,
31,78559,-0.038580719381570816,,,
31,78564,-0.030884435400366783,,,
31,78569,-0.043249353766441345,,,
31,78574,-0.03810477629303932,,,
31,78579,-0.0589461587369442,,,
31,78584,-0.02823791280388832,,,
31,78589,-0.05199325457215309,,,
31,78594,-0.0457872673869133,,,
31,78599,-0.04347977787256241,,,
31,78604,-0.018977642059326172,,,
31,78609,-0.03505115956068039,,,
31,78614,-0.02522512525320053,,,
31,78619,-0.03973987326025963,,,
31,78624,-0.02336125820875168,,,
31,78629,-0.03180519863963127,,,
31,78634,-0.019375618547201157,,,
31,78639,-0.0517541840672493,,,
31,78644,-0.045786917209625244,,,
31,78649,-0.042453013360500336,,,
31,78654,-0.04755961894989014,,,
31,78659,-0.04711851477622986,,,
31,78664,-0.04648417979478836,,,
31,78669,-0.04258919507265091,,,
31,78674,-0.047628216445446014,,,
31,78679,-0.042307525873184204,,,
31,78684,-0.04102589935064316,,,
31,78689,-0.026007838547229767,,,
31,78694,-0.02336355671286583,,,
31,78699,-0.02909078449010849,,,
31,78704,-0.02454323135316372,,,
31,78709,-0.04070528596639633,,,
31,78714,-0.04962428659200668,,,
31,78719,-0.04376592859625816,,,
31,78724,-0.03838852047920227,,,
31,78729,-0.04242514818906784,,,
31,78734,-0.04769520461559296,,,
31,78739,-0.030512284487485886,,,
31,78744,-0.037108130753040314,,,
31,78749,-0.04983970895409584,,,
31,78754,-0.04422562196850777,,,
31,78759,-0.049135833978652954,,,
31,78764,-0.03903665393590927,,,
31,78769,-0.047561775892972946,,,
31,78774,-0.03650790452957153,,,
31,78779,-0.010948429815471172,,,
31,78784,-0.033729881048202515,,,
31,78789,-0.03795795515179634,,,
31,78794,-0.04738881438970566,,,
31,78799,-0.04155644774436951,,,
31,78804,-0.030825424939393997,,,
31,78809,-0.03420262783765793,,,
31,78814,-0.03685443103313446,,,
31,78819,-0.04002111405134201,,,
31,78824,-0.03171983361244202,,,
31,78829,-0.03168461471796036,,,
31,78834,-0.0417020358145237,,,
31,78839,-0.03933980315923691,,,
31,78844,-0.023779187351465225,,,
31,78849,-0.03544056415557861,,,
31,78854,-0.03794647008180618,,,
31,78859,-0.029250482097268105,,,
31,78864,-0.041836366057395935,,,
31,78869,-0.027078155428171158,,,
31,78874,-0.0504341647028923,,,
31,78879,-0.03937426209449768,,,
31,78884,-0.03885740041732788,,,
31,78889,-0.032580919563770294,,,
31,78894,-0.03590159863233566,,,
31,78899,-0.034240417182445526,,,
31,78904,-0.03303387761116028,,,
31,78909,-0.030790384858846664,,,
31,78914,-0.04283645376563072,,,
31,78919,-0.02855970710515976,,,
31,78924,-0.030806198716163635,,,
31,78929,-0.04262075945734978,,,
31,78934,-0.04401949793100357,,,
31,78939,-0.031224261969327927,,,
31,78944,-0.03266802802681923,,,
31,78949,-0.04546107351779938,,,
31,78954,-0.03772864118218422,,,
31,78959,-0.040208637714385986,,,
31,78964,-0.0414690338075161,,,
31,78969,-0.0391317680478096,,,
31,78974,-0.05130988359451294,,,
31,78979,-0.03762048855423927,,,
31,78984,-0.031157895922660828,,,
31,78989,-0.03271835297346115,,,
31,78994,-0.03303021192550659,,,
31,78999,-0.04910276457667351,,,
31,79004,-0.03127244859933853,,,
31,79009,-0.033972397446632385,,,
31,79014,-0.05490969866514206,,,
31,79019,-0.03044169209897518,,,
31,79024,-0.047658924013376236,,,
31,79029,-0.053305234760046005,,,
31,79034,-0.03993457555770874,,,
31,79039,-0.032415736466646194,,,
31,79044,-0.040561337023973465,,,
31,79049,-0.04045979306101799,,,
31,79054,-0.05229901149868965,,,
31,79059,-0.02381984144449234,,,
31,79064,-0.03349694982171059,,,
31,79069,-0.03996982052922249,,,
31,79074,-0.035142719745635986,,,
31,79079,-0.04973738640546799,,,
31,79084,-0.0419921837747097,,,
31,79089,-0.03982863202691078,,,
31,79094,-0.030744358897209167,,,
31,79099,-0.0451875738799572,,,
31,79104,-0.029376758262515068,,,
31,79109,-0.04388357698917389,,,
31,79114,-0.04975072667002678,,,
31,79119,-0.03450888395309448,,,
31,79124,-0.018390273675322533,,,
31,79129,-0.036597900092601776,,,
31,79134,-0.04865343123674393,,,
31,79139,-0.04548841342329979,,,
31,79144,-0.043092601001262665,,,
31,79149,-0.040511105209589005,,,
31,79154,-0.037629321217536926,,,
31,79159,-0.0339837409555912,,,
31,79164,-0.056337930262088776,,,
31,79169,-0.0452001616358757,,,
31,79174,-0.04027295112609863,,,
31,79179,-0.03956910967826843,,,
31,79184,-0.04030035436153412,,,
31,79189,-0.033935777842998505,,,
31,79194,-0.0395679697394371,,,
31,79199,-0.032513219863176346,,,
31,79204,-0.034011516720056534,,,
31,79209,-0.047945521771907806,,,
31,79214,-0.03745518997311592,,,
31,79219,-0.03356214240193367,,,
31,79224,-0.02405916526913643,,,
31,79229,-0.026561198756098747,,,
31,79234,-0.044367797672748566,,,
31,79239,-0.05095602199435234,,,
31,79244,-0.03959163650870323,,,
31,79249,-0.03929605334997177,,,
31,79254,-0.04066301882266998,,,
31,79259,-0.039011869579553604,,,
31,79264,-0.028136789798736572,,,
31,79269,-0.043959684669971466,,,
31,79274,-0.03320012241601944,,,
31,79279,-0.013682786375284195,,,
31,79284,-0.05115082859992981,,,
31,79289,-0.04706502705812454,,,
31,79294,-0.04738139361143112,,,
31,79299,-0.03022419847548008,,,
31,79304,-0.031453803181648254,,,
31,79309,-0.027723852545022964,,,
31,79314,-0.04396278038620949,,,
31,79319,-0.032004259526729584,,,
31,79324,-0.04033805429935455,,,
31,79329,-0.02556517720222473,,,
31,79334,-0.031329818069934845,,,
31,79339,-0.05534054711461067,,,
31,79344,-0.03401419147849083,,,
31,79349,-0.04896163195371628,,,
31,79354,-0.03323180601000786,,,
31,79359,-0.03456509858369827,,,
31,79364,-0.020781850442290306,,,
31,79369,-0.04279930889606476,,,
31,79374,-0.043216459453105927,,,
31,79379,-0.049035631120204926,,,
31,79384,-0.03695718199014664,,,
31,79389,-0.04847295954823494,,,
31,79394,-0.03830992802977562,,,
31,79399,-0.034374430775642395,,,
31,79404,-0.054812151938676834,,,
31,79409,-0.04811319336295128,,,
31,79414,-0.03757995367050171,,,
31,79419,-0.05531594157218933,,,
31,79424,-0.049752600491046906,,,
31,79429,-0.03865867108106613,,,
31,79434,-0.04381920024752617,,,
31,79439,-0.04154721647500992,,,
31,79444,-0.04731987416744232,,,
31,79449,-0.03592604771256447,,,
31,79454,-0.02650195173919201,,,
31,79459,-0.04049969092011452,,,
31,79464,-0.0451492965221405,,,
31,79469,-0.035761043429374695,,,
31,79474,-0.04642611742019653,,,
31,79479,-0.048330940306186676,,,
31,79484,-0.035632096230983734,,,
31,79489,-0.02790044993162155,,,
31,79494,-0.02179245464503765,,,
31,79499,-0.03148298338055611,,,
31,79504,-0.029131490737199783,,,
31,79509,-0.03857286274433136,,,
31,79514,-0.04852500557899475,,,
31,79519,-0.03742790222167969,,,
31,79524,-0.0486178956925869,,,
31,79529,-0.03091852366924286,,,
31,79534,-0.029562469571828842,,,
31,79539,-0.032194435596466064,,,
31,79544,-0.026764703914523125,,,
31,79549,-0.036055758595466614,,,
31,79554,-0.02825155481696129,,,
31,79559,-0.03757168725132942,,,
31,79564,-0.02875351905822754,,,
31,79569,-0.02157127857208252,,,
31,79574,-0.06202566251158714,,,
31,79579,-0.023239757865667343,,,
31,79584,-0.04443453997373581,,,
31,79589,-0.045247700065374374,,,
31,79594,-0.03846857324242592,,,
31,79599,-0.043402865529060364,,,
31,79604,-0.026007002219557762,,,
31,79609,-0.042413197457790375,,,
31,79614,-0.04855513945221901,,,
31,79619,-0.03469200059771538,,,
31,79624,-0.0491441935300827,,,
31,79629,-0.02957046404480934,,,
31,79634,-0.049104511737823486,,,
31,79639,-0.041223783046007156,,,
31,79644,-0.015722617506980896,,,
31,79649,-0.026372483000159264,,,
31,79654,-0.04474761337041855,,,
31,79659,-0.04150954633951187,,,
31,79664,-0.024484001100063324,,,
31,79669,-0.03650948777794838,,,
31,79674,-0.04803277552127838,,,
31,79679,-0.04447505623102188,,,
31,79684,-0.03600897639989853,,,
31,79689,-0.042835719883441925,,,
31,79694,-0.028263870626688004,,,
31,79699,-0.030753610655665398,,,
31,79704,-0.03230944275856018,,,
31,79709,-0.046055011451244354,,,
31,79714,-0.04080701991915703,,,
31,79719,-0.03923117369413376,,,
31,79724,-0.04069371894001961,,,
31,79729,-0.04437985271215439,,,
31,79734,-0.04908616840839386,,,
31,79739,-0.03394201770424843,,,
31,79744,-0.0334894135594368,,,
31,79749,-0.025694571435451508,,,
31,79754,-0.03154885023832321,,,
31,79759,-0.04304209351539612,,,
31,79764,-0.03181389719247818,,,
31,79769,-0.03184424340724945,,,
31,79774,-0.029134374111890793,,,
31,79779,-0.030998259782791138,,,
31,79784,-0.03128878027200699,,,
31,79789,-0.028617089614272118,,,
31,79794,-0.037843696773052216,,,
31,79799,-0.034518107771873474,,,
31,79804,-0.04174342751502991,,,
31,79809,-0.01970411092042923,,,
31,79814,-0.03708551824092865,,,
31,79819,-0.042482443153858185,,,
31,79824,-0.04407902806997299,,,
31,79829,-0.03516054525971413,,,
31,79834,-0.03817370906472206,,,
31,79839,-0.042407795786857605,,,
31,79844,-0.030797036364674568,,,
31,79849,-0.04391006380319595,,,
31,79854,-0.051482103765010834,,,
31,79859,-0.042902037501335144,,,
31,79864,-0.027448542416095734,,,
31,79869,-0.03703504055738449,,,
31,79874,-0.051061000674963,,,
31,79879,-0.037141017615795135,,,
31,79884,-0.03925088047981262,,,
31,79889,-0.03932526335120201,,,
31,79894,-0.05192071944475174,,,
31,79899,-0.044706881046295166,,,
31,79904,-0.03695087879896164,,,
31,79909,-0.03159672021865845,,,
31,79914,-0.026615262031555176,,,
31,79919,-0.03935162350535393,,,
31,79924,-0.030000507831573486,,,
31,79929,-0.045742154121398926,,,
31,79934,-0.024414613842964172,,,
31,79939,-0.022295208647847176,,,
31,79944,-0.044713739305734634,,,
31,79949,-0.010431220754981041,,,
31,79954,-0.022175639867782593,,,
31,79959,-0.0518932044506073,,,
31,79964,-0.018015852198004723,,,
31,79969,-0.05023616552352905,,,
31,79974,-0.03574661165475845,,,
31,79979,-0.025148630142211914,,,
31,79984,-0.03111216612160206,,,
31,79989,-0.05091739445924759,,,
31,79994,-0.04328054189682007,,,
31,79999,-0.04863851144909859,,,
31,79999,,-0.02794177271425724,0.2800000011920929,0.5782732963562012
32,80004,-0.050963107496500015,,,
32,80009,-0.03351794555783272,,,
32,80014,-0.0489964485168457,,,
32,80019,-0.030237756669521332,,,
32,80024,-0.014284600503742695,,,
32,80029,-0.02406671643257141,,,
32,80034,-0.04416978731751442,,,
32,80039,-0.03290444612503052,,,
32,80044,-0.028841756284236908,,,
32,80049,-0.03755958005785942,,,
32,80054,-0.037707213312387466,,,
32,80059,-0.04021318629384041,,,
32,80064,-0.030207227915525436,,,
32,80069,-0.01700989156961441,,,
32,80074,-0.056805871427059174,,,
32,80079,-0.030902162194252014,,,
32,80084,-0.04250987991690636,,,
32,80089,-0.03789779543876648,,,
32,80094,-0.03713398799300194,,,
32,80099,-0.03205083683133125,,,
32,80104,-0.03433579206466675,,,
32,80109,-0.029720984399318695,,,
32,80114,-0.040229350328445435,,,
32,80119,-0.03644198179244995,,,
32,80124,-0.036761607974767685,,,
32,80129,-0.012740714475512505,,,
32,80134,-0.024686474353075027,,,
32,80139,-0.018489208072423935,,,
32,80144,-0.03539949655532837,,,
32,80149,-0.04062306880950928,,,
32,80154,-0.03508475795388222,,,
32,80159,-0.04672136902809143,,,
32,80164,-0.04396439343690872,,,
32,80169,-0.04478372633457184,,,
32,80174,-0.04620509594678879,,,
32,80179,-0.045817214995622635,,,
32,80184,-0.03513806313276291,,,
32,80189,-0.035890378057956696,,,
32,80194,-0.038473911583423615,,,
32,80199,-0.02328909933567047,,,
32,80204,-0.01150424312800169,,,
32,80209,-0.032386086881160736,,,
32,80214,-0.03302782401442528,,,
32,80219,-0.03264045715332031,,,
32,80224,-0.02432922087609768,,,
32,80229,-0.03675789386034012,,,
32,80234,-0.05020974576473236,,,
32,80239,-0.047787122428417206,,,
32,80244,-0.01724080555140972,,,
32,80249,-0.03351530060172081,,,
32,80254,-0.026769280433654785,,,
32,80259,-0.024782847613096237,,,
32,80264,-0.03833036124706268,,,
32,80269,-0.010544538497924805,,,
32,80274,-0.038900792598724365,,,
32,80279,-0.040467776358127594,,,
32,80284,-0.025144750252366066,,,
32,80289,-0.047013528645038605,,,
32,80294,-0.028566651046276093,,,
32,80299,-0.04756497964262962,,,
32,80304,-0.05264795199036598,,,
32,80309,-0.026103617623448372,,,
32,80314,-0.03302428498864174,,,
32,80319,-0.03828839585185051,,,
32,80324,-0.007529035210609436,,,
32,80329,-0.03652828186750412,,,
32,80334,-0.03852397948503494,,,
32,80339,-0.03486161679029465,,,
32,80344,-0.04331899806857109,,,
32,80349,-0.04215412586927414,,,
32,80354,-0.03361355885863304,,,
32,80359,-0.030844219028949738,,,
32,80364,-0.015311196446418762,,,
32,80369,-0.045302413403987885,,,
32,80374,-0.0422569140791893,,,
32,80379,-0.04467935115098953,,,
32,80384,-0.030070314183831215,,,
32,80389,-0.03790963068604469,,,
32,80394,-0.049529485404491425,,,
32,80399,-0.01601545512676239,,,
32,80404,-0.05111730843782425,,,
32,80409,-0.02861264906823635,,,
32,80414,-0.04128195345401764,,,
32,80419,-0.03627090901136398,,,
32,80424,-0.03498658537864685,,,
32,80429,-0.0512419156730175,,,
32,80434,-0.036434926092624664,,,
32,80439,-0.027714671567082405,,,
32,80444,-0.012431662529706955,,,
32,80449,-0.03315180540084839,,,
32,80454,-0.051674291491508484,,,
32,80459,-0.034263625741004944,,,
32,80464,-0.03255317360162735,,,
32,80469,-0.031335972249507904,,,
32,80474,-0.03464131057262421,,,
32,80479,-0.028376201167702675,,,
32,80484,-0.03249514847993851,,,
32,80489,-0.03481532633304596,,,
32,80494,-0.034389812499284744,,,
32,80499,-0.04252143204212189,,,
32,80504,-0.05250478535890579,,,
32,80509,-0.021625936031341553,,,
32,80514,-0.037913016974925995,,,
32,80519,-0.040612731128931046,,,
32,80524,-0.042976271361112595,,,
32,80529,-0.03817084804177284,,,
32,80534,-0.044244036078453064,,,
32,80539,-0.050461843609809875,,,
32,80544,-0.02740650437772274,,,
32,80549,-0.05643429234623909,,,
32,80554,-0.04235914722084999,,,
32,80559,-0.031093183904886246,,,
32,80564,-0.01763554848730564,,,
32,80569,-0.04185232147574425,,,
32,80574,-0.052589040249586105,,,
32,80579,-0.023143965750932693,,,
32,80584,-0.030225763097405434,,,
32,80589,-0.027092207223176956,,,
32,80594,-0.03262636810541153,,,
32,80599,-0.03890697658061981,,,
32,80604,-0.04262135177850723,,,
32,80609,-0.036507390439510345,,,
32,80614,-0.019686924293637276,,,
32,80619,-0.045724742114543915,,,
32,80624,-0.039518311619758606,,,
32,80629,-0.041745226830244064,,,
32,80634,-0.040257565677165985,,,
32,80639,-0.037415921688079834,,,
32,80644,-0.04227227717638016,,,
32,80649,-0.03181775286793709,,,
32,80654,-0.04273725301027298,,,
32,80659,-0.008835025131702423,,,
32,80664,-0.03637787699699402,,,
32,80669,-0.03508084639906883,,,
32,80674,-0.04774497449398041,,,
32,80679,-0.047952909022569656,,,
32,80684,-0.0346791110932827,,,
32,80689,-0.04334908723831177,,,
32,80694,-0.04735542833805084,,,
32,80699,-0.02992704138159752,,,
32,80704,-0.04449848458170891,,,
32,80709,-0.016231264919042587,,,
32,80714,-0.04570266976952553,,,
32,80719,-0.06359757483005524,,,
32,80724,-0.04790510982275009,,,
32,80729,-0.03573433309793472,,,
32,80734,-0.05499669164419174,,,
32,80739,-0.02918374165892601,,,
32,80744,-0.0333436019718647,,,
32,80749,-0.029850520193576813,,,
32,80754,-0.040073662996292114,,,
32,80759,-0.037542425096035004,,,
32,80764,-0.03356758505105972,,,
32,80769,-0.04058197885751724,,,
32,80774,-0.0455264151096344,,,
32,80779,-0.04275199770927429,,,
32,80784,-0.03530780225992203,,,
32,80789,-0.03920895606279373,,,
32,80794,-0.03704871982336044,,,
32,80799,-0.04060276225209236,,,
32,80804,-0.03109462931752205,,,
32,80809,-0.04188721626996994,,,
32,80814,-0.04101007059216499,,,
32,80819,-0.03396117314696312,,,
32,80824,-0.05352077633142471,,,
32,80829,-0.03344179689884186,,,
32,80834,-0.04158836975693703,,,
32,80839,-0.023797528818249702,,,
32,80844,-0.030598122626543045,,,
32,80849,-0.034436896443367004,,,
32,80854,-0.030444994568824768,,,
32,80859,-0.035818010568618774,,,
32,80864,-0.02733936533331871,,,
32,80869,-0.017982877790927887,,,
32,80874,-0.05662168189883232,,,
32,80879,-0.04655585438013077,,,
32,80884,-0.04354606941342354,,,
32,80889,-0.04277922213077545,,,
32,80894,-0.04390391707420349,,,
32,80899,-0.04370981827378273,,,
32,80904,-0.032093025743961334,,,
32,80909,-0.02508082240819931,,,
32,80914,-0.030512573197484016,,,
32,80919,-0.027783382683992386,,,
32,80924,-0.017909802496433258,,,
32,80929,-0.04789295047521591,,,
32,80934,-0.0651429146528244,,,
32,80939,-0.035396501421928406,,,
32,80944,-0.02786136604845524,,,
32,80949,-0.029737554490566254,,,
32,80954,-0.04080558568239212,,,
32,80959,-0.03875018656253815,,,
32,80964,-0.049013227224349976,,,
32,80969,-0.03407590836286545,,,
32,80974,-0.04846646636724472,,,
32,80979,-0.03285074234008789,,,
32,80984,-0.024466238915920258,,,
32,80989,-0.04375399649143219,,,
32,80994,-0.037843942642211914,,,
32,80999,-0.030260449275374413,,,
32,81004,-0.05305396020412445,,,
32,81009,-0.041013240814208984,,,
32,81014,-0.02529487945139408,,,
32,81019,-0.049710433930158615,,,
32,81024,-0.042286671698093414,,,
32,81029,-0.02168900892138481,,,
32,81034,-0.04199254512786865,,,
32,81039,-0.031804054975509644,,,
32,81044,-0.030926618725061417,,,
32,81049,-0.034143127501010895,,,
32,81054,0.006418386474251747,,,
32,81059,-0.02400762401521206,,,
32,81064,-0.041632503271102905,,,
32,81069,-0.04183075577020645,,,
32,81074,-0.05451776832342148,,,
32,81079,-0.03778998553752899,,,
32,81084,-0.025646228343248367,,,
32,81089,-0.03944648429751396,,,
32,81094,-0.04125790670514107,,,
32,81099,-0.031702324748039246,,,
32,81104,-0.038156766444444656,,,
32,81109,-0.03002646006643772,,,
32,81114,-0.037257105112075806,,,
32,81119,-0.02824803814291954,,,
32,81124,-0.04220270365476608,,,
32,81129,-0.028547480702400208,,,
32,81134,-0.03634374961256981,,,
32,81139,-0.03429940342903137,,,
32,81144,-0.01895003765821457,,,
32,81149,-0.018650714308023453,,,
32,81154,-0.040365468710660934,,,
32,81159,-0.03058171086013317,,,
32,81164,-0.03327741473913193,,,
32,81169,-0.03613140806555748,,,
32,81174,-0.036826495081186295,,,
32,81179,-0.032026827335357666,,,
32,81184,-0.044704459607601166,,,
32,81189,-0.04290025681257248,,,
32,81194,-0.03551722317934036,,,
32,81199,-0.03894440829753876,,,
32,81204,-0.05041345953941345,,,
32,81209,-0.0332244448363781,,,
32,81214,-0.03200908005237579,,,
32,81219,-0.038755983114242554,,,
32,81224,-0.0277390256524086,,,
32,81229,-0.03737599030137062,,,
32,81234,-0.03800707682967186,,,
32,81239,-0.02905016392469406,,,
32,81244,-0.036771245300769806,,,
32,81249,-0.009183008223772049,,,
32,81254,-0.025533342733979225,,,
32,81259,-0.05154924839735031,,,
32,81264,-0.03602548688650131,,,
32,81269,-0.04121604561805725,,,
32,81274,-0.03502220660448074,,,
32,81279,-0.047832146286964417,,,
32,81284,-0.036660756915807724,,,
32,81289,-0.049119651317596436,,,
32,81294,-0.03660982847213745,,,
32,81299,-0.036336205899715424,,,
32,81304,-0.01406335923820734,,,
32,81309,-0.04894362762570381,,,
32,81314,-0.04742240533232689,,,
32,81319,-0.03901943191885948,,,
32,81324,-0.04973752796649933,,,
32,81329,-0.045643359422683716,,,
32,81334,-0.04366868734359741,,,
32,81339,-0.039730943739414215,,,
32,81344,-0.055294983088970184,,,
32,81349,-0.044560909271240234,,,
32,81354,-0.03141956031322479,,,
32,81359,-0.030074259266257286,,,
32,81364,-0.03773905336856842,,,
32,81369,-0.02699582651257515,,,
32,81374,-0.029193542897701263,,,
32,81379,-0.011410059407353401,,,
32,81384,-0.02136659063398838,,,
32,81389,-0.02612151950597763,,,
32,81394,-0.039181288331747055,,,
32,81399,-0.04756726324558258,,,
32,81404,-0.042068302631378174,,,
32,81409,-0.035872261971235275,,,
32,81414,0.0036779865622520447,,,
32,81419,-0.02701704204082489,,,
32,81424,-0.0376020222902298,,,
32,81429,-0.031963661313056946,,,
32,81434,-0.04950624704360962,,,
32,81439,-0.025176633149385452,,,
32,81444,-0.028003491461277008,,,
32,81449,-0.04463396221399307,,,
32,81454,-0.039054565131664276,,,
32,81459,-0.01805061101913452,,,
32,81464,-0.029904047027230263,,,
32,81469,-0.055650871247053146,,,
32,81474,-0.04948166757822037,,,
32,81479,-0.02755538560450077,,,
32,81484,-0.059161849319934845,,,
32,81489,-0.04283318668603897,,,
32,81494,-0.01112135499715805,,,
32,81499,-0.04570915922522545,,,
32,81504,-0.05087262764573097,,,
32,81509,-0.042505569756031036,,,
32,81514,-0.03633639216423035,,,
32,81519,-0.027665765956044197,,,
32,81524,-0.048707444220781326,,,
32,81529,-0.04634906351566315,,,
32,81534,-0.043418511748313904,,,
32,81539,-0.04663495719432831,,,
32,81544,-0.03507673367857933,,,
32,81549,-0.019317125901579857,,,
32,81554,-0.010745819658041,,,
32,81559,-0.030019205063581467,,,
32,81564,-0.024263523519039154,,,
32,81569,-0.028085842728614807,,,
32,81574,-0.04105645418167114,,,
32,81579,-0.04923154041171074,,,
32,81584,-0.03462279960513115,,,
32,81589,-0.04292410612106323,,,
32,81594,-0.04333868622779846,,,
32,81599,-0.03181513398885727,,,
32,81604,-0.021764257922768593,,,
32,81609,-0.05010371655225754,,,
32,81614,-0.04012305289506912,,,
32,81619,-0.03382955491542816,,,
32,81624,-0.037870846688747406,,,
32,81629,-0.030874766409397125,,,
32,81634,-0.033335573971271515,,,
32,81639,-0.024249136447906494,,,
32,81644,-0.01758989691734314,,,
32,81649,-0.018173540011048317,,,
32,81654,-0.0561029314994812,,,
32,81659,-0.03483708202838898,,,
32,81664,-0.04409240931272507,,,
32,81669,-0.03516925126314163,,,
32,81674,-0.04670759290456772,,,
32,81679,-0.03661935776472092,,,
32,81684,-0.03005852922797203,,,
32,81689,-0.047296758741140366,,,
32,81694,-0.03629659116268158,,,
32,81699,-0.03928845003247261,,,
32,81704,-0.015298182144761086,,,
32,81709,-0.041034355759620667,,,
32,81714,-0.04789043217897415,,,
32,81719,-0.04478505253791809,,,
32,81724,-0.027545936405658722,,,
32,81729,-0.038021329790353775,,,
32,81734,-0.04555370658636093,,,
32,81739,-0.03408034145832062,,,
32,81744,-0.04633413255214691,,,
32,81749,-0.029297590255737305,,,
32,81754,-0.03096892312169075,,,
32,81759,-0.021565383300185204,,,
32,81764,-0.03105858713388443,,,
32,81769,-0.027575941756367683,,,
32,81774,-0.04142697900533676,,,
32,81779,-0.04951547831296921,,,
32,81784,-0.057157546281814575,,,
32,81789,-0.0042531443759799,,,
32,81794,-0.010486193001270294,,,
32,81799,-0.04767196998000145,,,
32,81804,-0.04601560905575752,,,
32,81809,-0.009357971139252186,,,
32,81814,-0.03666305169463158,,,
32,81819,-0.056956611573696136,,,
32,81824,-0.048136718571186066,,,
32,81829,-0.024023355916142464,,,
32,81834,-0.033866509795188904,,,
32,81839,-0.020807992666959763,,,
32,81844,-0.04095187783241272,,,
32,81849,-0.05133803188800812,,,
32,81854,-0.03423210605978966,,,
32,81859,-0.03486299514770508,,,
32,81864,-0.03943265229463577,,,
32,81869,-0.03633897751569748,,,
32,81874,-0.03205022215843201,,,
32,81879,-0.04531000554561615,,,
32,81884,-0.04040218144655228,,,
32,81889,-0.0295157078653574,,,
32,81894,-0.033078499138355255,,,
32,81899,-0.04202667623758316,,,
32,81904,-0.023045320063829422,,,
32,81909,-0.049754299223423004,,,
32,81914,-0.049035925418138504,,,
32,81919,-0.04723349213600159,,,
32,81924,-0.057617343962192535,,,
32,81929,-0.03601866960525513,,,
32,81934,-0.0442313551902771,,,
32,81939,-0.04563247784972191,,,
32,81944,-0.051138363778591156,,,
32,81949,-0.0519305020570755,,,
32,81954,-0.028624659404158592,,,
32,81959,-0.041244007647037506,,,
32,81964,-0.04244043678045273,,,
32,81969,-0.042198244482278824,,,
32,81974,-0.026645082980394363,,,
32,81979,-0.027257278561592102,,,
32,81984,-0.05116363614797592,,,
32,81989,-0.024514537304639816,,,
32,81994,-0.036782294511795044,,,
32,81999,-0.018639642745256424,,,
32,82004,-0.031002342700958252,,,
32,82009,-0.0366811640560627,,,
32,82014,-0.04012831300497055,,,
32,82019,-0.0343848317861557,,,
32,82024,-0.051640693098306656,,,
32,82029,-0.032575372606515884,,,
32,82034,-0.03248324617743492,,,
32,82039,-0.0539255291223526,,,
32,82044,-0.033509112894535065,,,
32,82049,-0.04278361052274704,,,
32,82054,-0.033317871391773224,,,
32,82059,-0.040694329887628555,,,
32,82064,-0.03820105269551277,,,
32,82069,-0.022604424506425858,,,
32,82074,-0.023937607184052467,,,
32,82079,-0.05182740464806557,,,
32,82084,-0.03393474221229553,,,
32,82089,-0.027747709304094315,,,
32,82094,-0.03357195109128952,,,
32,82099,-0.045063890516757965,,,
32,82104,-0.05204353481531143,,,
32,82109,-0.05194426327943802,,,
32,82114,-0.04418924078345299,,,
32,82119,-0.023614535108208656,,,
32,82124,-0.04170593246817589,,,
32,82129,-0.040285296738147736,,,
32,82134,-0.036020271480083466,,,
32,82139,-0.03866170346736908,,,
32,82144,-0.027912385761737823,,,
32,82149,-0.03763151541352272,,,
32,82154,-0.033036135137081146,,,
32,82159,-0.042848892509937286,,,
32,82164,-0.024979282170534134,,,
32,82169,-0.038315363228321075,,,
32,82174,-0.04701654613018036,,,
32,82179,-0.025343023240566254,,,
32,82184,-0.05461166054010391,,,
32,82189,-0.018290169537067413,,,
32,82194,-0.04316827654838562,,,
32,82199,-0.03372266888618469,,,
32,82204,-0.0398830771446228,,,
32,82209,-0.04706371948122978,,,
32,82214,-0.03349091112613678,,,
32,82219,-0.03964546322822571,,,
32,82224,-0.0485079288482666,,,
32,82229,-0.03199099376797676,,,
32,82234,-0.03268162161111832,,,
32,82239,-0.02943272516131401,,,
32,82244,-0.03623444586992264,,,
32,82249,-0.05685042589902878,,,
32,82254,-0.03760647028684616,,,
32,82259,-0.041995808482170105,,,
32,82264,-0.026083460077643394,,,
32,82269,-0.03915031626820564,,,
32,82274,-0.03793531283736229,,,
32,82279,-0.023379690945148468,,,
32,82284,-0.036106474697589874,,,
32,82289,-0.043893083930015564,,,
32,82294,-0.049039121717214584,,,
32,82299,-0.03881001099944115,,,
32,82304,-0.03454755246639252,,,
32,82309,-0.04340734705328941,,,
32,82314,-0.03577578067779541,,,
32,82319,-0.05247879773378372,,,
32,82324,-0.04089365154504776,,,
32,82329,-0.035514719784259796,,,
32,82334,-0.036761775612831116,,,
32,82339,-0.025077395141124725,,,
32,82344,-0.047527968883514404,,,
32,82349,0.012860503047704697,,,
32,82354,-0.03732879459857941,,,
32,82359,-0.056174520403146744,,,
32,82364,-0.04021579772233963,,,
32,82369,-0.02518950216472149,,,
32,82374,-0.04646866396069527,,,
32,82379,-0.045047856867313385,,,
32,82384,-0.04152070730924606,,,
32,82389,-0.04050012305378914,,,
32,82394,0.0012016389518976212,,,
32,82399,-0.025236427783966064,,,
32,82404,-0.025767773389816284,,,
32,82409,-0.023406269028782845,,,
32,82414,-0.02803918719291687,,,
32,82419,-0.042506296187639236,,,
32,82424,-0.05116615444421768,,,
32,82429,-0.03744339197874069,,,
32,82434,-0.0391826331615448,,,
32,82439,-0.03412126377224922,,,
32,82444,-0.02045704610645771,,,
32,82449,-0.04591774940490723,,,
32,82454,-0.02169918827712536,,,
32,82459,-0.03394920378923416,,,
32,82464,-0.04889781028032303,,,
32,82469,-0.04359319806098938,,,
32,82474,-0.04810423031449318,,,
32,82479,-0.05277459695935249,,,
32,82484,-0.022516123950481415,,,
32,82489,-0.017076054587960243,,,
32,82494,-0.03377941623330116,,,
32,82499,-0.04105830192565918,,,
32,82499,,-0.022874930873513222,0.28850001096725464,0.590508222579956
33,82504,-0.03204856440424919,,,
33,82509,-0.03992345184087753,,,
33,82514,-0.04012734442949295,,,
33,82519,-0.026314955204725266,,,
33,82524,-0.03016551025211811,,,
33,82529,-0.022867385298013687,,,
33,82534,-0.04337841272354126,,,
33,82539,-0.019916027784347534,,,
33,82544,-0.026938900351524353,,,
33,82549,-0.03700552508234978,,,
33,82554,-0.040427081286907196,,,
33,82559,-0.05092358961701393,,,
33,82564,-0.03845926374197006,,,
33,82569,-0.03732224553823471,,,
33,82574,0.007721063680946827,,,
33,82579,-0.04889162629842758,,,
33,82584,-0.043794892728328705,,,
33,82589,-0.03844922035932541,,,
33,82594,-0.038204409182071686,,,
33,82599,-0.0377875417470932,,,
33,82604,-0.03315338119864464,,,
33,82609,-0.030629973858594894,,,
33,82614,-0.02560935914516449,,,
33,82619,-0.01938285119831562,,,
33,82624,-0.0055687315762043,,,
33,82629,-0.039109453558921814,,,
33,82634,-0.0368814617395401,,,
33,82639,-0.028264695778489113,,,
33,82644,-0.041327860206365585,,,
33,82649,-0.041449517011642456,,,
33,82654,-0.023915372788906097,,,
33,82659,-0.04409448802471161,,,
33,82664,-0.04065100476145744,,,
33,82669,-0.04582090675830841,,,
33,82674,-0.030995430424809456,,,
33,82679,-0.040361251682043076,,,
33,82684,-0.03091399185359478,,,
33,82689,-0.029860420152544975,,,
33,82694,-0.022948045283555984,,,
33,82699,-0.027788085862994194,,,
33,82704,-0.022707119584083557,,,
33,82709,-0.043733149766922,,,
33,82714,-0.041103512048721313,,,
33,82719,-0.03606516122817993,,,
33,82724,-0.03545629605650902,,,
33,82729,-0.040343061089515686,,,
33,82734,-0.03307351469993591,,,
33,82739,-0.03664623200893402,,,
33,82744,-0.018614351749420166,,,
33,82749,-0.024465221911668777,,,
33,82754,-0.04376298189163208,,,
33,82759,-0.041792042553424835,,,
33,82764,-0.03912492096424103,,,
33,82769,-0.03272506967186928,,,
33,82774,-0.03697070851922035,,,
33,82779,-0.03995777666568756,,,
33,82784,-0.02806725911796093,,,
33,82789,-0.034963756799697876,,,
33,82794,-0.026964262127876282,,,
33,82799,-0.0551028698682785,,,
33,82804,-0.05189213156700134,,,
33,82809,-0.038722921162843704,,,
33,82814,-0.049520157277584076,,,
33,82819,-0.045875586569309235,,,
33,82824,-0.03258485719561577,,,
33,82829,-0.030043382197618484,,,
33,82834,-0.030240487307310104,,,
33,82839,-0.035736002027988434,,,
33,82844,-0.039160024374723434,,,
33,82849,-0.03820081055164337,,,
33,82854,-0.05214947462081909,,,
33,82859,-0.032248884439468384,,,
33,82864,-0.045704394578933716,,,
33,82869,-0.030008304864168167,,,
33,82874,-0.029888968914747238,,,
33,82879,-0.03584595024585724,,,
33,82884,-0.04044598340988159,,,
33,82889,-0.03366181626915932,,,
33,82894,-0.044228486716747284,,,
33,82899,-0.04097612202167511,,,
33,82904,-0.03090900368988514,,,
33,82909,-0.03731456398963928,,,
33,82914,-0.03115575760602951,,,
33,82919,-0.05549363046884537,,,
33,82924,-0.027645688503980637,,,
33,82929,-0.04389721155166626,,,
33,82934,-0.049720387905836105,,,
33,82939,-0.044800881296396255,,,
33,82944,-0.062442053109407425,,,
33,82949,-0.042584724724292755,,,
33,82954,-0.03566005825996399,,,
33,82959,-0.05046049505472183,,,
33,82964,-0.040486596524715424,,,
33,82969,-0.013992107473313808,,,
33,82974,-0.03759901598095894,,,
33,82979,-0.04052384942770004,,,
33,82984,-0.0317988246679306,,,
33,82989,-0.041585080325603485,,,
33,82994,-0.04306640848517418,,,
33,82999,-0.042152099311351776,,,
33,83004,-0.03173496574163437,,,
33,83009,-0.04987363517284393,,,
33,83014,-0.015876702964305878,,,
33,83019,-0.030566424131393433,,,
33,83024,-0.043792396783828735,,,
33,83029,-0.029241815209388733,,,
33,83034,-0.03496469929814339,,,
33,83039,-0.01998758688569069,,,
33,83044,-0.037703704088926315,,,
33,83049,-0.02458958327770233,,,
33,83054,-0.01584465429186821,,,
33,83059,-0.04362492263317108,,,
33,83064,-0.04033445566892624,,,
33,83069,-0.018771477043628693,,,
33,83074,-0.035783782601356506,,,
33,83079,-0.03726404532790184,,,
33,83084,-0.0379684641957283,,,
33,83089,-0.04135984927415848,,,
33,83094,-0.03402974456548691,,,
33,83099,-0.02093188464641571,,,
33,83104,-0.03082704171538353,,,
33,83109,-0.04191265255212784,,,
33,83114,-0.01780075579881668,,,
33,83119,-0.017764825373888016,,,
33,83124,-0.03759313374757767,,,
33,83129,-0.03950454667210579,,,
33,83134,-0.015763022005558014,,,
33,83139,-0.03975015506148338,,,
33,83144,-0.04766594618558884,,,
33,83149,-0.042816076427698135,,,
33,83154,-0.021308742463588715,,,
33,83159,-0.03509294614195824,,,
33,83164,-0.046049512922763824,,,
33,83169,-0.04389804229140282,,,
33,83174,-0.03691771999001503,,,
33,83179,-0.03392856940627098,,,
33,83184,-0.04528956860303879,,,
33,83189,-0.0256090946495533,,,
33,83194,-0.03472251072525978,,,
33,83199,-0.03437022864818573,,,
33,83204,-0.04650265723466873,,,
33,83209,-0.014168161898851395,,,
33,83214,-0.03669227287173271,,,
33,83219,-0.03333330154418945,,,
33,83224,-0.05648500472307205,,,
33,83229,-0.03615288808941841,,,
33,83234,-0.01759345829486847,,,
33,83239,-0.0337274968624115,,,
33,83244,-0.04208629950881004,,,
33,83249,-0.029880888760089874,,,
33,83254,-0.03599036484956741,,,
33,83259,-0.04429592937231064,,,
33,83264,-0.031563520431518555,,,
33,83269,-0.017846019938588142,,,
33,83274,-0.027642782777547836,,,
33,83279,-0.02072027139365673,,,
33,83284,-0.04276365414261818,,,
33,83289,-0.03569701313972473,,,
33,83294,-0.040756985545158386,,,
33,83299,-0.02796403132379055,,,
33,83304,-0.024379964917898178,,,
33,83309,-0.04648906737565994,,,
33,83314,-0.0438295379281044,,,
33,83319,-0.03737881779670715,,,
33,83324,-0.02504202350974083,,,
33,83329,-0.028547771275043488,,,
33,83334,-0.03345942497253418,,,
33,83339,-0.03498993068933487,,,
33,83344,-0.031405817717313766,,,
33,83349,-0.05071540176868439,,,
33,83354,-0.043284621089696884,,,
33,83359,-0.036222703754901886,,,
33,83364,-0.029456468299031258,,,
33,83369,-0.04477597773075104,,,
33,83374,-0.028461091220378876,,,
33,83379,-0.036372385919094086,,,
33,83384,-0.05775922164320946,,,
33,83389,-0.05060023069381714,,,
33,83394,-0.05058737099170685,,,
33,83399,-0.0037353914231061935,,,
33,83404,-0.025168132036924362,,,
33,83409,-0.04607198014855385,,,
33,83414,-0.032308679074048996,,,
33,83419,-0.03802965208888054,,,
33,83424,-0.027345972135663033,,,
33,83429,-0.031040800735354424,,,
33,83434,-0.04044036567211151,,,
33,83439,-0.049957048147916794,,,
33,83444,-0.02955840714275837,,,
33,83449,-0.040544554591178894,,,
33,83454,-0.03548876941204071,,,
33,83459,-0.033574558794498444,,,
33,83464,-0.04937346279621124,,,
33,83469,-0.04031788557767868,,,
33,83474,-0.03795156627893448,,,
33,83479,-0.0338066890835762,,,
33,83484,-0.03413033485412598,,,
33,83489,-0.049419134855270386,,,
33,83494,-0.035546377301216125,,,
33,83499,-0.03187429904937744,,,
33,83504,-0.047028549015522,,,
33,83509,-0.04023608937859535,,,
33,83514,-0.04001262038946152,,,
33,83519,-0.036409009248018265,,,
33,83524,-0.02012157067656517,,,
33,83529,-0.03984043747186661,,,
33,83534,-0.02924467995762825,,,
33,83539,-0.02883879281580448,,,
33,83544,-0.03138221427798271,,,
33,83549,-0.040398966521024704,,,
33,83554,-0.038390595465898514,,,
33,83559,-0.04112110286951065,,,
33,83564,-0.031447380781173706,,,
33,83569,-0.05213266611099243,,,
33,83574,-0.015999946743249893,,,
33,83579,-0.04208485782146454,,,
33,83584,-0.052861809730529785,,,
33,83589,-0.03124367818236351,,,
33,83594,-0.02236819639801979,,,
33,83599,-0.02513415366411209,,,
33,83604,-0.03544383496046066,,,
33,83609,-0.030848640948534012,,,
33,83614,-0.056112732738256454,,,
33,83619,-0.03671787679195404,,,
33,83624,-0.033566419035196304,,,
33,83629,-0.05710937827825546,,,
33,83634,-0.023204198107123375,,,
33,83639,-0.029297761619091034,,,
33,83644,-0.03356790915131569,,,
33,83649,-0.02758539468050003,,,
33,83654,-0.04182597994804382,,,
33,83659,-0.033208198845386505,,,
33,83664,-0.02161225862801075,,,
33,83669,-0.0214193407446146,,,
33,83674,-0.04269680380821228,,,
33,83679,-0.03422696143388748,,,
33,83684,-0.010315846651792526,,,
33,83689,-0.053353291004896164,,,
33,83694,-0.04944782704114914,,,
33,83699,-0.026745693758130074,,,
33,83704,-0.04992692917585373,,,
33,83709,-0.01640968769788742,,,
33,83714,-0.021405203267931938,,,
33,83719,-0.04645191505551338,,,
33,83724,-0.048737287521362305,,,
33,83729,-0.04649616405367851,,,
33,83734,-0.03461823612451553,,,
33,83739,-0.04522319138050079,,,
33,83744,-0.04025939851999283,,,
33,83749,-0.04412519186735153,,,
33,83754,-0.03891998529434204,,,
33,83759,-0.027435891330242157,,,
33,83764,-0.02671864628791809,,,
33,83769,-0.026945624500513077,,,
33,83774,-0.04606825113296509,,,
33,83779,-0.03400074690580368,,,
33,83784,-0.029481559991836548,,,
33,83789,-0.030230052769184113,,,
33,83794,-0.0549321249127388,,,
33,83799,-0.040962908416986465,,,
33,83804,-0.051306597888469696,,,
33,83809,-0.034894831478595734,,,
33,83814,-0.036577992141246796,,,
33,83819,-0.033911362290382385,,,
33,83824,-0.04550699517130852,,,
33,83829,-0.021218635141849518,,,
33,83834,-0.018575459718704224,,,
33,83839,-0.04480037838220596,,,
33,83844,-0.060935959219932556,,,
33,83849,-0.035628847777843475,,,
33,83854,-0.03306659311056137,,,
33,83859,-0.03965258225798607,,,
33,83864,-0.026225782930850983,,,
33,83869,-0.039902083575725555,,,
33,83874,-0.0438314825296402,,,
33,83879,-0.03525245189666748,,,
33,83884,-0.03548550605773926,,,
33,83889,-0.035554252564907074,,,
33,83894,-0.04776269942522049,,,
33,83899,-0.03591769188642502,,,
33,83904,-0.04483016952872276,,,
33,83909,-0.03246636688709259,,,
33,83914,-0.04234315827488899,,,
33,83919,-0.017821716144680977,,,
33,83924,-0.039032839238643646,,,
33,83929,-0.04175061732530594,,,
33,83934,-0.021149052307009697,,,
33,83939,-0.03607858717441559,,,
33,83944,-0.021471774205565453,,,
33,83949,-0.04971687123179436,,,
33,83954,-0.053255949169397354,,,
33,83959,-0.03034229204058647,,,
33,83964,-0.024141287431120872,,,
33,83969,-0.039381664246320724,,,
33,83974,-0.03871086239814758,,,
33,83979,-0.03652101010084152,,,
33,83984,-0.03653426468372345,,,
33,83989,-0.027133513242006302,,,
33,83994,-0.037248559296131134,,,
33,83999,0.00256027327850461,,,
33,84004,-0.024232162162661552,,,
33,84009,-0.053115881979465485,,,
33,84014,-0.04046057164669037,,,
33,84019,-0.045080672949552536,,,
33,84024,-0.043167904019355774,,,
33,84029,-0.04808738827705383,,,
33,84034,-0.045428596436977386,,,
33,84039,-0.031937360763549805,,,
33,84044,-0.03243698179721832,,,
33,84049,-0.0482475571334362,,,
33,84054,-0.05781339854001999,,,
33,84059,-0.04180349037051201,,,
33,84064,-0.04145432263612747,,,
33,84069,-0.0433395579457283,,,
33,84074,-0.03009733371436596,,,
33,84079,-0.053099095821380615,,,
33,84084,-0.045288149267435074,,,
33,84089,-0.04049793258309364,,,
33,84094,-0.03547319769859314,,,
33,84099,-0.04302819073200226,,,
33,84104,-0.03808753192424774,,,
33,84109,-0.019086580723524094,,,
33,84114,-0.05204242467880249,,,
33,84119,-0.04571202024817467,,,
33,84124,-0.02575927972793579,,,
33,84129,-0.015373832546174526,,,
33,84134,-0.01577278971672058,,,
33,84139,-0.02869521640241146,,,
33,84144,-0.05531541258096695,,,
33,84149,-0.02958088181912899,,,
33,84154,-0.03250730782747269,,,
33,84159,-0.03333765268325806,,,
33,84164,-0.04025733843445778,,,
33,84169,0.0001683644950389862,,,
33,84174,-0.034997567534446716,,,
33,84179,-0.03457844629883766,,,
33,84184,-0.033789508044719696,,,
33,84189,-0.04375787451863289,,,
33,84194,-0.029687928035855293,,,
33,84199,-0.03789220377802849,,,
33,84204,-0.03740116208791733,,,
33,84209,-0.04402419179677963,,,
33,84214,-0.03322402015328407,,,
33,84219,-0.027992598712444305,,,
33,84224,-0.04403592646121979,,,
33,84229,-0.046206045895814896,,,
33,84234,-0.021420525386929512,,,
33,84239,-0.03132390230894089,,,
33,84244,-0.001734481193125248,,,
33,84249,-0.02495773881673813,,,
33,84254,-0.03458303213119507,,,
33,84259,-0.03557196259498596,,,
33,84264,-0.04882805049419403,,,
33,84269,-0.04517107829451561,,,
33,84274,-0.04513729363679886,,,
33,84279,-0.039117179811000824,,,
33,84284,-0.03319565951824188,,,
33,84289,-0.038249097764492035,,,
33,84294,-0.02241276577115059,,,
33,84299,-0.03486242890357971,,,
33,84304,-0.03674092888832092,,,
33,84309,-0.026592960581183434,,,
33,84314,-0.03323250263929367,,,
33,84319,-0.045048438012599945,,,
33,84324,-0.040756020694971085,,,
33,84329,-0.040449801832437515,,,
33,84334,-0.04702344536781311,,,
33,84339,-0.04843950271606445,,,
33,84344,-0.04744186997413635,,,
33,84349,-0.03438442200422287,,,
33,84354,-0.04464459419250488,,,
33,84359,-0.036885231733322144,,,
33,84364,-0.034849874675273895,,,
33,84369,-0.003376026637852192,,,
33,84374,-0.044378384947776794,,,
33,84379,-0.034797169268131256,,,
33,84384,-0.0395047590136528,,,
33,84389,-0.027216311544179916,,,
33,84394,-0.04541574418544769,,,
33,84399,-0.044273167848587036,,,
33,84404,-0.03530725836753845,,,
33,84409,-0.03300013393163681,,,
33,84414,-0.05009348690509796,,,
33,84419,-0.03425317257642746,,,
33,84424,-0.05360712110996246,,,
33,84429,-0.03898124024271965,,,
33,84434,-0.03406522423028946,,,
33,84439,-0.02441849187016487,,,
33,84444,-0.040578097105026245,,,
33,84449,0.0069997659884393215,,,
33,84454,-0.055148445069789886,,,
33,84459,-0.04222197085618973,,,
33,84464,-0.03331240266561508,,,
33,84469,-0.03739042207598686,,,
33,84474,-0.046965401619672775,,,
33,84479,-0.046399958431720734,,,
33,84484,-0.0333893820643425,,,
33,84489,-0.03861471265554428,,,
33,84494,-0.037672337144613266,,,
33,84499,-0.02495592087507248,,,
33,84504,-0.04756973683834076,,,
33,84509,-0.04816412925720215,,,
33,84514,-0.04900084063410759,,,
33,84519,-0.03452768921852112,,,
33,84524,-0.03551658242940903,,,
33,84529,-0.0019203275442123413,,,
33,84534,-0.03622326999902725,,,
33,84539,-0.030795464292168617,,,
33,84544,-0.026346150785684586,,,
33,84549,-0.03892429918050766,,,
33,84554,-0.04644394665956497,,,
33,84559,-0.03933088481426239,,,
33,84564,-0.0289240013808012,,,
33,84569,-0.03496493026614189,,,
33,84574,-0.044998444616794586,,,
33,84579,-0.009674061089754105,,,
33,84584,-0.02388184703886509,,,
33,84589,-0.03647318482398987,,,
33,84594,-0.03621784225106239,,,
33,84599,-0.026948243379592896,,,
33,84604,-0.03296589478850365,,,
33,84609,-0.05196324735879898,,,
33,84614,-0.045026618987321854,,,
33,84619,-0.010870511643588543,,,
33,84624,-0.056838102638721466,,,
33,84629,-0.037483640015125275,,,
33,84634,-0.02513965219259262,,,
33,84639,-0.056350916624069214,,,
33,84644,-0.03912243992090225,,,
33,84649,-0.03380970656871796,,,
33,84654,-0.04425429552793503,,,
33,84659,-0.02146468684077263,,,
33,84664,-0.023566201329231262,,,
33,84669,-0.04034837335348129,,,
33,84674,-0.048956744372844696,,,
33,84679,-0.04470467567443848,,,
33,84684,-0.036414988338947296,,,
33,84689,-0.03488219529390335,,,
33,84694,-0.034890927374362946,,,
33,84699,-0.03559914603829384,,,
33,84704,-0.041300494223833084,,,
33,84709,-0.03629031404852867,,,
33,84714,-0.039458341896533966,,,
33,84719,-0.04659569263458252,,,
33,84724,-0.03286478668451309,,,
33,84729,-0.052202604711055756,,,
33,84734,-0.04022694379091263,,,
33,84739,-0.027630377560853958,,,
33,84744,-0.04335334897041321,,,
33,84749,-0.011028265580534935,,,
33,84754,-0.032095570117235184,,,
33,84759,-0.04744378477334976,,,
33,84764,-0.026977255940437317,,,
33,84769,-0.03533196076750755,,,
33,84774,-0.0316879004240036,,,
33,84779,-0.0334005244076252,,,
33,84784,-0.04087681695818901,,,
33,84789,-0.022807493805885315,,,
33,84794,-0.04545902833342552,,,
33,84799,-0.026792703196406364,,,
33,84804,-0.05687662214040756,,,
33,84809,-0.03891007974743843,,,
33,84814,-0.05346040800213814,,,
33,84819,-0.05899009108543396,,,
33,84824,-0.05628635734319687,,,
33,84829,-0.039829373359680176,,,
33,84834,-0.039602361619472504,,,
33,84839,-0.028884433209896088,,,
33,84844,-0.034384869039058685,,,
33,84849,-0.04117024689912796,,,
33,84854,-0.029289215803146362,,,
33,84859,-0.021081095561385155,,,
33,84864,-0.05847655236721039,,,
33,84869,-0.032045878469944,,,
33,84874,-0.044614315032958984,,,
33,84879,-0.03448209911584854,,,
33,84884,-0.04801131412386894,,,
33,84889,-0.03639396280050278,,,
33,84894,-0.03354992717504501,,,
33,84899,-0.046654388308525085,,,
33,84904,-0.050533607602119446,,,
33,84909,-0.039066631346940994,,,
33,84914,-0.04272468388080597,,,
33,84919,-0.019726119935512543,,,
33,84924,-0.04055716469883919,,,
33,84929,-0.03868270665407181,,,
33,84934,-0.028990069404244423,,,
33,84939,-0.04864875599741936,,,
33,84944,-0.03927697613835335,,,
33,84949,-0.02855517342686653,,,
33,84954,-0.047897763550281525,,,
33,84959,-0.055489614605903625,,,
33,84964,-0.045266397297382355,,,
33,84969,-0.018880143761634827,,,
33,84974,-0.04478698596358299,,,
33,84979,-0.023685649037361145,,,
33,84984,-0.05234314501285553,,,
33,84989,-0.04871910437941551,,,
33,84994,-0.055813755840063095,,,
33,84999,-0.04507962241768837,,,
33,84999,,-0.029754638671875,0.2955000102519989,0.6019136309623718
34,85004,-0.04260323941707611,,,
34,85009,-0.04822898656129837,,,
34,85014,-0.028663981705904007,,,
34,85019,-0.022355809807777405,,,
34,85024,-0.02769593521952629,,,
34,85029,-0.032825976610183716,,,
34,85034,-0.0329287014901638,,,
34,85039,-0.03444824367761612,,,
34,85044,-0.021131936460733414,,,
34,85049,-0.03703080117702484,,,
34,85054,-0.018530812114477158,,,
34,85059,-0.03261885792016983,,,
34,85064,-0.02966073900461197,,,
34,85069,-0.02300906926393509,,,
34,85074,-0.04256824776530266,,,
34,85079,-0.038454025983810425,,,
34,85084,-0.026267141103744507,,,
34,85089,-0.038595207035541534,,,
34,85094,-0.04798780754208565,,,
34,85099,-0.045862022787332535,,,
34,85104,-0.03562556579709053,,,
34,85109,-0.03531980887055397,,,
34,85114,-0.041802916675806046,,,
34,85119,-0.03385790437459946,,,
34,85124,-0.02372516691684723,,,
34,85129,-0.042615581303834915,,,
34,85134,-0.024724900722503662,,,
34,85139,-0.038691647350788116,,,
34,85144,-0.03042670339345932,,,
34,85149,-0.042984530329704285,,,
34,85154,-0.030646912753582,,,
34,85159,-0.030996859073638916,,,
34,85164,-0.027760908007621765,,,
34,85169,-0.030544262379407883,,,
34,85174,-0.018234658986330032,,,
34,85179,-0.04027240723371506,,,
34,85184,-0.037060439586639404,,,
34,85189,-0.03407970443367958,,,
34,85194,-0.0365639328956604,,,
34,85199,-0.04731525480747223,,,
34,85204,-0.04331593215465546,,,
34,85209,-0.036585837602615356,,,
34,85214,-0.03437868505716324,,,
34,85219,-0.03384251147508621,,,
34,85224,-0.04873089864850044,,,
34,85229,-0.03843192011117935,,,
34,85234,-0.039127279072999954,,,
34,85239,-0.0363784059882164,,,
34,85244,-0.04444712772965431,,,
34,85249,-0.029519302770495415,,,
34,85254,-0.0296705923974514,,,
34,85259,-0.026562366634607315,,,
34,85264,-0.03852401301264763,,,
34,85269,-0.037597496062517166,,,
34,85274,-0.02181469276547432,,,
34,85279,-0.029377635568380356,,,
34,85284,-0.04421105980873108,,,
34,85289,-0.03249674290418625,,,
34,85294,-0.03530164062976837,,,
34,85299,-0.026024065911769867,,,
34,85304,-0.020127713680267334,,,
34,85309,-0.02534777671098709,,,
34,85314,-0.04548826813697815,,,
34,85319,-0.04408484324812889,,,
34,85324,-0.015601501800119877,,,
34,85329,-0.03494025021791458,,,
34,85334,-0.022835511714220047,,,
34,85339,-0.024222806096076965,,,
34,85344,-0.02112295851111412,,,
34,85349,-0.023142613470554352,,,
34,85354,-0.04063243418931961,,,
34,85359,-0.03503378480672836,,,
34,85364,-0.023669099435210228,,,
34,85369,-0.039163947105407715,,,
34,85374,-0.0416148342192173,,,
34,85379,-0.03786526620388031,,,
34,85384,-0.03439781069755554,,,
34,85389,-0.027111023664474487,,,
34,85394,-0.04835940897464752,,,
34,85399,-0.03882838785648346,,,
34,85404,-0.032160434871912,,,
34,85409,-0.03947726637125015,,,
34,85414,-0.047213200479745865,,,
34,85419,-0.03345045447349548,,,
34,85424,-0.023988787084817886,,,
34,85429,-0.03061091899871826,,,
34,85434,-0.03113473951816559,,,
34,85439,-0.02946770191192627,,,
34,85444,-0.02358790673315525,,,
34,85449,-0.032115206122398376,,,
34,85454,-0.02712365612387657,,,
34,85459,-0.025858690962195396,,,
34,85464,-0.03174407035112381,,,
34,85469,-0.04324816167354584,,,
34,85474,-0.0341283455491066,,,
34,85479,-0.027875062078237534,,,
34,85484,-0.04006795585155487,,,
34,85489,-0.037072911858558655,,,
34,85494,-0.04203563183546066,,,
34,85499,-0.022807937115430832,,,
34,85504,-0.03443261981010437,,,
34,85509,-0.04060206189751625,,,
34,85514,-0.04216937720775604,,,
34,85519,-0.03451608493924141,,,
34,85524,-0.04529711976647377,,,
34,85529,-0.008256137371063232,,,
34,85534,-0.0010122228413820267,,,
34,85539,-0.0556861013174057,,,
34,85544,-0.04559724032878876,,,
34,85549,-0.0337630957365036,,,
34,85554,-0.03756905347108841,,,
34,85559,-0.04881402105093002,,,
34,85564,-0.03908342868089676,,,
34,85569,-0.03366434946656227,,,
34,85574,-0.05114828050136566,,,
34,85579,-0.015726856887340546,,,
34,85584,-0.04412257298827171,,,
34,85589,-0.02904514968395233,,,
34,85594,-0.036818377673625946,,,
34,85599,-0.03854962810873985,,,
34,85604,-0.02952616475522518,,,
34,85609,-0.04218880832195282,,,
34,85614,-0.035273633897304535,,,
34,85619,-0.05513603240251541,,,
34,85624,-0.045998577028512955,,,
34,85629,-0.04396192729473114,,,
34,85634,-0.04165510833263397,,,
34,85639,-0.03118826635181904,,,
34,85644,-0.049147870391607285,,,
34,85649,-0.04230547696352005,,,
34,85654,-0.02034110203385353,,,
34,85659,-0.017267553135752678,,,
34,85664,-0.027542831376194954,,,
34,85669,-0.04669073596596718,,,
34,85674,-0.049283258616924286,,,
34,85679,-0.019644159823656082,,,
34,85684,-0.05565256625413895,,,
34,85689,-0.03658635914325714,,,
34,85694,-0.03837043046951294,,,
34,85699,-0.045092880725860596,,,
34,85704,-0.04592311382293701,,,
34,85709,-0.035538461059331894,,,
34,85714,-0.04208892211318016,,,
34,85719,-0.044024571776390076,,,
34,85724,-0.025501370429992676,,,
34,85729,-0.02953157387673855,,,
34,85734,-0.029545892030000687,,,
34,85739,-0.04043658450245857,,,
34,85744,-0.04229838401079178,,,
34,85749,-0.05397652089595795,,,
34,85754,-0.036205921322107315,,,
34,85759,-0.016633030027151108,,,
34,85764,-0.050215620547533035,,,
34,85769,-0.03815590590238571,,,
34,85774,-0.033856961876153946,,,
34,85779,-0.04111329838633537,,,
34,85784,-0.04142977297306061,,,
34,85789,-0.03376796469092369,,,
34,85794,-0.03896217793226242,,,
34,85799,-0.04661154747009277,,,
34,85804,-0.030848659574985504,,,
34,85809,-0.03596869856119156,,,
34,85814,-0.04184220731258392,,,
34,85819,-0.031596165150403976,,,
34,85824,-0.05039651319384575,,,
34,85829,-0.038238801062107086,,,
34,85834,-0.023312468081712723,,,
34,85839,-0.04154127091169357,,,
34,85844,-0.04694973677396774,,,
34,85849,-0.029671620577573776,,,
34,85854,-0.027622541412711143,,,
34,85859,-0.04442758113145828,,,
34,85864,-0.03524119406938553,,,
34,85869,-0.01412840373814106,,,
34,85874,-0.021707933396100998,,,
34,85879,-0.03717583045363426,,,
34,85884,-0.024717196822166443,,,
34,85889,-0.039275605231523514,,,
34,85894,-0.04104826599359512,,,
34,85899,-0.03149320185184479,,,
34,85904,-0.04863736778497696,,,
34,85909,-0.039688315242528915,,,
34,85914,-0.04634305089712143,,,
34,85919,-0.032865699380636215,,,
34,85924,-0.02810429036617279,,,
34,85929,-0.02276851236820221,,,
34,85934,-0.034739211201667786,,,
34,85939,-0.021192112937569618,,,
34,85944,-0.030844829976558685,,,
34,85949,-0.04180601239204407,,,
34,85954,-0.018467960879206657,,,
34,85959,-0.026745127514004707,,,
34,85964,-0.03328388184309006,,,
34,85969,-0.04497363418340683,,,
34,85974,-0.03719782456755638,,,
34,85979,-0.02894454449415207,,,
34,85984,-0.03412560746073723,,,
34,85989,-0.032776325941085815,,,
34,85994,-0.02843177318572998,,,
34,85999,-0.023927725851535797,,,
34,86004,-0.06479210406541824,,,
34,86009,-0.022362612187862396,,,
34,86014,-0.042141251266002655,,,
34,86019,-0.032931409776210785,,,
34,86024,-0.04124869406223297,,,
34,86029,-0.018838558346033096,,,
34,86034,-0.03917589783668518,,,
34,86039,-0.03436635434627533,,,
34,86044,-0.04407820105552673,,,
34,86049,-0.036179833114147186,,,
34,86054,-0.03693061321973801,,,
34,86059,-0.03757958114147186,,,
34,86064,-0.033345043659210205,,,
34,86069,-0.04787632077932358,,,
34,86074,-0.02229437045753002,,,
34,86079,-0.047798801213502884,,,
34,86084,-0.014406966045498848,,,
34,86089,-0.022395111620426178,,,
34,86094,-0.04959391802549362,,,
34,86099,-0.045177727937698364,,,
34,86104,-0.024316050112247467,,,
34,86109,-0.030477838590741158,,,
34,86114,-0.034780167043209076,,,
34,86119,-0.027399858459830284,,,
34,86124,-0.02900797128677368,,,
34,86129,-0.03687532991170883,,,
34,86134,-0.03330787271261215,,,
34,86139,-0.03677940368652344,,,
34,86144,-0.014489307999610901,,,
34,86149,-0.0359211266040802,,,
34,86154,-0.04236216098070145,,,
34,86159,-0.026456158608198166,,,
34,86164,-0.0363556444644928,,,
34,86169,-0.02223421260714531,,,
34,86174,-0.05403025448322296,,,
34,86179,-0.04715847969055176,,,
34,86184,-0.042063213884830475,,,
34,86189,-0.024332942441105843,,,
34,86194,-0.03629859536886215,,,
34,86199,-0.03296623378992081,,,
34,86204,-0.04010468348860741,,,
34,86209,-0.026975667104125023,,,
34,86214,-0.02389870211482048,,,
34,86219,-0.023154621943831444,,,
34,86224,-0.052508894354104996,,,
34,86229,-0.04051007702946663,,,
34,86234,-0.03504791855812073,,,
34,86239,-0.04536768049001694,,,
34,86244,-0.012622225098311901,,,
34,86249,-0.039026565849781036,,,
34,86254,-0.04899020120501518,,,
34,86259,-0.03315288573503494,,,
34,86264,-0.052090536803007126,,,
34,86269,-0.025428153574466705,,,
34,86274,-0.04410114139318466,,,
34,86279,-0.03159375116229057,,,
34,86284,-0.039819248020648956,,,
34,86289,-0.04265584051609039,,,
34,86294,-0.0178840272128582,,,
34,86299,-0.03562118485569954,,,
34,86304,-0.03966424614191055,,,
34,86309,-0.03258492797613144,,,
34,86314,-0.03219812735915184,,,
34,86319,-0.033078648149967194,,,
34,86324,-0.034100666642189026,,,
34,86329,-0.03668661415576935,,,
34,86334,-0.031160712242126465,,,
34,86339,-0.02841501124203205,,,
34,86344,-0.02963704988360405,,,
34,86349,-0.026442984119057655,,,
34,86354,-0.04093397036194801,,,
34,86359,-0.034307774156332016,,,
34,86364,-0.0439162477850914,,,
34,86369,-0.03911614045500755,,,
34,86374,-0.04204016551375389,,,
34,86379,-0.04599519073963165,,,
34,86384,-0.038911815732717514,,,
34,86389,-0.04290255531668663,,,
34,86394,-0.038862887769937515,,,
34,86399,-0.02487161010503769,,,
34,86404,-0.04788923263549805,,,
34,86409,-0.06264186650514603,,,
34,86414,-0.04047415405511856,,,
34,86419,-0.04243040084838867,,,
34,86424,-0.04977764934301376,,,
34,86429,-0.05151043087244034,,,
34,86434,-0.05051606148481369,,,
34,86439,-0.02399183064699173,,,
34,86444,-0.03935388848185539,,,
34,86449,-0.031499844044446945,,,
34,86454,-0.03222803771495819,,,
34,86459,-0.03511277213692665,,,
34,86464,-0.04031570255756378,,,
34,86469,-0.029311370104551315,,,
34,86474,-0.040962476283311844,,,
34,86479,-0.043062448501586914,,,
34,86484,-0.03490736335515976,,,
34,86489,-0.04293178766965866,,,
34,86494,-0.03381100669503212,,,
34,86499,-0.02025892585515976,,,
34,86504,-0.03929808735847473,,,
34,86509,-0.03351457417011261,,,
34,86514,-0.05444834381341934,,,
34,86519,-0.060971736907958984,,,
34,86524,-0.04108963906764984,,,
34,86529,-0.04212507978081703,,,
34,86534,-0.013953774236142635,,,
34,86539,-0.02953103929758072,,,
34,86544,-0.03590646758675575,,,
34,86549,-0.043891001492738724,,,
34,86554,-0.027435097843408585,,,
34,86559,-0.039850786328315735,,,
34,86564,-0.03405846655368805,,,
34,86569,-0.035256389528512955,,,
34,86574,-0.020209897309541702,,,
34,86579,-0.020643586292862892,,,
34,86584,-0.03773247450590134,,,
34,86589,-0.03741329908370972,,,
34,86594,-0.053084056824445724,,,
34,86599,-0.03917478397488594,,,
34,86604,-0.018518825992941856,,,
34,86609,-0.02175045572221279,,,
34,86614,-0.028528910130262375,,,
34,86619,-0.04050006717443466,,,
34,86624,-0.02932070381939411,,,
34,86629,-0.04125341400504112,,,
34,86634,-0.041865184903144836,,,
34,86639,-0.043988507241010666,,,
34,86644,-0.05127142369747162,,,
34,86649,-0.04616832733154297,,,
34,86654,-0.04266657680273056,,,
34,86659,-0.029038578271865845,,,
34,86664,-0.031509142369031906,,,
34,86669,-0.021933145821094513,,,
34,86674,-0.03046627901494503,,,
34,86679,-0.04773135110735893,,,
34,86684,-0.03845319151878357,,,
34,86689,-0.02522704191505909,,,
34,86694,-0.03082195296883583,,,
34,86699,-0.04776383936405182,,,
34,86704,-0.015309433452785015,,,
34,86709,-0.04828052222728729,,,
34,86714,-0.028654281049966812,,,
34,86719,-0.029173076152801514,,,
34,86724,-0.03777802363038063,,,
34,86729,-0.03689512610435486,,,
34,86734,-0.04417429491877556,,,
34,86739,-0.03408043459057808,,,
34,86744,-0.045642998069524765,,,
34,86749,-0.04741603136062622,,,
34,86754,-0.04169056564569473,,,
34,86759,-0.046047162264585495,,,
34,86764,-0.030714502558112144,,,
34,86769,-0.034030403941869736,,,
34,86774,-0.041555847972631454,,,
34,86779,-0.03425879776477814,,,
34,86784,-0.045551322400569916,,,
34,86789,-0.02715597301721573,,,
34,86794,-0.03518371656537056,,,
34,86799,-0.043911825865507126,,,
34,86804,-0.04055917263031006,,,
34,86809,-0.03462031111121178,,,
34,86814,-0.0343809500336647,,,
34,86819,-0.04633349925279617,,,
34,86824,-0.036177437752485275,,,
34,86829,-0.03120005875825882,,,
34,86834,-0.019917219877243042,,,
34,86839,-0.025992270559072495,,,
34,86844,-0.031106682494282722,,,
34,86849,-0.038492511957883835,,,
34,86854,-0.024167822673916817,,,
34,86859,-0.039770644158124924,,,
34,86864,-0.047805581241846085,,,
34,86869,-0.033114224672317505,,,
34,86874,-0.03560929745435715,,,
34,86879,-0.03612709790468216,,,
34,86884,-0.02735941670835018,,,
34,86889,-0.03171640262007713,,,
34,86894,-0.035569071769714355,,,
34,86899,-0.03940217196941376,,,
34,86904,-0.042638491839170456,,,
34,86909,-0.04047226905822754,,,
34,86914,-0.032134659588336945,,,
34,86919,-0.039175719022750854,,,
34,86924,-0.03278002142906189,,,
34,86929,-0.04086112231016159,,,
34,86934,-0.041520703583955765,,,
34,86939,-0.03304116427898407,,,
34,86944,-0.03820735961198807,,,
34,86949,-0.03862904757261276,,,
34,86954,-0.024492207914590836,,,
34,86959,-0.018341729417443275,,,
34,86964,-0.036941781640052795,,,
34,86969,-0.042837947607040405,,,
34,86974,-0.028951626271009445,,,
34,86979,-0.02984032593667507,,,
34,86984,-0.011443160474300385,,,
34,86989,-0.04695426672697067,,,
34,86994,-0.02897779271006584,,,
34,86999,-0.03979519009590149,,,
34,87004,-0.031719088554382324,,,
34,87009,-0.0401562824845314,,,
34,87014,-0.030103426426649094,,,
34,87019,-0.0350678451359272,,,
34,87024,-0.03445243835449219,,,
34,87029,-0.03406305983662605,,,
34,87034,-0.045421335846185684,,,
34,87039,-0.02762540616095066,,,
34,87044,-0.03838460147380829,,,
34,87049,-0.035000573843717575,,,
34,87054,-0.055717021226882935,,,
34,87059,-0.02612937055528164,,,
34,87064,-0.021936096251010895,,,
34,87069,-0.04334995895624161,,,
34,87074,-0.047377340495586395,,,
34,87079,-0.05332184582948685,,,
34,87084,-0.026779312640428543,,,
34,87089,-0.019026121124625206,,,
34,87094,-0.030012410134077072,,,
34,87099,-0.03642535209655762,,,
34,87104,-0.04068073630332947,,,
34,87109,-0.037216611206531525,,,
34,87114,-0.028409011662006378,,,
34,87119,-0.04003537446260452,,,
34,87124,-0.03753610700368881,,,
34,87129,-0.03397395461797714,,,
34,87134,-0.056433238089084625,,,
34,87139,-0.028666695579886436,,,
34,87144,-0.050116412341594696,,,
34,87149,-0.03641756996512413,,,
34,87154,-0.04689323902130127,,,
34,87159,-0.02399439737200737,,,
34,87164,-0.04003562405705452,,,
34,87169,-0.030282581225037575,,,
34,87174,-0.02581830695271492,,,
34,87179,-0.03747955709695816,,,
34,87184,-0.04582609981298447,,,
34,87189,-0.034916914999485016,,,
34,87194,-0.03349042683839798,,,
34,87199,-0.04595598578453064,,,
34,87204,-0.0319303534924984,,,
34,87209,-0.0377049446105957,,,
34,87214,-0.04656057059764862,,,
34,87219,-0.03829645365476608,,,
34,87224,-0.0314284972846508,,,
34,87229,-0.0405728779733181,,,
34,87234,-0.043757371604442596,,,
34,87239,-0.012262439355254173,,,
34,87244,-0.04621018469333649,,,
34,87249,-0.0408061146736145,,,
34,87254,-0.024432893842458725,,,
34,87259,-0.029219677671790123,,,
34,87264,-0.05241546034812927,,,
34,87269,-0.0355977863073349,,,
34,87274,-0.05303824320435524,,,
34,87279,-0.05075235664844513,,,
34,87284,-0.04362878203392029,,,
34,87289,-0.027166135609149933,,,
34,87294,-0.044680338352918625,,,
34,87299,-0.028469908982515335,,,
34,87304,-0.02925916761159897,,,
34,87309,-0.03177175298333168,,,
34,87314,-0.042281270027160645,,,
34,87319,-0.023281903937458992,,,
34,87324,-0.03620530664920807,,,
34,87329,-0.03036295436322689,,,
34,87334,-0.028700895607471466,,,
34,87339,-0.039853036403656006,,,
34,87344,-0.029740504920482635,,,
34,87349,-0.032754406332969666,,,
34,87354,-0.021373115479946136,,,
34,87359,-0.03943844512104988,,,
34,87364,-0.05280262976884842,,,
34,87369,-0.0435367077589035,,,
34,87374,-0.01612846925854683,,,
34,87379,-0.04804068058729172,,,
34,87384,-0.02843809872865677,,,
34,87389,-0.044951099902391434,,,
34,87394,-0.028079472482204437,,,
34,87399,-0.05074632912874222,,,
34,87404,-0.02711329236626625,,,
34,87409,-0.04726151376962662,,,
34,87414,-0.043004874140024185,,,
34,87419,-0.04359599947929382,,,
34,87424,-0.05023479089140892,,,
34,87429,-0.05093642696738243,,,
34,87434,-0.029334353283047676,,,
34,87439,-0.03515228256583214,,,
34,87444,-0.038986675441265106,,,
34,87449,-0.025390764698386192,,,
34,87454,-0.04192563146352768,,,
34,87459,-0.03630290925502777,,,
34,87464,-0.04664966091513634,,,
34,87469,-0.051887258887290955,,,
34,87474,-0.025147829204797745,,,
34,87479,-0.02665581926703453,,,
34,87484,-0.04922199621796608,,,
34,87489,-0.030831102281808853,,,
34,87494,-0.04844953864812851,,,
34,87499,-0.02835845947265625,,,
34,87499,,-0.023823529481887817,0.2888999879360199,0.5923681259155273
