epoch,step,train_loss,val_loss,val_mae,val_rmse
0,4,3.02897310256958,,,
0,9,2.338515281677246,,,
0,14,1.0803383588790894,,,
0,19,2.0880939960479736,,,
0,24,0.8974079489707947,,,
0,29,0.7069734930992126,,,
0,34,0.44624269008636475,,,
0,39,0.2637521028518677,,,
0,44,0.18136394023895264,,,
0,49,0.056904517114162445,,,
0,54,0.061305202543735504,,,
0,59,0.02934499830007553,,,
0,64,-0.015400152653455734,,,
0,69,0.3160989284515381,,,
0,74,-0.04593612998723984,,,
0,79,0.13449712097644806,,,
0,84,-0.037307724356651306,,,
0,89,0.00784908514469862,,,
0,94,0.18287870287895203,,,
0,99,0.00030651502311229706,,,
0,104,-0.02923452854156494,,,
0,109,0.027962280437350273,,,
0,114,-0.029911618679761887,,,
0,119,0.05974578857421875,,,
0,124,0.01877368800342083,,,
0,129,0.1856919676065445,,,
0,134,-0.01315285637974739,,,
0,139,0.04694141820073128,,,
0,144,0.02986885793507099,,,
0,149,0.02000545524060726,,,
0,154,0.07101545482873917,,,
0,159,-0.061855170875787735,,,
0,164,-0.01714283600449562,,,
0,169,-0.013039475306868553,,,
0,174,-0.0236301738768816,,,
0,179,0.07516635954380035,,,
0,184,-0.03295257315039635,,,
0,189,1.3502655029296875,,,
0,194,0.16304847598075867,,,
0,199,-0.03129804879426956,,,
0,204,-0.03768972307443619,,,
0,209,0.030272850766777992,,,
0,214,-0.056256383657455444,,,
0,219,0.07975956052541733,,,
0,224,0.0832938551902771,,,
0,229,-0.020395591855049133,,,
0,234,-0.06640729308128357,,,
0,239,0.013993177562952042,,,
0,244,-0.014399535953998566,,,
0,249,1.4154014587402344,,,
0,254,-0.08309962600469589,,,
0,259,-0.04074711725115776,,,
0,264,0.015748517587780952,,,
0,269,-0.05598406493663788,,,
0,274,-0.028894225135445595,,,
0,279,-0.03712519258260727,,,
0,284,-0.032844144850969315,,,
0,289,-0.020300375297665596,,,
0,294,-0.02114412747323513,,,
0,299,0.09251944720745087,,,
0,304,-0.06474263966083527,,,
0,309,0.010651365853846073,,,
0,314,-0.02474374696612358,,,
0,319,-0.02699344977736473,,,
0,324,0.013688836246728897,,,
0,329,-0.07877057790756226,,,
0,334,-0.0038059279322624207,,,
0,339,-0.02944750338792801,,,
0,344,-0.04696954786777496,,,
0,349,-0.07620987296104431,,,
0,354,-0.01822272315621376,,,
0,359,-0.05992123484611511,,,
0,364,-0.011454794555902481,,,
0,369,-0.06853874027729034,,,
0,374,0.09786112606525421,,,
0,379,-0.03624861687421799,,,
0,384,-0.08688163757324219,,,
0,389,-0.09389816224575043,,,
0,394,-0.08836521953344345,,,
0,399,-0.006734728813171387,,,
0,404,-0.054553184658288956,,,
0,409,-0.09117771685123444,,,
0,414,-0.06044763699173927,,,
0,419,-0.07664357125759125,,,
0,424,-0.042872920632362366,,,
0,429,-0.06346115469932556,,,
0,434,-0.011201714165508747,,,
0,439,-0.06294526159763336,,,
0,444,-0.03896191716194153,,,
0,449,-0.003906507045030594,,,
0,454,-0.06854361295700073,,,
0,459,-0.0751962885260582,,,
0,464,-0.12461907416582108,,,
0,469,-0.054990798234939575,,,
0,474,-0.06182233616709709,,,
0,479,-0.0843161791563034,,,
0,484,-0.08531252294778824,,,
0,489,-0.03155246004462242,,,
0,494,-0.004249074961990118,,,
0,499,-0.06295126676559448,,,
0,504,-0.07313474267721176,,,
0,509,-0.010227106511592865,,,
0,514,0.008784882724285126,,,
0,519,-0.087591752409935,,,
0,524,-0.07962659001350403,,,
0,529,-0.021717950701713562,,,
0,534,-0.05313115939497948,,,
0,539,-0.05355355516076088,,,
0,544,-0.010450266301631927,,,
0,549,-0.05595915764570236,,,
0,554,-0.08362732082605362,,,
0,559,-0.07465966045856476,,,
0,564,-0.006937396712601185,,,
0,569,-0.11669473350048065,,,
0,574,-0.003079887479543686,,,
0,579,-0.007616343908011913,,,
0,584,-0.07724226266145706,,,
0,589,-0.026880819350481033,,,
0,594,-0.055756062269210815,,,
0,599,-0.0012614917941391468,,,
0,604,0.009558096528053284,,,
0,609,-0.023181617259979248,,,
0,614,0.007944189012050629,,,
0,619,-0.11077339202165604,,,
0,624,-0.06984295696020126,,,
0,629,-0.07384391129016876,,,
0,634,-0.03512762486934662,,,
0,639,0.02996784821152687,,,
0,644,-0.06259965896606445,,,
0,649,-0.07655568420886993,,,
0,654,-0.02383502572774887,,,
0,659,-0.06307724863290787,,,
0,664,-0.024728910997509956,,,
0,669,-0.08289699256420135,,,
0,674,-0.08423928916454315,,,
0,679,-0.014615107327699661,,,
0,684,-0.06484636664390564,,,
0,689,-0.07578974962234497,,,
0,694,-0.07292726635932922,,,
0,699,-0.012460901401937008,,,
0,704,-0.02824033796787262,,,
0,709,-0.0781162902712822,,,
0,714,-0.0920160636305809,,,
0,719,0.18207255005836487,,,
0,724,-0.053832024335861206,,,
0,729,0.0377308689057827,,,
0,734,-0.038711681962013245,,,
0,739,-0.05595909804105759,,,
0,744,-0.07802604138851166,,,
0,749,-0.052994631230831146,,,
0,754,0.017201248556375504,,,
0,759,-0.07114607095718384,,,
0,764,-0.053313374519348145,,,
0,769,-0.053117502480745316,,,
0,774,-0.027523014694452286,,,
0,779,-0.0832265093922615,,,
0,784,-0.05992426723241806,,,
0,789,-0.03226038068532944,,,
0,794,-0.05005821958184242,,,
0,799,-0.06568708270788193,,,
0,804,-0.05297968164086342,,,
0,809,-0.06705304980278015,,,
0,814,-0.03485199436545372,,,
0,819,-0.05511956661939621,,,
0,824,-0.06439653784036636,,,
0,829,-0.06995918601751328,,,
0,834,-0.06686911731958389,,,
0,839,-0.08178084343671799,,,
0,844,-0.07212407141923904,,,
0,849,-0.04650600627064705,,,
0,854,-0.09173453599214554,,,
0,859,-0.07410459220409393,,,
0,864,-0.062384240329265594,,,
0,869,0.026473283767700195,,,
0,874,0.005753874778747559,,,
0,879,-0.021402433514595032,,,
0,884,-0.07068387418985367,,,
0,889,0.028209161013364792,,,
0,894,-0.0381089486181736,,,
0,899,-0.062369026243686676,,,
0,904,-0.03477240353822708,,,
0,909,0.09195715188980103,,,
0,914,0.049190398305654526,,,
0,919,-0.06704819202423096,,,
0,924,-0.04955092817544937,,,
0,929,-0.06668663024902344,,,
0,934,-0.07060524821281433,,,
0,939,-0.03126279637217522,,,
0,944,-0.018709059804677963,,,
0,949,-0.05377223342657089,,,
0,954,-0.035316046327352524,,,
0,959,-0.0758281722664833,,,
0,964,-0.05438371002674103,,,
0,969,-0.0059442296624183655,,,
0,974,0.010146440006792545,,,
0,979,0.019846322014927864,,,
0,984,-0.054164089262485504,,,
0,989,-0.040593162178993225,,,
0,994,-0.035802483558654785,,,
0,999,-0.04208260774612427,,,
0,1004,-0.0665988028049469,,,
0,1009,-0.0662762001156807,,,
0,1014,0.02197287790477276,,,
0,1019,0.017601586878299713,,,
0,1024,0.0026635117828845978,,,
0,1029,-0.07389149814844131,,,
0,1034,-0.07278145104646683,,,
0,1039,-0.023602180182933807,,,
0,1044,-0.02323026955127716,,,
0,1049,-0.04451008141040802,,,
0,1054,-0.009071122854948044,,,
0,1059,0.10666733980178833,,,
0,1064,-0.012076404877007008,,,
0,1069,-0.05798407271504402,,,
0,1074,-0.007228105328977108,,,
0,1079,-0.041327934712171555,,,
0,1084,-0.029736634343862534,,,
0,1089,-0.015895923599600792,,,
0,1094,-0.020030707120895386,,,
0,1099,-0.05703430250287056,,,
0,1104,-0.07790601253509521,,,
0,1109,-0.07656906545162201,,,
0,1114,-0.05813750624656677,,,
0,1119,-0.045107558369636536,,,
0,1124,-0.08640288561582565,,,
0,1129,0.005597828887403011,,,
0,1134,-0.024777239188551903,,,
0,1139,-0.017060715705156326,,,
0,1144,-0.08583013713359833,,,
0,1149,0.023146748542785645,,,
0,1154,0.016158415004611015,,,
0,1159,-0.03137747198343277,,,
0,1164,-0.018581915646791458,,,
0,1169,-0.014541743323206902,,,
0,1174,-0.011348138563334942,,,
0,1179,-0.014545505866408348,,,
0,1184,0.011380543932318687,,,
0,1189,0.00047833845019340515,,,
0,1194,0.06221729516983032,,,
0,1199,-0.0718902051448822,,,
0,1204,-0.03579788655042648,,,
0,1209,-0.07834492623806,,,
0,1214,-0.027992509305477142,,,
0,1219,-0.05518589913845062,,,
0,1224,0.01779637485742569,,,
0,1229,-0.0669005960226059,,,
0,1234,-0.05968378111720085,,,
0,1239,-0.016290057450532913,,,
0,1244,-0.08025379478931427,,,
0,1249,-0.06234933063387871,,,
0,1254,-0.058839235454797745,,,
0,1259,-0.06670546531677246,,,
0,1264,-0.038279179483652115,,,
0,1269,-0.06185832619667053,,,
0,1274,-0.08840057998895645,,,
0,1279,-0.06243514269590378,,,
0,1284,-0.06761337071657181,,,
0,1289,-0.07465943694114685,,,
0,1294,-0.0071728527545928955,,,
0,1299,-0.041289348155260086,,,
0,1304,-0.05109421908855438,,,
0,1309,0.022701123729348183,,,
0,1314,-0.049162961542606354,,,
0,1319,-0.03973947837948799,,,
0,1324,0.007366585545241833,,,
0,1329,-0.06880885362625122,,,
0,1334,-0.08502660691738129,,,
0,1339,-0.06539487838745117,,,
0,1344,-0.028013264760375023,,,
0,1349,-0.04054392874240875,,,
0,1354,-0.0365210622549057,,,
0,1359,-0.0546816885471344,,,
0,1364,-0.02746814303100109,,,
0,1369,-0.023378869518637657,,,
0,1374,-0.07220309972763062,,,
0,1379,-0.024764828383922577,,,
0,1384,-0.037952303886413574,,,
0,1389,-0.04312647879123688,,,
0,1394,0.0037874672561883926,,,
0,1399,-0.02554483897984028,,,
0,1404,0.04010793939232826,,,
0,1409,-0.05103309452533722,,,
0,1414,-0.02326994203031063,,,
0,1419,-0.06731878966093063,,,
0,1424,-0.02256198599934578,,,
0,1429,0.021354716271162033,,,
0,1434,-0.04245184734463692,,,
0,1439,0.05723293870687485,,,
0,1444,-0.0664469301700592,,,
0,1449,-0.06905101239681244,,,
0,1454,-0.03953622281551361,,,
0,1459,-0.0503535196185112,,,
0,1464,-0.031777288764715195,,,
0,1469,-0.002341434359550476,,,
0,1474,-0.04821455106139183,,,
0,1479,-0.02506444975733757,,,
0,1484,-0.07426758855581284,,,
0,1489,-0.06258806586265564,,,
0,1494,0.0078118955716490746,,,
0,1499,-0.07451735436916351,,,
0,1504,-0.02520027756690979,,,
0,1509,-0.05097007751464844,,,
0,1514,-0.06536266207695007,,,
0,1519,-0.05125781148672104,,,
0,1524,-0.03049105778336525,,,
0,1529,-0.06987334787845612,,,
0,1534,0.0005182325839996338,,,
0,1539,0.017563704401254654,,,
0,1544,-0.046729300171136856,,,
0,1549,-0.040639206767082214,,,
0,1554,0.02181779220700264,,,
0,1559,-0.018250275403261185,,,
0,1564,-0.07156462967395782,,,
0,1569,-0.009623653255403042,,,
0,1574,-0.08533588796854019,,,
0,1579,-0.011008692905306816,,,
0,1584,-0.04470022767782211,,,
0,1589,-0.0386170819401741,,,
0,1594,-0.014042390510439873,,,
0,1599,-0.06618086993694305,,,
0,1604,-0.026001151651144028,,,
0,1609,-0.058872975409030914,,,
0,1614,-0.04682045802474022,,,
0,1619,-0.03333621472120285,,,
0,1624,0.04443126544356346,,,
0,1629,-0.0643763393163681,,,
0,1634,-0.060982901602983475,,,
0,1639,-0.07527866214513779,,,
0,1644,-0.05241234228014946,,,
0,1649,-0.013741648755967617,,,
0,1654,-0.0826529860496521,,,
0,1659,-0.10406696796417236,,,
0,1664,-0.05303181707859039,,,
0,1669,-0.045635007321834564,,,
0,1674,-0.05502526834607124,,,
0,1679,-0.003391554579138756,,,
0,1684,-0.05945518612861633,,,
0,1689,0.01225360669195652,,,
0,1694,-0.04283105581998825,,,
0,1699,-0.0205122921615839,,,
0,1704,-0.061166517436504364,,,
0,1709,-0.03835614025592804,,,
0,1714,-0.05747692659497261,,,
0,1719,0.05655650794506073,,,
0,1724,-0.0731249526143074,,,
0,1729,-0.05544939637184143,,,
0,1734,-0.001100555993616581,,,
0,1739,-0.048003584146499634,,,
0,1744,0.06349065899848938,,,
0,1749,0.014310689643025398,,,
0,1754,0.006401237100362778,,,
0,1759,-0.042342718690633774,,,
0,1764,-0.050877705216407776,,,
0,1769,-0.004534101113677025,,,
0,1774,-0.03372449800372124,,,
0,1779,-0.06697528064250946,,,
0,1784,0.0010844776406884193,,,
0,1789,-0.03980362415313721,,,
0,1794,-0.02539684809744358,,,
0,1799,-0.0934610366821289,,,
0,1804,-0.01996753178536892,,,
0,1809,-0.061888113617897034,,,
0,1814,-0.057321637868881226,,,
0,1819,0.0227254219353199,,,
0,1824,-0.04364726319909096,,,
0,1829,-0.04409262165427208,,,
0,1834,-0.04600219056010246,,,
0,1839,-0.06463637948036194,,,
0,1844,-0.058969609439373016,,,
0,1849,-0.07526151090860367,,,
0,1854,-0.06041920557618141,,,
0,1859,-0.025358302518725395,,,
0,1864,-0.04280562698841095,,,
0,1869,-0.07611988484859467,,,
0,1874,-0.07391877472400665,,,
0,1879,-0.02399800717830658,,,
0,1884,-0.022104673087596893,,,
0,1889,-0.05528142303228378,,,
0,1894,0.05464640259742737,,,
0,1899,-0.07735399901866913,,,
0,1904,-0.020496293902397156,,,
0,1909,-0.0003498345613479614,,,
0,1914,0.014319788664579391,,,
0,1919,-0.06117377430200577,,,
0,1924,-0.04830668866634369,,,
0,1929,-0.0717214047908783,,,
0,1934,-0.05653311684727669,,,
0,1939,-0.03988809138536453,,,
0,1944,-0.07161146402359009,,,
0,1949,-0.06158013641834259,,,
0,1954,-0.08317114412784576,,,
0,1959,-0.05974534526467323,,,
0,1964,-0.07402344793081284,,,
0,1969,-0.02414551004767418,,,
0,1974,-0.06469160318374634,,,
0,1979,-0.07515399903059006,,,
0,1984,0.002062486484646797,,,
0,1989,-0.055877331644296646,,,
0,1994,-0.08040964603424072,,,
0,1999,0.020781900733709335,,,
0,2004,-0.07796044647693634,,,
0,2009,-0.0624009445309639,,,
0,2014,-0.045096755027770996,,,
0,2019,-0.03563458472490311,,,
0,2024,-0.013841742649674416,,,
0,2029,-0.046943340450525284,,,
0,2034,-0.06670454144477844,,,
0,2039,-0.056377310305833817,,,
0,2044,-0.04687296226620674,,,
0,2049,-0.07234512269496918,,,
0,2054,-0.050804488360881805,,,
0,2059,0.006572900339961052,,,
0,2064,-0.007661398500204086,,,
0,2069,-0.04379986971616745,,,
0,2074,-0.08392639458179474,,,
0,2079,-0.06304554641246796,,,
0,2084,-0.034044429659843445,,,
0,2089,-0.032548174262046814,,,
0,2094,0.007017016410827637,,,
0,2099,-0.04285907745361328,,,
0,2104,-0.06136281415820122,,,
0,2109,-0.07769820839166641,,,
0,2114,-0.0381193533539772,,,
0,2119,-0.037803810089826584,,,
0,2124,-0.00854271836578846,,,
0,2129,-0.0010940730571746826,,,
0,2134,-0.08763854205608368,,,
0,2139,-0.007532358169555664,,,
0,2144,-0.027754349634051323,,,
0,2149,-0.04018240422010422,,,
0,2154,-0.09550674259662628,,,
0,2159,-0.03717229515314102,,,
0,2164,-0.057033970952034,,,
0,2169,-0.046314142644405365,,,
0,2174,-0.06164468452334404,,,
0,2179,-0.024694189429283142,,,
0,2184,-0.06536451727151871,,,
0,2189,-0.06850249320268631,,,
0,2194,0.01603095605969429,,,
0,2199,-0.08705930411815643,,,
0,2204,-0.07569272071123123,,,
0,2209,-0.041371822357177734,,,
0,2214,-0.04858912527561188,,,
0,2219,-0.0523020401597023,,,
0,2224,-0.04838400334119797,,,
0,2229,-0.041501857340335846,,,
0,2234,-0.05669789761304855,,,
0,2239,-0.07881440222263336,,,
0,2244,-0.04515291005373001,,,
0,2249,-0.04400677978992462,,,
0,2254,0.003414396196603775,,,
0,2259,0.11542537808418274,,,
0,2264,-0.08402634412050247,,,
0,2269,-0.05614500492811203,,,
0,2274,-0.04957374185323715,,,
0,2279,0.009190576151013374,,,
0,2284,-0.0427146777510643,,,
0,2289,-0.001099616289138794,,,
0,2294,-0.049711115658283234,,,
0,2299,-0.03233198821544647,,,
0,2304,-0.01152273640036583,,,
0,2309,-0.08353760093450546,,,
0,2314,-0.03519007936120033,,,
0,2319,-0.027185872197151184,,,
0,2324,-0.05656678229570389,,,
0,2329,-0.05762292444705963,,,
0,2334,-0.07918493449687958,,,
0,2339,-0.0281866192817688,,,
0,2344,-0.0701412707567215,,,
0,2349,-0.08048544824123383,,,
0,2354,-0.04301053658127785,,,
0,2359,-0.06615609675645828,,,
0,2364,-0.047829847782850266,,,
0,2369,-0.043045949190855026,,,
0,2374,-0.06649807095527649,,,
0,2379,-0.06560110300779343,,,
0,2384,-0.057111114263534546,,,
0,2389,-0.07011335343122482,,,
0,2394,-0.0007829153910279274,,,
0,2399,-0.010259977541863918,,,
0,2404,-0.0490310974419117,,,
0,2409,-0.05782737210392952,,,
0,2414,-0.07715870440006256,,,
0,2419,-0.06046370416879654,,,
0,2424,0.002672569826245308,,,
0,2429,-0.06654277443885803,,,
0,2434,-0.04345100745558739,,,
0,2439,-0.027852509170770645,,,
0,2444,-0.07862207293510437,,,
0,2449,-0.03096665069460869,,,
0,2454,-0.050374407321214676,,,
0,2459,-0.05289164558053017,,,
0,2464,-0.07329931855201721,,,
0,2469,-0.034830883145332336,,,
0,2474,0.04812545329332352,,,
0,2479,-0.046868130564689636,,,
0,2484,-0.06320908665657043,,,
0,2489,-0.034077804535627365,,,
0,2494,0.009172206744551659,,,
0,2499,-0.029630836099386215,,,
0,2499,,-0.03939250484108925,0.5834000110626221,0.9590620398521423
1,2504,-0.03812965750694275,,,
1,2509,-0.012105884030461311,,,
1,2514,0.012104544788599014,,,
1,2519,-0.062424253672361374,,,
1,2524,-0.01019035279750824,,,
1,2529,-0.067787766456604,,,
1,2534,-0.04536508396267891,,,
1,2539,-0.061310213059186935,,,
1,2544,-0.0540674552321434,,,
1,2549,-0.04640456661581993,,,
1,2554,-0.0668545588850975,,,
1,2559,-0.06523796916007996,,,
1,2564,-0.04457741975784302,,,
1,2569,0.04158702865242958,,,
1,2574,-0.06014914810657501,,,
1,2579,-0.03527620807290077,,,
1,2584,-0.04303208738565445,,,
1,2589,-0.01114809699356556,,,
1,2594,-0.0673661157488823,,,
1,2599,-0.06885375082492828,,,
1,2604,0.013327805325388908,,,
1,2609,-0.06336411833763123,,,
1,2614,-0.051000263541936874,,,
1,2619,-0.07856625318527222,,,
1,2624,-0.05859734117984772,,,
1,2629,-0.0756719708442688,,,
1,2634,-0.04316036030650139,,,
1,2639,0.0417054109275341,,,
1,2644,-0.06485337764024734,,,
1,2649,-0.009695636108517647,,,
1,2654,-0.08141971379518509,,,
1,2659,-0.0424470454454422,,,
1,2664,-0.06954063475131989,,,
1,2669,-0.05537876486778259,,,
1,2674,0.002956600859761238,,,
1,2679,-0.060539454221725464,,,
1,2684,-0.07359650731086731,,,
1,2689,-0.05102343112230301,,,
1,2694,-0.06679198145866394,,,
1,2699,-0.07094571739435196,,,
1,2704,-0.0677492618560791,,,
1,2709,-0.05265357345342636,,,
1,2714,-0.05818425863981247,,,
1,2719,-0.07102403044700623,,,
1,2724,-0.03869932144880295,,,
1,2729,-0.08002185076475143,,,
1,2734,-0.08655357360839844,,,
1,2739,-0.02164212241768837,,,
1,2744,0.03534211963415146,,,
1,2749,-0.06474405527114868,,,
1,2754,-0.017002902925014496,,,
1,2759,-0.014759719371795654,,,
1,2764,-0.01216144673526287,,,
1,2769,-0.0950840562582016,,,
1,2774,-0.02558717131614685,,,
1,2779,-0.03543873503804207,,,
1,2784,-0.031716760247945786,,,
1,2789,-0.10252653062343597,,,
1,2794,-0.036550119519233704,,,
1,2799,-0.07412602007389069,,,
1,2804,-0.0019521014764904976,,,
1,2809,-0.05247568339109421,,,
1,2814,-0.05512971431016922,,,
1,2819,-0.05740987882018089,,,
1,2824,-0.05120309442281723,,,
1,2829,-0.026680253446102142,,,
1,2834,0.013484090566635132,,,
1,2839,-0.06261228024959564,,,
1,2844,-0.06140937656164169,,,
1,2849,-0.0635136067867279,,,
1,2854,-0.044682733714580536,,,
1,2859,-0.05223849043250084,,,
1,2864,-0.03333264961838722,,,
1,2869,-0.055915869772434235,,,
1,2874,-0.0631818026304245,,,
1,2879,-0.022665418684482574,,,
1,2884,-0.05945512279868126,,,
1,2889,-0.01876869797706604,,,
1,2894,-0.04627659544348717,,,
1,2899,-0.04605802893638611,,,
1,2904,-0.032873302698135376,,,
1,2909,-0.03748633712530136,,,
1,2914,-0.03716257959604263,,,
1,2919,-0.06476296484470367,,,
1,2924,-0.06368102133274078,,,
1,2929,-0.07062648236751556,,,
1,2934,-0.01666412129998207,,,
1,2939,-0.06241641566157341,,,
1,2944,-0.023317942395806313,,,
1,2949,-0.06710568070411682,,,
1,2954,-0.010750696063041687,,,
1,2959,-0.010009738616645336,,,
1,2964,-0.0864764004945755,,,
1,2969,-0.052524223923683167,,,
1,2974,-0.03617873042821884,,,
1,2979,-0.078445665538311,,,
1,2984,-0.07774703204631805,,,
1,2989,0.05027484521269798,,,
1,2994,-0.04131552577018738,,,
1,2999,-0.08833079785108566,,,
1,3004,-0.06485889852046967,,,
1,3009,0.022045981138944626,,,
1,3014,-0.08224330097436905,,,
1,3019,-0.031691525131464005,,,
1,3024,-0.02828671596944332,,,
1,3029,-0.015895692631602287,,,
1,3034,-0.07357512414455414,,,
1,3039,-0.07496597617864609,,,
1,3044,-0.05681554600596428,,,
1,3049,-0.05620545893907547,,,
1,3054,-0.009781637229025364,,,
1,3059,-0.08084260672330856,,,
1,3064,-0.09531588852405548,,,
1,3069,0.0048357704654335976,,,
1,3074,-0.0220649391412735,,,
1,3079,-0.0800425261259079,,,
1,3084,-0.008388875052332878,,,
1,3089,-0.045067526400089264,,,
1,3094,-0.052582308650016785,,,
1,3099,-0.030371177941560745,,,
1,3104,-0.04821282997727394,,,
1,3109,0.016068315133452415,,,
1,3114,-0.03316206485033035,,,
1,3119,-0.06490767002105713,,,
1,3124,-0.052670642733573914,,,
1,3129,-0.05784054845571518,,,
1,3134,-0.05677492916584015,,,
1,3139,-0.04746951535344124,,,
1,3144,-0.06295784562826157,,,
1,3149,-0.024859439581632614,,,
1,3154,-0.030344821512699127,,,
1,3159,-0.025595970451831818,,,
1,3164,0.028319954872131348,,,
1,3169,-0.07125046849250793,,,
1,3174,-0.06639506667852402,,,
1,3179,-0.06231676787137985,,,
1,3184,-0.09410756081342697,,,
1,3189,-0.0578664131462574,,,
1,3194,-0.03326850384473801,,,
1,3199,-0.041323471814394,,,
1,3204,-0.044950343668460846,,,
1,3209,-0.06505554914474487,,,
1,3214,-0.0657859593629837,,,
1,3219,-0.025074150413274765,,,
1,3224,-0.07036948949098587,,,
1,3229,-0.041840389370918274,,,
1,3234,-0.0821773111820221,,,
1,3239,-0.04418136179447174,,,
1,3244,-0.049577727913856506,,,
1,3249,-0.045745231211185455,,,
1,3254,-0.036429278552532196,,,
1,3259,0.0033311154693365097,,,
1,3264,-0.06283298134803772,,,
1,3269,-0.02421913668513298,,,
1,3274,-0.07448206096887589,,,
1,3279,-0.05510317534208298,,,
1,3284,-0.021307118237018585,,,
1,3289,-0.056641120463609695,,,
1,3294,-0.022063899785280228,,,
1,3299,-0.06075092777609825,,,
1,3304,-0.02380472421646118,,,
1,3309,-0.08294409513473511,,,
1,3314,-0.01878976821899414,,,
1,3319,-0.07332105934619904,,,
1,3324,-0.03700429946184158,,,
1,3329,-0.052901193499565125,,,
1,3334,-0.04334027320146561,,,
1,3339,-0.03964398801326752,,,
1,3344,-0.06075708940625191,,,
1,3349,-0.03840769827365875,,,
1,3354,-0.05258382111787796,,,
1,3359,-0.04906482994556427,,,
1,3364,-0.06191349774599075,,,
1,3369,-0.04353438317775726,,,
1,3374,-0.036063142120838165,,,
1,3379,-0.08937356621026993,,,
1,3384,-0.06931371986865997,,,
1,3389,-0.02424798533320427,,,
1,3394,-0.03601347655057907,,,
1,3399,-0.03781592473387718,,,
1,3404,-0.03908298537135124,,,
1,3409,-0.01148630864918232,,,
1,3414,-0.09021905064582825,,,
1,3419,-0.035440050065517426,,,
1,3424,-0.05661628395318985,,,
1,3429,-0.04418977349996567,,,
1,3434,-0.07498501986265182,,,
1,3439,-0.06437583267688751,,,
1,3444,-0.034196749329566956,,,
1,3449,-0.03570707142353058,,,
1,3454,-0.07161862403154373,,,
1,3459,-0.06385952979326248,,,
1,3464,-0.08484739065170288,,,
1,3469,-0.04153258353471756,,,
1,3474,-0.07436001300811768,,,
1,3479,-0.04001406580209732,,,
1,3484,-0.032631054520606995,,,
1,3489,-0.051904723048210144,,,
1,3494,-0.04980174079537392,,,
1,3499,-0.07422864437103271,,,
1,3504,-0.05431792885065079,,,
1,3509,-0.05301419645547867,,,
1,3514,-0.06798481941223145,,,
1,3519,-0.06285922974348068,,,
1,3524,-0.04299118369817734,,,
1,3529,-0.03828026354312897,,,
1,3534,-0.04440738260746002,,,
1,3539,-0.06317023932933807,,,
1,3544,-0.02124140039086342,,,
1,3549,-0.06579095125198364,,,
1,3554,-0.07676471769809723,,,
1,3559,0.0067943669855594635,,,
1,3564,-0.059814877808094025,,,
1,3569,-0.06331706792116165,,,
1,3574,-0.07951197773218155,,,
1,3579,-0.04889324679970741,,,
1,3584,-0.022639025002717972,,,
1,3589,-0.04505375772714615,,,
1,3594,-0.04214629530906677,,,
1,3599,-0.06713488698005676,,,
1,3604,-0.07161205261945724,,,
1,3609,-0.045099303126335144,,,
1,3614,-0.05368693917989731,,,
1,3619,-0.06540584564208984,,,
1,3624,-0.03784910589456558,,,
1,3629,0.022196359932422638,,,
1,3634,-0.041966892778873444,,,
1,3639,-0.0712822824716568,,,
1,3644,-0.029001519083976746,,,
1,3649,-0.03595353662967682,,,
1,3654,-0.07500746846199036,,,
1,3659,-0.07501646876335144,,,
1,3664,-0.07430306077003479,,,
1,3669,-0.011854555457830429,,,
1,3674,-0.013720134273171425,,,
1,3679,-0.030558107420802116,,,
1,3684,-0.050427161157131195,,,
1,3689,-0.0813329815864563,,,
1,3694,-0.07444098591804504,,,
1,3699,-0.03864527866244316,,,
1,3704,-0.03597518801689148,,,
1,3709,-0.03333273530006409,,,
1,3714,-0.01897716522216797,,,
1,3719,-0.029182542115449905,,,
1,3724,-0.090293750166893,,,
1,3729,-0.07804933190345764,,,
1,3734,-0.01116411667317152,,,
1,3739,-0.04747927561402321,,,
1,3744,-0.034465350210666656,,,
1,3749,-0.07371563464403152,,,
1,3754,-0.034354884177446365,,,
1,3759,-0.044828034937381744,,,
1,3764,-0.03538694977760315,,,
1,3769,-0.05867216736078262,,,
1,3774,-0.04151102900505066,,,
1,3779,-0.052607640624046326,,,
1,3784,0.002552516758441925,,,
1,3789,-0.055624354630708694,,,
1,3794,-0.026677213609218597,,,
1,3799,-0.020361708477139473,,,
1,3804,-0.03999592363834381,,,
1,3809,-0.03316822648048401,,,
1,3814,-0.03910793364048004,,,
1,3819,-0.07358916103839874,,,
1,3824,-0.04252517595887184,,,
1,3829,-0.07007645815610886,,,
1,3834,-0.030120497569441795,,,
1,3839,0.02417353168129921,,,
1,3844,-0.04641137272119522,,,
1,3849,-0.05558345839381218,,,
1,3854,-0.08295086771249771,,,
1,3859,-0.04466690123081207,,,
1,3864,0.010989313945174217,,,
1,3869,-0.021094799041748047,,,
1,3874,-0.04699771851301193,,,
1,3879,-0.0664450004696846,,,
1,3884,-0.044074658304452896,,,
1,3889,-0.04366926848888397,,,
1,3894,0.0013553034514188766,,,
1,3899,-0.08481623232364655,,,
1,3904,-0.0341777503490448,,,
1,3909,-0.024547921493649483,,,
1,3914,-0.018628563731908798,,,
1,3919,0.011632747016847134,,,
1,3924,-0.0076475851237773895,,,
1,3929,-0.07271037995815277,,,
1,3934,-0.05953364819288254,,,
1,3939,0.018850700929760933,,,
1,3944,-0.02281767502427101,,,
1,3949,-0.00013763178139925003,,,
1,3954,-0.0893753170967102,,,
1,3959,-0.05945790559053421,,,
1,3964,-0.07202351838350296,,,
1,3969,-0.04431409016251564,,,
1,3974,0.006244557444006205,,,
1,3979,-0.05331014469265938,,,
1,3984,-0.06891925632953644,,,
1,3989,-0.03675958514213562,,,
1,3994,-0.014476776123046875,,,
1,3999,-0.04691213369369507,,,
1,4004,0.008074232377111912,,,
1,4009,-0.04040338844060898,,,
1,4014,-0.07874445617198944,,,
1,4019,-0.05458150431513786,,,
1,4024,-0.06180731579661369,,,
1,4029,0.0005381745286285877,,,
1,4034,-0.040070779621601105,,,
1,4039,-0.08775830268859863,,,
1,4044,-0.06401451677083969,,,
1,4049,-0.0424090176820755,,,
1,4054,-0.06719102710485458,,,
1,4059,-0.023684779182076454,,,
1,4064,-0.05646522343158722,,,
1,4069,-0.060617782175540924,,,
1,4074,-0.06026267260313034,,,
1,4079,0.02031496912240982,,,
1,4084,-0.06189344823360443,,,
1,4089,-0.06437137722969055,,,
1,4094,-0.02895081415772438,,,
1,4099,-0.07217823714017868,,,
1,4104,-0.032358571887016296,,,
1,4109,-0.05689521133899689,,,
1,4114,-0.03719273954629898,,,
1,4119,-0.07576306164264679,,,
1,4124,-0.036017533391714096,,,
1,4129,0.019907621666789055,,,
1,4134,-0.03167499974370003,,,
1,4139,-0.06633241474628448,,,
1,4144,-0.027865802869200706,,,
1,4149,-0.0534655898809433,,,
1,4154,-0.061468131840229034,,,
1,4159,-0.050787970423698425,,,
1,4164,-0.08762897551059723,,,
1,4169,-0.01921241357922554,,,
1,4174,-0.04861976206302643,,,
1,4179,-0.048623085021972656,,,
1,4184,-0.06289553642272949,,,
1,4189,-0.05779935047030449,,,
1,4194,-0.028554916381835938,,,
1,4199,-0.04627501219511032,,,
1,4204,-0.04673004150390625,,,
1,4209,-0.026775993406772614,,,
1,4214,0.021576974540948868,,,
1,4219,-0.04182203859090805,,,
1,4224,-0.041904330253601074,,,
1,4229,-0.036829203367233276,,,
1,4234,-0.06683488190174103,,,
1,4239,-0.06130573898553848,,,
1,4244,-0.049775607883930206,,,
1,4249,-0.05939985439181328,,,
1,4254,-0.06944870948791504,,,
1,4259,-0.020840300247073174,,,
1,4264,-0.02205720916390419,,,
1,4269,-0.04166853055357933,,,
1,4274,-0.03201116621494293,,,
1,4279,-0.06109418347477913,,,
1,4284,-0.04439036548137665,,,
1,4289,-0.07552692294120789,,,
1,4294,-0.05882652848958969,,,
1,4299,-0.04378240182995796,,,
1,4304,-0.06665827333927155,,,
1,4309,-0.05472096428275108,,,
1,4314,-0.07305367290973663,,,
1,4319,-0.07201438397169113,,,
1,4324,-0.023032888770103455,,,
1,4329,0.03998114913702011,,,
1,4334,-0.05972481518983841,,,
1,4339,-0.07759803533554077,,,
1,4344,-0.06831742823123932,,,
1,4349,-0.0751621425151825,,,
1,4354,-0.046907272189855576,,,
1,4359,-0.039594411849975586,,,
1,4364,-0.03781265765428543,,,
1,4369,-0.044369250535964966,,,
1,4374,-0.07159286737442017,,,
1,4379,-0.0131141422316432,,,
1,4384,-0.05849447846412659,,,
1,4389,-0.06791277229785919,,,
1,4394,-0.024657420814037323,,,
1,4399,-0.029046595096588135,,,
1,4404,-0.08269792795181274,,,
1,4409,-0.05362134426832199,,,
1,4414,-0.007110706530511379,,,
1,4419,-0.05081295222043991,,,
1,4424,-0.05788327753543854,,,
1,4429,-0.06594590097665787,,,
1,4434,-0.0440625324845314,,,
1,4439,-0.07750692218542099,,,
1,4444,-0.04890112578868866,,,
1,4449,-0.064591184258461,,,
1,4454,-0.05809493362903595,,,
1,4459,0.04050975292921066,,,
1,4464,-0.020594293251633644,,,
1,4469,-0.06253994256258011,,,
1,4474,-0.07095136493444443,,,
1,4479,-0.06061018630862236,,,
1,4484,-0.04497569054365158,,,
1,4489,-0.06169680505990982,,,
1,4494,-0.04898031800985336,,,
1,4499,0.011667300015687943,,,
1,4504,-0.07206651568412781,,,
1,4509,-0.07368338108062744,,,
1,4514,-0.02628912962973118,,,
1,4519,-0.03405657783150673,,,
1,4524,-0.08688246458768845,,,
1,4529,-0.05727540701627731,,,
1,4534,-0.05353306606411934,,,
1,4539,-0.03501531109213829,,,
1,4544,-0.005252833478152752,,,
1,4549,0.0005160588771104813,,,
1,4554,0.011751403100788593,,,
1,4559,-0.04751028120517731,,,
1,4564,-0.018774930387735367,,,
1,4569,-0.06879124045372009,,,
1,4574,-0.07034621387720108,,,
1,4579,-0.06073284149169922,,,
1,4584,-0.030327869579195976,,,
1,4589,-0.013214506208896637,,,
1,4594,-0.04382108896970749,,,
1,4599,-0.05634693801403046,,,
1,4604,-0.04535964876413345,,,
1,4609,-0.06037546694278717,,,
1,4614,-0.018489805981516838,,,
1,4619,-0.03747648000717163,,,
1,4624,-0.037518806755542755,,,
1,4629,-0.06297243386507034,,,
1,4634,-0.08206570148468018,,,
1,4639,-0.0279797725379467,,,
1,4644,-0.024888623505830765,,,
1,4649,-0.03374263271689415,,,
1,4654,-0.05304916203022003,,,
1,4659,-0.03825754672288895,,,
1,4664,-0.06204772740602493,,,
1,4669,-0.051457978785037994,,,
1,4674,-0.039011355489492416,,,
1,4679,-0.04367510974407196,,,
1,4684,-0.029240842908620834,,,
1,4689,-0.06788864731788635,,,
1,4694,-0.024064181372523308,,,
1,4699,0.05074452981352806,,,
1,4704,-0.059987299144268036,,,
1,4709,-0.026191862300038338,,,
1,4714,-0.0669383555650711,,,
1,4719,-0.07866312563419342,,,
1,4724,-0.04329150915145874,,,
1,4729,-0.020896539092063904,,,
1,4734,-0.04479248821735382,,,
1,4739,-0.05913272500038147,,,
1,4744,-0.014232821762561798,,,
1,4749,-0.02295272797346115,,,
1,4754,-0.05366901308298111,,,
1,4759,0.01120300218462944,,,
1,4764,-0.014939635060727596,,,
1,4769,-0.05051913112401962,,,
1,4774,-0.03675655275583267,,,
1,4779,-0.07203879952430725,,,
1,4784,-0.018879594281315804,,,
1,4789,-0.024190720170736313,,,
1,4794,-0.061676234006881714,,,
1,4799,-0.033673666417598724,,,
1,4804,-0.05397738516330719,,,
1,4809,-0.023783504962921143,,,
1,4814,-0.02741028368473053,,,
1,4819,-0.030131202191114426,,,
1,4824,-0.03332533687353134,,,
1,4829,-0.02959747239947319,,,
1,4834,-0.07344349473714828,,,
1,4839,-0.02245866134762764,,,
1,4844,-0.05775953084230423,,,
1,4849,-0.05532078444957733,,,
1,4854,-0.0035039298236370087,,,
1,4859,-0.04947172850370407,,,
1,4864,-0.049481190741062164,,,
1,4869,-0.04374600201845169,,,
1,4874,-0.061801083385944366,,,
1,4879,-0.06912846863269806,,,
1,4884,-0.010806484147906303,,,
1,4889,-0.03397693485021591,,,
1,4894,-0.036952704191207886,,,
1,4899,-0.07428726553916931,,,
1,4904,-0.07095667719841003,,,
1,4909,-0.0689602717757225,,,
1,4914,-0.037305817008018494,,,
1,4919,0.008961349725723267,,,
1,4924,-0.08356978744268417,,,
1,4929,-0.0596303716301918,,,
1,4934,-0.0503540113568306,,,
1,4939,-0.04876266419887543,,,
1,4944,0.01107198465615511,,,
1,4949,-0.033029213547706604,,,
1,4954,-0.07441502064466476,,,
1,4959,-0.06197299808263779,,,
1,4964,-0.07060618698596954,,,
1,4969,-0.03995605558156967,,,
1,4974,-0.023989280685782433,,,
1,4979,-0.0028979992493987083,,,
1,4984,-0.05153720825910568,,,
1,4989,-0.05923677235841751,,,
1,4994,-0.06484734266996384,,,
1,4999,-0.06440246105194092,,,
1,4999,,-0.045645225793123245,0.45649999380111694,0.8668910264968872
2,5004,-0.04744073003530502,,,
2,5009,-0.0033614598214626312,,,
2,5014,-0.08822474628686905,,,
2,5019,-0.0304311141371727,,,
2,5024,0.005999247543513775,,,
2,5029,-0.04803309589624405,,,
2,5034,-0.026294812560081482,,,
2,5039,-0.06155091151595116,,,
2,5044,0.019324420019984245,,,
2,5049,-0.031407423317432404,,,
2,5054,-0.06123863905668259,,,
2,5059,-0.07832597196102142,,,
2,5064,-0.04300568997859955,,,
2,5069,-0.042686380445957184,,,
2,5074,-0.03685097023844719,,,
2,5079,-0.05832501873373985,,,
2,5084,-0.06454310566186905,,,
2,5089,-0.04425288736820221,,,
2,5094,-0.06660790741443634,,,
2,5099,-0.06633015722036362,,,
2,5104,-0.057224713265895844,,,
2,5109,-0.05241679772734642,,,
2,5114,-0.02709132432937622,,,
2,5119,-0.0699542984366417,,,
2,5124,-0.05829484015703201,,,
2,5129,-0.048123229295015335,,,
2,5134,-0.04907927289605141,,,
2,5139,-0.04775851219892502,,,
2,5144,-0.002117472467944026,,,
2,5149,-0.08492479473352432,,,
2,5154,-0.08650660514831543,,,
2,5159,-0.07685777544975281,,,
2,5164,-0.06764742732048035,,,
2,5169,-0.03162539750337601,,,
2,5174,-0.016142770648002625,,,
2,5179,-0.07181118428707123,,,
2,5184,-0.06004614382982254,,,
2,5189,-0.041098929941654205,,,
2,5194,-0.041491150856018066,,,
2,5199,0.06685502082109451,,,
2,5204,-0.06466737389564514,,,
2,5209,-0.07691490650177002,,,
2,5214,-0.06276258826255798,,,
2,5219,-0.06247824430465698,,,
2,5224,-0.05332208797335625,,,
2,5229,-0.016059674322605133,,,
2,5234,-0.01973564736545086,,,
2,5239,-0.04239935800433159,,,
2,5244,-0.03870699927210808,,,
2,5249,-0.05669481307268143,,,
2,5254,-0.038413845002651215,,,
2,5259,-0.017207516357302666,,,
2,5264,-0.04551967978477478,,,
2,5269,-0.04907042533159256,,,
2,5274,-0.07141144573688507,,,
2,5279,-0.04423055052757263,,,
2,5284,-0.04042185842990875,,,
2,5289,-0.030802328139543533,,,
2,5294,-0.005277689546346664,,,
2,5299,0.00865719560533762,,,
2,5304,-0.043883178383111954,,,
2,5309,-0.06675119698047638,,,
2,5314,-0.07130859792232513,,,
2,5319,-0.048158373683691025,,,
2,5324,-0.06168099120259285,,,
2,5329,-0.06728295981884003,,,
2,5334,-0.06949052959680557,,,
2,5339,-0.05979521572589874,,,
2,5344,-0.026748359203338623,,,
2,5349,-0.06038597598671913,,,
2,5354,0.002589251846075058,,,
2,5359,-0.03514474630355835,,,
2,5364,-0.06416720151901245,,,
2,5369,-0.09259974211454391,,,
2,5374,-0.05557268112897873,,,
2,5379,-0.07197222113609314,,,
2,5384,-0.023157982155680656,,,
2,5389,-0.03307288885116577,,,
2,5394,-0.034981563687324524,,,
2,5399,-0.06709876656532288,,,
2,5404,-0.05664237588644028,,,
2,5409,-0.056742291897535324,,,
2,5414,0.001234075054526329,,,
2,5419,-0.0438232496380806,,,
2,5424,-0.08329053223133087,,,
2,5429,-0.06383059918880463,,,
2,5434,-0.04849376529455185,,,
2,5439,-0.06427717208862305,,,
2,5444,0.052470214664936066,,,
2,5449,-0.0814046859741211,,,
2,5454,-0.0659453272819519,,,
2,5459,-0.06443724036216736,,,
2,5464,-0.061331428587436676,,,
2,5469,-0.01614156924188137,,,
2,5474,-0.028976544737815857,,,
2,5479,-0.021343640983104706,,,
2,5484,-0.0489007793366909,,,
2,5489,-0.06914421170949936,,,
2,5494,-0.024094466120004654,,,
2,5499,-0.051588959991931915,,,
2,5504,-0.027606312185525894,,,
2,5509,-0.030402103438973427,,,
2,5514,0.016793424263596535,,,
2,5519,-0.028004182502627373,,,
2,5524,-0.04928598552942276,,,
2,5529,-0.03954314440488815,,,
2,5534,-0.07513256371021271,,,
2,5539,-0.02598010003566742,,,
2,5544,-0.0494726300239563,,,
2,5549,-0.06578804552555084,,,
2,5554,-0.049130890518426895,,,
2,5559,-0.060037288814783096,,,
2,5564,-0.06182095780968666,,,
2,5569,-0.056747905910015106,,,
2,5574,-0.0068594422191381454,,,
2,5579,-0.05997436121106148,,,
2,5584,-0.05039181187748909,,,
2,5589,-0.055549465119838715,,,
2,5594,-0.016486547887325287,,,
2,5599,-0.05083813518285751,,,
2,5604,-0.031015731394290924,,,
2,5609,-0.061579979956150055,,,
2,5614,-0.04739611595869064,,,
2,5619,-0.03217745199799538,,,
2,5624,-0.0606740266084671,,,
2,5629,-0.07372495532035828,,,
2,5634,-0.06882598996162415,,,
2,5639,0.003157230094075203,,,
2,5644,-0.04129894822835922,,,
2,5649,-0.03808274120092392,,,
2,5654,-0.03444761037826538,,,
2,5659,-0.07712787389755249,,,
2,5664,-0.032836608588695526,,,
2,5669,-0.04579108580946922,,,
2,5674,-0.058899980038404465,,,
2,5679,-0.027764350175857544,,,
2,5684,-0.029240693897008896,,,
2,5689,-0.056720197200775146,,,
2,5694,-0.03715820983052254,,,
2,5699,-0.015195111744105816,,,
2,5704,-0.07777206599712372,,,
2,5709,-0.04491838812828064,,,
2,5714,-0.06620033085346222,,,
2,5719,-0.043766919523477554,,,
2,5724,-0.05617162212729454,,,
2,5729,-0.009171956218779087,,,
2,5734,-0.0660523995757103,,,
2,5739,-0.05360928922891617,,,
2,5744,-0.016214068979024887,,,
2,5749,-0.050920452922582626,,,
2,5754,-0.03269478678703308,,,
2,5759,-0.06477563828229904,,,
2,5764,-0.0868326872587204,,,
2,5769,-0.04268055781722069,,,
2,5774,-0.05981604754924774,,,
2,5779,-0.04109862819314003,,,
2,5784,-0.07857891172170639,,,
2,5789,-0.05242092162370682,,,
2,5794,-0.06169327720999718,,,
2,5799,-0.051340460777282715,,,
2,5804,0.007119298446923494,,,
2,5809,0.006742037832736969,,,
2,5814,-0.03387879580259323,,,
2,5819,-0.04665151983499527,,,
2,5824,-0.06705410033464432,,,
2,5829,-0.01779814623296261,,,
2,5834,-0.019517872482538223,,,
2,5839,-0.043146125972270966,,,
2,5844,-0.08124320954084396,,,
2,5849,-0.04792635142803192,,,
2,5854,-0.030171804130077362,,,
2,5859,-0.06864684820175171,,,
2,5864,-0.03964312747120857,,,
2,5869,-0.04795586317777634,,,
2,5874,-0.06295949220657349,,,
2,5879,-0.04167121648788452,,,
2,5884,-0.05101718753576279,,,
2,5889,-0.07865092158317566,,,
2,5894,-0.027554860338568687,,,
2,5899,-0.032986756414175034,,,
2,5904,-0.03277250751852989,,,
2,5909,-0.02871089242398739,,,
2,5914,-0.05385228246450424,,,
2,5919,-0.005292713642120361,,,
2,5924,-0.014848795719444752,,,
2,5929,-0.059163644909858704,,,
2,5934,-0.06699638068675995,,,
2,5939,-0.06949322670698166,,,
2,5944,-0.0625300407409668,,,
2,5949,-0.023226648569107056,,,
2,5954,-0.08792898058891296,,,
2,5959,-0.05514906346797943,,,
2,5964,-0.05207253247499466,,,
2,5969,-0.050902336835861206,,,
2,5974,-0.029484543949365616,,,
2,5979,-0.06762902438640594,,,
2,5984,-0.059415824711322784,,,
2,5989,-0.033074550330638885,,,
2,5994,-0.054035432636737823,,,
2,5999,-0.058871857821941376,,,
2,6004,-0.07276326417922974,,,
2,6009,-0.02658558264374733,,,
2,6014,-0.06291080266237259,,,
2,6019,-0.012114044278860092,,,
2,6024,-0.053639400750398636,,,
2,6029,-0.017841516062617302,,,
2,6034,-0.06319566071033478,,,
2,6039,-0.050483427941799164,,,
2,6044,-0.07259063422679901,,,
2,6049,-0.06155810132622719,,,
2,6054,-0.04801874980330467,,,
2,6059,-0.07213933765888214,,,
2,6064,-0.05141866207122803,,,
2,6069,-0.012042036280035973,,,
2,6074,-0.058121513575315475,,,
2,6079,-0.03532155230641365,,,
2,6084,-0.006943533197045326,,,
2,6089,-0.0370100662112236,,,
2,6094,-0.02982429228723049,,,
2,6099,-0.07433919608592987,,,
2,6104,-0.04795265570282936,,,
2,6109,-0.06539887189865112,,,
2,6114,0.06443394720554352,,,
2,6119,-0.0686081051826477,,,
2,6124,-0.03738664835691452,,,
2,6129,-0.07157429307699203,,,
2,6134,-0.053373292088508606,,,
2,6139,-0.06091518700122833,,,
2,6144,-0.057128600776195526,,,
2,6149,-0.01597474329173565,,,
2,6154,-0.007704919204115868,,,
2,6159,-0.07969562709331512,,,
2,6164,-0.08540236949920654,,,
2,6169,-0.035815853625535965,,,
2,6174,-0.06529131531715393,,,
2,6179,-0.04580650106072426,,,
2,6184,-0.08755701780319214,,,
2,6189,-0.027785349637269974,,,
2,6194,-0.05007978156208992,,,
2,6199,-0.053102415055036545,,,
2,6204,-0.06480216234922409,,,
2,6209,-0.014336766675114632,,,
2,6214,-0.04938921704888344,,,
2,6219,-0.04574044793844223,,,
2,6224,-0.03445699065923691,,,
2,6229,-0.06867550313472748,,,
2,6234,-0.06494057923555374,,,
2,6239,0.06421135365962982,,,
2,6244,-0.058379314839839935,,,
2,6249,-0.003597252070903778,,,
2,6254,-0.04082616791129112,,,
2,6259,-0.06833017617464066,,,
2,6264,-0.0600585862994194,,,
2,6269,-0.03639228269457817,,,
2,6274,-0.05293942987918854,,,
2,6279,-0.031615398824214935,,,
2,6284,-0.018579687923192978,,,
2,6289,-0.040619321167469025,,,
2,6294,-0.06574586778879166,,,
2,6299,-0.05161575973033905,,,
2,6304,-0.03705105930566788,,,
2,6309,-0.08042953163385391,,,
2,6314,-0.027820168063044548,,,
2,6319,-0.04542861878871918,,,
2,6324,-0.03370659053325653,,,
2,6329,-0.03893829137086868,,,
2,6334,-0.07073565572500229,,,
2,6339,-0.04355090856552124,,,
2,6344,-0.06697255373001099,,,
2,6349,-0.06742703914642334,,,
2,6354,-0.004841724410653114,,,
2,6359,-0.04281536489725113,,,
2,6364,-0.05536893010139465,,,
2,6369,-0.06299380958080292,,,
2,6374,-0.05586972087621689,,,
2,6379,-0.05329921841621399,,,
2,6384,-0.06773306429386139,,,
2,6389,-0.05314775928854942,,,
2,6394,-0.0592198371887207,,,
2,6399,-0.02328028529882431,,,
2,6404,-0.04692728444933891,,,
2,6409,-0.049756936728954315,,,
2,6414,-0.04988531768321991,,,
2,6419,-0.06619906425476074,,,
2,6424,-0.07381446659564972,,,
2,6429,0.007150834426283836,,,
2,6434,-0.06860241293907166,,,
2,6439,-0.06448319554328918,,,
2,6444,-0.05812857672572136,,,
2,6449,-0.041591234505176544,,,
2,6454,-0.03811969980597496,,,
2,6459,-0.06996683776378632,,,
2,6464,0.017509497702121735,,,
2,6469,-0.03747858107089996,,,
2,6474,-0.06722411513328552,,,
2,6479,-0.06601960211992264,,,
2,6484,0.00016176141798496246,,,
2,6489,-0.054011620581150055,,,
2,6494,-0.07469838857650757,,,
2,6499,-0.028048135340213776,,,
2,6504,-0.023410994559526443,,,
2,6509,-0.06949485093355179,,,
2,6514,0.0023457929491996765,,,
2,6519,-0.03295844793319702,,,
2,6524,-0.05098078399896622,,,
2,6529,-0.054557740688323975,,,
2,6534,-0.058390166610479355,,,
2,6539,-0.05301116406917572,,,
2,6544,-0.014362442307174206,,,
2,6549,-0.026239685714244843,,,
2,6554,-0.0680086612701416,,,
2,6559,-0.052745088934898376,,,
2,6564,-0.03645411878824234,,,
2,6569,-0.055685825645923615,,,
2,6574,-0.056322261691093445,,,
2,6579,-0.022301331162452698,,,
2,6584,-0.036503493785858154,,,
2,6589,-0.01490642037242651,,,
2,6594,-0.023613348603248596,,,
2,6599,-0.04313835874199867,,,
2,6604,-0.05386872589588165,,,
2,6609,-0.06353013217449188,,,
2,6614,-0.05167803913354874,,,
2,6619,-0.043694548308849335,,,
2,6624,-0.03727703541517258,,,
2,6629,-0.05010812729597092,,,
2,6634,-0.0325777605175972,,,
2,6639,-0.0642658919095993,,,
2,6644,-0.004546232521533966,,,
2,6649,-0.04667288064956665,,,
2,6654,-0.05201955512166023,,,
2,6659,-0.05062484368681908,,,
2,6664,-0.034930258989334106,,,
2,6669,-0.06325744092464447,,,
2,6674,-0.036993153393268585,,,
2,6679,-0.019774943590164185,,,
2,6684,-0.028583187609910965,,,
2,6689,-0.029969848692417145,,,
2,6694,-0.04528321325778961,,,
2,6699,-0.07214413583278656,,,
2,6704,-0.08045092225074768,,,
2,6709,-0.04212956130504608,,,
2,6714,-0.029880182817578316,,,
2,6719,-0.054311603307724,,,
2,6724,-0.05560591071844101,,,
2,6729,-0.03253867104649544,,,
2,6734,-0.08070234954357147,,,
2,6739,-0.07440333813428879,,,
2,6744,-0.05918259173631668,,,
2,6749,-0.04988965764641762,,,
2,6754,-0.04229365289211273,,,
2,6759,-0.06674642115831375,,,
2,6764,-0.059039756655693054,,,
2,6769,-0.05055118352174759,,,
2,6774,-0.019506998360157013,,,
2,6779,-0.05631347745656967,,,
2,6784,-0.053789593279361725,,,
2,6789,-0.07776537537574768,,,
2,6794,-0.04889487475156784,,,
2,6799,-0.02518121711909771,,,
2,6804,-0.0647273063659668,,,
2,6809,-0.06660628318786621,,,
2,6814,-0.05505296587944031,,,
2,6819,-0.03800831735134125,,,
2,6824,-0.04175940901041031,,,
2,6829,-0.03740338236093521,,,
2,6834,0.002940806560218334,,,
2,6839,-0.07178453356027603,,,
2,6844,-0.057226911187171936,,,
2,6849,-0.02705063670873642,,,
2,6854,-0.022373244166374207,,,
2,6859,-0.052161358296871185,,,
2,6864,-0.06428037583827972,,,
2,6869,-0.05872116982936859,,,
2,6874,-0.039163146167993546,,,
2,6879,-0.030159320682287216,,,
2,6884,-0.05677638575434685,,,
2,6889,-0.07109296321868896,,,
2,6894,-0.047672566026449203,,,
2,6899,-0.06238453835248947,,,
2,6904,-0.05159977823495865,,,
2,6909,-0.0684923529624939,,,
2,6914,-0.03778430074453354,,,
2,6919,-0.0628008097410202,,,
2,6924,-0.09969711303710938,,,
2,6929,-0.041536495089530945,,,
2,6934,-0.003943106159567833,,,
2,6939,-0.05604296922683716,,,
2,6944,-0.04509975016117096,,,
2,6949,-0.0347277969121933,,,
2,6954,-0.08851480484008789,,,
2,6959,-0.03651478886604309,,,
2,6964,-0.027204547077417374,,,
2,6969,-0.04942074418067932,,,
2,6974,-0.05282379686832428,,,
2,6979,-0.051715701818466187,,,
2,6984,-0.05476772412657738,,,
2,6989,-0.030313672497868538,,,
2,6994,-0.04588053375482559,,,
2,6999,-0.03104417398571968,,,
2,7004,-0.04403224587440491,,,
2,7009,-0.0649176612496376,,,
2,7014,-0.037403613328933716,,,
2,7019,-0.05319468677043915,,,
2,7024,-0.05988888442516327,,,
2,7029,-0.0396995022892952,,,
2,7034,-0.03165149688720703,,,
2,7039,-0.06808720529079437,,,
2,7044,-0.038251060992479324,,,
2,7049,-0.043938010931015015,,,
2,7054,-0.06578010320663452,,,
2,7059,-0.06817630678415298,,,
2,7064,-0.02306346595287323,,,
2,7069,-0.03153121843934059,,,
2,7074,-0.04064285382628441,,,
2,7079,-0.042133793234825134,,,
2,7084,-0.02004634588956833,,,
2,7089,0.0002776235342025757,,,
2,7094,-0.06100834533572197,,,
2,7099,-0.0607265830039978,,,
2,7104,-0.046952906996011734,,,
2,7109,-0.06701881438493729,,,
2,7114,-0.07089579105377197,,,
2,7119,-0.0150727778673172,,,
2,7124,-0.01742677018046379,,,
2,7129,-0.07348021864891052,,,
2,7134,-0.06316448748111725,,,
2,7139,-0.04715336859226227,,,
2,7144,-0.016711805015802383,,,
2,7149,-0.040341850370168686,,,
2,7154,-0.06883689761161804,,,
2,7159,-0.047071609646081924,,,
2,7164,-0.007800748571753502,,,
2,7169,-0.07403090596199036,,,
2,7174,-0.08345939218997955,,,
2,7179,-0.07061771303415298,,,
2,7184,-0.05702466517686844,,,
2,7189,-0.008058136329054832,,,
2,7194,-0.05367458611726761,,,
2,7199,-0.069168321788311,,,
2,7204,-0.07592666894197464,,,
2,7209,-0.04888166859745979,,,
2,7214,-0.0620843842625618,,,
2,7219,-0.06889539957046509,,,
2,7224,-0.04865765944123268,,,
2,7229,-0.06004365533590317,,,
2,7234,-0.06637932360172272,,,
2,7239,-0.061876870691776276,,,
2,7244,-0.05169368162751198,,,
2,7249,-0.07235398888587952,,,
2,7254,-0.04896790534257889,,,
2,7259,-0.048958633095026016,,,
2,7264,-0.025977352634072304,,,
2,7269,-0.04351639002561569,,,
2,7274,-0.04962993413209915,,,
2,7279,-0.058435991406440735,,,
2,7284,-0.054036155343055725,,,
2,7289,-0.07111424952745438,,,
2,7294,-0.03403846547007561,,,
2,7299,-0.040914274752140045,,,
2,7304,-0.050303276628255844,,,
2,7309,-0.04189218953251839,,,
2,7314,-0.03026801347732544,,,
2,7319,-0.06762698292732239,,,
2,7324,-0.04165664315223694,,,
2,7329,-0.047477368265390396,,,
2,7334,-0.025542672723531723,,,
2,7339,-0.07561865448951721,,,
2,7344,-0.07370580732822418,,,
2,7349,-0.06041895970702171,,,
2,7354,-0.06691506505012512,,,
2,7359,-0.05873551219701767,,,
2,7364,-0.03595331683754921,,,
2,7369,-0.05199780315160751,,,
2,7374,-0.06539285182952881,,,
2,7379,-0.045318543910980225,,,
2,7384,-0.03277559578418732,,,
2,7389,0.008048703894019127,,,
2,7394,-0.07456102967262268,,,
2,7399,-0.03978825360536575,,,
2,7404,-0.02656455524265766,,,
2,7409,-0.06877543777227402,,,
2,7414,-0.034517865628004074,,,
2,7419,-0.050609540194272995,,,
2,7424,-0.06957917660474777,,,
2,7429,-0.06469043344259262,,,
2,7434,-0.02881331741809845,,,
2,7439,-0.056258298456668854,,,
2,7444,-0.07567250728607178,,,
2,7449,-0.06776389479637146,,,
2,7454,-0.0750591903924942,,,
2,7459,-0.05783567577600479,,,
2,7464,0.024895096197724342,,,
2,7469,-0.03611908480525017,,,
2,7474,-0.07075852155685425,,,
2,7479,-0.014873656444251537,,,
2,7484,-0.05406571924686432,,,
2,7489,-0.029389899224042892,,,
2,7494,-0.03933791071176529,,,
2,7499,-0.030232178047299385,,,
2,7499,,-0.05181485041975975,0.44020000100135803,0.7648529410362244
3,7504,-0.0652126669883728,,,
3,7509,-0.08850552141666412,,,
3,7514,-0.07094594091176987,,,
3,7519,-0.04428195580840111,,,
3,7524,0.01320671197026968,,,
3,7529,-0.06451965868473053,,,
3,7534,-0.03284403681755066,,,
3,7539,-0.06518790125846863,,,
3,7544,-0.04167966544628143,,,
3,7549,-0.044248901307582855,,,
3,7554,-0.06548585742712021,,,
3,7559,-0.08267192542552948,,,
3,7564,-0.05595841631293297,,,
3,7569,-0.05421549826860428,,,
3,7574,-0.06096383184194565,,,
3,7579,-0.055881403386592865,,,
3,7584,-0.04201636463403702,,,
3,7589,-0.03856499865651131,,,
3,7594,-0.07214806228876114,,,
3,7599,-0.054833024740219116,,,
3,7604,-0.029288142919540405,,,
3,7609,-0.0494643896818161,,,
3,7614,-0.022223569452762604,,,
3,7619,-0.010481979697942734,,,
3,7624,-0.08461639285087585,,,
3,7629,-0.027000850066542625,,,
3,7634,0.002330683171749115,,,
3,7639,-0.06027352064847946,,,
3,7644,-0.04018605500459671,,,
3,7649,-0.052307598292827606,,,
3,7654,-0.021939396858215332,,,
3,7659,-0.061691612005233765,,,
3,7664,-0.023163646459579468,,,
3,7669,-0.051380034536123276,,,
3,7674,-0.06402254104614258,,,
3,7679,-0.05334954708814621,,,
3,7684,-0.06219194084405899,,,
3,7689,-0.06891806423664093,,,
3,7694,-0.0742114782333374,,,
3,7699,-0.06704641133546829,,,
3,7704,-0.06111174076795578,,,
3,7709,-0.02795868180692196,,,
3,7714,-0.0404956117272377,,,
3,7719,-0.03079172968864441,,,
3,7724,-0.019048284739255905,,,
3,7729,-0.07988956570625305,,,
3,7734,-0.03173629567027092,,,
3,7739,-0.05900757014751434,,,
3,7744,-0.049172867089509964,,,
3,7749,-0.04107989743351936,,,
3,7754,-0.03805358707904816,,,
3,7759,-0.04614119976758957,,,
3,7764,-0.013737907633185387,,,
3,7769,-0.06266489624977112,,,
3,7774,-0.06501457840204239,,,
3,7779,-0.05020518600940704,,,
3,7784,-0.03368554636836052,,,
3,7789,-0.017946848645806313,,,
3,7794,-0.05206587165594101,,,
3,7799,-0.06316331773996353,,,
3,7804,-0.030899617820978165,,,
3,7809,-0.0776912122964859,,,
3,7814,-0.038316115736961365,,,
3,7819,-0.05131155252456665,,,
3,7824,-0.018947534263134003,,,
3,7829,-0.019865844398736954,,,
3,7834,-0.06303513795137405,,,
3,7839,-0.056323420256376266,,,
3,7844,-0.04760869964957237,,,
3,7849,-0.025409506633877754,,,
3,7854,-0.06307560205459595,,,
3,7859,-0.04125799983739853,,,
3,7864,-0.028214385733008385,,,
3,7869,-0.05396315082907677,,,
3,7874,-0.03562559187412262,,,
3,7879,-0.031125258654356003,,,
3,7884,-0.07650358229875565,,,
3,7889,-0.05556477978825569,,,
3,7894,-0.049998730421066284,,,
3,7899,-0.07403576374053955,,,
3,7904,-0.03885997086763382,,,
3,7909,-0.08646285533905029,,,
3,7914,-0.014534104615449905,,,
3,7919,-0.010734234005212784,,,
3,7924,-0.0368138886988163,,,
3,7929,-0.07368555665016174,,,
3,7934,-0.06646756082773209,,,
3,7939,-0.07226137816905975,,,
3,7944,-0.03734390065073967,,,
3,7949,-0.02974739857017994,,,
3,7954,-0.05045711249113083,,,
3,7959,-0.08885407447814941,,,
3,7964,-0.0540461391210556,,,
3,7969,-0.054523468017578125,,,
3,7974,-0.040395185351371765,,,
3,7979,-0.07751622796058655,,,
3,7984,-0.057561978697776794,,,
3,7989,-0.013461552560329437,,,
3,7994,-0.07803769409656525,,,
3,7999,-0.023422211408615112,,,
3,8004,-0.07815714925527573,,,
3,8009,-0.061781592667102814,,,
3,8014,0.05649896711111069,,,
3,8019,-0.08301185071468353,,,
3,8024,-0.0741158276796341,,,
3,8029,-0.01612231135368347,,,
3,8034,-0.04975838214159012,,,
3,8039,-0.0613633431494236,,,
3,8044,-0.0705072432756424,,,
3,8049,-0.04755116254091263,,,
3,8054,-0.026859987527132034,,,
3,8059,-0.024859454482793808,,,
3,8064,-0.051027581095695496,,,
3,8069,-0.04880368709564209,,,
3,8074,-0.052793122828006744,,,
3,8079,-0.026163848116993904,,,
3,8084,-0.044951338320970535,,,
3,8089,-0.05351097136735916,,,
3,8094,-0.03222956508398056,,,
3,8099,-0.046271324157714844,,,
3,8104,-0.05848732590675354,,,
3,8109,-0.045952510088682175,,,
3,8114,-0.05974222347140312,,,
3,8119,-0.06423599272966385,,,
3,8124,-0.04492402821779251,,,
3,8129,-0.06173017993569374,,,
3,8134,-0.059914253652095795,,,
3,8139,-0.03878263384103775,,,
3,8144,-0.0780949592590332,,,
3,8149,-0.03630777448415756,,,
3,8154,-0.0633123368024826,,,
3,8159,-0.05984087288379669,,,
3,8164,0.004315629601478577,,,
3,8169,-0.0708807185292244,,,
3,8174,-0.04416242241859436,,,
3,8179,-0.053212136030197144,,,
3,8184,-0.02252696454524994,,,
3,8189,-0.035538896918296814,,,
3,8194,-0.006866945419460535,,,
3,8199,-0.03341631963849068,,,
3,8204,-0.08158513158559799,,,
3,8209,-0.015647588297724724,,,
3,8214,-0.06219332665205002,,,
3,8219,-0.041644319891929626,,,
3,8224,-0.04696400463581085,,,
3,8229,-0.07860440015792847,,,
3,8234,-0.03387514129281044,,,
3,8239,-0.049561500549316406,,,
3,8244,-0.06003362685441971,,,
3,8249,-0.058258675038814545,,,
3,8254,-0.07721015810966492,,,
3,8259,-0.016840260475873947,,,
3,8264,-0.02219369076192379,,,
3,8269,-0.0713711529970169,,,
3,8274,-0.07149475067853928,,,
3,8279,-0.05748886615037918,,,
3,8284,-0.017023924738168716,,,
3,8289,-0.06596706062555313,,,
3,8294,-0.009007450193166733,,,
3,8299,-0.04781484603881836,,,
3,8304,-0.06451644748449326,,,
3,8309,-0.059548269957304,,,
3,8314,-0.06582818925380707,,,
3,8319,-0.05982840061187744,,,
3,8324,-0.0781000629067421,,,
3,8329,0.006521368399262428,,,
3,8334,-0.04039834439754486,,,
3,8339,-0.04106556251645088,,,
3,8344,-0.07041876018047333,,,
3,8349,-0.06910663098096848,,,
3,8354,-0.019294261932373047,,,
3,8359,-0.047926269471645355,,,
3,8364,-0.006491826847195625,,,
3,8369,-0.03217711299657822,,,
3,8374,-0.06900980323553085,,,
3,8379,-0.013062773272395134,,,
3,8384,-0.03014792688190937,,,
3,8389,-0.0710555836558342,,,
3,8394,-0.06403689086437225,,,
3,8399,-0.07328283786773682,,,
3,8404,-0.05302399769425392,,,
3,8409,-0.04963449388742447,,,
3,8414,-0.04337533935904503,,,
3,8419,-0.003984319046139717,,,
3,8424,-0.005957757122814655,,,
3,8429,-0.012537464499473572,,,
3,8434,-0.05064000189304352,,,
3,8439,-0.049973245710134506,,,
3,8444,-0.019322704523801804,,,
3,8449,-0.052277468144893646,,,
3,8454,-0.06632254272699356,,,
3,8459,-0.04972065985202789,,,
3,8464,-0.06351803243160248,,,
3,8469,-0.04939042031764984,,,
3,8474,-0.05501428619027138,,,
3,8479,-0.05344332754611969,,,
3,8484,-0.06709613651037216,,,
3,8489,-0.03187969699501991,,,
3,8494,-0.03967685252428055,,,
3,8499,-0.05677167326211929,,,
3,8504,-0.043239057064056396,,,
3,8509,-0.06794676184654236,,,
3,8514,-0.04864940792322159,,,
3,8519,-0.0424572229385376,,,
3,8524,-0.0283890999853611,,,
3,8529,-0.046505242586135864,,,
3,8534,-0.0268101803958416,,,
3,8539,-0.059491075575351715,,,
3,8544,-0.043624501675367355,,,
3,8549,-0.08886825293302536,,,
3,8554,-0.024537652730941772,,,
3,8559,-0.07004977762699127,,,
3,8564,-0.0398545041680336,,,
3,8569,-0.042969778180122375,,,
3,8574,-0.06428892910480499,,,
3,8579,-0.050312340259552,,,
3,8584,-0.03796534240245819,,,
3,8589,-0.038888994604349136,,,
3,8594,-0.07151156663894653,,,
3,8599,-0.05857494845986366,,,
3,8604,-0.0521199032664299,,,
3,8609,-0.047625020146369934,,,
3,8614,-0.035813502967357635,,,
3,8619,-0.08280249685049057,,,
3,8624,-0.06836196780204773,,,
3,8629,-0.05757240206003189,,,
3,8634,-0.06398369371891022,,,
3,8639,-0.045512713491916656,,,
3,8644,-0.09156891703605652,,,
3,8649,-0.06439877301454544,,,
3,8654,-0.064491868019104,,,
3,8659,-0.059778209775686264,,,
3,8664,-0.008225029334425926,,,
3,8669,-0.05954638868570328,,,
3,8674,-0.07141193002462387,,,
3,8679,-0.025383509695529938,,,
3,8684,-0.002708478830754757,,,
3,8689,-0.017322741448879242,,,
3,8694,-0.037096813321113586,,,
3,8699,-0.016068238765001297,,,
3,8704,-0.035932015627622604,,,
3,8709,-0.04654744267463684,,,
3,8714,-0.0719626247882843,,,
3,8719,-0.07157076895236969,,,
3,8724,-0.04727967828512192,,,
3,8729,-0.0612846203148365,,,
3,8734,-0.04240928217768669,,,
3,8739,-0.04176238179206848,,,
3,8744,-0.015309331007301807,,,
3,8749,-0.05377113074064255,,,
3,8754,-0.058523692190647125,,,
3,8759,-0.05044977739453316,,,
3,8764,-0.048816949129104614,,,
3,8769,-0.03254332020878792,,,
3,8774,-0.05800832808017731,,,
3,8779,-0.020153149962425232,,,
3,8784,-0.0589025542140007,,,
3,8789,0.02335977554321289,,,
3,8794,-0.04485442489385605,,,
3,8799,-0.07816684991121292,,,
3,8804,-0.03664828836917877,,,
3,8809,-0.016682513058185577,,,
3,8814,-0.06476922333240509,,,
3,8819,-0.04665915668010712,,,
3,8824,-0.05279814451932907,,,
3,8829,-0.05343366414308548,,,
3,8834,-0.05523461475968361,,,
3,8839,-0.07053661346435547,,,
3,8844,-0.05006890371441841,,,
3,8849,-0.05192930996417999,,,
3,8854,-0.021099962294101715,,,
3,8859,-0.03381212055683136,,,
3,8864,-0.051758863031864166,,,
3,8869,-0.028311263769865036,,,
3,8874,-0.07943473756313324,,,
3,8879,-0.05072704702615738,,,
3,8884,-0.04302038624882698,,,
3,8889,-0.0323907732963562,,,
3,8894,-0.05932781100273132,,,
3,8899,-0.06021008640527725,,,
3,8904,-0.0527581050992012,,,
3,8909,-0.05043695122003555,,,
3,8914,-0.0640689879655838,,,
3,8919,-0.04082667455077171,,,
3,8924,-0.05308563634753227,,,
3,8929,-0.059982672333717346,,,
3,8934,-0.030923660844564438,,,
3,8939,-0.01975523680448532,,,
3,8944,-0.05273980647325516,,,
3,8949,-0.05104968324303627,,,
3,8954,-0.07050548493862152,,,
3,8959,-0.04728425294160843,,,
3,8964,-0.043972983956336975,,,
3,8969,-0.05325915291905403,,,
3,8974,-0.04370369762182236,,,
3,8979,-0.036476150155067444,,,
3,8984,-0.013001741841435432,,,
3,8989,-0.07020074874162674,,,
3,8994,-0.06963030993938446,,,
3,8999,-0.03598617762327194,,,
3,9004,-0.08586288243532181,,,
3,9009,-0.02484217658638954,,,
3,9014,0.0018877563998103142,,,
3,9019,-0.02062135934829712,,,
3,9024,-0.0570266954600811,,,
3,9029,-0.025908976793289185,,,
3,9034,-0.07031671702861786,,,
3,9039,-0.03986597806215286,,,
3,9044,-0.07216423749923706,,,
3,9049,-0.044457320123910904,,,
3,9054,-0.06663013994693756,,,
3,9059,-0.0648682564496994,,,
3,9064,-0.0349871888756752,,,
3,9069,-0.05527729541063309,,,
3,9074,-0.028463678434491158,,,
3,9079,-0.057785145938396454,,,
3,9084,-0.05801853537559509,,,
3,9089,-0.013048292137682438,,,
3,9094,-0.04771432653069496,,,
3,9099,-0.06059780344367027,,,
3,9104,-0.0482107549905777,,,
3,9109,-0.05078069865703583,,,
3,9114,-0.010405264794826508,,,
3,9119,-0.04416456073522568,,,
3,9124,-0.04987192153930664,,,
3,9129,-0.04587530344724655,,,
3,9134,-0.02583226189017296,,,
3,9139,-0.04438551515340805,,,
3,9144,-0.03668682649731636,,,
3,9149,-0.040199220180511475,,,
3,9154,-0.06421994417905807,,,
3,9159,-0.07765316963195801,,,
3,9164,-0.03263799846172333,,,
3,9169,-0.04799732193350792,,,
3,9174,-0.0016184216365218163,,,
3,9179,-0.04200363904237747,,,
3,9184,-0.029711440205574036,,,
3,9189,-0.079836905002594,,,
3,9194,-0.04239838942885399,,,
3,9199,-0.03518263250589371,,,
3,9204,-0.05536873638629913,,,
3,9209,-0.03538575768470764,,,
3,9214,0.0010619042441248894,,,
3,9219,-0.0029309019446372986,,,
3,9224,-0.05747109651565552,,,
3,9229,-0.03380320593714714,,,
3,9234,-0.07172499597072601,,,
3,9239,-0.02331780083477497,,,
3,9244,-0.033840473741292953,,,
3,9249,-0.05108627676963806,,,
3,9254,-0.06189876049757004,,,
3,9259,-0.06905262172222137,,,
3,9264,-0.05862639844417572,,,
3,9269,-0.07156461477279663,,,
3,9274,-0.04943948984146118,,,
3,9279,-0.05423356592655182,,,
3,9284,-0.0913318544626236,,,
3,9289,-0.056726548820734024,,,
3,9294,-0.04386455565690994,,,
3,9299,-0.053719889372587204,,,
3,9304,-0.020826270803809166,,,
3,9309,0.0008742576465010643,,,
3,9314,-0.048923738300800323,,,
3,9319,-0.07534182071685791,,,
3,9324,-0.070395827293396,,,
3,9329,-0.08148153871297836,,,
3,9334,-0.004140594974160194,,,
3,9339,-0.03762307018041611,,,
3,9344,-0.04263773560523987,,,
3,9349,-0.06228822469711304,,,
3,9354,-0.043721754103899,,,
3,9359,-0.04074448347091675,,,
3,9364,-0.05331934615969658,,,
3,9369,-0.01937612146139145,,,
3,9374,-0.06248702481389046,,,
3,9379,-0.046325474977493286,,,
3,9384,-0.02652730606496334,,,
3,9389,-0.06480804085731506,,,
3,9394,-0.028969459235668182,,,
3,9399,-0.06525291502475739,,,
3,9404,-0.04235103726387024,,,
3,9409,-0.03926396369934082,,,
3,9414,-0.05671049281954765,,,
3,9419,-0.06807694584131241,,,
3,9424,-0.0705757811665535,,,
3,9429,-0.035103823989629745,,,
3,9434,-0.03248114883899689,,,
3,9439,-0.05702308192849159,,,
3,9444,-0.08355579525232315,,,
3,9449,-0.043449755758047104,,,
3,9454,0.10865959525108337,,,
3,9459,0.01892961747944355,,,
3,9464,-0.04118849337100983,,,
3,9469,-0.0009715515188872814,,,
3,9474,-0.04774312674999237,,,
3,9479,-0.04333758354187012,,,
3,9484,-0.04356381297111511,,,
3,9489,-0.06978444755077362,,,
3,9494,-0.06748169660568237,,,
3,9499,-0.028958521783351898,,,
3,9504,-0.07333612442016602,,,
3,9509,-0.0348624661564827,,,
3,9514,-0.048927828669548035,,,
3,9519,-0.0476556196808815,,,
3,9524,-0.06104663014411926,,,
3,9529,-0.042801350355148315,,,
3,9534,-0.04934854060411453,,,
3,9539,-0.0413297638297081,,,
3,9544,-0.06867958605289459,,,
3,9549,-0.05475883185863495,,,
3,9554,-0.0458344966173172,,,
3,9559,-0.06013679504394531,,,
3,9564,-0.030427061021327972,,,
3,9569,-0.061166394501924515,,,
3,9574,-0.04315036162734032,,,
3,9579,-0.051479388028383255,,,
3,9584,-0.04259452968835831,,,
3,9589,-0.07708358019590378,,,
3,9594,-0.07145830988883972,,,
3,9599,-0.07528921216726303,,,
3,9604,-0.07827235758304596,,,
3,9609,-0.004790966864675283,,,
3,9614,-0.054581500589847565,,,
3,9619,-0.06682924181222916,,,
3,9624,-0.05815330520272255,,,
3,9629,-0.02042168378829956,,,
3,9634,-0.05688803642988205,,,
3,9639,-0.03218782693147659,,,
3,9644,-0.07158707827329636,,,
3,9649,-0.06862068176269531,,,
3,9654,-0.05618584156036377,,,
3,9659,-0.05215081572532654,,,
3,9664,-0.037227410823106766,,,
3,9669,-0.056701548397541046,,,
3,9674,-0.04618147388100624,,,
3,9679,-0.06502003967761993,,,
3,9684,-0.03043142892420292,,,
3,9689,-0.027862558141350746,,,
3,9694,-0.027708321809768677,,,
3,9699,-0.039215222001075745,,,
3,9704,-0.025983035564422607,,,
3,9709,-0.05218777433037758,,,
3,9714,-0.04862233251333237,,,
3,9719,-0.03437666967511177,,,
3,9724,-0.05950562655925751,,,
3,9729,-0.058380890637636185,,,
3,9734,-0.04044775664806366,,,
3,9739,-0.033203285187482834,,,
3,9744,-0.04179435223340988,,,
3,9749,-0.06203856319189072,,,
3,9754,-0.040950238704681396,,,
3,9759,-0.03442393243312836,,,
3,9764,-0.022342968732118607,,,
3,9769,-0.053619060665369034,,,
3,9774,-0.0614660382270813,,,
3,9779,-0.0537334606051445,,,
3,9784,-0.06361780315637589,,,
3,9789,-0.02106964960694313,,,
3,9794,-0.055286988615989685,,,
3,9799,0.006916212849318981,,,
3,9804,-0.028229884803295135,,,
3,9809,-0.04906737431883812,,,
3,9814,-0.03848738968372345,,,
3,9819,-0.07310325652360916,,,
3,9824,-0.05440160259604454,,,
3,9829,-0.03169065713882446,,,
3,9834,-0.05335225909948349,,,
3,9839,-0.02184506505727768,,,
3,9844,-0.06814160943031311,,,
3,9849,-0.03133825585246086,,,
3,9854,-0.03597965091466904,,,
3,9859,-0.03359167277812958,,,
3,9864,-0.04863130301237106,,,
3,9869,-0.03238748013973236,,,
3,9874,-0.009711962193250656,,,
3,9879,-0.04781832545995712,,,
3,9884,-0.05713796615600586,,,
3,9889,-0.06648312509059906,,,
3,9894,-0.07372669875621796,,,
3,9899,-0.03219609335064888,,,
3,9904,-0.06193504482507706,,,
3,9909,-0.031142259016633034,,,
3,9914,-0.04628128558397293,,,
3,9919,-0.03766603022813797,,,
3,9924,0.001077413558959961,,,
3,9929,-0.04694144427776337,,,
3,9934,-0.06357875466346741,,,
3,9939,-0.03942571207880974,,,
3,9944,-0.05813322216272354,,,
3,9949,0.008909902535378933,,,
3,9954,-0.07053293287754059,,,
3,9959,-0.056348785758018494,,,
3,9964,-0.025587033480405807,,,
3,9969,-0.04875880852341652,,,
3,9974,-0.056277282536029816,,,
3,9979,-0.046229008585214615,,,
3,9984,-0.08014984428882599,,,
3,9989,-0.07826811820268631,,,
3,9994,-0.06936787068843842,,,
3,9999,-0.028126966208219528,,,
3,9999,,-0.03960373252630234,0.42289999127388,0.7323250770568848
4,10004,-0.0323464572429657,,,
4,10009,-0.03581034019589424,,,
4,10014,-0.0662756860256195,,,
4,10019,-0.05089590325951576,,,
4,10024,-0.07598310708999634,,,
4,10029,-0.06358850002288818,,,
4,10034,-0.06780034303665161,,,
4,10039,-0.06390273571014404,,,
4,10044,-0.013173765502870083,,,
4,10049,-0.0511213093996048,,,
4,10054,-0.03622409701347351,,,
4,10059,-0.05377373844385147,,,
4,10064,-0.04195702448487282,,,
4,10069,-0.07134876400232315,,,
4,10074,-0.040242087095975876,,,
4,10079,-0.04582306742668152,,,
4,10084,0.018283236771821976,,,
4,10089,-0.056314617395401,,,
4,10094,-0.037077926099300385,,,
4,10099,-0.06142347678542137,,,
4,10104,-0.038184333592653275,,,
4,10109,-0.07224776595830917,,,
4,10114,-0.003888137638568878,,,
4,10119,-0.05204359069466591,,,
4,10124,-0.0378730483353138,,,
4,10129,-0.05569363385438919,,,
4,10134,-0.040295932441949844,,,
4,10139,-0.053376682102680206,,,
4,10144,-0.0547637939453125,,,
4,10149,-0.03324712812900543,,,
4,10154,-0.023652154952287674,,,
4,10159,-0.025515086948871613,,,
4,10164,-0.04020459204912186,,,
4,10169,-0.021881967782974243,,,
4,10174,-0.059321679174900055,,,
4,10179,-0.02917497232556343,,,
4,10184,-0.06699147820472717,,,
4,10189,-0.02908579632639885,,,
4,10194,-0.056048013269901276,,,
4,10199,-0.0522715225815773,,,
4,10204,-0.039543572813272476,,,
4,10209,-0.022256243973970413,,,
4,10214,-0.044210657477378845,,,
4,10219,-0.06272780895233154,,,
4,10224,-0.051466673612594604,,,
4,10229,-0.03261099383234978,,,
4,10234,-0.038347359746694565,,,
4,10239,-0.051766928285360336,,,
4,10244,-0.05075932294130325,,,
4,10249,-0.042001739144325256,,,
4,10254,-0.05463635176420212,,,
4,10259,-0.03997023403644562,,,
4,10264,-0.03659672290086746,,,
4,10269,-0.003471173346042633,,,
4,10274,-0.07846464216709137,,,
4,10279,-0.06840719282627106,,,
4,10284,-0.04153415560722351,,,
4,10289,-0.031408440321683884,,,
4,10294,-0.051440171897411346,,,
4,10299,-0.0634293258190155,,,
4,10304,-0.058285269886255264,,,
4,10309,-0.03835875540971756,,,
4,10314,-0.02621062658727169,,,
4,10319,-0.03235403075814247,,,
4,10324,-0.054983653128147125,,,
4,10329,-0.038032468408346176,,,
4,10334,-0.07080353796482086,,,
4,10339,-0.04332677274942398,,,
4,10344,-0.06999831646680832,,,
4,10349,-0.05112501233816147,,,
4,10354,-0.029669029638171196,,,
4,10359,-0.03302522376179695,,,
4,10364,-0.07227125763893127,,,
4,10369,-0.02181985229253769,,,
4,10374,-0.03372422978281975,,,
4,10379,-0.03774888813495636,,,
4,10384,-0.048626042902469635,,,
4,10389,-0.06459401547908783,,,
4,10394,-0.05091073364019394,,,
4,10399,-0.024296391755342484,,,
4,10404,-0.06443683803081512,,,
4,10409,-0.05056079104542732,,,
4,10414,-0.045136019587516785,,,
4,10419,-0.05325618013739586,,,
4,10424,-0.03778766468167305,,,
4,10429,-0.035479024052619934,,,
4,10434,-0.04039663448929787,,,
4,10439,-0.027589615434408188,,,
4,10444,-0.03990349918603897,,,
4,10449,-0.04547541216015816,,,
4,10454,-0.0375882163643837,,,
4,10459,-0.06316985934972763,,,
4,10464,-0.027498558163642883,,,
4,10469,-0.05664966255426407,,,
4,10474,-0.05574464052915573,,,
4,10479,-0.06786362826824188,,,
4,10484,-0.04246706888079643,,,
4,10489,-0.005276542156934738,,,
4,10494,-0.043127164244651794,,,
4,10499,-0.0761609673500061,,,
4,10504,-0.048857029527425766,,,
4,10509,-0.010495299473404884,,,
4,10514,-0.027768194675445557,,,
4,10519,-0.04986123740673065,,,
4,10524,-0.056142669171094894,,,
4,10529,-0.028700312599539757,,,
4,10534,-0.04571723937988281,,,
4,10539,-0.03871309757232666,,,
4,10544,-0.047265712171792984,,,
4,10549,-0.029517322778701782,,,
4,10554,-0.04377388581633568,,,
4,10559,-0.05492624640464783,,,
4,10564,-0.06364381313323975,,,
4,10569,-0.011735565960407257,,,
4,10574,-0.06045539677143097,,,
4,10579,-0.05619277060031891,,,
4,10584,-0.03618159890174866,,,
4,10589,-0.07009868323802948,,,
4,10594,-0.02878563664853573,,,
4,10599,-0.05232814699411392,,,
4,10604,-0.06065674126148224,,,
4,10609,-0.057102594524621964,,,
4,10614,-0.04893040657043457,,,
4,10619,-0.06379032880067825,,,
4,10624,-0.05341237783432007,,,
4,10629,-0.03308672457933426,,,
4,10634,-0.06799815595149994,,,
4,10639,-0.06941220164299011,,,
4,10644,-0.08450095355510712,,,
4,10649,-0.0643279030919075,,,
4,10654,-0.053823575377464294,,,
4,10659,-0.0491827093064785,,,
4,10664,-0.05118463188409805,,,
4,10669,-0.03782857209444046,,,
4,10674,-0.031386084854602814,,,
4,10679,-0.07302937656641006,,,
4,10684,-0.07069305330514908,,,
4,10689,-0.0311155803501606,,,
4,10694,-0.04794710874557495,,,
4,10699,-0.07530477643013,,,
4,10704,-0.04265248775482178,,,
4,10709,-0.060831934213638306,,,
4,10714,-0.05333716422319412,,,
4,10719,-0.013233331963419914,,,
4,10724,-0.08854623883962631,,,
4,10729,-0.06458121538162231,,,
4,10734,-0.05363663658499718,,,
4,10739,-0.02819696068763733,,,
4,10744,-0.0702304020524025,,,
4,10749,-0.05810985714197159,,,
4,10754,-0.016252757981419563,,,
4,10759,-0.06688465923070908,,,
4,10764,-0.055341754108667374,,,
4,10769,-0.02188171073794365,,,
4,10774,-0.03484012931585312,,,
4,10779,-0.04775623232126236,,,
4,10784,-0.0597449354827404,,,
4,10789,-0.04564802348613739,,,
4,10794,-0.04725281521677971,,,
4,10799,-0.058911122381687164,,,
4,10804,-0.049201905727386475,,,
4,10809,-0.036500975489616394,,,
4,10814,-0.017769871279597282,,,
4,10819,-0.04886305704712868,,,
4,10824,-0.04771881178021431,,,
4,10829,-0.062343135476112366,,,
4,10834,-0.08350273966789246,,,
4,10839,-0.05804135277867317,,,
4,10844,-0.03723892942070961,,,
4,10849,-0.07100379467010498,,,
4,10854,-0.05898168310523033,,,
4,10859,-0.05318349599838257,,,
4,10864,-0.048759825527668,,,
4,10869,-0.048960503190755844,,,
4,10874,-0.04903874918818474,,,
4,10879,-0.06727796792984009,,,
4,10884,-0.04014842212200165,,,
4,10889,-0.0285942405462265,,,
4,10894,-0.034236304461956024,,,
4,10899,-0.07721804082393646,,,
4,10904,-0.06870317459106445,,,
4,10909,-0.026414092630147934,,,
4,10914,-0.07416057586669922,,,
4,10919,-0.04850292205810547,,,
4,10924,-0.0457458421587944,,,
4,10929,-0.06077728420495987,,,
4,10934,-0.058850593864917755,,,
4,10939,-0.056603699922561646,,,
4,10944,-0.03228380158543587,,,
4,10949,-0.06808507442474365,,,
4,10954,-0.05969001352787018,,,
4,10959,-0.0005017593502998352,,,
4,10964,-0.07888364046812057,,,
4,10969,-0.06879359483718872,,,
4,10974,-0.024993084371089935,,,
4,10979,-0.03507816046476364,,,
4,10984,-0.06419838964939117,,,
4,10989,-0.05544649064540863,,,
4,10994,-0.06779462844133377,,,
4,10999,-0.04148956388235092,,,
4,11004,-0.05306084454059601,,,
4,11009,-0.03653687983751297,,,
4,11014,-0.05486870929598808,,,
4,11019,-0.02486569993197918,,,
4,11024,-0.024207744747400284,,,
4,11029,-0.03107239305973053,,,
4,11034,-0.028497658669948578,,,
4,11039,-0.05862808972597122,,,
4,11044,-0.07089610397815704,,,
4,11049,-0.04395528882741928,,,
4,11054,-0.05401988327503204,,,
4,11059,-0.047038521617650986,,,
4,11064,-0.04106372594833374,,,
4,11069,-0.07090388238430023,,,
4,11074,-0.04140239208936691,,,
4,11079,-0.03598957508802414,,,
4,11084,-0.04287724941968918,,,
4,11089,-0.061978716403245926,,,
4,11094,-3.357045352458954e-05,,,
4,11099,-0.04667232930660248,,,
4,11104,-0.03991316258907318,,,
4,11109,-0.011364325881004333,,,
4,11114,-0.055318236351013184,,,
4,11119,-0.011607058346271515,,,
4,11124,-0.0725165456533432,,,
4,11129,-0.0746309831738472,,,
4,11134,-0.059270210564136505,,,
4,11139,-0.06258451193571091,,,
4,11144,-0.06742960959672928,,,
4,11149,-0.06010088324546814,,,
4,11154,0.019618727266788483,,,
4,11159,-0.0450180321931839,,,
4,11164,-0.06345042586326599,,,
4,11169,-0.06246121972799301,,,
4,11174,-0.02875754050910473,,,
4,11179,-0.03390754014253616,,,
4,11184,-0.05653200298547745,,,
4,11189,-0.01592881977558136,,,
4,11194,-0.05418766289949417,,,
4,11199,-0.05478576570749283,,,
4,11204,-0.032580696046352386,,,
4,11209,-0.040517814457416534,,,
4,11214,-0.05477629229426384,,,
4,11219,-0.05248872935771942,,,
4,11224,-0.047432299703359604,,,
4,11229,-0.009038828313350677,,,
4,11234,-0.05242045223712921,,,
4,11239,-0.052248284220695496,,,
4,11244,-0.07848948985338211,,,
4,11249,-0.06865710020065308,,,
4,11254,-0.03324596583843231,,,
4,11259,-0.04012169688940048,,,
4,11264,-0.03186490759253502,,,
4,11269,-0.04780647158622742,,,
4,11274,-0.04972216486930847,,,
4,11279,-0.03155786916613579,,,
4,11284,-0.024781174957752228,,,
4,11289,-0.03582477942109108,,,
4,11294,-0.06838235259056091,,,
4,11299,-0.06969330459833145,,,
4,11304,-0.03977635130286217,,,
4,11309,-0.07250326871871948,,,
4,11314,-0.05232439190149307,,,
4,11319,-0.03614748269319534,,,
4,11324,-0.054599419236183167,,,
4,11329,-0.04918219894170761,,,
4,11334,-0.0349125899374485,,,
4,11339,-0.052499622106552124,,,
4,11344,-0.032494448125362396,,,
4,11349,-0.055643126368522644,,,
4,11354,-0.025671672075986862,,,
4,11359,-0.062448568642139435,,,
4,11364,-0.059535346925258636,,,
4,11369,-0.05685805529356003,,,
4,11374,0.02667713165283203,,,
4,11379,-0.052940431982278824,,,
4,11384,-0.06094454228878021,,,
4,11389,-0.06290505826473236,,,
4,11394,-0.032945483922958374,,,
4,11399,-0.04673552140593529,,,
4,11404,-0.04811462014913559,,,
4,11409,-0.07146041095256805,,,
4,11414,-0.03968532755970955,,,
4,11419,-0.05922602117061615,,,
4,11424,-0.06695125997066498,,,
4,11429,-0.01554444245994091,,,
4,11434,-0.0516243577003479,,,
4,11439,-0.02173883467912674,,,
4,11444,-0.06609760224819183,,,
4,11449,-0.02534724771976471,,,
4,11454,-0.0733884796500206,,,
4,11459,-0.041633762419223785,,,
4,11464,-0.04133862629532814,,,
4,11469,-0.06186157837510109,,,
4,11474,-0.031319811940193176,,,
4,11479,-0.04918385297060013,,,
4,11484,-0.04997926577925682,,,
4,11489,-0.07576291263103485,,,
4,11494,-0.08648678660392761,,,
4,11499,-0.05442667752504349,,,
4,11504,-0.044823139905929565,,,
4,11509,-0.009261216968297958,,,
4,11514,-0.047408439218997955,,,
4,11519,-0.07165254652500153,,,
4,11524,-0.04138428717851639,,,
4,11529,-0.021197784692049026,,,
4,11534,-0.06209379434585571,,,
4,11539,-0.05979881435632706,,,
4,11544,-0.05592397227883339,,,
4,11549,-0.023894187062978745,,,
4,11554,-0.047170571982860565,,,
4,11559,-0.05660118907690048,,,
4,11564,-0.03986375778913498,,,
4,11569,-0.036777250468730927,,,
4,11574,-0.05208698660135269,,,
4,11579,-0.062179505825042725,,,
4,11584,-0.0451774001121521,,,
4,11589,-0.0832536593079567,,,
4,11594,-0.048208463937044144,,,
4,11599,-0.054280005395412445,,,
4,11604,-0.06714823096990585,,,
4,11609,-0.020093336701393127,,,
4,11614,-0.046967267990112305,,,
4,11619,-0.055726177990436554,,,
4,11624,-0.0795292854309082,,,
4,11629,-0.02657325752079487,,,
4,11634,-0.02799740806221962,,,
4,11639,-0.05889609083533287,,,
4,11644,-0.06575635075569153,,,
4,11649,-0.03542981296777725,,,
4,11654,-0.04943510890007019,,,
4,11659,-0.037918560206890106,,,
4,11664,-0.030499538406729698,,,
4,11669,-0.04183746129274368,,,
4,11674,-0.040313832461833954,,,
4,11679,-0.040570203214883804,,,
4,11684,-0.06229975074529648,,,
4,11689,-0.05783519521355629,,,
4,11694,-0.07087769359350204,,,
4,11699,-0.04560531675815582,,,
4,11704,-0.036852918565273285,,,
4,11709,-0.02265932597219944,,,
4,11714,-0.05807892978191376,,,
4,11719,-0.058245494961738586,,,
4,11724,-0.057351529598236084,,,
4,11729,-0.06480449438095093,,,
4,11734,-0.06448547542095184,,,
4,11739,-0.04284199699759483,,,
4,11744,-0.05372307449579239,,,
4,11749,-0.02947172150015831,,,
4,11754,-0.011024008505046368,,,
4,11759,-0.06684030592441559,,,
4,11764,-0.062246110290288925,,,
4,11769,-0.043961524963378906,,,
4,11774,-0.02171880006790161,,,
4,11779,-0.05900520086288452,,,
4,11784,-0.016426369547843933,,,
4,11789,-0.0419495515525341,,,
4,11794,-0.04738248139619827,,,
4,11799,-0.06764200329780579,,,
4,11804,-0.05946085974574089,,,
4,11809,0.04595601558685303,,,
4,11814,-0.03788501396775246,,,
4,11819,-0.028202783316373825,,,
4,11824,-0.06285346299409866,,,
4,11829,-0.04529384896159172,,,
4,11834,-0.033782780170440674,,,
4,11839,-0.0649719387292862,,,
4,11844,-0.009783129207789898,,,
4,11849,-0.0562741719186306,,,
4,11854,-0.024635937064886093,,,
4,11859,-0.04039609432220459,,,
4,11864,-0.0363142192363739,,,
4,11869,-0.044435493648052216,,,
4,11874,-0.06215658783912659,,,
4,11879,-0.030707767233252525,,,
4,11884,-0.0698118507862091,,,
4,11889,-0.04847848042845726,,,
4,11894,-0.016801631078124046,,,
4,11899,-0.0589091032743454,,,
4,11904,-0.04622935503721237,,,
4,11909,-0.060024455189704895,,,
4,11914,-0.04665912687778473,,,
4,11919,-0.027892371639609337,,,
4,11924,-0.028550073504447937,,,
4,11929,-0.05575776845216751,,,
4,11934,-0.028041623532772064,,,
4,11939,-0.04644065722823143,,,
4,11944,-0.0779000073671341,,,
4,11949,-0.05008837580680847,,,
4,11954,-0.06470673531293869,,,
4,11959,-0.056141167879104614,,,
4,11964,-0.05174034833908081,,,
4,11969,-0.05090288445353508,,,
4,11974,-0.05530691146850586,,,
4,11979,-0.039550166577100754,,,
4,11984,-0.07362982630729675,,,
4,11989,-0.057558558881282806,,,
4,11994,-0.006718396674841642,,,
4,11999,-0.021235397085547447,,,
4,12004,-0.06922944635152817,,,
4,12009,-0.052319854497909546,,,
4,12014,-0.037127695977687836,,,
4,12019,-0.050388969480991364,,,
4,12024,-0.03965345770120621,,,
4,12029,-0.05648961663246155,,,
4,12034,-0.049496278166770935,,,
4,12039,-0.06527285277843475,,,
4,12044,-0.0320625938475132,,,
4,12049,-0.06324490904808044,,,
4,12054,-0.06302805244922638,,,
4,12059,-0.06812641024589539,,,
4,12064,-0.04944318160414696,,,
4,12069,-0.05718249827623367,,,
4,12074,-0.08209629356861115,,,
4,12079,-0.07196731865406036,,,
4,12084,-0.053070589900016785,,,
4,12089,-0.049547042697668076,,,
4,12094,-0.026534274220466614,,,
4,12099,-0.055816151201725006,,,
4,12104,-0.036344148218631744,,,
4,12109,-0.06881700456142426,,,
4,12114,-0.04527932405471802,,,
4,12119,-0.06156255304813385,,,
4,12124,-0.057663850486278534,,,
4,12129,-0.00578700378537178,,,
4,12134,-0.05910737067461014,,,
4,12139,-0.05908917635679245,,,
4,12144,-0.057894669473171234,,,
4,12149,-0.04140801727771759,,,
4,12154,-0.037049829959869385,,,
4,12159,-0.05308664217591286,,,
4,12164,-0.03149576485157013,,,
4,12169,0.01693553850054741,,,
4,12174,-0.08209632337093353,,,
4,12179,-0.06103554368019104,,,
4,12184,-0.07012172788381577,,,
4,12189,-0.0456777848303318,,,
4,12194,-0.015894709154963493,,,
4,12199,-0.053345486521720886,,,
4,12204,-0.02059834823012352,,,
4,12209,-0.02255324088037014,,,
4,12214,-0.06743468344211578,,,
4,12219,-0.06352176517248154,,,
4,12224,-0.048979341983795166,,,
4,12229,-0.042936936020851135,,,
4,12234,-0.03201823681592941,,,
4,12239,-0.06709016859531403,,,
4,12244,-0.05102505534887314,,,
4,12249,-0.06570993363857269,,,
4,12254,-0.06924550235271454,,,
4,12259,-0.06531693041324615,,,
4,12264,-0.05664978176355362,,,
4,12269,-0.048229485750198364,,,
4,12274,-0.03785603493452072,,,
4,12279,-0.045132800936698914,,,
4,12284,-0.058400288224220276,,,
4,12289,-0.063763327896595,,,
4,12294,-0.040283504873514175,,,
4,12299,-0.044415585696697235,,,
4,12304,-0.005983274430036545,,,
4,12309,-0.04457918927073479,,,
4,12314,-0.06076264753937721,,,
4,12319,-0.07482850551605225,,,
4,12324,-0.017485298216342926,,,
4,12329,-0.03234977647662163,,,
4,12334,-0.045608848333358765,,,
4,12339,-0.041698288172483444,,,
4,12344,-0.06040700897574425,,,
4,12349,-0.07651018351316452,,,
4,12354,-0.019306575879454613,,,
4,12359,-0.060061290860176086,,,
4,12364,-0.06100192666053772,,,
4,12369,-0.03470820561051369,,,
4,12374,-0.028356540948152542,,,
4,12379,-0.03816742077469826,,,
4,12384,-0.016225706785917282,,,
4,12389,-0.042437437921762466,,,
4,12394,-0.04066721722483635,,,
4,12399,-0.05403447896242142,,,
4,12404,-0.016928302124142647,,,
4,12409,-0.04946349561214447,,,
4,12414,-0.057461656630039215,,,
4,12419,-0.048470959067344666,,,
4,12424,-0.06662119925022125,,,
4,12429,-0.057571835815906525,,,
4,12434,-0.07109624147415161,,,
4,12439,-0.0337509959936142,,,
4,12444,-0.027370812371373177,,,
4,12449,-0.07196376472711563,,,
4,12454,-0.03626726195216179,,,
4,12459,-0.03783758729696274,,,
4,12464,-0.06185101717710495,,,
4,12469,-0.061388835310935974,,,
4,12474,-0.03270939737558365,,,
4,12479,-0.0511244460940361,,,
4,12484,-0.042008787393569946,,,
4,12489,-0.03921443969011307,,,
4,12494,-0.04077219218015671,,,
4,12499,-0.06683407723903656,,,
4,12499,,-0.0570061169564724,0.38499999046325684,0.6972804069519043
5,12504,-0.04673915356397629,,,
5,12509,-0.055171772837638855,,,
5,12514,-0.04296024143695831,,,
5,12519,-0.016123075038194656,,,
5,12524,-0.06983241438865662,,,
5,12529,-0.08728250116109848,,,
5,12534,-0.047214899212121964,,,
5,12539,-0.05385484918951988,,,
5,12544,-0.04491607844829559,,,
5,12549,-0.03976062312722206,,,
5,12554,-0.06698742508888245,,,
5,12559,-0.042092375457286835,,,
5,12564,-0.028829460963606834,,,
5,12569,-0.058087997138500214,,,
5,12574,-0.05314553529024124,,,
5,12579,-0.04965323209762573,,,
5,12584,-0.03598534315824509,,,
5,12589,-0.052377089858055115,,,
5,12594,-0.036702319979667664,,,
5,12599,-0.03408176451921463,,,
5,12604,-0.04869774729013443,,,
5,12609,-0.05794993042945862,,,
5,12614,-0.031056024134159088,,,
5,12619,-0.025903858244419098,,,
5,12624,-0.03637661039829254,,,
5,12629,-0.07413410395383835,,,
5,12634,-0.05938515067100525,,,
5,12639,-0.054823607206344604,,,
5,12644,-0.05377301946282387,,,
5,12649,-0.021841544657945633,,,
5,12654,-0.06998289376497269,,,
5,12659,-0.06549029052257538,,,
5,12664,-0.0702744871377945,,,
5,12669,-0.06551311910152435,,,
5,12674,-0.015855848789215088,,,
5,12679,-0.06880287826061249,,,
5,12684,-0.05600563436746597,,,
5,12689,-0.04247251898050308,,,
5,12694,-0.0448710061609745,,,
5,12699,-0.02567029930651188,,,
5,12704,-0.04902934283018112,,,
5,12709,-0.038805387914180756,,,
5,12714,-0.06063865125179291,,,
5,12719,-0.06492581963539124,,,
5,12724,-0.03990842401981354,,,
5,12729,-0.05705638229846954,,,
5,12734,-0.03931502252817154,,,
5,12739,-0.05336499959230423,,,
5,12744,-0.05227092280983925,,,
5,12749,-0.030165454372763634,,,
5,12754,-0.014627227559685707,,,
5,12759,-0.010457956232130527,,,
5,12764,-0.0416746623814106,,,
5,12769,-0.049192920327186584,,,
5,12774,-0.06571699678897858,,,
5,12779,-0.06146116927266121,,,
5,12784,-0.039851266890764236,,,
5,12789,-0.009367259219288826,,,
5,12794,-0.008090012706816196,,,
5,12799,-0.042093075811862946,,,
5,12804,-0.04551737755537033,,,
5,12809,-0.05226172134280205,,,
5,12814,-0.023576000705361366,,,
5,12819,-0.05723980814218521,,,
5,12824,-0.051212649792432785,,,
5,12829,-0.050594884902238846,,,
5,12834,-0.04500579833984375,,,
5,12839,-0.04341486096382141,,,
5,12844,-0.035302504897117615,,,
5,12849,-0.033597856760025024,,,
5,12854,-0.053346674889326096,,,
5,12859,-0.02978217788040638,,,
5,12864,-0.04653742164373398,,,
5,12869,-0.03715960681438446,,,
5,12874,-0.04393569380044937,,,
5,12879,-0.012757821939885616,,,
5,12884,-0.020424695685505867,,,
5,12889,-0.07461995631456375,,,
5,12894,-0.03899810463190079,,,
5,12899,-0.03238017484545708,,,
5,12904,-0.060412853956222534,,,
5,12909,-0.021360674872994423,,,
5,12914,-0.05392363294959068,,,
5,12919,-0.02830255590379238,,,
5,12924,-0.05932397395372391,,,
5,12929,-0.039067089557647705,,,
5,12934,-0.06684969365596771,,,
5,12939,-0.06082896888256073,,,
5,12944,-0.049057334661483765,,,
5,12949,-0.06201602518558502,,,
5,12954,-0.06318967044353485,,,
5,12959,-0.0722668468952179,,,
5,12964,-0.040482960641384125,,,
5,12969,-0.051002226769924164,,,
5,12974,-0.03394501656293869,,,
5,12979,-0.03961021453142166,,,
5,12984,-0.035324349999427795,,,
5,12989,-0.05623316392302513,,,
5,12994,-0.05503092333674431,,,
5,12999,-0.05491079017519951,,,
5,13004,-0.06086767092347145,,,
5,13009,-0.030046449974179268,,,
5,13014,-0.031844612210989,,,
5,13019,-0.05441950634121895,,,
5,13024,-0.06641756743192673,,,
5,13029,-0.057228632271289825,,,
5,13034,-0.0205538310110569,,,
5,13039,-0.044399917125701904,,,
5,13044,-0.0397782176733017,,,
5,13049,-0.05335835739970207,,,
5,13054,-0.014124451205134392,,,
5,13059,-0.04455920681357384,,,
5,13064,-0.05985561013221741,,,
5,13069,-0.041786160320043564,,,
5,13074,0.05888042226433754,,,
5,13079,-0.003076164983212948,,,
5,13084,-0.05759286880493164,,,
5,13089,-0.060809552669525146,,,
5,13094,-0.06237959861755371,,,
5,13099,-0.051368437707424164,,,
5,13104,-0.04649163782596588,,,
5,13109,-0.014559812843799591,,,
5,13114,-0.03368696942925453,,,
5,13119,-0.05634981393814087,,,
5,13124,-0.0395655483007431,,,
5,13129,-0.04374244436621666,,,
5,13134,-0.07937159389257431,,,
5,13139,-0.043864764273166656,,,
5,13144,-0.04252694547176361,,,
5,13149,-0.03393176198005676,,,
5,13154,-0.05624690651893616,,,
5,13159,-0.049312151968479156,,,
5,13164,-0.05283845216035843,,,
5,13169,-0.06758567690849304,,,
5,13174,-0.03820573538541794,,,
5,13179,-0.07632258534431458,,,
5,13184,-0.04459141194820404,,,
5,13189,-0.06642848253250122,,,
5,13194,-0.059880759567022324,,,
5,13199,0.02273637056350708,,,
5,13204,-0.03851071745157242,,,
5,13209,-0.02781672403216362,,,
5,13214,-0.06022161990404129,,,
5,13219,-0.056008100509643555,,,
5,13224,-0.03741417080163956,,,
5,13229,-0.056242600083351135,,,
5,13234,-0.053639598190784454,,,
5,13239,-0.0530124232172966,,,
5,13244,-0.050435520708560944,,,
5,13249,0.006296470761299133,,,
5,13254,-0.05378526821732521,,,
5,13259,-0.03919874504208565,,,
5,13264,-0.061182908713817596,,,
5,13269,-0.04502313584089279,,,
5,13274,-0.0651053786277771,,,
5,13279,-0.04564984142780304,,,
5,13284,-0.043044235557317734,,,
5,13289,-0.056406885385513306,,,
5,13294,-0.06051322817802429,,,
5,13299,-0.05266173556447029,,,
5,13304,-0.0454714260995388,,,
5,13309,-0.04240981489419937,,,
5,13314,-0.07207174599170685,,,
5,13319,-0.07023526728153229,,,
5,13324,-0.04883494973182678,,,
5,13329,-0.04396841675043106,,,
5,13334,-0.04894888401031494,,,
5,13339,-0.053736455738544464,,,
5,13344,-0.07521024346351624,,,
5,13349,-0.031526118516922,,,
5,13354,-0.04091808572411537,,,
5,13359,-0.05791756510734558,,,
5,13364,-0.057354606688022614,,,
5,13369,-0.04116605594754219,,,
5,13374,-0.058293819427490234,,,
5,13379,-0.015014896169304848,,,
5,13384,0.014565320685505867,,,
5,13389,-0.05034233257174492,,,
5,13394,-0.05292598158121109,,,
5,13399,-0.03266870975494385,,,
5,13404,-0.0616748109459877,,,
5,13409,-0.013436192646622658,,,
5,13414,-0.04446999356150627,,,
5,13419,-0.03247213363647461,,,
5,13424,-0.07938843220472336,,,
5,13429,-0.05650036409497261,,,
5,13434,-0.032866887748241425,,,
5,13439,-0.05195479094982147,,,
5,13444,-0.06894886493682861,,,
5,13449,-0.0493655800819397,,,
5,13454,-0.057573042809963226,,,
5,13459,-0.06671372801065445,,,
5,13464,-0.060063403099775314,,,
5,13469,-0.06574374437332153,,,
5,13474,-0.05478566884994507,,,
5,13479,-0.056638605892658234,,,
5,13484,-0.05006967857480049,,,
5,13489,-0.015058538876473904,,,
5,13494,-0.050995662808418274,,,
5,13499,-0.03460804745554924,,,
5,13504,-0.045297566801309586,,,
5,13509,-0.05215485394001007,,,
5,13514,-0.022560836747288704,,,
5,13519,-0.0451030433177948,,,
5,13524,-0.05388735234737396,,,
5,13529,-0.05835014954209328,,,
5,13534,-0.053516969084739685,,,
5,13539,-0.049867529422044754,,,
5,13544,-0.026238661259412766,,,
5,13549,-0.05898045748472214,,,
5,13554,-0.05915679782629013,,,
5,13559,-0.0599861666560173,,,
5,13564,-0.08068237453699112,,,
5,13569,-0.04460529237985611,,,
5,13574,-0.052314188331365585,,,
5,13579,-0.03826144337654114,,,
5,13584,-0.00785516295582056,,,
5,13589,-0.06996962428092957,,,
5,13594,-0.03150823339819908,,,
5,13599,-0.03706594184041023,,,
5,13604,-0.062034375965595245,,,
5,13609,-0.04812321066856384,,,
5,13614,-0.0322999581694603,,,
5,13619,-0.0216936394572258,,,
5,13624,-0.07148587703704834,,,
5,13629,-0.05401894450187683,,,
5,13634,-0.060953669250011444,,,
5,13639,-0.04959534481167793,,,
5,13644,-0.026886213570833206,,,
5,13649,-0.054433636367321014,,,
5,13654,-0.05071602389216423,,,
5,13659,-0.036845408380031586,,,
5,13664,-0.06535026431083679,,,
5,13669,-0.03656725585460663,,,
5,13674,-0.053440161049366,,,
5,13679,-0.05080822855234146,,,
5,13684,-0.04066215828061104,,,
5,13689,-0.030025562271475792,,,
5,13694,-0.06329892575740814,,,
5,13699,-0.04527368023991585,,,
5,13704,-0.03149542957544327,,,
5,13709,-0.02416367270052433,,,
5,13714,-0.02607809193432331,,,
5,13719,-0.07296304404735565,,,
5,13724,-0.07579898834228516,,,
5,13729,-0.0847836583852768,,,
5,13734,-0.05385122075676918,,,
5,13739,-0.04645806923508644,,,
5,13744,-0.031266190111637115,,,
5,13749,-0.05589599907398224,,,
5,13754,-0.07018820941448212,,,
5,13759,-0.07677492499351501,,,
5,13764,0.005212764255702496,,,
5,13769,-0.03125941380858421,,,
5,13774,-0.04736180976033211,,,
5,13779,-0.05109082907438278,,,
5,13784,-0.04251014068722725,,,
5,13789,-0.03639015927910805,,,
5,13794,-0.03996122255921364,,,
5,13799,-0.06587209552526474,,,
5,13804,-0.04186943545937538,,,
5,13809,-0.06046710163354874,,,
5,13814,-0.008918633684515953,,,
5,13819,-0.05844508111476898,,,
5,13824,-0.07371200621128082,,,
5,13829,-0.06263957917690277,,,
5,13834,-0.04176466166973114,,,
5,13839,-0.05611715838313103,,,
5,13844,-0.07160253077745438,,,
5,13849,-0.04682045057415962,,,
5,13854,-0.048629797995090485,,,
5,13859,-0.06634116917848587,,,
5,13864,-0.03963262215256691,,,
5,13869,-0.05504206568002701,,,
5,13874,0.03468720614910126,,,
5,13879,-0.05110861733555794,,,
5,13884,-0.017518486827611923,,,
5,13889,-0.04216521233320236,,,
5,13894,-0.049084194004535675,,,
5,13899,0.018112702295184135,,,
5,13904,-0.05132271349430084,,,
5,13909,-0.04996967315673828,,,
5,13914,-0.06960885226726532,,,
5,13919,-0.05294177308678627,,,
5,13924,-0.038820501416921616,,,
5,13929,-0.0472220778465271,,,
5,13934,-0.0236261747777462,,,
5,13939,-0.04089619219303131,,,
5,13944,-0.05316087603569031,,,
5,13949,-0.04618029296398163,,,
5,13954,-0.04447048157453537,,,
5,13959,-0.03430813178420067,,,
5,13964,-0.051916223019361496,,,
5,13969,-0.03372346982359886,,,
5,13974,-0.05795900151133537,,,
5,13979,-0.06327751278877258,,,
5,13984,-0.04470967501401901,,,
5,13989,-0.022953476756811142,,,
5,13994,-0.06358950585126877,,,
5,13999,-0.04586963728070259,,,
5,14004,-0.040393225848674774,,,
5,14009,0.0027701128274202347,,,
5,14014,-0.03842867165803909,,,
5,14019,-0.024795979261398315,,,
5,14024,-0.07415816932916641,,,
5,14029,-0.04142291471362114,,,
5,14034,-0.04545385390520096,,,
5,14039,0.012863810174167156,,,
5,14044,-0.08659429103136063,,,
5,14049,-0.04699353873729706,,,
5,14054,-0.050652965903282166,,,
5,14059,-0.0371294729411602,,,
5,14064,-0.05682314932346344,,,
5,14069,-0.005861361511051655,,,
5,14074,-0.06665898859500885,,,
5,14079,-0.02294764295220375,,,
5,14084,-0.03731761872768402,,,
5,14089,-0.02572835609316826,,,
5,14094,-0.06863570213317871,,,
5,14099,-0.051167502999305725,,,
5,14104,-0.06393392384052277,,,
5,14109,-0.015853192657232285,,,
5,14114,-0.007023701444268227,,,
5,14119,-0.029032550752162933,,,
5,14124,-0.06893973052501678,,,
5,14129,-0.06295789033174515,,,
5,14134,-0.030766792595386505,,,
5,14139,-0.04487234726548195,,,
5,14144,-0.0646195113658905,,,
5,14149,-0.05030251294374466,,,
5,14154,-0.04036629945039749,,,
5,14159,-0.07384110242128372,,,
5,14164,-0.05659236013889313,,,
5,14169,-0.04931461438536644,,,
5,14174,-0.053241487592458725,,,
5,14179,-0.057838670909404755,,,
5,14184,0.05632828176021576,,,
5,14189,-0.04256219044327736,,,
5,14194,-0.03025098890066147,,,
5,14199,-0.056044984608888626,,,
5,14204,-0.04837670922279358,,,
5,14209,-0.0559159591794014,,,
5,14214,-0.028478197753429413,,,
5,14219,-0.044906362891197205,,,
5,14224,-0.01655135490000248,,,
5,14229,-0.03924427926540375,,,
5,14234,-0.07190145552158356,,,
5,14239,-0.04730277881026268,,,
5,14244,-0.05766432732343674,,,
5,14249,-0.059454407542943954,,,
5,14254,-0.06798551976680756,,,
5,14259,-0.001203065738081932,,,
5,14264,-0.051490478217601776,,,
5,14269,-0.04794643074274063,,,
5,14274,-0.03601951524615288,,,
5,14279,-0.030804548412561417,,,
5,14284,-0.06760840117931366,,,
5,14289,-0.05364210903644562,,,
5,14294,-0.03468811884522438,,,
5,14299,-0.023788705468177795,,,
5,14304,-0.05495978891849518,,,
5,14309,-0.05779053270816803,,,
5,14314,-0.04433152824640274,,,
5,14319,-0.05938585847616196,,,
5,14324,-0.05432047322392464,,,
5,14329,-0.03514578565955162,,,
5,14334,-0.056453630328178406,,,
5,14339,-0.07476186752319336,,,
5,14344,-0.05514666438102722,,,
5,14349,-0.030198678374290466,,,
5,14354,-0.061495643109083176,,,
5,14359,-0.07154601812362671,,,
5,14364,-0.03361602872610092,,,
5,14369,-0.03962818533182144,,,
5,14374,-0.05613508075475693,,,
5,14379,-0.01773780584335327,,,
5,14384,-0.0546761229634285,,,
5,14389,-0.056367307901382446,,,
5,14394,-0.033553242683410645,,,
5,14399,-0.05206247791647911,,,
5,14404,-0.0608614981174469,,,
5,14409,-0.05383811146020889,,,
5,14414,-0.025162383913993835,,,
5,14419,-0.04392543435096741,,,
5,14424,-0.035196688026189804,,,
5,14429,-0.06123044341802597,,,
5,14434,-0.0009413044899702072,,,
5,14439,-0.07223201543092728,,,
5,14444,-0.02476746030151844,,,
5,14449,-0.038185469806194305,,,
5,14454,-0.05119199678301811,,,
5,14459,-0.04310102015733719,,,
5,14464,-0.041483499109745026,,,
5,14469,-0.0591512992978096,,,
5,14474,-0.06447403132915497,,,
5,14479,-0.03496618568897247,,,
5,14484,-0.0463716946542263,,,
5,14489,-0.0552959069609642,,,
5,14494,-0.04043971374630928,,,
5,14499,-0.045247919857501984,,,
5,14504,-0.06988415122032166,,,
5,14509,-0.062148697674274445,,,
5,14514,-0.04798359423875809,,,
5,14519,-0.052551209926605225,,,
5,14524,-0.06018999591469765,,,
5,14529,-0.05031691491603851,,,
5,14534,-0.05676206573843956,,,
5,14539,-0.03883805125951767,,,
5,14544,-0.03509177640080452,,,
5,14549,-0.03922060504555702,,,
5,14554,-0.0502251572906971,,,
5,14559,-0.03690679371356964,,,
5,14564,-0.050041332840919495,,,
5,14569,-0.05475526303052902,,,
5,14574,-0.054649703204631805,,,
5,14579,-0.04942445456981659,,,
5,14584,-0.03303413465619087,,,
5,14589,-0.030575990676879883,,,
5,14594,-0.027995526790618896,,,
5,14599,-0.0636494904756546,,,
5,14604,-0.049082644283771515,,,
5,14609,-0.038027700036764145,,,
5,14614,-0.013486869633197784,,,
5,14619,-0.04819450527429581,,,
5,14624,-0.06500943750143051,,,
5,14629,-0.07034926861524582,,,
5,14634,-0.030691996216773987,,,
5,14639,-0.05546388030052185,,,
5,14644,-0.056435540318489075,,,
5,14649,-0.03696511685848236,,,
5,14654,-0.040889374911785126,,,
5,14659,-0.059583090245723724,,,
5,14664,-0.0633755624294281,,,
5,14669,-0.0685371458530426,,,
5,14674,-0.04266974329948425,,,
5,14679,-0.048871636390686035,,,
5,14684,-0.05883809179067612,,,
5,14689,-0.005205011926591396,,,
5,14694,-0.0693075954914093,,,
5,14699,-0.05180516093969345,,,
5,14704,0.0008469014428555965,,,
5,14709,-0.046620532870292664,,,
5,14714,-0.04869203642010689,,,
5,14719,-0.05607382953166962,,,
5,14724,-0.009450669400393963,,,
5,14729,-0.07741327583789825,,,
5,14734,-0.06431405991315842,,,
5,14739,-0.056218765676021576,,,
5,14744,-0.039984866976737976,,,
5,14749,-0.008434590883553028,,,
5,14754,-0.052745670080184937,,,
5,14759,-0.04322248697280884,,,
5,14764,-0.06383666396141052,,,
5,14769,-0.0506717711687088,,,
5,14774,-0.022024722769856453,,,
5,14779,-0.03591345250606537,,,
5,14784,-0.052868254482746124,,,
5,14789,-0.07225002348423004,,,
5,14794,-0.06065084785223007,,,
5,14799,-0.04421824961900711,,,
5,14804,-0.03352130576968193,,,
5,14809,-0.08043266832828522,,,
5,14814,-0.04801961034536362,,,
5,14819,-0.012596351094543934,,,
5,14824,-0.06718739122152328,,,
5,14829,-0.048130106180906296,,,
5,14834,-0.027185220271348953,,,
5,14839,-0.03081054426729679,,,
5,14844,-0.05005808174610138,,,
5,14849,-0.07188389450311661,,,
5,14854,-0.05543036758899689,,,
5,14859,-0.04824965447187424,,,
5,14864,-0.018751829862594604,,,
5,14869,-0.028422044590115547,,,
5,14874,-0.05031299963593483,,,
5,14879,-0.06095049902796745,,,
5,14884,-0.02245640940964222,,,
5,14889,-0.060993440449237823,,,
5,14894,-0.05075715854763985,,,
5,14899,-0.07357724756002426,,,
5,14904,-0.060445982962846756,,,
5,14909,-0.04567177593708038,,,
5,14914,-0.04500187188386917,,,
5,14919,-0.05392187833786011,,,
5,14924,-0.04169747978448868,,,
5,14929,-0.059673942625522614,,,
5,14934,-0.07190573960542679,,,
5,14939,-0.04304436594247818,,,
5,14944,-0.050475891679525375,,,
5,14949,-0.06354940682649612,,,
5,14954,-0.05533662065863609,,,
5,14959,-0.040845416486263275,,,
5,14964,-0.056890819221735,,,
5,14969,-0.06626434624195099,,,
5,14974,-0.04379180818796158,,,
5,14979,-0.05976460874080658,,,
5,14984,-0.0362996906042099,,,
5,14989,-0.044046297669410706,,,
5,14994,0.007062841206789017,,,
5,14999,-0.05818341672420502,,,
5,14999,,-0.04182269796729088,0.3831999897956848,0.7061161398887634
6,15004,-0.06399860233068466,,,
6,15009,-0.059336137026548386,,,
6,15014,-0.06292556971311569,,,
6,15019,-0.028122184798121452,,,
6,15024,-0.030156202614307404,,,
6,15029,-0.05367089807987213,,,
6,15034,-0.052394744008779526,,,
6,15039,-0.0503033846616745,,,
6,15044,-0.04298438876867294,,,
6,15049,-0.037557266652584076,,,
6,15054,-0.05071057751774788,,,
6,15059,-0.0387701578438282,,,
6,15064,-0.05772997438907623,,,
6,15069,-0.04526561126112938,,,
6,15074,-0.05474453419446945,,,
6,15079,-0.05982048809528351,,,
6,15084,-0.04856400191783905,,,
6,15089,-0.04076477885246277,,,
6,15094,-0.03387879952788353,,,
6,15099,-0.04626603052020073,,,
6,15104,-0.06157488748431206,,,
6,15109,-0.041953012347221375,,,
6,15114,0.006071186624467373,,,
6,15119,-0.05818364769220352,,,
6,15124,-0.05289047956466675,,,
6,15129,-0.05124218761920929,,,
6,15134,-0.051478154957294464,,,
6,15139,-0.04034513980150223,,,
6,15144,-0.028002843260765076,,,
6,15149,-0.036819253116846085,,,
6,15154,-0.035435885190963745,,,
6,15159,-0.04924893379211426,,,
6,15164,-0.06793175637722015,,,
6,15169,-0.04137654975056648,,,
6,15174,-0.04835487902164459,,,
6,15179,-0.037330757826566696,,,
6,15184,-0.048783957958221436,,,
6,15189,-0.01304830051958561,,,
6,15194,-0.040227558463811874,,,
6,15199,-0.056023646146059036,,,
6,15204,-0.04281408339738846,,,
6,15209,-0.05474928766489029,,,
6,15214,-0.02733343280851841,,,
6,15219,-0.050712935626506805,,,
6,15224,-0.037389516830444336,,,
6,15229,-0.05429097265005112,,,
6,15234,-0.05120236054062843,,,
6,15239,0.01792868785560131,,,
6,15244,-0.05395091325044632,,,
6,15249,-0.04653480648994446,,,
6,15254,-0.06559714674949646,,,
6,15259,-0.04597736895084381,,,
6,15264,-0.07066180557012558,,,
6,15269,-0.060284726321697235,,,
6,15274,-0.0665086954832077,,,
6,15279,-0.05656397342681885,,,
6,15284,-0.04407674819231033,,,
6,15289,-0.0056874314323067665,,,
6,15294,-0.061183881014585495,,,
6,15299,-0.0525205060839653,,,
6,15304,-0.04526160657405853,,,
6,15309,-0.04716558754444122,,,
6,15314,-0.02920796349644661,,,
6,15319,-0.07179560512304306,,,
6,15324,-0.0610344223678112,,,
6,15329,-0.03371176868677139,,,
6,15334,-0.05302102863788605,,,
6,15339,-0.031555380672216415,,,
6,15344,-0.034530024975538254,,,
6,15349,-0.044360946863889694,,,
6,15354,-0.008203474804759026,,,
6,15359,0.03272639214992523,,,
6,15364,-0.05944102257490158,,,
6,15369,-0.06482887268066406,,,
6,15374,-0.053053658455610275,,,
6,15379,-0.055277712643146515,,,
6,15384,-0.059808604419231415,,,
6,15389,-0.03204302489757538,,,
6,15394,-0.019672077149152756,,,
6,15399,-0.02778291329741478,,,
6,15404,-0.04109053686261177,,,
6,15409,-0.03562142327427864,,,
6,15414,-0.04973217844963074,,,
6,15419,-0.06348773837089539,,,
6,15424,-0.06264811009168625,,,
6,15429,-0.06735166907310486,,,
6,15434,-0.056725844740867615,,,
6,15439,-0.04393937811255455,,,
6,15444,-0.04126386344432831,,,
6,15449,-0.034072570502758026,,,
6,15454,-0.05847980082035065,,,
6,15459,-0.07126694917678833,,,
6,15464,-0.0647663027048111,,,
6,15469,-0.05952483043074608,,,
6,15474,-0.028735939413309097,,,
6,15479,-0.044867366552352905,,,
6,15484,-0.04922320693731308,,,
6,15489,-0.05984658747911453,,,
6,15494,-0.049771614372730255,,,
6,15499,-0.03681851923465729,,,
6,15504,-0.020699050277471542,,,
6,15509,-0.031037162989377975,,,
6,15514,-0.04123924300074577,,,
6,15519,-0.058362264186143875,,,
6,15524,-0.04612438380718231,,,
6,15529,-0.060581788420677185,,,
6,15534,-0.08231468498706818,,,
6,15539,-0.06241309642791748,,,
6,15544,-0.026658952236175537,,,
6,15549,-0.017765697091817856,,,
6,15554,-0.0274108424782753,,,
6,15559,-0.06134408712387085,,,
6,15564,-0.07076500356197357,,,
6,15569,-0.058115504682064056,,,
6,15574,-0.06961297988891602,,,
6,15579,-0.04712160676717758,,,
6,15584,-0.040172286331653595,,,
6,15589,-0.04410822317004204,,,
6,15594,-0.0593608021736145,,,
6,15599,-0.04418787732720375,,,
6,15604,-0.07979006320238113,,,
6,15609,-0.058974120765924454,,,
6,15614,-0.035252198576927185,,,
6,15619,-0.0528092235326767,,,
6,15624,-0.021923445165157318,,,
6,15629,-0.045512840151786804,,,
6,15634,-0.050046157091856,,,
6,15639,-0.05012332275509834,,,
6,15644,-0.04793557524681091,,,
6,15649,-0.02901914343237877,,,
6,15654,-0.071543850004673,,,
6,15659,-0.05286495387554169,,,
6,15664,-0.05656198412179947,,,
6,15669,-0.04459255933761597,,,
6,15674,-0.04255731776356697,,,
6,15679,-0.07393287867307663,,,
6,15684,-0.03950970992445946,,,
6,15689,-0.027548525482416153,,,
6,15694,-0.04825930297374725,,,
6,15699,-0.04645361751317978,,,
6,15704,-0.04142463952302933,,,
6,15709,-0.06383158266544342,,,
6,15714,-0.03651970997452736,,,
6,15719,-0.04666982591152191,,,
6,15724,-0.06532976031303406,,,
6,15729,-0.052121516317129135,,,
6,15734,-0.06538599729537964,,,
6,15739,-0.028625283390283585,,,
6,15744,-0.0498482882976532,,,
6,15749,-0.03715623915195465,,,
6,15754,-0.03792796656489372,,,
6,15759,-0.05127561464905739,,,
6,15764,-0.051308419555425644,,,
6,15769,-0.02008398249745369,,,
6,15774,-0.0374721996486187,,,
6,15779,-0.034411244094371796,,,
6,15784,-0.046787701547145844,,,
6,15789,-0.06918346881866455,,,
6,15794,-0.060185592621564865,,,
6,15799,-0.028473103418946266,,,
6,15804,-0.04753776639699936,,,
6,15809,-0.05509278178215027,,,
6,15814,-0.04018339514732361,,,
6,15819,-0.056757114827632904,,,
6,15824,-0.03351351618766785,,,
6,15829,-0.060418229550123215,,,
6,15834,-0.058249182999134064,,,
6,15839,-0.046038128435611725,,,
6,15844,-0.032827991992235184,,,
6,15849,-0.03569922596216202,,,
6,15854,-0.056108199059963226,,,
6,15859,-0.04785561561584473,,,
6,15864,-0.054397691041231155,,,
6,15869,-0.04322260618209839,,,
6,15874,-0.026446258649230003,,,
6,15879,-0.061530083417892456,,,
6,15884,-0.044825490564107895,,,
6,15889,-0.042681097984313965,,,
6,15894,-0.0572035051882267,,,
6,15899,-0.009821521118283272,,,
6,15904,-0.03105364739894867,,,
6,15909,-0.0550696961581707,,,
6,15914,-0.03397475183010101,,,
6,15919,-0.0582902692258358,,,
6,15924,-0.026177531108260155,,,
6,15929,-0.032008908689022064,,,
6,15934,-0.04158010333776474,,,
6,15939,-0.018407758325338364,,,
6,15944,-0.049205582588911057,,,
6,15949,-0.06312626600265503,,,
6,15954,-0.06298656761646271,,,
6,15959,-0.03530719876289368,,,
6,15964,-0.05532905459403992,,,
6,15969,-0.06121369078755379,,,
6,15974,-0.05996525287628174,,,
6,15979,-0.028128836303949356,,,
6,15984,-0.061667196452617645,,,
6,15989,-0.03235163167119026,,,
6,15994,-0.037718579173088074,,,
6,15999,-0.02487426996231079,,,
6,16004,-0.05738012120127678,,,
6,16009,-0.06236131489276886,,,
6,16014,-0.059740547090768814,,,
6,16019,-0.05848744139075279,,,
6,16024,-0.0336129292845726,,,
6,16029,-0.06483036279678345,,,
6,16034,-0.05299070104956627,,,
6,16039,-0.05535576492547989,,,
6,16044,-0.04839576035737991,,,
6,16049,-0.04989130049943924,,,
6,16054,-0.06316880881786346,,,
6,16059,-0.06827357411384583,,,
6,16064,-0.024512767791748047,,,
6,16069,-0.04923849180340767,,,
6,16074,-0.050184451043605804,,,
6,16079,-0.04986440762877464,,,
6,16084,-0.05522409826517105,,,
6,16089,-0.05135245993733406,,,
6,16094,-0.020160716027021408,,,
6,16099,-0.04939969629049301,,,
6,16104,-0.05797621235251427,,,
6,16109,-0.04776032269001007,,,
6,16114,-0.039272699505090714,,,
6,16119,-0.03826190531253815,,,
6,16124,-0.04106775298714638,,,
6,16129,-0.06940725445747375,,,
6,16134,-0.048916324973106384,,,
6,16139,-0.014286646619439125,,,
6,16144,-0.029498707503080368,,,
6,16149,-0.057597361505031586,,,
6,16154,-0.044540248811244965,,,
6,16159,-0.03994254767894745,,,
6,16164,-0.04227576404809952,,,
6,16169,-0.04298771917819977,,,
6,16174,-0.05119834095239639,,,
6,16179,-0.04177233576774597,,,
6,16184,-0.03667053207755089,,,
6,16189,-0.050219520926475525,,,
6,16194,-0.023167116567492485,,,
6,16199,-0.03621905297040939,,,
6,16204,-0.03308773785829544,,,
6,16209,-0.04589424654841423,,,
6,16214,-0.05818815901875496,,,
6,16219,-0.07590550184249878,,,
6,16224,-0.0571049265563488,,,
6,16229,-0.03598549962043762,,,
6,16234,-0.04411730915307999,,,
6,16239,-0.06894838809967041,,,
6,16244,-0.02265021577477455,,,
6,16249,-0.06920991092920303,,,
6,16254,-0.054053641855716705,,,
6,16259,-0.04962891712784767,,,
6,16264,-0.061856113374233246,,,
6,16269,-0.06987302005290985,,,
6,16274,-0.04220439866185188,,,
6,16279,-0.04280490428209305,,,
6,16284,-0.038356613367795944,,,
6,16289,-0.026035821065306664,,,
6,16294,-0.030130429193377495,,,
6,16299,-0.05592381954193115,,,
6,16304,-0.06451183557510376,,,
6,16309,-0.04627836495637894,,,
6,16314,-0.050054535269737244,,,
6,16319,-0.04908038675785065,,,
6,16324,-0.059304434806108475,,,
6,16329,-0.07298111915588379,,,
6,16334,-0.03053438663482666,,,
6,16339,-0.049542542546987534,,,
6,16344,0.0018040873110294342,,,
6,16349,-0.009794363752007484,,,
6,16354,-0.04599713534116745,,,
6,16359,-0.03794087469577789,,,
6,16364,-0.03657276928424835,,,
6,16369,-0.05984587222337723,,,
6,16374,-0.049870461225509644,,,
6,16379,-0.031909432262182236,,,
6,16384,-0.06201197952032089,,,
6,16389,-0.052569031715393066,,,
6,16394,-0.014098246581852436,,,
6,16399,-0.029843103140592575,,,
6,16404,-0.06335358321666718,,,
6,16409,-0.03907466679811478,,,
6,16414,-0.04389139264822006,,,
6,16419,-0.029462680220603943,,,
6,16424,-0.05276593565940857,,,
6,16429,-0.0691031888127327,,,
6,16434,-0.04232870787382126,,,
6,16439,-0.07367060333490372,,,
6,16444,-0.06310141086578369,,,
6,16449,-0.06995069980621338,,,
6,16454,-0.04585360363125801,,,
6,16459,-0.06888153403997421,,,
6,16464,-0.040453121066093445,,,
6,16469,-0.04636603593826294,,,
6,16474,-0.043082788586616516,,,
6,16479,-0.02943051978945732,,,
6,16484,-0.041659098118543625,,,
6,16489,-0.012273777276277542,,,
6,16494,-0.05091523379087448,,,
6,16499,-0.054099589586257935,,,
6,16504,-0.05103646218776703,,,
6,16509,-0.05114145576953888,,,
6,16514,-0.07055684924125671,,,
6,16519,-0.05736996978521347,,,
6,16524,-0.0375945121049881,,,
6,16529,-0.04898478835821152,,,
6,16534,-0.05484813451766968,,,
6,16539,-0.04160081967711449,,,
6,16544,-0.03500066697597504,,,
6,16549,-0.057844601571559906,,,
6,16554,-0.0503566637635231,,,
6,16559,-0.04666021466255188,,,
6,16564,-0.04692716896533966,,,
6,16569,-0.07969909906387329,,,
6,16574,-0.05765079706907272,,,
6,16579,-0.05782214552164078,,,
6,16584,-0.03865032643079758,,,
6,16589,-0.026919422671198845,,,
6,16594,-0.06264249980449677,,,
6,16599,-0.03952651470899582,,,
6,16604,-0.02844676934182644,,,
6,16609,-0.033734362572431564,,,
6,16614,-0.022504756227135658,,,
6,16619,-0.03371503949165344,,,
6,16624,-0.05483284592628479,,,
6,16629,-0.027287209406495094,,,
6,16634,-0.05165821313858032,,,
6,16639,-0.05810261890292168,,,
6,16644,-0.05079412832856178,,,
6,16649,-0.04078763350844383,,,
6,16654,-0.021166905760765076,,,
6,16659,-0.056444913148880005,,,
6,16664,-0.047616682946681976,,,
6,16669,-0.02891227789223194,,,
6,16674,-0.05044347420334816,,,
6,16679,-0.062493231147527695,,,
6,16684,-0.05050725117325783,,,
6,16689,-0.04847819730639458,,,
6,16694,-0.027647025883197784,,,
6,16699,-0.047500379383563995,,,
6,16704,-0.05704977363348007,,,
6,16709,-0.016202837228775024,,,
6,16714,-0.03006693720817566,,,
6,16719,-0.04650629311800003,,,
6,16724,-0.03678642958402634,,,
6,16729,-0.044534314423799515,,,
6,16734,-0.060733288526535034,,,
6,16739,-0.030702214688062668,,,
6,16744,-0.03489639610052109,,,
6,16749,-0.038171108812093735,,,
6,16754,-0.040238622575998306,,,
6,16759,-0.03477545455098152,,,
6,16764,-0.04831508547067642,,,
6,16769,-0.05653790384531021,,,
6,16774,-0.04153744876384735,,,
6,16779,-0.04531177878379822,,,
6,16784,-0.05014563351869583,,,
6,16789,-0.04459083080291748,,,
6,16794,0.013466205447912216,,,
6,16799,-0.03657789155840874,,,
6,16804,-0.048839859664440155,,,
6,16809,-0.04043066129088402,,,
6,16814,-0.06268560141324997,,,
6,16819,-0.06377606838941574,,,
6,16824,-0.025880442932248116,,,
6,16829,-0.02498580887913704,,,
6,16834,-0.057859987020492554,,,
6,16839,-0.07292529195547104,,,
6,16844,-0.025277813896536827,,,
6,16849,-0.04933010786771774,,,
6,16854,-0.040457867085933685,,,
6,16859,-0.05020016431808472,,,
6,16864,-0.047436803579330444,,,
6,16869,-0.05223613232374191,,,
6,16874,-0.045015688985586166,,,
6,16879,-0.057718366384506226,,,
6,16884,-0.010159141384065151,,,
6,16889,-0.057912662625312805,,,
6,16894,-0.032801516354084015,,,
6,16899,-0.03358129411935806,,,
6,16904,-0.07858942449092865,,,
6,16909,-0.03180418908596039,,,
6,16914,-0.05645733326673508,,,
6,16919,-0.06846441328525543,,,
6,16924,-0.05648300051689148,,,
6,16929,-0.03259502351284027,,,
6,16934,-0.04202030226588249,,,
6,16939,-0.05780081823468208,,,
6,16944,-0.06775540113449097,,,
6,16949,-0.032682739198207855,,,
6,16954,-0.04328309744596481,,,
6,16959,-0.009767131879925728,,,
6,16964,-0.014820140786468983,,,
6,16969,-0.04999973252415657,,,
6,16974,-0.0592808872461319,,,
6,16979,-0.023567767813801765,,,
6,16984,-0.024916311725974083,,,
6,16989,-0.06404875218868256,,,
6,16994,-0.05348726361989975,,,
6,16999,-0.05592791736125946,,,
6,17004,-0.050378791987895966,,,
6,17009,-0.049796320497989655,,,
6,17014,-0.04757176712155342,,,
6,17019,-0.0441998653113842,,,
6,17024,-0.029532164335250854,,,
6,17029,-0.03332110494375229,,,
6,17034,-0.06579410284757614,,,
6,17039,-0.05713929608464241,,,
6,17044,-0.046492867171764374,,,
6,17049,-0.05390257388353348,,,
6,17054,-0.02198270708322525,,,
6,17059,-0.01885039731860161,,,
6,17064,-0.036357805132865906,,,
6,17069,-0.07082746922969818,,,
6,17074,-0.05665586143732071,,,
6,17079,-0.019961703568696976,,,
6,17084,-0.038207054138183594,,,
6,17089,-0.03158632665872574,,,
6,17094,-0.07373083382844925,,,
6,17099,-0.05314408242702484,,,
6,17104,-0.02524527721107006,,,
6,17109,-0.03209041804075241,,,
6,17114,-0.01864996738731861,,,
6,17119,-0.06890981644392014,,,
6,17124,-0.0780867338180542,,,
6,17129,-0.049324411898851395,,,
6,17134,-0.0651855319738388,,,
6,17139,-0.050943903625011444,,,
6,17144,-0.05778956413269043,,,
6,17149,-0.05133899301290512,,,
6,17154,-0.047420524060726166,,,
6,17159,-0.016672249883413315,,,
6,17164,-0.08153866976499557,,,
6,17169,-0.056578196585178375,,,
6,17174,-0.04288889095187187,,,
6,17179,-0.045196160674095154,,,
6,17184,-0.03165190666913986,,,
6,17189,-0.037910573184490204,,,
6,17194,-0.05233702063560486,,,
6,17199,-0.03830893337726593,,,
6,17204,-0.06927026808261871,,,
6,17209,-0.06647741049528122,,,
6,17214,-0.07790312170982361,,,
6,17219,-0.04004019498825073,,,
6,17224,-0.03566615283489227,,,
6,17229,-0.03580671548843384,,,
6,17234,-0.039415985345840454,,,
6,17239,-0.05097770318388939,,,
6,17244,-0.025926530361175537,,,
6,17249,-0.033421590924263,,,
6,17254,-0.04376634955406189,,,
6,17259,-0.057074591517448425,,,
6,17264,-0.0454614982008934,,,
6,17269,-0.038084976375103,,,
6,17274,-0.048176109790802,,,
6,17279,-0.031239282339811325,,,
6,17284,-0.06152038276195526,,,
6,17289,-0.042870618402957916,,,
6,17294,-0.0613253079354763,,,
6,17299,-0.06791669130325317,,,
6,17304,-0.04107867181301117,,,
6,17309,-0.04492352530360222,,,
6,17314,-0.039757002145051956,,,
6,17319,-0.042069949209690094,,,
6,17324,-0.0481703095138073,,,
6,17329,-0.01990002579987049,,,
6,17334,-0.058217715471982956,,,
6,17339,-0.01565489172935486,,,
6,17344,-0.05496697872877121,,,
6,17349,-0.051075197756290436,,,
6,17354,-0.043168164789676666,,,
6,17359,-0.044830434024333954,,,
6,17364,-0.04486953839659691,,,
6,17369,-0.04091574624180794,,,
6,17374,-0.04699179530143738,,,
6,17379,-0.06792743504047394,,,
6,17384,-0.0724768191576004,,,
6,17389,-0.035696618258953094,,,
6,17394,-0.052073486149311066,,,
6,17399,-0.023318521678447723,,,
6,17404,-0.049803443253040314,,,
6,17409,-0.027653180062770844,,,
6,17414,-0.07090381532907486,,,
6,17419,-0.0394822433590889,,,
6,17424,-0.0660494714975357,,,
6,17429,-0.03271159529685974,,,
6,17434,-0.028237733989953995,,,
6,17439,-0.05583035573363304,,,
6,17444,-0.050125960260629654,,,
6,17449,-0.0571373775601387,,,
6,17454,-0.04383973777294159,,,
6,17459,-0.05103456974029541,,,
6,17464,-0.0342383086681366,,,
6,17469,-0.06698757410049438,,,
6,17474,-0.05743365362286568,,,
6,17479,-0.045775942504405975,,,
6,17484,-0.05290073901414871,,,
6,17489,-0.047008901834487915,,,
6,17494,-0.009560611099004745,,,
6,17499,-0.035901427268981934,,,
6,17499,,-0.045611053705215454,0.35339999198913574,0.6622688174247742
7,17504,-0.03995365649461746,,,
7,17509,-0.052709583193063736,,,
7,17514,-0.05322624370455742,,,
7,17519,-0.06677257269620895,,,
7,17524,-0.058682821691036224,,,
7,17529,-0.04091279208660126,,,
7,17534,-0.049847859889268875,,,
7,17539,-0.04997141659259796,,,
7,17544,-0.05207979306578636,,,
7,17549,-0.05731887370347977,,,
7,17554,-0.028652850538492203,,,
7,17559,-0.035010792315006256,,,
7,17564,-0.02093781903386116,,,
7,17569,-0.02431967854499817,,,
7,17574,-0.053973712027072906,,,
7,17579,-0.04685324802994728,,,
7,17584,-0.029131319373846054,,,
7,17589,-0.058514393866062164,,,
7,17594,-0.056598201394081116,,,
7,17599,-0.0292356014251709,,,
7,17604,-0.03662503510713577,,,
7,17609,-0.06411641836166382,,,
7,17614,-0.044035688042640686,,,
7,17619,-0.04883352667093277,,,
7,17624,-0.049557164311409,,,
7,17629,-0.012351559475064278,,,
7,17634,-0.049514878541231155,,,
7,17639,-0.0475626215338707,,,
7,17644,-0.040032729506492615,,,
7,17649,-0.05736815556883812,,,
7,17654,-0.022143512964248657,,,
7,17659,-0.050583366304636,,,
7,17664,-0.06708258390426636,,,
7,17669,-0.05867590382695198,,,
7,17674,-0.06261671334505081,,,
7,17679,-0.053876325488090515,,,
7,17684,-0.038540102541446686,,,
7,17689,-0.04170118272304535,,,
7,17694,-0.030675318092107773,,,
7,17699,-0.0384727343916893,,,
7,17704,-0.038245536386966705,,,
7,17709,-0.06344383955001831,,,
7,17714,-0.04286034405231476,,,
7,17719,-0.05553508549928665,,,
7,17724,-0.044059768319129944,,,
7,17729,-0.05217377841472626,,,
7,17734,-0.06233922392129898,,,
7,17739,-0.060212377458810806,,,
7,17744,-0.024267222732305527,,,
7,17749,-0.03684201464056969,,,
7,17754,-0.053399089723825455,,,
7,17759,-0.043394964188337326,,,
7,17764,-0.06738428771495819,,,
7,17769,-0.040231555700302124,,,
7,17774,-0.04357501119375229,,,
7,17779,-0.05528244748711586,,,
7,17784,-0.03804881498217583,,,
7,17789,-0.05532430112361908,,,
7,17794,-0.0419127494096756,,,
7,17799,-0.03961668908596039,,,
7,17804,-0.03194373846054077,,,
7,17809,-0.06836073100566864,,,
7,17814,-0.05039026588201523,,,
7,17819,-0.04394081234931946,,,
7,17824,-0.055155523121356964,,,
7,17829,-0.04565596953034401,,,
7,17834,-0.07092639803886414,,,
7,17839,-0.04616472125053406,,,
7,17844,-0.03405345231294632,,,
7,17849,-0.04908880218863487,,,
7,17854,-0.03660322725772858,,,
7,17859,-0.03883824497461319,,,
7,17864,-0.04286013916134834,,,
7,17869,-0.037203460931777954,,,
7,17874,-0.05818666145205498,,,
7,17879,-0.038540083914995193,,,
7,17884,-0.050294432789087296,,,
7,17889,-0.028984833508729935,,,
7,17894,-0.04839954152703285,,,
7,17899,-0.06282120943069458,,,
7,17904,-0.07657763361930847,,,
7,17909,-0.06337133795022964,,,
7,17914,-0.05217624083161354,,,
7,17919,-0.05000925809144974,,,
7,17924,-0.05990467965602875,,,
7,17929,-0.05526721104979515,,,
7,17934,-0.0265808142721653,,,
7,17939,-0.030973924323916435,,,
7,17944,-0.04656929522752762,,,
7,17949,-0.07138592004776001,,,
7,17954,-0.0758809819817543,,,
7,17959,-0.05166792869567871,,,
7,17964,-0.03642340749502182,,,
7,17969,-0.03593907132744789,,,
7,17974,-0.08293215930461884,,,
7,17979,-0.07054813206195831,,,
7,17984,-0.0608723983168602,,,
7,17989,-0.0428803525865078,,,
7,17994,-0.041980572044849396,,,
7,17999,-0.05079680308699608,,,
7,18004,-0.04759812355041504,,,
7,18009,-0.03292502462863922,,,
7,18014,-0.021919334307312965,,,
7,18019,-0.034155912697315216,,,
7,18024,-0.04377652332186699,,,
7,18029,-0.04630682244896889,,,
7,18034,-0.027807194739580154,,,
7,18039,-0.03572263568639755,,,
7,18044,-0.05007234215736389,,,
7,18049,-0.05330650508403778,,,
7,18054,-0.038233861327171326,,,
7,18059,-0.046517547219991684,,,
7,18064,-0.03238967806100845,,,
7,18069,-0.042123641818761826,,,
7,18074,-0.03847481682896614,,,
7,18079,-0.04595501720905304,,,
7,18084,-0.027454085648059845,,,
7,18089,-0.037477295845746994,,,
7,18094,-0.0385357029736042,,,
7,18099,-0.03465403616428375,,,
7,18104,-0.04507127404212952,,,
7,18109,-0.0536804161965847,,,
7,18114,-0.055929429829120636,,,
7,18119,-0.041648562997579575,,,
7,18124,-0.03439098596572876,,,
7,18129,-0.050522446632385254,,,
7,18134,-0.04993409663438797,,,
7,18139,-0.041721828281879425,,,
7,18144,-0.04865207523107529,,,
7,18149,-0.050172753632068634,,,
7,18154,-0.04180242121219635,,,
7,18159,-0.0556926354765892,,,
7,18164,-0.06173236295580864,,,
7,18169,-0.04896087199449539,,,
7,18174,-0.05715476721525192,,,
7,18179,-0.04299987852573395,,,
7,18184,-0.049906518310308456,,,
7,18189,-0.052076615393161774,,,
7,18194,-0.07354758679866791,,,
7,18199,-0.058516375720500946,,,
7,18204,-0.04632530361413956,,,
7,18209,-0.07467031478881836,,,
7,18214,-0.05468771606683731,,,
7,18219,-0.04262343794107437,,,
7,18224,-0.050938934087753296,,,
7,18229,-0.033943284302949905,,,
7,18234,-0.04422019049525261,,,
7,18239,-0.04218176379799843,,,
7,18244,-0.0458984375,,,
7,18249,-0.06628718972206116,,,
7,18254,-0.036061160266399384,,,
7,18259,-0.05908408761024475,,,
7,18264,-0.02195626311004162,,,
7,18269,-0.05655834451317787,,,
7,18274,-0.054485201835632324,,,
7,18279,-0.05393605679273605,,,
7,18284,-0.054706472903490067,,,
7,18289,-0.05228648707270622,,,
7,18294,-0.06490472704172134,,,
7,18299,-0.057379066944122314,,,
7,18304,-0.04391339793801308,,,
7,18309,-0.024158546701073647,,,
7,18314,-0.02167825773358345,,,
7,18319,-0.05068337917327881,,,
7,18324,-0.03990739956498146,,,
7,18329,-0.034601129591464996,,,
7,18334,-0.022590860724449158,,,
7,18339,-0.04976963996887207,,,
7,18344,-0.04370269924402237,,,
7,18349,-0.04752948135137558,,,
7,18354,-0.042528845369815826,,,
7,18359,-0.05582019314169884,,,
7,18364,-0.049545224756002426,,,
7,18369,-0.041389670222997665,,,
7,18374,-0.049754463136196136,,,
7,18379,-0.03242839500308037,,,
7,18384,-0.04591309651732445,,,
7,18389,-0.005599839612841606,,,
7,18394,-0.05529871582984924,,,
7,18399,-0.025000624358654022,,,
7,18404,-0.048674337565898895,,,
7,18409,-0.06721014529466629,,,
7,18414,-0.061250604689121246,,,
7,18419,-0.02575124427676201,,,
7,18424,-0.04918833449482918,,,
7,18429,-0.053005896508693695,,,
7,18434,-0.04653611034154892,,,
7,18439,0.007960629649460316,,,
7,18444,-0.0033572493121027946,,,
7,18449,-0.0355791337788105,,,
7,18454,-0.05821966379880905,,,
7,18459,-0.03888147696852684,,,
7,18464,-0.054173752665519714,,,
7,18469,-0.001957625150680542,,,
7,18474,-0.040525637567043304,,,
7,18479,-0.023284364491701126,,,
7,18484,-0.046297021210193634,,,
7,18489,-0.041592299938201904,,,
7,18494,-0.03949061408638954,,,
7,18499,-0.030913716182112694,,,
7,18504,-0.06426145881414413,,,
7,18509,-0.035971738398075104,,,
7,18514,-0.05801808089017868,,,
7,18519,-0.05136915296316147,,,
7,18524,-0.04943335801362991,,,
7,18529,-0.036299899220466614,,,
7,18534,-0.05729840695858002,,,
7,18539,-0.06689833104610443,,,
7,18544,-0.038295432925224304,,,
7,18549,-0.04229550063610077,,,
7,18554,-0.038614895194768906,,,
7,18559,-0.04339201748371124,,,
7,18564,-0.03958062082529068,,,
7,18569,-0.06378643214702606,,,
7,18574,-0.05349366366863251,,,
7,18579,-0.004449803382158279,,,
7,18584,-0.0439181886613369,,,
7,18589,-0.05957077443599701,,,
7,18594,-0.05028737336397171,,,
7,18599,-0.039098650217056274,,,
7,18604,-0.04685308411717415,,,
7,18609,-0.0406651645898819,,,
7,18614,-0.06446272134780884,,,
7,18619,-0.0512838289141655,,,
7,18624,-0.04650803282856941,,,
7,18629,-0.0433223620057106,,,
7,18634,-0.048660557717084885,,,
7,18639,-0.061645619571208954,,,
7,18644,-0.0209183432161808,,,
7,18649,-0.06903572380542755,,,
7,18654,-0.05923930183053017,,,
7,18659,-0.06401795148849487,,,
7,18664,-0.05303516238927841,,,
7,18669,-0.030133763328194618,,,
7,18674,-0.04101542755961418,,,
7,18679,-0.06857075542211533,,,
7,18684,-0.06055683270096779,,,
7,18689,-0.06241228058934212,,,
7,18694,-0.05878426879644394,,,
7,18699,-0.050108298659324646,,,
7,18704,-0.036932311952114105,,,
7,18709,-0.040283508598804474,,,
7,18714,-0.0278566125780344,,,
7,18719,-0.03837285190820694,,,
7,18724,-0.03613032400608063,,,
7,18729,-0.06293734908103943,,,
7,18734,-0.0440458208322525,,,
7,18739,-0.05691695585846901,,,
7,18744,-0.06422737240791321,,,
7,18749,-0.04946686327457428,,,
7,18754,-0.05235597491264343,,,
7,18759,-0.0431777685880661,,,
7,18764,-0.046701379120349884,,,
7,18769,-0.06618643552064896,,,
7,18774,-0.0623626783490181,,,
7,18779,-0.059872034937143326,,,
7,18784,-0.057988766580820084,,,
7,18789,-0.0506051629781723,,,
7,18794,-0.01194834429770708,,,
7,18799,-0.05006013065576553,,,
7,18804,-0.06189922243356705,,,
7,18809,-0.04674270749092102,,,
7,18814,-0.0025693783536553383,,,
7,18819,-0.024603495374321938,,,
7,18824,-0.032992370426654816,,,
7,18829,-0.04772547632455826,,,
7,18834,-0.0547916442155838,,,
7,18839,-0.03543849289417267,,,
7,18844,-0.041069500148296356,,,
7,18849,-0.044775672256946564,,,
7,18854,-0.04611682891845703,,,
7,18859,-0.06367794424295425,,,
7,18864,-0.04908803105354309,,,
7,18869,-0.04651760682463646,,,
7,18874,-0.06467340886592865,,,
7,18879,-0.0471406914293766,,,
7,18884,-0.05088268220424652,,,
7,18889,-0.05282455310225487,,,
7,18894,-0.03520560637116432,,,
7,18899,-0.044130563735961914,,,
7,18904,-0.05381942167878151,,,
7,18909,-0.055078499019145966,,,
7,18914,-0.033908143639564514,,,
7,18919,-0.0350162535905838,,,
7,18924,-0.06492149829864502,,,
7,18929,-0.05187109857797623,,,
7,18934,0.0031230542808771133,,,
7,18939,-0.02283865585923195,,,
7,18944,-0.05246472358703613,,,
7,18949,-0.04667928069829941,,,
7,18954,-0.020191730931401253,,,
7,18959,-0.04955499991774559,,,
7,18964,-0.05688045546412468,,,
7,18969,-0.047778863459825516,,,
7,18974,-0.04549114778637886,,,
7,18979,-0.05274658650159836,,,
7,18984,-0.038804322481155396,,,
7,18989,-0.028552114963531494,,,
7,18994,-0.05137639492750168,,,
7,18999,-0.05346662178635597,,,
7,19004,-0.02759544365108013,,,
7,19009,-0.05374077335000038,,,
7,19014,-0.05456893518567085,,,
7,19019,-0.051999568939208984,,,
7,19024,-0.051609575748443604,,,
7,19029,-0.02493033930659294,,,
7,19034,-0.028836654499173164,,,
7,19039,-0.03571004047989845,,,
7,19044,-0.03717067092657089,,,
7,19049,-0.04232485964894295,,,
7,19054,-0.042221806943416595,,,
7,19059,-0.05817475914955139,,,
7,19064,-0.06481520086526871,,,
7,19069,-0.056681886315345764,,,
7,19074,-0.015145801939070225,,,
7,19079,-0.0489431656897068,,,
7,19084,-0.052131831645965576,,,
7,19089,-0.03578618913888931,,,
7,19094,-0.04847057908773422,,,
7,19099,-0.01530247088521719,,,
7,19104,-0.03422249108552933,,,
7,19109,-0.040549926459789276,,,
7,19114,-0.07660949230194092,,,
7,19119,-0.055597446858882904,,,
7,19124,-0.009986355900764465,,,
7,19129,-0.052265822887420654,,,
7,19134,-0.00017299922183156013,,,
7,19139,-0.014373861253261566,,,
7,19144,-0.040157534182071686,,,
7,19149,-0.06772071868181229,,,
7,19154,-0.050741806626319885,,,
7,19159,-0.050160519778728485,,,
7,19164,-0.020189814269542694,,,
7,19169,-0.046315111219882965,,,
7,19174,-0.05045819282531738,,,
7,19179,-0.03897097706794739,,,
7,19184,-0.030261557549238205,,,
7,19189,-0.050815150141716,,,
7,19194,-0.04036476090550423,,,
7,19199,-0.06093253195285797,,,
7,19204,-0.02375739812850952,,,
7,19209,-0.033783216029405594,,,
7,19214,-0.04471687227487564,,,
7,19219,0.0018485598266124725,,,
7,19224,-0.053202856332063675,,,
7,19229,-0.0419544018805027,,,
7,19234,-0.04059452936053276,,,
7,19239,-0.06982538104057312,,,
7,19244,-0.04111102595925331,,,
7,19249,-0.030187591910362244,,,
7,19254,-0.05811247229576111,,,
7,19259,-0.02468889020383358,,,
7,19264,-0.0474577397108078,,,
7,19269,-0.031097816303372383,,,
7,19274,-0.025965280830860138,,,
7,19279,-0.005854376591742039,,,
7,19284,-0.047195062041282654,,,
7,19289,-0.05208466947078705,,,
7,19294,-0.039498984813690186,,,
7,19299,-0.05443166568875313,,,
7,19304,-0.032098427414894104,,,
7,19309,-0.04248632863163948,,,
7,19314,-0.03791871666908264,,,
7,19319,-0.032774657011032104,,,
7,19324,-0.07855784147977829,,,
7,19329,-0.06088970974087715,,,
7,19334,-0.04787717014551163,,,
7,19339,-0.03223591670393944,,,
7,19344,-0.03636711835861206,,,
7,19349,-0.045096255838871,,,
7,19354,-0.037107836455106735,,,
7,19359,-0.06349737197160721,,,
7,19364,-0.055545058101415634,,,
7,19369,-0.03307013213634491,,,
7,19374,-0.050254881381988525,,,
7,19379,-0.0716913640499115,,,
7,19384,-0.04095893353223801,,,
7,19389,-0.03677280247211456,,,
7,19394,-0.04007459804415703,,,
7,19399,-0.04215008020401001,,,
7,19404,-0.030634868890047073,,,
7,19409,-0.04796081781387329,,,
7,19414,-0.021302051842212677,,,
7,19419,-0.05751043185591698,,,
7,19424,-0.057912297546863556,,,
7,19429,-0.07037754356861115,,,
7,19434,-0.028806384652853012,,,
7,19439,-0.05483178794384003,,,
7,19444,-0.051351986825466156,,,
7,19449,-0.06412579119205475,,,
7,19454,-0.06942638754844666,,,
7,19459,-0.005280776880681515,,,
7,19464,-0.03802547603845596,,,
7,19469,-0.0503569133579731,,,
7,19474,-0.059054091572761536,,,
7,19479,-0.047018203884363174,,,
7,19484,-0.04041379690170288,,,
7,19489,-0.041889265179634094,,,
7,19494,-0.04415912926197052,,,
7,19499,-0.0003452952951192856,,,
7,19504,-0.03498721867799759,,,
7,19509,-0.03322688862681389,,,
7,19514,-0.033599160611629486,,,
7,19519,-0.04033343866467476,,,
7,19524,-0.03979557752609253,,,
7,19529,-0.045312631875276566,,,
7,19534,-0.0107450932264328,,,
7,19539,-0.042134784162044525,,,
7,19544,-0.04351281374692917,,,
7,19549,-0.003787994384765625,,,
7,19554,-0.05531787872314453,,,
7,19559,-0.05668788403272629,,,
7,19564,-0.041112229228019714,,,
7,19569,-0.04229182004928589,,,
7,19574,-0.05036039650440216,,,
7,19579,-0.05363165959715843,,,
7,19584,-0.04500974714756012,,,
7,19589,-0.03708772361278534,,,
7,19594,-0.04571235924959183,,,
7,19599,-0.04731208086013794,,,
7,19604,-0.035479165613651276,,,
7,19609,-0.04489736258983612,,,
7,19614,-0.05547334998846054,,,
7,19619,-0.04762490093708038,,,
7,19624,-0.05098448321223259,,,
7,19629,-0.04218006506562233,,,
7,19634,-0.02200644090771675,,,
7,19639,-0.051603201776742935,,,
7,19644,-0.05342056602239609,,,
7,19649,-0.03276372700929642,,,
7,19654,-0.06427735090255737,,,
7,19659,-0.04414539039134979,,,
7,19664,-0.06736741960048676,,,
7,19669,-0.0384845957159996,,,
7,19674,-0.05527030676603317,,,
7,19679,-0.0662326067686081,,,
7,19684,-0.04684838652610779,,,
7,19689,-0.0525609627366066,,,
7,19694,-0.05109206587076187,,,
7,19699,-0.04207919165492058,,,
7,19704,-0.06276401877403259,,,
7,19709,-0.03941640257835388,,,
7,19714,-0.03609123453497887,,,
7,19719,-0.05591649189591408,,,
7,19724,-0.043688032776117325,,,
7,19729,-0.0738939717411995,,,
7,19734,-0.07511161267757416,,,
7,19739,-0.017759963870048523,,,
7,19744,-0.054957348853349686,,,
7,19749,-0.04793234169483185,,,
7,19754,-0.03903946280479431,,,
7,19759,-0.045120030641555786,,,
7,19764,-0.05482751131057739,,,
7,19769,-0.06494737416505814,,,
7,19774,-0.06917020678520203,,,
7,19779,-0.03704698011279106,,,
7,19784,-0.02300945483148098,,,
7,19789,-0.03517596051096916,,,
7,19794,-0.04123235121369362,,,
7,19799,-0.06585405021905899,,,
7,19804,-0.042842838913202286,,,
7,19809,-0.028247639536857605,,,
7,19814,-0.05479399114847183,,,
7,19819,-0.04301660507917404,,,
7,19824,-0.03766237944364548,,,
7,19829,-0.046121612191200256,,,
7,19834,-0.06906772404909134,,,
7,19839,-0.05557050555944443,,,
7,19844,-0.05007878690958023,,,
7,19849,-0.039763402193784714,,,
7,19854,-0.06032269448041916,,,
7,19859,-0.05143432319164276,,,
7,19864,-0.046044155955314636,,,
7,19869,-0.047002483159303665,,,
7,19874,-0.0379447415471077,,,
7,19879,-0.011682515032589436,,,
7,19884,-0.025407060980796814,,,
7,19889,-0.05185163766145706,,,
7,19894,-0.06347817182540894,,,
7,19899,-0.06489039212465286,,,
7,19904,-0.041228488087654114,,,
7,19909,-0.050230324268341064,,,
7,19914,-0.020960278809070587,,,
7,19919,-0.03651001304388046,,,
7,19924,-0.05359351262450218,,,
7,19929,-0.057619884610176086,,,
7,19934,-0.018318356946110725,,,
7,19939,-0.03468699008226395,,,
7,19944,-0.06831961870193481,,,
7,19949,-0.043687351047992706,,,
7,19954,-0.06802356243133545,,,
7,19959,-0.061369843780994415,,,
7,19964,-0.04416961222887039,,,
7,19969,0.0046352241188287735,,,
7,19974,-0.029348352923989296,,,
7,19979,-0.040245719254016876,,,
7,19984,-0.05776851624250412,,,
7,19989,-0.06007640063762665,,,
7,19994,-0.02952808141708374,,,
7,19999,-0.02850293554365635,,,
7,19999,,-0.030620958656072617,0.337799996137619,0.6459102034568787
8,20004,-0.051939282566308975,,,
8,20009,-0.021294981241226196,,,
8,20014,-0.027575606480240822,,,
8,20019,-0.040556054562330246,,,
8,20024,-0.0071688368916511536,,,
8,20029,-0.034945398569107056,,,
8,20034,-0.042833197861909866,,,
8,20039,-0.061486247926950455,,,
8,20044,-0.0566137358546257,,,
8,20049,-0.06240370124578476,,,
8,20054,-0.05040628835558891,,,
8,20059,-0.03300686553120613,,,
8,20064,-0.06263647973537445,,,
8,20069,-0.05390147119760513,,,
8,20074,-0.03914552181959152,,,
8,20079,-0.07647228986024857,,,
8,20084,-0.036593932658433914,,,
8,20089,-0.03521931171417236,,,
8,20094,-0.04195520281791687,,,
8,20099,-0.03554972633719444,,,
8,20104,-0.06979608535766602,,,
8,20109,-0.05741675943136215,,,
8,20114,-0.041262224316596985,,,
8,20119,-0.03179188817739487,,,
8,20124,-0.03312978893518448,,,
8,20129,-0.026420410722494125,,,
8,20134,-0.060313113033771515,,,
8,20139,-0.04624713957309723,,,
8,20144,-0.04373718053102493,,,
8,20149,-0.052221670746803284,,,
8,20154,-0.021886805072426796,,,
8,20159,-0.054929524660110474,,,
8,20164,-0.029633289203047752,,,
8,20169,-0.06703721731901169,,,
8,20174,-0.05274437740445137,,,
8,20179,-0.03294701129198074,,,
8,20184,-0.0475686639547348,,,
8,20189,-0.04546460136771202,,,
8,20194,-0.03728770092129707,,,
8,20199,-0.041813574731349945,,,
8,20204,-0.03433012589812279,,,
8,20209,-0.04598426818847656,,,
8,20214,-0.038789309561252594,,,
8,20219,-0.051647286862134933,,,
8,20224,-0.03394503891468048,,,
8,20229,-0.05243469029664993,,,
8,20234,-0.045802198350429535,,,
8,20239,-0.07790274173021317,,,
8,20244,-0.06202023848891258,,,
8,20249,-0.05332508683204651,,,
8,20254,-0.025936417281627655,,,
8,20259,-0.016339991241693497,,,
8,20264,-0.04961753636598587,,,
8,20269,-0.041232261806726456,,,
8,20274,-0.009761009365320206,,,
8,20279,-0.0482763908803463,,,
8,20284,-0.03402725234627724,,,
8,20289,-0.028553485870361328,,,
8,20294,-0.05284150689840317,,,
8,20299,-0.03938208520412445,,,
8,20304,-0.05497803911566734,,,
8,20309,-0.04114789515733719,,,
8,20314,-0.03405638784170151,,,
8,20319,-0.046977296471595764,,,
8,20324,-0.01086348108947277,,,
8,20329,-0.0601755827665329,,,
8,20334,-0.08458513766527176,,,
8,20339,-0.054551608860492706,,,
8,20344,-0.04763253778219223,,,
8,20349,-0.05197793245315552,,,
8,20354,-0.030403684824705124,,,
8,20359,-0.06364225596189499,,,
8,20364,-0.0435817614197731,,,
8,20369,-0.04839712381362915,,,
8,20374,-0.039666615426540375,,,
8,20379,-0.03789310157299042,,,
8,20384,-0.02705700322985649,,,
8,20389,-0.047117531299591064,,,
8,20394,-0.04079596698284149,,,
8,20399,-0.05622125416994095,,,
8,20404,-0.05060610547661781,,,
8,20409,-0.051091790199279785,,,
8,20414,-0.023967552930116653,,,
8,20419,-0.04345599561929703,,,
8,20424,-0.028898820281028748,,,
8,20429,-0.0427263081073761,,,
8,20434,-0.048831552267074585,,,
8,20439,-0.0797940194606781,,,
8,20444,-0.07769535481929779,,,
8,20449,-0.061718571931123734,,,
8,20454,-0.013944330625236034,,,
8,20459,-0.048952553421258926,,,
8,20464,-0.030525535345077515,,,
8,20469,-0.046836089342832565,,,
8,20474,-0.04801187291741371,,,
8,20479,-0.06763053685426712,,,
8,20484,-0.0468146950006485,,,
8,20489,-0.03802734613418579,,,
8,20494,-0.040758416056632996,,,
8,20499,-0.056208882480859756,,,
8,20504,-0.05409425497055054,,,
8,20509,-0.04658138006925583,,,
8,20514,-0.04206199198961258,,,
8,20519,-0.01663144864141941,,,
8,20524,-0.032684531062841415,,,
8,20529,-0.05549303814768791,,,
8,20534,0.02018633298575878,,,
8,20539,-0.017421811819076538,,,
8,20544,-0.05768125504255295,,,
8,20549,-0.04755677282810211,,,
8,20554,-0.07414482533931732,,,
8,20559,-0.0650220662355423,,,
8,20564,-0.04137462005019188,,,
8,20569,-0.03471465781331062,,,
8,20574,-0.04127676039934158,,,
8,20579,-0.04736584424972534,,,
8,20584,-0.047990940511226654,,,
8,20589,-0.04704665765166283,,,
8,20594,-0.04496222734451294,,,
8,20599,-0.04679710045456886,,,
8,20604,-0.034234289079904556,,,
8,20609,-0.0036224648356437683,,,
8,20614,-0.04741779714822769,,,
8,20619,-0.055314283818006516,,,
8,20624,-0.0565984770655632,,,
8,20629,-0.040342725813388824,,,
8,20634,-0.04248291999101639,,,
8,20639,-0.03505291789770126,,,
8,20644,-0.04326285794377327,,,
8,20649,-0.06333848834037781,,,
8,20654,-0.04643426463007927,,,
8,20659,-0.05228143930435181,,,
8,20664,-0.04166782647371292,,,
8,20669,-0.039224572479724884,,,
8,20674,-0.029972700402140617,,,
8,20679,-0.04137110710144043,,,
8,20684,-0.051171816885471344,,,
8,20689,-0.038616083562374115,,,
8,20694,0.018699886277318,,,
8,20699,-0.04329657554626465,,,
8,20704,-0.04677826166152954,,,
8,20709,-0.03987552970647812,,,
8,20714,-0.05084289610385895,,,
8,20719,-0.04618935286998749,,,
8,20724,-0.030387332662940025,,,
8,20729,-0.03438228368759155,,,
8,20734,-0.05082635208964348,,,
8,20739,-0.053244464099407196,,,
8,20744,-0.07034765928983688,,,
8,20749,-0.04786456376314163,,,
8,20754,-0.032903607934713364,,,
8,20759,-0.0548684298992157,,,
8,20764,-0.044645003974437714,,,
8,20769,-0.05584205687046051,,,
8,20774,-0.051985397934913635,,,
8,20779,-0.043106481432914734,,,
8,20784,-0.04431527107954025,,,
8,20789,-0.04029717668890953,,,
8,20794,-0.06683617830276489,,,
8,20799,-0.04072601720690727,,,
8,20804,-0.051412779837846756,,,
8,20809,-0.0586409866809845,,,
8,20814,-0.03655712306499481,,,
8,20819,-0.045421622693538666,,,
8,20824,-0.04636935517191887,,,
8,20829,-0.044568099081516266,,,
8,20834,-0.05229930207133293,,,
8,20839,-0.05309201031923294,,,
8,20844,-0.046511080116033554,,,
8,20849,-0.03646089881658554,,,
8,20854,-0.05862409621477127,,,
8,20859,-0.05232168734073639,,,
8,20864,-0.03493399918079376,,,
8,20869,-0.056906577199697495,,,
8,20874,-0.02162451297044754,,,
8,20879,-0.05266682058572769,,,
8,20884,-0.04893999546766281,,,
8,20889,-0.031872667372226715,,,
8,20894,-0.0338345468044281,,,
8,20899,-0.04169224202632904,,,
8,20904,-0.03395294398069382,,,
8,20909,0.19241170585155487,,,
8,20914,-0.06434028595685959,,,
8,20919,-0.040031805634498596,,,
8,20924,-0.05518345907330513,,,
8,20929,-0.04645869508385658,,,
8,20934,-0.04670947045087814,,,
8,20939,-0.05098138749599457,,,
8,20944,-0.04779018089175224,,,
8,20949,0.0084801334887743,,,
8,20954,-0.05536622554063797,,,
8,20959,-0.04871504753828049,,,
8,20964,-0.042508844286203384,,,
8,20969,-0.04979012906551361,,,
8,20974,-0.0460190623998642,,,
8,20979,-0.04951094090938568,,,
8,20984,-0.03361152857542038,,,
8,20989,-0.06265084445476532,,,
8,20994,-0.04660767689347267,,,
8,20999,-0.048022087663412094,,,
8,21004,-0.06123097240924835,,,
8,21009,-0.07028757035732269,,,
8,21014,-0.05438850820064545,,,
8,21019,-0.04194880276918411,,,
8,21024,-0.036666907370090485,,,
8,21029,-0.03930420055985451,,,
8,21034,-0.03815070167183876,,,
8,21039,-0.024576915428042412,,,
8,21044,-0.03090433031320572,,,
8,21049,-0.04636652022600174,,,
8,21054,-0.028317175805568695,,,
8,21059,-0.045229893177747726,,,
8,21064,-0.04663173854351044,,,
8,21069,-0.04107896611094475,,,
8,21074,-0.048716895282268524,,,
8,21079,-0.020975235849618912,,,
8,21084,-0.03870011493563652,,,
8,21089,-0.03442370891571045,,,
8,21094,-0.05441923439502716,,,
8,21099,-0.04085060954093933,,,
8,21104,-0.04217017814517021,,,
8,21109,-0.040227003395557404,,,
8,21114,-0.05658085644245148,,,
8,21119,-0.04385034739971161,,,
8,21124,-0.051516398787498474,,,
8,21129,-0.04058782756328583,,,
8,21134,-0.029389601200819016,,,
8,21139,-0.02609950676560402,,,
8,21144,-0.02925962582230568,,,
8,21149,-0.03916773945093155,,,
8,21154,-0.03390790894627571,,,
8,21159,-0.03873971849679947,,,
8,21164,-0.05096477270126343,,,
8,21169,-0.05320456251502037,,,
8,21174,-0.051003389060497284,,,
8,21179,-0.06681977957487106,,,
8,21184,-0.03909420594573021,,,
8,21189,-0.05244002491235733,,,
8,21194,-0.04197419434785843,,,
8,21199,-0.041619595140218735,,,
8,21204,-0.03052578680217266,,,
8,21209,-0.05431726202368736,,,
8,21214,-0.070517897605896,,,
8,21219,-0.06257052719593048,,,
8,21224,-0.06677703559398651,,,
8,21229,-0.06242852285504341,,,
8,21234,-0.04916239529848099,,,
8,21239,-0.06787833571434021,,,
8,21244,-0.03161244094371796,,,
8,21249,-0.04708363488316536,,,
8,21254,-0.03715391084551811,,,
8,21259,-0.05108288675546646,,,
8,21264,-0.0382574200630188,,,
8,21269,-0.041042134165763855,,,
8,21274,-0.05015835911035538,,,
8,21279,-0.062209922820329666,,,
8,21284,-0.06525285542011261,,,
8,21289,-0.0368446484208107,,,
8,21294,-0.03406582027673721,,,
8,21299,-0.047866761684417725,,,
8,21304,-0.033375129103660583,,,
8,21309,-0.030750950798392296,,,
8,21314,-0.055098991841077805,,,
8,21319,-0.026943877339363098,,,
8,21324,-0.040470190346241,,,
8,21329,-0.04329190030694008,,,
8,21334,-0.05140242725610733,,,
8,21339,-0.053482577204704285,,,
8,21344,-0.04433053731918335,,,
8,21349,-0.03019532933831215,,,
8,21354,-0.060115523636341095,,,
8,21359,-0.032228387892246246,,,
8,21364,-0.05207015573978424,,,
8,21369,-0.03063519299030304,,,
8,21374,-0.04105769097805023,,,
8,21379,-0.03334135189652443,,,
8,21384,-0.0630638599395752,,,
8,21389,-0.04754810780286789,,,
8,21394,-0.03423844650387764,,,
8,21399,-0.030755886808037758,,,
8,21404,-0.03162813186645508,,,
8,21409,-0.043949782848358154,,,
8,21414,-0.06571805477142334,,,
8,21419,-0.06017918884754181,,,
8,21424,-0.009034315124154091,,,
8,21429,-0.044467613101005554,,,
8,21434,-0.05905407667160034,,,
8,21439,-0.05809509754180908,,,
8,21444,-0.032526589930057526,,,
8,21449,-0.049496427178382874,,,
8,21454,-0.06031603366136551,,,
8,21459,-0.005317669361829758,,,
8,21464,-0.026392461732029915,,,
8,21469,-0.06060931086540222,,,
8,21474,-0.05561143532395363,,,
8,21479,-0.04318590462207794,,,
8,21484,-0.05070771276950836,,,
8,21489,-0.028294257819652557,,,
8,21494,-0.07796646654605865,,,
8,21499,-0.04394088312983513,,,
8,21504,-0.025565670803189278,,,
8,21509,-0.03488460183143616,,,
8,21514,-0.06288870424032211,,,
8,21519,-0.03613035008311272,,,
8,21524,-0.021497854962944984,,,
8,21529,-0.03954054415225983,,,
8,21534,-0.03706023469567299,,,
8,21539,-0.043514981865882874,,,
8,21544,-0.0165606290102005,,,
8,21549,-0.05025994032621384,,,
8,21554,-0.03206656128168106,,,
8,21559,-0.05300024151802063,,,
8,21564,-0.05619635060429573,,,
8,21569,-0.06786647439002991,,,
8,21574,-0.03855050355195999,,,
8,21579,-0.03659902513027191,,,
8,21584,-0.031140731647610664,,,
8,21589,-0.030029652640223503,,,
8,21594,-0.05575783923268318,,,
8,21599,-0.05936427414417267,,,
8,21604,-0.05630791559815407,,,
8,21609,-0.05280506610870361,,,
8,21614,-0.025080595165491104,,,
8,21619,-0.03667964041233063,,,
8,21624,-0.045160308480262756,,,
8,21629,-0.06096826493740082,,,
8,21634,-0.010546576231718063,,,
8,21639,-0.06472788751125336,,,
8,21644,-0.06355628371238708,,,
8,21649,-0.060105517506599426,,,
8,21654,-0.05940643325448036,,,
8,21659,-0.04042152315378189,,,
8,21664,-0.03612947463989258,,,
8,21669,-0.050292499363422394,,,
8,21674,-0.04948917776346207,,,
8,21679,-0.04960869252681732,,,
8,21684,-0.04953852295875549,,,
8,21689,-0.048739250749349594,,,
8,21694,-0.070187047123909,,,
8,21699,-0.031248321756720543,,,
8,21704,-0.0352494940161705,,,
8,21709,-0.034957218915224075,,,
8,21714,-0.042372189462184906,,,
8,21719,-0.02841305360198021,,,
8,21724,-0.03263302892446518,,,
8,21729,-0.04304998368024826,,,
8,21734,-0.05025341361761093,,,
8,21739,-0.05032036453485489,,,
8,21744,-0.0575077086687088,,,
8,21749,-0.071848064661026,,,
8,21754,-0.06394889950752258,,,
8,21759,-0.03166414424777031,,,
8,21764,-0.031848400831222534,,,
8,21769,-0.04755479842424393,,,
8,21774,-0.04020301625132561,,,
8,21779,-0.05846339836716652,,,
8,21784,-0.04981749504804611,,,
8,21789,-0.04479551315307617,,,
8,21794,-0.04970796778798103,,,
8,21799,-0.044847358018159866,,,
8,21804,-0.05594056472182274,,,
8,21809,-0.047316789627075195,,,
8,21814,-0.04665699601173401,,,
8,21819,-0.05748116970062256,,,
8,21824,-0.062282174825668335,,,
8,21829,-0.03866765275597572,,,
8,21834,-0.055794842541217804,,,
8,21839,-0.02463993988931179,,,
8,21844,-0.03166398033499718,,,
8,21849,-0.04201573505997658,,,
8,21854,-0.03358084708452225,,,
8,21859,-0.03740975260734558,,,
8,21864,-0.024190761148929596,,,
8,21869,-0.0386938750743866,,,
8,21874,-0.036590978503227234,,,
8,21879,-0.061635829508304596,,,
8,21884,-0.035345472395420074,,,
8,21889,-0.04064805060625076,,,
8,21894,-0.05727715790271759,,,
8,21899,-0.04031025245785713,,,
8,21904,-0.0612221285700798,,,
8,21909,-0.04769662767648697,,,
8,21914,-0.05104993283748627,,,
8,21919,-0.0436117947101593,,,
8,21924,-0.051155492663383484,,,
8,21929,-0.02503415010869503,,,
8,21934,-0.026521794497966766,,,
8,21939,-0.03553854674100876,,,
8,21944,-0.04128878191113472,,,
8,21949,-0.04327906295657158,,,
8,21954,-0.049615807831287384,,,
8,21959,-0.05291568115353584,,,
8,21964,-0.027002427726984024,,,
8,21969,-0.03355802968144417,,,
8,21974,-0.05471872538328171,,,
8,21979,-0.049325067549943924,,,
8,21984,-0.05734870582818985,,,
8,21989,-0.054486233741045,,,
8,21994,-0.028929121792316437,,,
8,21999,-0.04383130744099617,,,
8,22004,-0.04162527620792389,,,
8,22009,-0.03990410268306732,,,
8,22014,-0.04707805812358856,,,
8,22019,-0.048308756202459335,,,
8,22024,-0.058226898312568665,,,
8,22029,-0.0630403608083725,,,
8,22034,-0.04889994114637375,,,
8,22039,-0.0181952565908432,,,
8,22044,-0.0456712543964386,,,
8,22049,-0.046053074300289154,,,
8,22054,-0.054284993559122086,,,
8,22059,-0.05961203575134277,,,
8,22064,-0.05204320698976517,,,
8,22069,-0.0612722709774971,,,
8,22074,-0.04203638434410095,,,
8,22079,-0.04468093812465668,,,
8,22084,-0.020608481019735336,,,
8,22089,-0.019770625978708267,,,
8,22094,-0.04532722383737564,,,
8,22099,-0.04768199101090431,,,
8,22104,-0.04204190894961357,,,
8,22109,-0.043899960815906525,,,
8,22114,-0.059413887560367584,,,
8,22119,-0.06103135645389557,,,
8,22124,-0.037831589579582214,,,
8,22129,-0.027217905968427658,,,
8,22134,-0.0067793866619467735,,,
8,22139,-0.029203016310930252,,,
8,22144,-0.05997730419039726,,,
8,22149,-0.06939691305160522,,,
8,22154,-0.07203873246908188,,,
8,22159,-0.045830853283405304,,,
8,22164,-0.047563765197992325,,,
8,22169,-0.05201481655240059,,,
8,22174,-0.04376902058720589,,,
8,22179,-0.04770083725452423,,,
8,22184,-0.047866009175777435,,,
8,22189,-0.04426538944244385,,,
8,22194,-0.037341006100177765,,,
8,22199,-0.04535192996263504,,,
8,22204,-0.05948526784777641,,,
8,22209,-0.08449137210845947,,,
8,22214,-0.03483910858631134,,,
8,22219,-0.04957713931798935,,,
8,22224,-0.053986601531505585,,,
8,22229,-0.05272289365530014,,,
8,22234,-0.04340268671512604,,,
8,22239,-0.03554627299308777,,,
8,22244,-0.04448217153549194,,,
8,22249,-0.03317904844880104,,,
8,22254,-0.04957936331629753,,,
8,22259,-0.03593328222632408,,,
8,22264,-0.0693691298365593,,,
8,22269,-0.032344624400138855,,,
8,22274,-0.0626649260520935,,,
8,22279,-0.059248942881822586,,,
8,22284,-0.03571781516075134,,,
8,22289,-0.04750090092420578,,,
8,22294,-0.03962206840515137,,,
8,22299,-0.038799531757831573,,,
8,22304,-0.04571039602160454,,,
8,22309,-0.04241639003157616,,,
8,22314,-0.058579590171575546,,,
8,22319,-0.02529851347208023,,,
8,22324,-0.04736509919166565,,,
8,22329,-0.061807431280612946,,,
8,22334,-0.041361186653375626,,,
8,22339,-0.06036950647830963,,,
8,22344,-0.048184528946876526,,,
8,22349,-0.04137266427278519,,,
8,22354,-0.06497614830732346,,,
8,22359,-0.05015437304973602,,,
8,22364,-0.033194590359926224,,,
8,22369,-0.05896052345633507,,,
8,22374,-0.07057440280914307,,,
8,22379,-0.05749930441379547,,,
8,22384,-0.029575597494840622,,,
8,22389,-0.04230561852455139,,,
8,22394,-0.030244803056120872,,,
8,22399,-0.06689687073230743,,,
8,22404,-0.06053337827324867,,,
8,22409,-0.05195539444684982,,,
8,22414,-0.06526505947113037,,,
8,22419,-0.04045776650309563,,,
8,22424,-0.037673383951187134,,,
8,22429,-0.06285135447978973,,,
8,22434,-0.05094136297702789,,,
8,22439,-0.04608637094497681,,,
8,22444,-0.04764837771654129,,,
8,22449,-0.049567267298698425,,,
8,22454,-0.0410350002348423,,,
8,22459,-0.05120837688446045,,,
8,22464,-0.032682184129953384,,,
8,22469,-0.03887023404240608,,,
8,22474,-0.060449905693531036,,,
8,22479,-0.06754834204912186,,,
8,22484,-0.07474546879529953,,,
8,22489,-0.031866561621427536,,,
8,22494,-0.017166903242468834,,,
8,22499,-0.050475992262363434,,,
8,22499,,-0.03634564206004143,0.3625999987125397,0.6663332581520081
9,22504,-0.0506671741604805,,,
9,22509,-0.03819466382265091,,,
9,22514,-0.03744999319314957,,,
9,22519,-0.022149773314595222,,,
9,22524,-0.05918071046471596,,,
9,22529,-0.048428013920784,,,
9,22534,-0.029143987223505974,,,
9,22539,-0.049109265208244324,,,
9,22544,-0.034144118428230286,,,
9,22549,-0.057056836783885956,,,
9,22554,-0.046968840062618256,,,
9,22559,-0.036702655255794525,,,
9,22564,-0.05550072342157364,,,
9,22569,-0.06254754960536957,,,
9,22574,-0.02828076295554638,,,
9,22579,-0.06218527629971504,,,
9,22584,-0.05025531351566315,,,
9,22589,-0.033691078424453735,,,
9,22594,-0.05644669383764267,,,
9,22599,-0.054184772074222565,,,
9,22604,-0.048413388431072235,,,
9,22609,-0.044271912425756454,,,
9,22614,-0.057985927909612656,,,
9,22619,-0.0607885867357254,,,
9,22624,-0.03927789628505707,,,
9,22629,-0.03162578493356705,,,
9,22634,-0.04801207035779953,,,
9,22639,-0.04332367330789566,,,
9,22644,-0.04581309109926224,,,
9,22649,-0.058068983256816864,,,
9,22654,-0.050798021256923676,,,
9,22659,-0.06261970102787018,,,
9,22664,-0.0326586589217186,,,
9,22669,-0.03084636852145195,,,
9,22674,-0.0221810732036829,,,
9,22679,-0.04380963742733002,,,
9,22684,-0.01222255453467369,,,
9,22689,-0.05821387469768524,,,
9,22694,-0.04175601154565811,,,
9,22699,-0.04920291528105736,,,
9,22704,-0.033691853284835815,,,
9,22709,-0.05386754870414734,,,
9,22714,-0.052434708923101425,,,
9,22719,-0.049258630722761154,,,
9,22724,-0.04819523170590401,,,
9,22729,-0.03970929607748985,,,
9,22734,-0.050842639058828354,,,
9,22739,-0.04683247208595276,,,
9,22744,-0.050464242696762085,,,
9,22749,-0.010515142232179642,,,
9,22754,-0.06669686734676361,,,
9,22759,-0.046683624386787415,,,
9,22764,-0.04777885600924492,,,
9,22769,-0.036844491958618164,,,
9,22774,-0.029400870203971863,,,
9,22779,-0.05107185244560242,,,
9,22784,-0.024304034188389778,,,
9,22789,-0.04792063683271408,,,
9,22794,-0.024767868220806122,,,
9,22799,-0.058103255927562714,,,
9,22804,-0.011794544756412506,,,
9,22809,-0.038150604814291,,,
9,22814,-0.04689639061689377,,,
9,22819,-0.03611966222524643,,,
9,22824,-0.05137748643755913,,,
9,22829,-0.058136291801929474,,,
9,22834,-0.054815031588077545,,,
9,22839,-0.03363539278507233,,,
9,22844,-0.045374080538749695,,,
9,22849,-0.03914140537381172,,,
9,22854,-0.03521918132901192,,,
9,22859,-0.05199635401368141,,,
9,22864,-0.048002175986766815,,,
9,22869,-0.0325932651758194,,,
9,22874,-0.05852828919887543,,,
9,22879,-0.042548827826976776,,,
9,22884,-0.05473056435585022,,,
9,22889,-0.07393461465835571,,,
9,22894,-0.033428870141506195,,,
9,22899,-0.04345767945051193,,,
9,22904,-0.07085589319467545,,,
9,22909,-0.03802129998803139,,,
9,22914,0.016043871641159058,,,
9,22919,-0.051598500460386276,,,
9,22924,-0.044047899544239044,,,
9,22929,-0.037655480206012726,,,
9,22934,-0.05112244933843613,,,
9,22939,-0.036881834268569946,,,
9,22944,-0.03450329601764679,,,
9,22949,-0.03399449586868286,,,
9,22954,-0.0372370183467865,,,
9,22959,-0.0639801174402237,,,
9,22964,-0.06302012503147125,,,
9,22969,-0.0492301881313324,,,
9,22974,-0.037068866193294525,,,
9,22979,-0.04950617626309395,,,
9,22984,-0.006986364256590605,,,
9,22989,-0.05242400988936424,,,
9,22994,-0.054087311029434204,,,
9,22999,-0.016909323632717133,,,
9,23004,-0.040835775434970856,,,
9,23009,-0.04629799723625183,,,
9,23014,-0.024813197553157806,,,
9,23019,-0.042816877365112305,,,
9,23024,-0.024290209636092186,,,
9,23029,-0.0565825030207634,,,
9,23034,-0.038838498294353485,,,
9,23039,-0.052710678428411484,,,
9,23044,-0.03125450760126114,,,
9,23049,-0.020580757409334183,,,
9,23054,-0.04940570145845413,,,
9,23059,-0.03305321931838989,,,
9,23064,-0.05641470104455948,,,
9,23069,-0.03357516974210739,,,
9,23074,-0.04750559478998184,,,
9,23079,-0.03512641787528992,,,
9,23084,-0.058805666863918304,,,
9,23089,-0.04304863512516022,,,
9,23094,-0.039570845663547516,,,
9,23099,-0.03517647832632065,,,
9,23104,-0.05306663736701012,,,
9,23109,-0.03860332816839218,,,
9,23114,-0.05794176459312439,,,
9,23119,-0.06117979437112808,,,
9,23124,-0.041618794202804565,,,
9,23129,-0.04066435620188713,,,
9,23134,-0.05381166189908981,,,
9,23139,-0.0496811680495739,,,
9,23144,-0.03444958105683327,,,
9,23149,-0.06007193401455879,,,
9,23154,-0.05874373018741608,,,
9,23159,-0.048529140651226044,,,
9,23164,-0.04651626944541931,,,
9,23169,-0.04156116768717766,,,
9,23174,-0.05593504756689072,,,
9,23179,-0.04189278930425644,,,
9,23184,-0.052759092301130295,,,
9,23189,-0.06839173287153244,,,
9,23194,-0.032470542937517166,,,
9,23199,-0.030718788504600525,,,
9,23204,-0.05461326986551285,,,
9,23209,-0.03731007128953934,,,
9,23214,-0.045455124229192734,,,
9,23219,-0.029266130179166794,,,
9,23224,-0.03860822319984436,,,
9,23229,-0.041161760687828064,,,
9,23234,-0.03074142336845398,,,
9,23239,-0.05299875885248184,,,
9,23244,-0.009600406512618065,,,
9,23249,-0.04370925575494766,,,
9,23254,-0.05521482601761818,,,
9,23259,-0.04482438042759895,,,
9,23264,-0.017993154004216194,,,
9,23269,-0.037873633205890656,,,
9,23274,-0.04548006132245064,,,
9,23279,-0.05975842475891113,,,
9,23284,-0.06114357337355614,,,
9,23289,0.010141901671886444,,,
9,23294,-0.04082127660512924,,,
9,23299,-0.051514774560928345,,,
9,23304,-0.05119176581501961,,,
9,23309,-0.054865967482328415,,,
9,23314,-0.07867953181266785,,,
9,23319,-0.023128587752580643,,,
9,23324,-0.046008601784706116,,,
9,23329,-0.03237451612949371,,,
9,23334,-0.06332423537969589,,,
9,23339,-0.049567341804504395,,,
9,23344,-0.030590631067752838,,,
9,23349,-0.04320225864648819,,,
9,23354,-0.040727533400058746,,,
9,23359,-0.06798598170280457,,,
9,23364,-0.03807727247476578,,,
9,23369,-0.05590192973613739,,,
9,23374,-0.06048215180635452,,,
9,23379,-0.03515160456299782,,,
9,23384,-0.05960922688245773,,,
9,23389,-0.024174371734261513,,,
9,23394,-0.04913010448217392,,,
9,23399,-0.049762316048145294,,,
9,23404,-0.06263934075832367,,,
9,23409,-0.06220712140202522,,,
9,23414,-0.02349267527461052,,,
9,23419,-0.04569725692272186,,,
9,23424,-0.04633761942386627,,,
9,23429,-0.06017688661813736,,,
9,23434,-0.059769995510578156,,,
9,23439,-0.037001579999923706,,,
9,23444,-0.05363323539495468,,,
9,23449,-0.04164809361100197,,,
9,23454,-0.05747741460800171,,,
9,23459,-0.06281653046607971,,,
9,23464,-0.04495465010404587,,,
9,23469,-0.046401068568229675,,,
9,23474,-0.057773835957050323,,,
9,23479,-0.035522446036338806,,,
9,23484,-0.010436760261654854,,,
9,23489,-0.02811272442340851,,,
9,23494,-0.050799496471881866,,,
9,23499,-0.05090251564979553,,,
9,23504,-0.05431213229894638,,,
9,23509,-0.031930964440107346,,,
9,23514,-0.01818929612636566,,,
9,23519,-0.014480065554380417,,,
9,23524,-0.04575112834572792,,,
9,23529,-0.05426148697733879,,,
9,23534,-0.046222787350416183,,,
9,23539,-0.043516457080841064,,,
9,23544,-0.07284615933895111,,,
9,23549,-0.07182957977056503,,,
9,23554,-0.03847289830446243,,,
9,23559,-0.03915891796350479,,,
9,23564,-0.03725761920213699,,,
9,23569,-0.04892401397228241,,,
9,23574,-0.04014866054058075,,,
9,23579,-0.06772259622812271,,,
9,23584,-0.03635237365961075,,,
9,23589,-0.056566689163446426,,,
9,23594,-0.056987565010786057,,,
9,23599,-0.06536100059747696,,,
9,23604,-0.04373302310705185,,,
9,23609,-0.03487367928028107,,,
9,23614,-0.04389509931206703,,,
9,23619,-0.07314593344926834,,,
9,23624,-0.06496782600879669,,,
9,23629,-0.05260973423719406,,,
9,23634,-0.04800230264663696,,,
9,23639,-0.012023741379380226,,,
9,23644,-0.04822106286883354,,,
9,23649,-0.06010071560740471,,,
9,23654,-0.04729441553354263,,,
9,23659,-0.062448546290397644,,,
9,23664,-0.05413481965661049,,,
9,23669,-0.05899612978100777,,,
9,23674,-0.042613767087459564,,,
9,23679,-0.053282320499420166,,,
9,23684,-0.04331793636083603,,,
9,23689,-0.04811419919133186,,,
9,23694,-0.03990914672613144,,,
9,23699,-0.022773457691073418,,,
9,23704,-0.047050993889570236,,,
9,23709,-0.04930948466062546,,,
9,23714,-0.03012016788125038,,,
9,23719,-0.035355836153030396,,,
9,23724,-0.06244193762540817,,,
9,23729,-0.05137414485216141,,,
9,23734,-0.03711356222629547,,,
9,23739,-0.027606196701526642,,,
9,23744,-0.032723553478717804,,,
9,23749,-0.0157596617937088,,,
9,23754,-0.04871240258216858,,,
9,23759,-0.056716710329055786,,,
9,23764,-0.04348192363977432,,,
9,23769,-0.03912252187728882,,,
9,23774,-0.053720783442258835,,,
9,23779,-0.05441076308488846,,,
9,23784,-0.05409134179353714,,,
9,23789,-0.03993194177746773,,,
9,23794,-0.01427660696208477,,,
9,23799,-0.03224392980337143,,,
9,23804,-0.04391786828637123,,,
9,23809,-0.04601031541824341,,,
9,23814,-0.05702190846204758,,,
9,23819,-0.04691943898797035,,,
9,23824,-0.03258897364139557,,,
9,23829,-0.065050408244133,,,
9,23834,-0.03645017743110657,,,
9,23839,-0.05935218930244446,,,
9,23844,-0.03504966199398041,,,
9,23849,-0.06353748589754105,,,
9,23854,-0.03989119082689285,,,
9,23859,-0.05302327871322632,,,
9,23864,-0.03227026388049126,,,
9,23869,-0.051876965910196304,,,
9,23874,-0.0478055514395237,,,
9,23879,-0.07164321094751358,,,
9,23884,-0.04127197712659836,,,
9,23889,-0.02998965047299862,,,
9,23894,-0.037755079567432404,,,
9,23899,-0.058099448680877686,,,
9,23904,-0.05983468145132065,,,
9,23909,-0.07052081823348999,,,
9,23914,-0.021469566971063614,,,
9,23919,-0.02748226188123226,,,
9,23924,-0.0633046105504036,,,
9,23929,-0.036775022745132446,,,
9,23934,-0.05450550839304924,,,
9,23939,-0.05111304670572281,,,
9,23944,-0.04490342736244202,,,
9,23949,-0.014570120722055435,,,
9,23954,-0.02101164683699608,,,
9,23959,-0.05024959146976471,,,
9,23964,-0.03530998155474663,,,
9,23969,-0.0423392653465271,,,
9,23974,-0.04640655964612961,,,
9,23979,-0.05580529570579529,,,
9,23984,-0.05179418623447418,,,
9,23989,-0.06164730340242386,,,
9,23994,-0.009280264377593994,,,
9,23999,-0.048950083553791046,,,
9,24004,-0.020637473091483116,,,
9,24009,-0.05091090500354767,,,
9,24014,-0.022929634898900986,,,
9,24019,-0.03343825787305832,,,
9,24024,-0.03450280800461769,,,
9,24029,-0.058747708797454834,,,
9,24034,-0.0345495268702507,,,
9,24039,-0.02997252717614174,,,
9,24044,-0.044431380927562714,,,
9,24049,-0.04476640373468399,,,
9,24054,-0.04385749250650406,,,
9,24059,-0.05896897614002228,,,
9,24064,-0.030956588685512543,,,
9,24069,-0.045669905841350555,,,
9,24074,-0.07281416654586792,,,
9,24079,-0.03212461248040199,,,
9,24084,-0.051801905035972595,,,
9,24089,-0.04776047170162201,,,
9,24094,-0.05214788019657135,,,
9,24099,-0.02570880763232708,,,
9,24104,-0.04786534979939461,,,
9,24109,-0.0127250412479043,,,
9,24114,-0.03975531458854675,,,
9,24119,-0.04422316700220108,,,
9,24124,-0.061427559703588486,,,
9,24129,-0.04773625731468201,,,
9,24134,-0.05931570753455162,,,
9,24139,-0.05828908085823059,,,
9,24144,-0.01732572913169861,,,
9,24149,-0.036333117634058,,,
9,24154,-0.056577738374471664,,,
9,24159,-0.049158480018377304,,,
9,24164,-0.043507009744644165,,,
9,24169,-0.04541073739528656,,,
9,24174,-0.054751232266426086,,,
9,24179,-0.05646142736077309,,,
9,24184,-0.061541371047496796,,,
9,24189,-0.04477046802639961,,,
9,24194,-0.05609786510467529,,,
9,24199,-0.05206681787967682,,,
9,24204,-0.04060792550444603,,,
9,24209,-0.032636262476444244,,,
9,24214,-0.04959645867347717,,,
9,24219,-0.044641219079494476,,,
9,24224,-0.0660208910703659,,,
9,24229,-0.06587948650121689,,,
9,24234,-0.03629666566848755,,,
9,24239,-0.030639976263046265,,,
9,24244,-0.05535591393709183,,,
9,24249,-0.026239261031150818,,,
9,24254,-0.057565413415431976,,,
9,24259,-0.03819089010357857,,,
9,24264,-0.04351404309272766,,,
9,24269,0.012669244781136513,,,
9,24274,-0.05228310078382492,,,
9,24279,-0.05781415477395058,,,
9,24284,-0.03878898173570633,,,
9,24289,-0.05230134725570679,,,
9,24294,-0.0002908483147621155,,,
9,24299,-0.07143999636173248,,,
9,24304,-0.04750027880072594,,,
9,24309,-0.023343784734606743,,,
9,24314,-0.03614599257707596,,,
9,24319,-0.06534889340400696,,,
9,24324,-0.053933314979076385,,,
9,24329,-0.05044034495949745,,,
9,24334,-0.037448808550834656,,,
9,24339,-0.05413367971777916,,,
9,24344,-0.04136354476213455,,,
9,24349,-0.043235696852207184,,,
9,24354,-0.038277871906757355,,,
9,24359,-0.06105896830558777,,,
9,24364,-0.047159817069768906,,,
9,24369,-0.020796891301870346,,,
9,24374,-0.030870603397488594,,,
9,24379,-0.0072213588282465935,,,
9,24384,-0.04185313358902931,,,
9,24389,-0.05005764588713646,,,
9,24394,-0.026725521311163902,,,
9,24399,-0.03252805769443512,,,
9,24404,-0.037632763385772705,,,
9,24409,-0.07415597885847092,,,
9,24414,-0.037710271775722504,,,
9,24419,-0.022405637428164482,,,
9,24424,-0.060848817229270935,,,
9,24429,-0.046961355954408646,,,
9,24434,-0.04669151455163956,,,
9,24439,-0.04978751018643379,,,
9,24444,-0.04168909788131714,,,
9,24449,-0.048000581562519073,,,
9,24454,-0.037606991827487946,,,
9,24459,-0.02362958714365959,,,
9,24464,-0.040204040706157684,,,
9,24469,-0.03325112536549568,,,
9,24474,-0.04034406319260597,,,
9,24479,-0.0242985337972641,,,
9,24484,-0.051307015120983124,,,
9,24489,-0.05934249982237816,,,
9,24494,-0.055594392120838165,,,
9,24499,-0.053800277411937714,,,
9,24504,-0.049036603420972824,,,
9,24509,-0.053412556648254395,,,
9,24514,-0.03851137310266495,,,
9,24519,-0.04412349686026573,,,
9,24524,-0.03872504457831383,,,
9,24529,-0.05661063641309738,,,
9,24534,-0.04919009655714035,,,
9,24539,-0.05447971448302269,,,
9,24544,-0.059910573065280914,,,
9,24549,-0.05646757781505585,,,
9,24554,-0.024044260382652283,,,
9,24559,-0.027245664969086647,,,
9,24564,-0.036147378385066986,,,
9,24569,-0.037697143852710724,,,
9,24574,-0.04050332307815552,,,
9,24579,-0.038940392434597015,,,
9,24584,-0.05075976625084877,,,
9,24589,-0.01858513616025448,,,
9,24594,-0.03563574701547623,,,
9,24599,-0.0550069659948349,,,
9,24604,-0.05652090162038803,,,
9,24609,-0.049667838960886,,,
9,24614,-0.052576303482055664,,,
9,24619,-0.045078910887241364,,,
9,24624,-0.01138358935713768,,,
9,24629,-0.014152094721794128,,,
9,24634,-0.02349148318171501,,,
9,24639,-0.024102574214339256,,,
9,24644,-0.05222855508327484,,,
9,24649,-0.04172772169113159,,,
9,24654,-0.054246820509433746,,,
9,24659,-0.06621595472097397,,,
9,24664,-0.04487663507461548,,,
9,24669,-0.05302879214286804,,,
9,24674,-0.03226630762219429,,,
9,24679,-0.033684395253658295,,,
9,24684,-0.04059601575136185,,,
9,24689,-0.061020154505968094,,,
9,24694,-0.028684569522738457,,,
9,24699,-0.05917467176914215,,,
9,24704,-0.039145104587078094,,,
9,24709,-0.03815389424562454,,,
9,24714,-0.03572101145982742,,,
9,24719,-0.06419070810079575,,,
9,24724,-0.032850466668605804,,,
9,24729,-0.028320061042904854,,,
9,24734,-0.0658254325389862,,,
9,24739,-0.05298294126987457,,,
9,24744,-0.04245622083544731,,,
9,24749,-0.05750928819179535,,,
9,24754,-0.04981837049126625,,,
9,24759,-0.03273717686533928,,,
9,24764,-0.02283620461821556,,,
9,24769,-0.033185966312885284,,,
9,24774,-0.06814315915107727,,,
9,24779,-0.07373028248548508,,,
9,24784,-0.04481939226388931,,,
9,24789,-0.06499836593866348,,,
9,24794,-0.02961849980056286,,,
9,24799,-0.0440496951341629,,,
9,24804,-0.008740313351154327,,,
9,24809,-0.05928177759051323,,,
9,24814,-0.05487098544836044,,,
9,24819,-0.03613691404461861,,,
9,24824,-0.06228264048695564,,,
9,24829,-0.03276143968105316,,,
9,24834,-0.0550452396273613,,,
9,24839,-0.037341080605983734,,,
9,24844,-0.03679832071065903,,,
9,24849,-0.04453248530626297,,,
9,24854,-0.06562203168869019,,,
9,24859,-0.0487038753926754,,,
9,24864,-0.05401686206459999,,,
9,24869,-0.0511680506169796,,,
9,24874,-0.01607280597090721,,,
9,24879,-0.05026622116565704,,,
9,24884,-0.04142936319112778,,,
9,24889,-0.04698203504085541,,,
9,24894,-0.03315243497490883,,,
9,24899,-0.04983814060688019,,,
9,24904,-0.05600763112306595,,,
9,24909,-0.042380303144454956,,,
9,24914,-0.05865596979856491,,,
9,24919,-0.05455399677157402,,,
9,24924,-0.035486117005348206,,,
9,24929,-0.04794948175549507,,,
9,24934,-0.019195424392819405,,,
9,24939,-0.05488603562116623,,,
9,24944,-0.04500586912035942,,,
9,24949,-0.041051335632801056,,,
9,24954,-0.045200616121292114,,,
9,24959,-0.049849215894937515,,,
9,24964,-0.04730909690260887,,,
9,24969,-0.048794373869895935,,,
9,24974,-0.053457580506801605,,,
9,24979,-0.053845860064029694,,,
9,24984,-0.03708603233098984,,,
9,24989,-0.0307164266705513,,,
9,24994,-0.030354849994182587,,,
9,24999,-0.07073237001895905,,,
9,24999,,-0.04954315721988678,0.3424000144004822,0.6480740308761597
10,25004,-0.07356970012187958,,,
10,25009,-0.058820176869630814,,,
10,25014,-0.043351203203201294,,,
10,25019,-0.03221946582198143,,,
10,25024,-0.019317109137773514,,,
10,25029,-0.034633517265319824,,,
10,25034,-0.0540463961660862,,,
10,25039,-0.04944664612412453,,,
10,25044,-0.023663200438022614,,,
10,25049,-0.05314873903989792,,,
10,25054,-0.03962463513016701,,,
10,25059,-0.04932534322142601,,,
10,25064,-0.03166089951992035,,,
10,25069,-0.031153563410043716,,,
10,25074,-0.018140573054552078,,,
10,25079,-0.05263415724039078,,,
10,25084,-0.03519604727625847,,,
10,25089,-0.06821737438440323,,,
10,25094,-0.030245963484048843,,,
10,25099,-0.06170692667365074,,,
10,25104,-0.0555734746158123,,,
10,25109,-0.03527984023094177,,,
10,25114,-0.0203838087618351,,,
10,25119,-0.041809383779764175,,,
10,25124,-0.05042427033185959,,,
10,25129,-0.037819452583789825,,,
10,25134,-0.04185900464653969,,,
10,25139,-0.03216232731938362,,,
10,25144,-0.04773998260498047,,,
10,25149,-0.0213957317173481,,,
10,25154,-0.03985115885734558,,,
10,25159,-0.0433327779173851,,,
10,25164,-0.0328715480864048,,,
10,25169,-0.03817141428589821,,,
10,25174,-0.057558514177799225,,,
10,25179,-0.03413604944944382,,,
10,25184,-0.032461244612932205,,,
10,25189,-0.04032590612769127,,,
10,25194,-0.052030086517333984,,,
10,25199,-0.04067543148994446,,,
10,25204,-0.039573125541210175,,,
10,25209,-0.040279876440763474,,,
10,25214,-0.04696619138121605,,,
10,25219,-0.04434983432292938,,,
10,25224,-0.042691074311733246,,,
10,25229,-0.048125963658094406,,,
10,25234,-0.042175114154815674,,,
10,25239,-0.05045105516910553,,,
10,25244,-0.05640086904168129,,,
10,25249,-0.02752923220396042,,,
10,25254,-0.040618930011987686,,,
10,25259,-0.050760649144649506,,,
10,25264,-0.05328090116381645,,,
10,25269,-0.04721401631832123,,,
10,25274,-0.018159396946430206,,,
10,25279,-0.06066756695508957,,,
10,25284,-0.04612630233168602,,,
10,25289,-0.04853196069598198,,,
10,25294,-0.057841770350933075,,,
10,25299,-0.057197920978069305,,,
10,25304,-0.03203122690320015,,,
10,25309,-0.05565059557557106,,,
10,25314,-0.057954348623752594,,,
10,25319,-0.04043786972761154,,,
10,25324,-0.05126773566007614,,,
10,25329,-0.05810236185789108,,,
10,25334,-0.05006042867898941,,,
10,25339,-0.020418919622898102,,,
10,25344,-0.05428553372621536,,,
10,25349,-0.036618560552597046,,,
10,25354,-0.049908287823200226,,,
10,25359,-0.05295129120349884,,,
10,25364,-0.04207390546798706,,,
10,25369,-0.035561658442020416,,,
10,25374,-0.05333876982331276,,,
10,25379,-0.045750461518764496,,,
10,25384,-0.03240654245018959,,,
10,25389,-0.03463945537805557,,,
10,25394,-0.05880613625049591,,,
10,25399,-0.05019078776240349,,,
10,25404,-0.04891467094421387,,,
10,25409,-0.005172263830900192,,,
10,25414,-0.035936564207077026,,,
10,25419,-0.03676694631576538,,,
10,25424,-0.059908583760261536,,,
10,25429,-0.011071696877479553,,,
10,25434,-0.041940491646528244,,,
10,25439,-0.05445067584514618,,,
10,25444,-0.04121873155236244,,,
10,25449,-0.03538991138339043,,,
10,25454,-0.038288384675979614,,,
10,25459,-0.04970186576247215,,,
10,25464,-0.05182001367211342,,,
10,25469,-0.049647241830825806,,,
10,25474,-0.04662691056728363,,,
10,25479,-0.03408455848693848,,,
10,25484,-0.022841801866889,,,
10,25489,-0.04863294959068298,,,
10,25494,-0.03986314311623573,,,
10,25499,-0.03908826410770416,,,
10,25504,-0.06875374168157578,,,
10,25509,-0.01661035418510437,,,
10,25514,-0.021618250757455826,,,
10,25519,-0.05137777328491211,,,
10,25524,-0.022340847179293633,,,
10,25529,-0.03863298147916794,,,
10,25534,-0.04588012397289276,,,
10,25539,-0.04335767403244972,,,
10,25544,-0.050113264471292496,,,
10,25549,-0.055881254374980927,,,
10,25554,-0.04848336800932884,,,
10,25559,-0.02074713259935379,,,
10,25564,-0.07857012003660202,,,
10,25569,-0.06990082561969757,,,
10,25574,-0.0432535856962204,,,
10,25579,-0.033081717789173126,,,
10,25584,-0.05574189871549606,,,
10,25589,-0.031039560213685036,,,
10,25594,-0.05768048018217087,,,
10,25599,-0.014759354293346405,,,
10,25604,-0.05095060169696808,,,
10,25609,-0.0664868950843811,,,
10,25614,-0.026056628674268723,,,
10,25619,-0.0422673262655735,,,
10,25624,-0.055852338671684265,,,
10,25629,-0.02851962484419346,,,
10,25634,-0.04755941778421402,,,
10,25639,-0.0451202467083931,,,
10,25644,-0.0329679399728775,,,
10,25649,-0.04543294012546539,,,
10,25654,-0.03380777686834335,,,
10,25659,-0.05185646936297417,,,
10,25664,-0.04532017186284065,,,
10,25669,-0.04917467385530472,,,
10,25674,-0.028012264519929886,,,
10,25679,-0.06844022870063782,,,
10,25684,-0.05498941242694855,,,
10,25689,-0.043082255870103836,,,
10,25694,-0.0468091145157814,,,
10,25699,-0.047889262437820435,,,
10,25704,-0.04372042417526245,,,
10,25709,-0.036584772169589996,,,
10,25714,-0.04140226170420647,,,
10,25719,-0.043818987905979156,,,
10,25724,-0.05154646560549736,,,
10,25729,-0.03972567245364189,,,
10,25734,-0.03535229712724686,,,
10,25739,-0.0615597628057003,,,
10,25744,-0.04963848739862442,,,
10,25749,-0.052940599620342255,,,
10,25754,-0.04919738695025444,,,
10,25759,-0.04784822463989258,,,
10,25764,-0.04685879498720169,,,
10,25769,-0.02735215052962303,,,
10,25774,-0.05693723261356354,,,
10,25779,-0.03949791565537453,,,
10,25784,-0.03738490492105484,,,
10,25789,-0.03095308504998684,,,
10,25794,-0.04797884076833725,,,
10,25799,-0.048739947378635406,,,
10,25804,-0.023997053503990173,,,
10,25809,-0.04756986349821091,,,
10,25814,-0.05564583092927933,,,
10,25819,-0.053849153220653534,,,
10,25824,-0.05168662220239639,,,
10,25829,-0.057241328060626984,,,
10,25834,-0.04434948414564133,,,
10,25839,-0.05541813001036644,,,
10,25844,-0.03711891174316406,,,
10,25849,-0.017960604280233383,,,
10,25854,-0.008635494858026505,,,
10,25859,-0.04291665926575661,,,
10,25864,-0.03445516526699066,,,
10,25869,-0.04534086585044861,,,
10,25874,-0.03613097965717316,,,
10,25879,-0.039558641612529755,,,
10,25884,-0.04926689341664314,,,
10,25889,-0.02233825996518135,,,
10,25894,-0.03977363556623459,,,
10,25899,-0.016406003385782242,,,
10,25904,-0.02982233464717865,,,
10,25909,-0.03563813492655754,,,
10,25914,-0.06854189932346344,,,
10,25919,-0.05034249275922775,,,
10,25924,-0.06563713401556015,,,
10,25929,-0.06192505732178688,,,
10,25934,-0.04251863807439804,,,
10,25939,-0.03410346433520317,,,
10,25944,-0.05340392887592316,,,
10,25949,-0.06624367088079453,,,
10,25954,-0.04990430176258087,,,
10,25959,-0.04090988636016846,,,
10,25964,-0.04668252170085907,,,
10,25969,-0.025504646822810173,,,
10,25974,-0.06338726729154587,,,
10,25979,-0.06499122083187103,,,
10,25984,-0.06507623940706253,,,
10,25989,-0.04320681095123291,,,
10,25994,-0.05184705927968025,,,
10,25999,-0.0366162545979023,,,
10,26004,-0.05630609393119812,,,
10,26009,-0.04565230384469032,,,
10,26014,-0.031164679676294327,,,
10,26019,-0.06102040782570839,,,
10,26024,-0.03585559129714966,,,
10,26029,-0.055743031203746796,,,
10,26034,-0.0379067100584507,,,
10,26039,-0.04263288527727127,,,
10,26044,-0.050779521465301514,,,
10,26049,-0.023635324090719223,,,
10,26054,-0.036072082817554474,,,
10,26059,-0.04045889526605606,,,
10,26064,-0.03594306483864784,,,
10,26069,-0.038774266839027405,,,
10,26074,-0.0437842532992363,,,
10,26079,-0.0237883310765028,,,
10,26084,-0.02983361855149269,,,
10,26089,-0.06027385592460632,,,
10,26094,-0.05679124966263771,,,
10,26099,-0.0387967973947525,,,
10,26104,-0.04572126269340515,,,
10,26109,-0.0359213724732399,,,
10,26114,-0.07165835797786713,,,
10,26119,-0.034498587250709534,,,
10,26124,-0.04603006690740585,,,
10,26129,-0.05461803078651428,,,
10,26134,-0.058273784816265106,,,
10,26139,-0.04260639101266861,,,
10,26144,-0.04458509385585785,,,
10,26149,-0.04752247780561447,,,
10,26154,-0.056835293769836426,,,
10,26159,-0.03592773526906967,,,
10,26164,-0.05407105013728142,,,
10,26169,-0.05721912533044815,,,
10,26174,-0.05864899978041649,,,
10,26179,-0.047857023775577545,,,
10,26184,-0.04173828661441803,,,
10,26189,-0.022082116454839706,,,
10,26194,-0.03872188925743103,,,
10,26199,-0.06623951345682144,,,
10,26204,-0.056803785264492035,,,
10,26209,-0.05448541417717934,,,
10,26214,-0.047288186848163605,,,
10,26219,-0.052302561700344086,,,
10,26224,-0.018395069986581802,,,
10,26229,-0.045855581760406494,,,
10,26234,-0.041053831577301025,,,
10,26239,-0.054780736565589905,,,
10,26244,-0.06528273224830627,,,
10,26249,-0.04443929344415665,,,
10,26254,-0.05749056488275528,,,
10,26259,-0.05140756070613861,,,
10,26264,-0.06056977063417435,,,
10,26269,-0.056549977511167526,,,
10,26274,-0.040605589747428894,,,
10,26279,-0.03605940192937851,,,
10,26284,-0.02071964740753174,,,
10,26289,-0.05080783739686012,,,
10,26294,-0.05310485512018204,,,
10,26299,-0.06066359207034111,,,
10,26304,-0.05098501592874527,,,
10,26309,-0.07029183208942413,,,
10,26314,-0.03391991928219795,,,
10,26319,-0.04624412581324577,,,
10,26324,-0.05233846604824066,,,
10,26329,-0.04737647622823715,,,
10,26334,-0.03474976122379303,,,
10,26339,-0.03886665403842926,,,
10,26344,-0.022332165390253067,,,
10,26349,-0.053282637149095535,,,
10,26354,-0.005593307316303253,,,
10,26359,-0.0355839841067791,,,
10,26364,-0.039245203137397766,,,
10,26369,-0.03768309950828552,,,
10,26374,-0.0491175539791584,,,
10,26379,-0.033089932054281235,,,
10,26384,-0.028277568519115448,,,
10,26389,-0.03836563974618912,,,
10,26394,-0.04465954005718231,,,
10,26399,-0.03691192716360092,,,
10,26404,-0.0636691227555275,,,
10,26409,-0.03335769474506378,,,
10,26414,-0.04590914398431778,,,
10,26419,-0.038091592490673065,,,
10,26424,-0.026343170553445816,,,
10,26429,-0.033228956162929535,,,
10,26434,-0.05325140058994293,,,
10,26439,-0.035373587161302567,,,
10,26444,-0.0439416840672493,,,
10,26449,-0.05440658703446388,,,
10,26454,-0.06019126623868942,,,
10,26459,-0.050760138779878616,,,
10,26464,-0.051761873066425323,,,
10,26469,-0.05726964399218559,,,
10,26474,-0.0250359196215868,,,
10,26479,-0.04173874482512474,,,
10,26484,-0.06715666502714157,,,
10,26489,-0.050281964242458344,,,
10,26494,-0.026853203773498535,,,
10,26499,-0.046621739864349365,,,
10,26504,-0.03929683938622475,,,
10,26509,-0.047973744571208954,,,
10,26514,-0.046574849635362625,,,
10,26519,-0.0310232974588871,,,
10,26524,-0.00516631780192256,,,
10,26529,-0.02181468904018402,,,
10,26534,-0.013327582739293575,,,
10,26539,-0.05476036295294762,,,
10,26544,-0.04691103845834732,,,
10,26549,-0.061633624136447906,,,
10,26554,-0.03447040915489197,,,
10,26559,-0.047653794288635254,,,
10,26564,-0.058785296976566315,,,
10,26569,-0.04108545184135437,,,
10,26574,-0.04333370923995972,,,
10,26579,-0.035632774233818054,,,
10,26584,-0.04550403356552124,,,
10,26589,-0.05515193194150925,,,
10,26594,-0.03781065344810486,,,
10,26599,-0.03534862399101257,,,
10,26604,-0.06086365133523941,,,
10,26609,-0.04937753826379776,,,
10,26614,-0.05463535711169243,,,
10,26619,-0.05542842298746109,,,
10,26624,-0.05074682831764221,,,
10,26629,-0.03783702850341797,,,
10,26634,-0.04311010241508484,,,
10,26639,0.00994563102722168,,,
10,26644,-0.037036336958408356,,,
10,26649,-0.0650469958782196,,,
10,26654,-0.04037204384803772,,,
10,26659,-0.038160890340805054,,,
10,26664,-0.03155224770307541,,,
10,26669,-0.0385553278028965,,,
10,26674,-0.03044726327061653,,,
10,26679,-0.04788509011268616,,,
10,26684,-0.06577479839324951,,,
10,26689,-0.05289820581674576,,,
10,26694,-0.05385918170213699,,,
10,26699,-0.044320300221443176,,,
10,26704,-0.05579311400651932,,,
10,26709,-0.05387624353170395,,,
10,26714,-0.06119484826922417,,,
10,26719,-0.05378921702504158,,,
10,26724,-0.029487859457731247,,,
10,26729,-0.03400499373674393,,,
10,26734,-0.0539388433098793,,,
10,26739,-0.028462549671530724,,,
10,26744,-0.03537704795598984,,,
10,26749,-0.05165932700037956,,,
10,26754,-0.05717425048351288,,,
10,26759,-0.04225010797381401,,,
10,26764,-0.061535365879535675,,,
10,26769,-0.05617644637823105,,,
10,26774,-0.06940757483243942,,,
10,26779,-0.0516524575650692,,,
10,26784,-0.05501201003789902,,,
10,26789,-0.026939380913972855,,,
10,26794,-0.009949591010808945,,,
10,26799,-0.046310555189847946,,,
10,26804,-0.06755754351615906,,,
10,26809,-0.06970954686403275,,,
10,26814,-0.05037039518356323,,,
10,26819,-0.034961093217134476,,,
10,26824,-0.05407311022281647,,,
10,26829,-0.05111515149474144,,,
10,26834,-0.03592655062675476,,,
10,26839,-0.03955080732703209,,,
10,26844,-0.012631549499928951,,,
10,26849,-0.05391620099544525,,,
10,26854,-0.05396243929862976,,,
10,26859,-0.059217795729637146,,,
10,26864,-0.03560303896665573,,,
10,26869,-0.06160246580839157,,,
10,26874,-0.03913389891386032,,,
10,26879,-0.041834767907857895,,,
10,26884,-0.04777391999959946,,,
10,26889,-0.03728656470775604,,,
10,26894,-0.03990795090794563,,,
10,26899,-0.02459140494465828,,,
10,26904,-0.023842837661504745,,,
10,26909,-0.014727406203746796,,,
10,26914,-0.0636114776134491,,,
10,26919,-0.07814396917819977,,,
10,26924,-0.06599556654691696,,,
10,26929,-0.016574066132307053,,,
10,26934,-0.03320898860692978,,,
10,26939,-0.042211487889289856,,,
10,26944,-0.032915420830249786,,,
10,26949,-0.028817391023039818,,,
10,26954,-0.04535309970378876,,,
10,26959,-0.071014404296875,,,
10,26964,-0.03155946359038353,,,
10,26969,-0.05453699082136154,,,
10,26974,-0.04644902050495148,,,
10,26979,-0.05939878150820732,,,
10,26984,-0.05365884676575661,,,
10,26989,-0.027383960783481598,,,
10,26994,-0.024931812658905983,,,
10,26999,-0.06892843544483185,,,
10,27004,-0.04346667230129242,,,
10,27009,-0.038530174642801285,,,
10,27014,-0.043956127017736435,,,
10,27019,-0.04062493145465851,,,
10,27024,-0.06234734132885933,,,
10,27029,-0.07311958074569702,,,
10,27034,-0.017157509922981262,,,
10,27039,-0.050574760884046555,,,
10,27044,-0.050996579229831696,,,
10,27049,-0.035852812230587006,,,
10,27054,-0.029056323692202568,,,
10,27059,-0.01953611709177494,,,
10,27064,-0.04869287833571434,,,
10,27069,-0.052002064883708954,,,
10,27074,-0.015630539506673813,,,
10,27079,-0.048468053340911865,,,
10,27084,-0.030718162655830383,,,
10,27089,-0.03799049183726311,,,
10,27094,-0.04213196784257889,,,
10,27099,-0.029917921870946884,,,
10,27104,-0.047808688133955,,,
10,27109,-0.0208180733025074,,,
10,27114,-0.05848528444766998,,,
10,27119,-0.05252338945865631,,,
10,27124,-0.0563344806432724,,,
10,27129,-0.03595248982310295,,,
10,27134,-0.026596173644065857,,,
10,27139,-0.048627033829689026,,,
10,27144,-0.0449737124145031,,,
10,27149,-0.03973571956157684,,,
10,27154,-0.06284113228321075,,,
10,27159,-0.05961575731635094,,,
10,27164,-0.06071101129055023,,,
10,27169,-0.04834366589784622,,,
10,27174,-0.03939686715602875,,,
10,27179,-0.03375514969229698,,,
10,27184,-0.029329419136047363,,,
10,27189,-0.05157092958688736,,,
10,27194,-0.03347799554467201,,,
10,27199,-0.03747174143791199,,,
10,27204,-0.03797121345996857,,,
10,27209,-0.04325554147362709,,,
10,27214,-0.044840823858976364,,,
10,27219,-0.03900860995054245,,,
10,27224,-0.05462771654129028,,,
10,27229,-0.03961209952831268,,,
10,27234,-0.030406737700104713,,,
10,27239,-0.051660023629665375,,,
10,27244,-0.040660399943590164,,,
10,27249,-0.05673160031437874,,,
10,27254,-0.009408853948116302,,,
10,27259,-0.011423716321587563,,,
10,27264,-0.06844016909599304,,,
10,27269,-0.053412746638059616,,,
10,27274,-0.05855631083250046,,,
10,27279,-0.0509902760386467,,,
10,27284,-0.04966392740607262,,,
10,27289,-0.06007152423262596,,,
10,27294,-0.054682083427906036,,,
10,27299,-0.03452916443347931,,,
10,27304,-0.03178557753562927,,,
10,27309,-0.06605078279972076,,,
10,27314,-0.05102556198835373,,,
10,27319,-0.054105088114738464,,,
10,27324,-0.03287866339087486,,,
10,27329,-0.04481988400220871,,,
10,27334,-0.056733615696430206,,,
10,27339,-0.053123582154512405,,,
10,27344,-0.06119167059659958,,,
10,27349,-0.045712217688560486,,,
10,27354,-0.05157341808080673,,,
10,27359,-0.03115321323275566,,,
10,27364,-0.05034355819225311,,,
10,27369,-0.05790398269891739,,,
10,27374,-0.05774953216314316,,,
10,27379,-0.05023273825645447,,,
10,27384,-0.0659455806016922,,,
10,27389,-0.051232486963272095,,,
10,27394,-0.043013036251068115,,,
10,27399,-0.028402796015143394,,,
10,27404,-0.015863992273807526,,,
10,27409,-0.056949641555547714,,,
10,27414,-0.03467055782675743,,,
10,27419,-0.06658162921667099,,,
10,27424,-0.029235271736979485,,,
10,27429,-0.036790985614061356,,,
10,27434,-0.04933826997876167,,,
10,27439,-0.03834041580557823,,,
10,27444,-0.059497520327568054,,,
10,27449,-0.03360965847969055,,,
10,27454,-0.043858520686626434,,,
10,27459,-0.052440084517002106,,,
10,27464,-0.03791946917772293,,,
10,27469,-0.039505038410425186,,,
10,27474,-0.05321982502937317,,,
10,27479,-0.037884779274463654,,,
10,27484,-0.05309326946735382,,,
10,27489,-0.03072059154510498,,,
10,27494,-0.035880573093891144,,,
10,27499,-0.044182565063238144,,,
10,27499,,-0.03885844349861145,0.320499986410141,0.6186274886131287
11,27504,-0.04850681871175766,,,
11,27509,-0.04898318648338318,,,
11,27514,-0.025543203577399254,,,
11,27519,-0.05136382579803467,,,
11,27524,-0.04491253197193146,,,
11,27529,-0.049419574439525604,,,
11,27534,-0.045062411576509476,,,
11,27539,-0.024445854127407074,,,
11,27544,-0.034294962882995605,,,
11,27549,-0.06260187923908234,,,
11,27554,-0.06679170578718185,,,
11,27559,-0.04918219521641731,,,
11,27564,-0.05651996657252312,,,
11,27569,-0.0572732537984848,,,
11,27574,-0.03171470761299133,,,
11,27579,-0.0574338436126709,,,
11,27584,-0.03699638694524765,,,
11,27589,-0.05792713165283203,,,
11,27594,-0.04376783221960068,,,
11,27599,-0.043487127870321274,,,
11,27604,-0.0500778965651989,,,
11,27609,-0.04739553853869438,,,
11,27614,-0.04187747836112976,,,
11,27619,-0.04055889695882797,,,
11,27624,-0.043032631278038025,,,
11,27629,-0.029335007071495056,,,
11,27634,-0.03311788663268089,,,
11,27639,-0.04525451734662056,,,
11,27644,-0.06705117225646973,,,
11,27649,-0.02108125574886799,,,
11,27654,-0.038754090666770935,,,
11,27659,-0.03296935558319092,,,
11,27664,-0.025844629853963852,,,
11,27669,-0.053336359560489655,,,
11,27674,-0.04423760622739792,,,
11,27679,-0.036711789667606354,,,
11,27684,-0.03218136355280876,,,
11,27689,-0.057811569422483444,,,
11,27694,-0.05105297267436981,,,
11,27699,-0.03726049140095711,,,
11,27704,-0.038394294679164886,,,
11,27709,-0.059495337307453156,,,
11,27714,-0.04782366007566452,,,
11,27719,-0.05120410397648811,,,
11,27724,-0.05772631615400314,,,
11,27729,-0.06597474217414856,,,
11,27734,-0.05126146599650383,,,
11,27739,-0.0313752144575119,,,
11,27744,-0.0408792644739151,,,
11,27749,-0.054297350347042084,,,
11,27754,-0.04326349496841431,,,
11,27759,-0.05183843895792961,,,
11,27764,-0.04403861239552498,,,
11,27769,-0.04115962237119675,,,
11,27774,-0.059243399649858475,,,
11,27779,-0.0369817316532135,,,
11,27784,-0.036653369665145874,,,
11,27789,-0.021658774465322495,,,
11,27794,-0.043039657175540924,,,
11,27799,-0.033584870398044586,,,
11,27804,-0.03273354843258858,,,
11,27809,-0.05984699726104736,,,
11,27814,-0.034103862941265106,,,
11,27819,-0.040538590401411057,,,
11,27824,-0.04793180525302887,,,
11,27829,-0.05723360925912857,,,
11,27834,-0.040858618915081024,,,
11,27839,-0.0445747971534729,,,
11,27844,-0.041959427297115326,,,
11,27849,-0.06454546749591827,,,
11,27854,-0.04876893013715744,,,
11,27859,-0.05916871130466461,,,
11,27864,-0.040303461253643036,,,
11,27869,-0.056210629642009735,,,
11,27874,-0.0602022260427475,,,
11,27879,-0.03822114318609238,,,
11,27884,-0.04318685829639435,,,
11,27889,-0.02928130514919758,,,
11,27894,-0.03441233187913895,,,
11,27899,-0.038504380732774734,,,
11,27904,-0.05235026776790619,,,
11,27909,-0.057831138372421265,,,
11,27914,-0.030472910031676292,,,
11,27919,-0.0369856059551239,,,
11,27924,-0.01984698325395584,,,
11,27929,-0.04322221130132675,,,
11,27934,-0.05162162333726883,,,
11,27939,-0.05977901071310043,,,
11,27944,-0.06159983575344086,,,
11,27949,-0.026769692078232765,,,
11,27954,-0.03729841485619545,,,
11,27959,-0.06510655581951141,,,
11,27964,-0.05157507210969925,,,
11,27969,-0.03733285143971443,,,
11,27974,-0.009412751533091068,,,
11,27979,-0.06386884301900864,,,
11,27984,-0.05396519601345062,,,
11,27989,-0.05067943409085274,,,
11,27994,-0.06784163415431976,,,
11,27999,-0.03595316782593727,,,
11,28004,-0.03357917070388794,,,
11,28009,-0.0533992201089859,,,
11,28014,-0.03980723023414612,,,
11,28019,-0.04317765682935715,,,
11,28024,-0.023480664938688278,,,
11,28029,-0.06281337141990662,,,
11,28034,-0.044136859476566315,,,
11,28039,-0.05755579471588135,,,
11,28044,-0.04114425554871559,,,
11,28049,-0.03308933973312378,,,
11,28054,-0.02176467888057232,,,
11,28059,-0.04579520970582962,,,
11,28064,-0.03580169752240181,,,
11,28069,-0.039511390030384064,,,
11,28074,-0.0035454127937555313,,,
11,28079,-0.04324692487716675,,,
11,28084,-0.022043444216251373,,,
11,28089,-0.05233999341726303,,,
11,28094,-0.040421903133392334,,,
11,28099,-0.04901465028524399,,,
11,28104,-0.047242842614650726,,,
11,28109,-0.050754614174366,,,
11,28114,-0.03886041045188904,,,
11,28119,-0.048514097929000854,,,
11,28124,-0.05322977527976036,,,
11,28129,-0.028531605377793312,,,
11,28134,-0.02666393108665943,,,
11,28139,-0.031233081594109535,,,
11,28144,-0.0371382012963295,,,
11,28149,-0.054257795214653015,,,
11,28154,-0.05264763534069061,,,
11,28159,-0.025637071579694748,,,
11,28164,-0.03017936274409294,,,
11,28169,-0.04994625970721245,,,
11,28174,-0.02709726244211197,,,
11,28179,-0.04768192023038864,,,
11,28184,-0.05838939547538757,,,
11,28189,-0.05110824108123779,,,
11,28194,-0.006805703975260258,,,
11,28199,-0.047419384121894836,,,
11,28204,-0.041750580072402954,,,
11,28209,-0.033068738877773285,,,
11,28214,-0.04341623932123184,,,
11,28219,-0.03189316391944885,,,
11,28224,-0.07070916891098022,,,
11,28229,-0.03771685063838959,,,
11,28234,-0.03235303983092308,,,
11,28239,-0.02962668612599373,,,
11,28244,-0.046977899968624115,,,
11,28249,-0.03605274856090546,,,
11,28254,-0.0487937293946743,,,
11,28259,-0.05271954834461212,,,
11,28264,-0.041539572179317474,,,
11,28269,-0.03435960039496422,,,
11,28274,-0.02893166057765484,,,
11,28279,-0.04013027250766754,,,
11,28284,-0.05111473798751831,,,
11,28289,-0.023058684542775154,,,
11,28294,-0.052027419209480286,,,
11,28299,-0.029092390090227127,,,
11,28304,-0.033681850880384445,,,
11,28309,-0.04318775236606598,,,
11,28314,-0.0453580766916275,,,
11,28319,-0.03291139006614685,,,
11,28324,-0.035822052508592606,,,
11,28329,-0.03569687157869339,,,
11,28334,-0.05943862348794937,,,
11,28339,-0.0432514026761055,,,
11,28344,-0.019988637417554855,,,
11,28349,-0.0251483041793108,,,
11,28354,-0.044570885598659515,,,
11,28359,-0.046630945056676865,,,
11,28364,-0.04945911094546318,,,
11,28369,-0.06896020472049713,,,
11,28374,-0.045690298080444336,,,
11,28379,-0.06445447355508804,,,
11,28384,-0.0434785857796669,,,
11,28389,-0.0435778945684433,,,
11,28394,-0.035945042967796326,,,
11,28399,-0.04957999661564827,,,
11,28404,-0.05100857466459274,,,
11,28409,-0.05848086625337601,,,
11,28414,-0.033193983137607574,,,
11,28419,-0.0417356938123703,,,
11,28424,0.012936053797602654,,,
11,28429,-0.04555211216211319,,,
11,28434,-0.024659711867570877,,,
11,28439,-0.05052027851343155,,,
11,28444,-0.036262691020965576,,,
11,28449,-0.0658697634935379,,,
11,28454,-0.0498802550137043,,,
11,28459,-0.025798853486776352,,,
11,28464,-0.04695960879325867,,,
11,28469,-0.04636930301785469,,,
11,28474,-0.05129474774003029,,,
11,28479,-0.03136159107089043,,,
11,28484,-0.04571322724223137,,,
11,28489,-0.025108948349952698,,,
11,28494,-0.05954442173242569,,,
11,28499,-0.060943685472011566,,,
11,28504,-0.037736520171165466,,,
11,28509,-0.06052891165018082,,,
11,28514,-0.04135729745030403,,,
11,28519,-0.026793358847498894,,,
11,28524,-0.028583534061908722,,,
11,28529,-0.0427941158413887,,,
11,28534,-0.03418732434511185,,,
11,28539,-0.07383902370929718,,,
11,28544,-0.06076014041900635,,,
11,28549,-0.046728335320949554,,,
11,28554,-0.04686781391501427,,,
11,28559,-0.020692123100161552,,,
11,28564,-0.04889972507953644,,,
11,28569,-0.05223214253783226,,,
11,28574,-0.04063348099589348,,,
11,28579,-0.03021201491355896,,,
11,28584,-0.06535325199365616,,,
11,28589,-0.07056688517332077,,,
11,28594,-0.045057009905576706,,,
11,28599,-0.04406196251511574,,,
11,28604,-0.011160269379615784,,,
11,28609,-0.05044415220618248,,,
11,28614,-0.05164114385843277,,,
11,28619,-0.023303454741835594,,,
11,28624,-0.03741438686847687,,,
11,28629,-0.016011906787753105,,,
11,28634,-0.04577113687992096,,,
11,28639,-0.0014514103531837463,,,
11,28644,-0.004194633103907108,,,
11,28649,-0.0439206063747406,,,
11,28654,-0.048339731991291046,,,
11,28659,-0.03713547810912132,,,
11,28664,-0.05398150533437729,,,
11,28669,-0.052308108657598495,,,
11,28674,-0.031172335147857666,,,
11,28679,-0.02839140221476555,,,
11,28684,-0.05048491433262825,,,
11,28689,-0.05379685387015343,,,
11,28694,-0.023943260312080383,,,
11,28699,-0.045094482600688934,,,
11,28704,-0.04543211683630943,,,
11,28709,-0.040068335831165314,,,
11,28714,-0.04009194299578667,,,
11,28719,-0.04250797629356384,,,
11,28724,-0.02096872217953205,,,
11,28729,-0.03886933997273445,,,
11,28734,-0.05971783399581909,,,
11,28739,-0.037503745406866074,,,
11,28744,-0.06188707426190376,,,
11,28749,-0.05258405953645706,,,
11,28754,-0.04411817714571953,,,
11,28759,-0.05408075451850891,,,
11,28764,-0.056726571172475815,,,
11,28769,-0.03203872963786125,,,
11,28774,-0.04559217393398285,,,
11,28779,-0.027911338955163956,,,
11,28784,-0.030624795705080032,,,
11,28789,-0.05181434750556946,,,
11,28794,-0.06072121486067772,,,
11,28799,-0.05390806496143341,,,
11,28804,-0.026572417467832565,,,
11,28809,-0.04514026269316673,,,
11,28814,-0.054219432175159454,,,
11,28819,-0.04637414962053299,,,
11,28824,-0.03155072033405304,,,
11,28829,-0.054444678127765656,,,
11,28834,-0.0372898206114769,,,
11,28839,-0.039307206869125366,,,
11,28844,-0.05282844603061676,,,
11,28849,-0.056489843875169754,,,
11,28854,-0.03114253468811512,,,
11,28859,-0.05540367215871811,,,
11,28864,-0.042293597012758255,,,
11,28869,-0.053820136934518814,,,
11,28874,-0.04716309905052185,,,
11,28879,-0.03997166454792023,,,
11,28884,-0.045432209968566895,,,
11,28889,-0.010541731491684914,,,
11,28894,-0.019999971613287926,,,
11,28899,-0.045918259769678116,,,
11,28904,-0.020293593406677246,,,
11,28909,-0.04923824220895767,,,
11,28914,-0.04057619348168373,,,
11,28919,-0.045807767659425735,,,
11,28924,-0.03601944446563721,,,
11,28929,-0.05550885200500488,,,
11,28934,-0.014277693815529346,,,
11,28939,-0.067604199051857,,,
11,28944,-0.03450458124279976,,,
11,28949,-0.07305391132831573,,,
11,28954,-0.02819388173520565,,,
11,28959,-0.04809587821364403,,,
11,28964,-0.056102603673934937,,,
11,28969,-0.060621172189712524,,,
11,28974,-0.03692418336868286,,,
11,28979,-0.030173908919095993,,,
11,28984,-0.041233595460653305,,,
11,28989,-0.050487156957387924,,,
11,28994,-0.0554833859205246,,,
11,28999,-0.053333036601543427,,,
11,29004,-0.030007047578692436,,,
11,29009,-0.033150848001241684,,,
11,29014,-0.042396046221256256,,,
11,29019,-0.04296037554740906,,,
11,29024,-0.03625355288386345,,,
11,29029,-0.020472917705774307,,,
11,29034,-0.0648922324180603,,,
11,29039,-0.04548172652721405,,,
11,29044,-0.04251740127801895,,,
11,29049,-0.0585133396089077,,,
11,29054,-0.041158031672239304,,,
11,29059,-0.03542711213231087,,,
11,29064,-0.046763431280851364,,,
11,29069,-0.04646320268511772,,,
11,29074,-0.014629412442445755,,,
11,29079,-0.03214801847934723,,,
11,29084,-0.04027516767382622,,,
11,29089,-0.045619942247867584,,,
11,29094,-0.04506410285830498,,,
11,29099,-0.04037921130657196,,,
11,29104,-0.048444438725709915,,,
11,29109,-0.026675423607230186,,,
11,29114,-0.05973022058606148,,,
11,29119,-0.07063304632902145,,,
11,29124,-0.05530385673046112,,,
11,29129,-0.0486956350505352,,,
11,29134,-0.04471876844763756,,,
11,29139,-0.05458372086286545,,,
11,29144,-0.034907884895801544,,,
11,29149,-0.05305301025509834,,,
11,29154,-0.0507533885538578,,,
11,29159,-0.03639238327741623,,,
11,29164,-0.05440772324800491,,,
11,29169,-0.049047909677028656,,,
11,29174,-0.03642597794532776,,,
11,29179,-0.04702641814947128,,,
11,29184,-0.019249271601438522,,,
11,29189,-0.023227684199810028,,,
11,29194,-0.03379920497536659,,,
11,29199,-0.036309484392404556,,,
11,29204,-0.040911976248025894,,,
11,29209,-0.04300680011510849,,,
11,29214,-0.05217441916465759,,,
11,29219,-0.05486539751291275,,,
11,29224,-0.04344061017036438,,,
11,29229,-0.0541517548263073,,,
11,29234,-0.03665468096733093,,,
11,29239,-0.04885658994317055,,,
11,29244,-0.028677061200141907,,,
11,29249,-0.050839200615882874,,,
11,29254,-0.032299865037202835,,,
11,29259,-0.047574661672115326,,,
11,29264,-0.04264722764492035,,,
11,29269,-0.04480087012052536,,,
11,29274,-0.05745864659547806,,,
11,29279,-0.04738061875104904,,,
11,29284,-0.01457127183675766,,,
11,29289,-0.04155081883072853,,,
11,29294,-0.034256868064403534,,,
11,29299,-0.04667636752128601,,,
11,29304,-0.054020483046770096,,,
11,29309,-0.032222531735897064,,,
11,29314,-0.06329567730426788,,,
11,29319,-0.031306736171245575,,,
11,29324,-0.03446369245648384,,,
11,29329,-0.016857512295246124,,,
11,29334,-0.054626792669296265,,,
11,29339,-0.046657875180244446,,,
11,29344,-0.0426180437207222,,,
11,29349,-0.03830912336707115,,,
11,29354,-0.06341244280338287,,,
11,29359,-0.057802461087703705,,,
11,29364,-0.03226030617952347,,,
11,29369,-0.06179128587245941,,,
11,29374,-0.028063025325536728,,,
11,29379,-0.036619920283555984,,,
11,29384,-0.036695532500743866,,,
11,29389,-0.033439867198467255,,,
11,29394,-0.05228413641452789,,,
11,29399,-0.049705810844898224,,,
11,29404,-0.04971444979310036,,,
11,29409,-0.010764116421341896,,,
11,29414,-0.04044722765684128,,,
11,29419,-0.05654529854655266,,,
11,29424,-0.04334345832467079,,,
11,29429,-0.03907421976327896,,,
11,29434,-0.055439673364162445,,,
11,29439,-0.05089753866195679,,,
11,29444,-0.04573377966880798,,,
11,29449,-0.05177520588040352,,,
11,29454,-0.05773300677537918,,,
11,29459,-0.038779400289058685,,,
11,29464,-0.037084609270095825,,,
11,29469,-0.05355029180645943,,,
11,29474,-0.04146270826458931,,,
11,29479,-0.045650504529476166,,,
11,29484,-0.012900403700768948,,,
11,29489,-0.03516099229454994,,,
11,29494,-0.053757764399051666,,,
11,29499,-0.028271500021219254,,,
11,29504,-0.06373175978660583,,,
11,29509,-0.044473402202129364,,,
11,29514,-0.03687351942062378,,,
11,29519,-0.04576889052987099,,,
11,29524,-0.013268837705254555,,,
11,29529,-0.00751039432361722,,,
11,29534,-0.03788214549422264,,,
11,29539,-0.05164844170212746,,,
11,29544,-0.05474893003702164,,,
11,29549,-0.04887542128562927,,,
11,29554,-0.0417521670460701,,,
11,29559,-0.03889608755707741,,,
11,29564,-0.05699429288506508,,,
11,29569,-0.05476038157939911,,,
11,29574,-0.05485155060887337,,,
11,29579,-0.034531369805336,,,
11,29584,-0.05323886126279831,,,
11,29589,-0.057066407054662704,,,
11,29594,-0.052021436393260956,,,
11,29599,-0.04385378211736679,,,
11,29604,-0.03623918071389198,,,
11,29609,-0.020213181152939796,,,
11,29614,-0.04265657812356949,,,
11,29619,-0.046481747180223465,,,
11,29624,-0.025698699057102203,,,
11,29629,-0.05245458334684372,,,
11,29634,-0.043425217270851135,,,
11,29639,-0.017885655164718628,,,
11,29644,-0.0518563948571682,,,
11,29649,-0.046204738318920135,,,
11,29654,-0.055000271648168564,,,
11,29659,-0.05695055425167084,,,
11,29664,-0.05032845214009285,,,
11,29669,-0.05299656465649605,,,
11,29674,-0.05228566378355026,,,
11,29679,-0.05846162512898445,,,
11,29684,-0.0437450185418129,,,
11,29689,-0.04404238611459732,,,
11,29694,-0.05659335106611252,,,
11,29699,-0.06867410242557526,,,
11,29704,-0.01120737474411726,,,
11,29709,-0.0345950610935688,,,
11,29714,-0.016845770180225372,,,
11,29719,-0.030167231336236,,,
11,29724,-0.042227260768413544,,,
11,29729,-0.047105204313993454,,,
11,29734,-0.01525048352777958,,,
11,29739,-0.039005864411592484,,,
11,29744,-0.03553152456879616,,,
11,29749,-0.0340624675154686,,,
11,29754,-0.02832643687725067,,,
11,29759,-0.014911248348653316,,,
11,29764,-0.04446190223097801,,,
11,29769,-0.03152957931160927,,,
11,29774,-0.051907576620578766,,,
11,29779,-0.051570408046245575,,,
11,29784,-0.06351017951965332,,,
11,29789,-0.03724721446633339,,,
11,29794,-0.054652199149131775,,,
11,29799,-0.0346883200109005,,,
11,29804,-0.05186038836836815,,,
11,29809,-0.0252060629427433,,,
11,29814,-0.041433461010456085,,,
11,29819,-0.024417562410235405,,,
11,29824,-0.02896762080490589,,,
11,29829,-0.05553235113620758,,,
11,29834,-0.0541977733373642,,,
11,29839,-0.0415491908788681,,,
11,29844,-0.03614259138703346,,,
11,29849,-0.030364593490958214,,,
11,29854,-0.04218350350856781,,,
11,29859,-0.03058963268995285,,,
11,29864,-0.038614388555288315,,,
11,29869,-0.00642948504537344,,,
11,29874,0.0021887626498937607,,,
11,29879,-0.05862422287464142,,,
11,29884,-0.06750073283910751,,,
11,29889,-0.04050823301076889,,,
11,29894,-0.018310388550162315,,,
11,29899,-0.043350763618946075,,,
11,29904,-0.029614605009555817,,,
11,29909,-0.03847229853272438,,,
11,29914,-0.06945595145225525,,,
11,29919,-0.05082467198371887,,,
11,29924,-0.04889975115656853,,,
11,29929,-0.05689619854092598,,,
11,29934,-0.022624380886554718,,,
11,29939,-0.05003349483013153,,,
11,29944,-0.023237355053424835,,,
11,29949,-0.055343739688396454,,,
11,29954,-0.058474574238061905,,,
11,29959,-0.04038182273507118,,,
11,29964,-0.010865036398172379,,,
11,29969,-0.025390174239873886,,,
11,29974,-0.05720077455043793,,,
11,29979,-0.05773775279521942,,,
11,29984,-0.030333569273352623,,,
11,29989,-0.04684488847851753,,,
11,29994,-0.04938691481947899,,,
11,29999,-0.031044041737914085,,,
11,29999,,-0.031030498445034027,0.3208000063896179,0.6212890148162842
12,30004,-0.04085212200880051,,,
12,30009,-0.01961924508213997,,,
12,30014,-0.036570727825164795,,,
12,30019,-0.04858427494764328,,,
12,30024,-0.047237396240234375,,,
12,30029,-0.02272697351872921,,,
12,30034,-0.03586501255631447,,,
12,30039,-0.040681712329387665,,,
12,30044,-0.05589715391397476,,,
12,30049,-0.044823937118053436,,,
12,30054,-0.04107987508177757,,,
12,30059,-0.046929746866226196,,,
12,30064,-0.03957600146532059,,,
12,30069,-0.046642571687698364,,,
12,30074,-0.03648432344198227,,,
12,30079,-0.04043353348970413,,,
12,30084,-0.044031985104084015,,,
12,30089,-0.03507782518863678,,,
12,30094,-0.0544324666261673,,,
12,30099,-0.02800101600587368,,,
12,30104,-0.05240846797823906,,,
12,30109,-0.04451640695333481,,,
12,30114,-0.020231787115335464,,,
12,30119,-0.04921828955411911,,,
12,30124,-0.037945959717035294,,,
12,30129,-0.03154613822698593,,,
12,30134,-0.045332908630371094,,,
12,30139,-0.040057625621557236,,,
12,30144,-0.04942312091588974,,,
12,30149,-0.05126127228140831,,,
12,30154,-0.023532817140221596,,,
12,30159,-0.028328094631433487,,,
12,30164,-0.03760407865047455,,,
12,30169,-0.04998034983873367,,,
12,30174,-0.04586968570947647,,,
12,30179,-0.0630456954240799,,,
12,30184,-0.042041659355163574,,,
12,30189,-0.03186989948153496,,,
12,30194,-0.055064424872398376,,,
12,30199,-0.05183367431163788,,,
12,30204,-0.054094262421131134,,,
12,30209,-0.056404344737529755,,,
12,30214,-0.03764893114566803,,,
12,30219,-0.06997838616371155,,,
12,30224,-0.04085274040699005,,,
12,30229,-0.0518312081694603,,,
12,30234,-0.03406678885221481,,,
12,30239,-0.026201192289590836,,,
12,30244,-0.026795316487550735,,,
12,30249,-0.032452791929244995,,,
12,30254,-0.08053651452064514,,,
12,30259,-0.04812408611178398,,,
12,30264,-0.023663444444537163,,,
12,30269,-0.007156269159168005,,,
12,30274,-0.044354602694511414,,,
12,30279,-0.03856271132826805,,,
12,30284,-0.028545217588543892,,,
12,30289,-0.04551108554005623,,,
12,30294,-0.04829645901918411,,,
12,30299,-0.05732009559869766,,,
12,30304,-0.04304821789264679,,,
12,30309,-0.04752235487103462,,,
12,30314,-0.05727735161781311,,,
12,30319,-0.020280100405216217,,,
12,30324,-0.053988803178071976,,,
12,30329,-0.05389098823070526,,,
12,30334,-0.03240768238902092,,,
12,30339,-0.043272942304611206,,,
12,30344,-0.0412350669503212,,,
12,30349,-0.03820890560746193,,,
12,30354,-0.037378184497356415,,,
12,30359,-0.013318540528416634,,,
12,30364,-0.025201551616191864,,,
12,30369,-0.038297899067401886,,,
12,30374,-0.039323605597019196,,,
12,30379,-0.04221396893262863,,,
12,30384,-0.05464805290102959,,,
12,30389,-0.045316219329833984,,,
12,30394,-0.04613097012042999,,,
12,30399,-0.05400198698043823,,,
12,30404,-0.04044976457953453,,,
12,30409,-0.03021177649497986,,,
12,30414,-0.044496774673461914,,,
12,30419,-0.04559599608182907,,,
12,30424,-0.03535129502415657,,,
12,30429,-0.026788819581270218,,,
12,30434,-0.02217240259051323,,,
12,30439,-0.06064430624246597,,,
12,30444,-0.04849133640527725,,,
12,30449,-0.06052960082888603,,,
12,30454,-0.05715955048799515,,,
12,30459,-0.05039265379309654,,,
12,30464,-0.03954461216926575,,,
12,30469,-0.03493678197264671,,,
12,30474,-0.04809299856424332,,,
12,30479,-0.03450746089220047,,,
12,30484,-0.05549011752009392,,,
12,30489,-0.028978567570447922,,,
12,30494,-0.04158814251422882,,,
12,30499,-0.025390062481164932,,,
12,30504,-0.04800962284207344,,,
12,30509,-0.019006501883268356,,,
12,30514,-0.06368745863437653,,,
12,30519,-0.04521654546260834,,,
12,30524,-0.06723285466432571,,,
12,30529,-0.0338478647172451,,,
12,30534,-0.05509533733129501,,,
12,30539,-0.025601554661989212,,,
12,30544,-0.0506434291601181,,,
12,30549,-0.05539143830537796,,,
12,30554,-0.039765696972608566,,,
12,30559,-0.04791632294654846,,,
12,30564,-0.05024581775069237,,,
12,30569,-0.025363517925143242,,,
12,30574,-0.047021880745887756,,,
12,30579,-0.06488890945911407,,,
12,30584,-0.041368354111909866,,,
12,30589,-0.04119789972901344,,,
12,30594,-0.03691708669066429,,,
12,30599,-0.025993432849645615,,,
12,30604,-0.05076659470796585,,,
12,30609,-0.03841816261410713,,,
12,30614,-0.06158067286014557,,,
12,30619,-0.054014962166547775,,,
12,30624,-0.05348696932196617,,,
12,30629,-0.040118031203746796,,,
12,30634,-0.040061112493276596,,,
12,30639,-0.026036245748400688,,,
12,30644,-0.06345608085393906,,,
12,30649,-0.05221441388130188,,,
12,30654,-0.04818957671523094,,,
12,30659,-0.045257534831762314,,,
12,30664,-0.041549425572156906,,,
12,30669,-0.035885632038116455,,,
12,30674,-0.028233429417014122,,,
12,30679,-0.054882802069187164,,,
12,30684,-0.06288735568523407,,,
12,30689,-0.040552541613578796,,,
12,30694,-0.056491024792194366,,,
12,30699,-0.03261025249958038,,,
12,30704,-0.06262511014938354,,,
12,30709,-0.04225442558526993,,,
12,30714,-0.05234687030315399,,,
12,30719,-0.046337585896253586,,,
12,30724,-0.042124193161726,,,
12,30729,-0.05176208168268204,,,
12,30734,-0.0485781766474247,,,
12,30739,-0.03724190592765808,,,
12,30744,-0.03309434652328491,,,
12,30749,-0.04042448475956917,,,
12,30754,-0.03881073743104935,,,
12,30759,-0.020027142018079758,,,
12,30764,-0.060910627245903015,,,
12,30769,-0.0478329099714756,,,
12,30774,-0.040989238768815994,,,
12,30779,-0.04552561789751053,,,
12,30784,-0.029999688267707825,,,
12,30789,-0.05227228254079819,,,
12,30794,-0.04553122818470001,,,
12,30799,-0.027104787528514862,,,
12,30804,-0.03816252574324608,,,
12,30809,-0.018811173737049103,,,
12,30814,-0.04100869223475456,,,
12,30819,-0.04107663035392761,,,
12,30824,-0.0486149936914444,,,
12,30829,-0.04502353072166443,,,
12,30834,-0.04009981453418732,,,
12,30839,-0.04116944223642349,,,
12,30844,-0.011363684199750423,,,
12,30849,-0.0408470518887043,,,
12,30854,-0.034216947853565216,,,
12,30859,-0.06434645503759384,,,
12,30864,-0.048414867371320724,,,
12,30869,-0.056385643780231476,,,
12,30874,-0.07134541869163513,,,
12,30879,-0.045485205948352814,,,
12,30884,-0.04721519351005554,,,
12,30889,-0.04393739998340607,,,
12,30894,-0.04659515619277954,,,
12,30899,-0.024201516062021255,,,
12,30904,-0.04223659262061119,,,
12,30909,-0.02973540686070919,,,
12,30914,-0.04782237857580185,,,
12,30919,-0.05338279902935028,,,
12,30924,-0.05261377617716789,,,
12,30929,-0.04081195965409279,,,
12,30934,-0.053925950080156326,,,
12,30939,-0.021955158561468124,,,
12,30944,-0.045464228838682175,,,
12,30949,-0.039983075112104416,,,
12,30954,-0.05405322462320328,,,
12,30959,-0.04319418966770172,,,
12,30964,-0.04033192992210388,,,
12,30969,-0.05713749676942825,,,
12,30974,-0.052964020520448685,,,
12,30979,-0.044764213263988495,,,
12,30984,-0.04755605012178421,,,
12,30989,-0.03276848793029785,,,
12,30994,-0.020463697612285614,,,
12,30999,-0.021324973553419113,,,
12,31004,-0.057333044707775116,,,
12,31009,-0.03104325383901596,,,
12,31014,-0.05923117697238922,,,
12,31019,-0.047854844480752945,,,
12,31024,-0.04972431808710098,,,
12,31029,-0.04989077150821686,,,
12,31034,-0.04142388701438904,,,
12,31039,-0.03459157049655914,,,
12,31044,-0.04128608480095863,,,
12,31049,-0.050762780010700226,,,
12,31054,-0.04042286425828934,,,
12,31059,-0.0380026251077652,,,
12,31064,-0.05911736935377121,,,
12,31069,-0.048905130475759506,,,
12,31074,-0.025624990463256836,,,
12,31079,-0.020540751516819,,,
12,31084,-0.027628406882286072,,,
12,31089,-0.04689835011959076,,,
12,31094,-0.022301001474261284,,,
12,31099,-0.04657863825559616,,,
12,31104,-0.05216573551297188,,,
12,31109,-0.030441435053944588,,,
12,31114,-0.04459502547979355,,,
12,31119,-0.04397253319621086,,,
12,31124,-0.04458753019571304,,,
12,31129,-0.025572219863533974,,,
12,31134,-0.04171944409608841,,,
12,31139,-0.02384827844798565,,,
12,31144,-0.04616737738251686,,,
12,31149,-0.05250205472111702,,,
12,31154,-0.04910745844244957,,,
12,31159,-0.03631984442472458,,,
12,31164,-0.033857524394989014,,,
12,31169,-0.07601913809776306,,,
12,31174,-0.03913944214582443,,,
12,31179,-0.04045789688825607,,,
12,31184,-0.011973758228123188,,,
12,31189,-0.05980260670185089,,,
12,31194,-0.03879208117723465,,,
12,31199,-0.027099259197711945,,,
12,31204,-0.04580856114625931,,,
12,31209,-0.04288824647665024,,,
12,31214,-0.02982226386666298,,,
12,31219,-0.044961147010326385,,,
12,31224,-0.04218849539756775,,,
12,31229,-0.03951455280184746,,,
12,31234,-0.06409303843975067,,,
12,31239,-0.05810300260782242,,,
12,31244,-0.053705450147390366,,,
12,31249,-0.03172753006219864,,,
12,31254,-0.037159208208322525,,,
12,31259,-0.05027102306485176,,,
12,31264,-0.040057312697172165,,,
12,31269,-0.04649648815393448,,,
12,31274,-0.03169336915016174,,,
12,31279,-0.06246870756149292,,,
12,31284,-0.04956978186964989,,,
12,31289,-0.041961461305618286,,,
12,31294,-0.019222628325223923,,,
12,31299,-0.03536577522754669,,,
12,31304,-0.04755184426903725,,,
12,31309,-0.032198913395404816,,,
12,31314,-0.021560832858085632,,,
12,31319,-0.03810824453830719,,,
12,31324,-0.045433223247528076,,,
12,31329,-0.030426230281591415,,,
12,31334,-0.04854436218738556,,,
12,31339,-0.043765343725681305,,,
12,31344,-0.05792059749364853,,,
12,31349,-0.057306550443172455,,,
12,31354,-0.051811583340168,,,
12,31359,-0.05441794544458389,,,
12,31364,-0.02192540466785431,,,
12,31369,-0.0348878912627697,,,
12,31374,-0.0508783757686615,,,
12,31379,-0.04554055258631706,,,
12,31384,-0.0368996225297451,,,
12,31389,-0.05983385443687439,,,
12,31394,-0.022721003741025925,,,
12,31399,-0.06224590912461281,,,
12,31404,-0.032607920467853546,,,
12,31409,-0.06090693548321724,,,
12,31414,-0.02918851003050804,,,
12,31419,-0.028434213250875473,,,
12,31424,-0.061010874807834625,,,
12,31429,-0.04509596526622772,,,
12,31434,-0.05174350365996361,,,
12,31439,-0.04911626875400543,,,
12,31444,-0.053511641919612885,,,
12,31449,-0.02298789471387863,,,
12,31454,-0.029641347005963326,,,
12,31459,-0.027222931385040283,,,
12,31464,-0.0547335222363472,,,
12,31469,-0.04381547123193741,,,
12,31474,-0.014783371239900589,,,
12,31479,-0.026068104431033134,,,
12,31484,-0.058073148131370544,,,
12,31489,-0.057359494268894196,,,
12,31494,-0.022727707400918007,,,
12,31499,-0.03869745507836342,,,
12,31504,-0.04673975333571434,,,
12,31509,-0.05596969276666641,,,
12,31514,-0.052439406514167786,,,
12,31519,-0.038075581192970276,,,
12,31524,-0.02786860242486,,,
12,31529,-0.031054217368364334,,,
12,31534,-0.05576009303331375,,,
12,31539,-0.04771203547716141,,,
12,31544,-0.023016199469566345,,,
12,31549,-0.04892933368682861,,,
12,31554,-0.04198828712105751,,,
12,31559,-0.05228859931230545,,,
12,31564,-0.04817888140678406,,,
12,31569,-0.04829288646578789,,,
12,31574,-0.04920777678489685,,,
12,31579,-0.03385445475578308,,,
12,31584,-0.03730318322777748,,,
12,31589,-0.04737287014722824,,,
12,31594,-0.031536225229501724,,,
12,31599,-0.01932949386537075,,,
12,31604,-0.043295968323946,,,
12,31609,-0.050198301672935486,,,
12,31614,-0.050231799483299255,,,
12,31619,-0.06391873210668564,,,
12,31624,-0.02238595113158226,,,
12,31629,-0.036366015672683716,,,
12,31634,-0.03891955316066742,,,
12,31639,-0.051820699125528336,,,
12,31644,-0.04419562965631485,,,
12,31649,-0.04081343859434128,,,
12,31654,-0.03499719873070717,,,
12,31659,-0.03956557810306549,,,
12,31664,-0.05964817479252815,,,
12,31669,-0.011905724182724953,,,
12,31674,-0.04050237312912941,,,
12,31679,-0.044117964804172516,,,
12,31684,-0.04219173640012741,,,
12,31689,-0.05898073688149452,,,
12,31694,-0.055852193385362625,,,
12,31699,-0.0469619557261467,,,
12,31704,-0.02651623636484146,,,
12,31709,-0.05288675054907799,,,
12,31714,-0.04556181654334068,,,
12,31719,-0.032814908772706985,,,
12,31724,-0.05992047116160393,,,
12,31729,-0.03191160410642624,,,
12,31734,-0.010338165797293186,,,
12,31739,-0.041074275970458984,,,
12,31744,-0.04344778135418892,,,
12,31749,-0.05328844487667084,,,
12,31754,-0.06680591404438019,,,
12,31759,-0.05846148729324341,,,
12,31764,-0.03640051931142807,,,
12,31769,-0.028615519404411316,,,
12,31774,-0.042407192289829254,,,
12,31779,-0.06157895550131798,,,
12,31784,-0.04464045912027359,,,
12,31789,-0.05644960328936577,,,
12,31794,-0.055039308965206146,,,
12,31799,-0.03128107637166977,,,
12,31804,-0.05249543488025665,,,
12,31809,-0.03857344016432762,,,
12,31814,-0.039028361439704895,,,
12,31819,-0.03397299349308014,,,
12,31824,-0.055748384445905685,,,
12,31829,-0.042850151658058167,,,
12,31834,-0.03539995849132538,,,
12,31839,-0.044885892421007156,,,
12,31844,-0.054737623780965805,,,
12,31849,-0.03578532114624977,,,
12,31854,-0.04437483847141266,,,
12,31859,-0.04211518168449402,,,
12,31864,-0.039632659405469894,,,
12,31869,-0.051088109612464905,,,
12,31874,-0.06070137396454811,,,
12,31879,-0.04038325697183609,,,
12,31884,-0.04749790579080582,,,
12,31889,-0.03409741073846817,,,
12,31894,-0.04510284215211868,,,
12,31899,-0.0424647331237793,,,
12,31904,-0.03822370618581772,,,
12,31909,-0.04425429552793503,,,
12,31914,-0.030857330188155174,,,
12,31919,-0.024483412504196167,,,
12,31924,-0.034536488354206085,,,
12,31929,-0.050395481288433075,,,
12,31934,-0.05365373566746712,,,
12,31939,-0.03861811384558678,,,
12,31944,-0.04738285392522812,,,
12,31949,-0.03102235123515129,,,
12,31954,-0.03005037270486355,,,
12,31959,-0.05662374198436737,,,
12,31964,-0.05839664489030838,,,
12,31969,-0.03866930678486824,,,
12,31974,-0.04077155515551567,,,
12,31979,-0.040537476539611816,,,
12,31984,-0.054590389132499695,,,
12,31989,-0.06357921659946442,,,
12,31994,-0.054052382707595825,,,
12,31999,-0.019622772932052612,,,
12,32004,-0.042744942009449005,,,
12,32009,-0.041520409286022186,,,
12,32014,-0.03551582619547844,,,
12,32019,-0.03235004097223282,,,
12,32024,-0.008432822301983833,,,
12,32029,-0.032129980623722076,,,
12,32034,-0.03499886766076088,,,
12,32039,-0.0228583924472332,,,
12,32044,-0.044090427458286285,,,
12,32049,-0.04689062386751175,,,
12,32054,-0.04539608210325241,,,
12,32059,-0.060945238918066025,,,
12,32064,-0.03653198108077049,,,
12,32069,-0.056779004633426666,,,
12,32074,-0.042412929236888885,,,
12,32079,-0.0496009923517704,,,
12,32084,-0.05154605209827423,,,
12,32089,-0.02708248421549797,,,
12,32094,-0.05406869202852249,,,
12,32099,-0.04477030038833618,,,
12,32104,-0.05521721392869949,,,
12,32109,-0.03390879929065704,,,
12,32114,-0.03569488599896431,,,
12,32119,-0.0399848073720932,,,
12,32124,-0.044518522918224335,,,
12,32129,-0.052281446754932404,,,
12,32134,-0.04799852520227432,,,
12,32139,-0.0463571697473526,,,
12,32144,-0.0452100895345211,,,
12,32149,-0.031010063365101814,,,
12,32154,-0.008189820684492588,,,
12,32159,-0.05227497220039368,,,
12,32164,-0.04893236979842186,,,
12,32169,-0.038437679409980774,,,
12,32174,-0.028014719486236572,,,
12,32179,-0.010104206390678883,,,
12,32184,-0.058309562504291534,,,
12,32189,-0.04661765322089195,,,
12,32194,-0.04618150740861893,,,
12,32199,-0.04969795420765877,,,
12,32204,-0.03210100159049034,,,
12,32209,-0.06782637536525726,,,
12,32214,-0.058433786034584045,,,
12,32219,-0.042358092963695526,,,
12,32224,-0.03716909885406494,,,
12,32229,-0.028469417244195938,,,
12,32234,-0.012801866047084332,,,
12,32239,-0.05014192685484886,,,
12,32244,-0.03315620496869087,,,
12,32249,-0.05087137967348099,,,
12,32254,-0.041671112179756165,,,
12,32259,-0.06381203979253769,,,
12,32264,-0.05444952845573425,,,
12,32269,-0.038328465074300766,,,
12,32274,-0.04020785540342331,,,
12,32279,-0.019051244482398033,,,
12,32284,-0.054987721145153046,,,
12,32289,-0.06609131395816803,,,
12,32294,-0.049311552196741104,,,
12,32299,-0.02389012649655342,,,
12,32304,-0.04100451245903969,,,
12,32309,-0.05162552371621132,,,
12,32314,-0.03538590669631958,,,
12,32319,-0.057155486196279526,,,
12,32324,-0.038614921271800995,,,
12,32329,-0.05632440000772476,,,
12,32334,-0.04180072247982025,,,
12,32339,-0.04895512014627457,,,
12,32344,-0.056792035698890686,,,
12,32349,-0.049225371330976486,,,
12,32354,-0.05540255829691887,,,
12,32359,-0.04238051921129227,,,
12,32364,-0.005618165247142315,,,
12,32369,-0.03735657408833504,,,
12,32374,-0.03783818334341049,,,
12,32379,-0.041512876749038696,,,
12,32384,-0.04773147404193878,,,
12,32389,-0.04017994552850723,,,
12,32394,-0.06588505953550339,,,
12,32399,-0.06152699515223503,,,
12,32404,-0.041909895837306976,,,
12,32409,-0.0240347757935524,,,
12,32414,-0.05800214409828186,,,
12,32419,-0.047594472765922546,,,
12,32424,-0.03582374006509781,,,
12,32429,-0.028530746698379517,,,
12,32434,0.004889035597443581,,,
12,32439,-0.04551786929368973,,,
12,32444,-0.039089057594537735,,,
12,32449,-0.03240004926919937,,,
12,32454,-0.05805065482854843,,,
12,32459,-0.06524960696697235,,,
12,32464,-0.03615451231598854,,,
12,32469,-0.06254959106445312,,,
12,32474,-0.03551953285932541,,,
12,32479,-0.0433383584022522,,,
12,32484,-0.054327987134456635,,,
12,32489,-0.034395840018987656,,,
12,32494,-0.03507459536194801,,,
12,32499,-0.03004544787108898,,,
12,32499,,-0.04211704432964325,0.3296000063419342,0.6299206614494324
13,32504,-0.04742685705423355,,,
13,32509,-0.049550287425518036,,,
13,32514,0.014612920582294464,,,
13,32519,-0.03689649701118469,,,
13,32524,-0.028714073821902275,,,
13,32529,-0.022779148072004318,,,
13,32534,-0.030945368111133575,,,
13,32539,-0.050107114017009735,,,
13,32544,-0.025262916460633278,,,
13,32549,-0.05506259202957153,,,
13,32554,-0.045714370906353,,,
13,32559,-0.009420884773135185,,,
13,32564,-0.04395298287272453,,,
13,32569,-0.05715091526508331,,,
13,32574,-0.036887235939502716,,,
13,32579,-0.03728047013282776,,,
13,32584,-0.05067654699087143,,,
13,32589,-0.06335894018411636,,,
13,32594,-0.032861433923244476,,,
13,32599,-0.04940856620669365,,,
13,32604,-0.049740687012672424,,,
13,32609,-0.04755838215351105,,,
13,32614,-0.052965886890888214,,,
13,32619,-0.05439719930291176,,,
13,32624,-0.04604007303714752,,,
13,32629,-0.040171802043914795,,,
13,32634,-0.03293198347091675,,,
13,32639,-0.042719073593616486,,,
13,32644,-0.03919828683137894,,,
13,32649,-0.03732140734791756,,,
13,32654,-0.04612653702497482,,,
13,32659,-0.04393422231078148,,,
13,32664,-0.020211048424243927,,,
13,32669,-0.03510994091629982,,,
13,32674,-0.05023784190416336,,,
13,32679,-0.019817272201180458,,,
13,32684,-0.02949311025440693,,,
13,32689,-0.037548311054706573,,,
13,32694,-0.05570080503821373,,,
13,32699,-0.06572873890399933,,,
13,32704,-0.05428633466362953,,,
13,32709,-0.042878441512584686,,,
13,32714,-0.037372950464487076,,,
13,32719,-0.033681225031614304,,,
13,32724,-0.02168511040508747,,,
13,32729,-0.020866036415100098,,,
13,32734,-0.05817379802465439,,,
13,32739,-0.04039269685745239,,,
13,32744,-0.058545131236314774,,,
13,32749,-0.049064457416534424,,,
13,32754,-0.04366811364889145,,,
13,32759,-0.017368260771036148,,,
13,32764,-0.03390910476446152,,,
13,32769,-0.023880211636424065,,,
13,32774,-0.04730521887540817,,,
13,32779,-0.045623406767845154,,,
13,32784,-0.049100637435913086,,,
13,32789,-0.02725471742451191,,,
13,32794,-0.03724529221653938,,,
13,32799,-0.02817712351679802,,,
13,32804,-0.037214092910289764,,,
13,32809,-0.042083773761987686,,,
13,32814,-0.05263523757457733,,,
13,32819,-0.04579436033964157,,,
13,32824,-0.019449597224593163,,,
13,32829,0.00581746269017458,,,
13,32834,0.009702845476567745,,,
13,32839,-0.03678128495812416,,,
13,32844,-0.05633459985256195,,,
13,32849,-0.06465394794940948,,,
13,32854,-0.04083765298128128,,,
13,32859,-0.02487040124833584,,,
13,32864,-0.061878737062215805,,,
13,32869,-0.04255974665284157,,,
13,32874,-0.04216909408569336,,,
13,32879,-0.0476301908493042,,,
13,32884,-0.028301643207669258,,,
13,32889,-0.038992829620838165,,,
13,32894,-0.021547066047787666,,,
13,32899,-0.001303175464272499,,,
13,32904,-0.04864072799682617,,,
13,32909,-0.045636944472789764,,,
13,32914,-0.038003645837306976,,,
13,32919,-0.030033860355615616,,,
13,32924,-0.05110220983624458,,,
13,32929,-0.05103865638375282,,,
13,32934,-0.06785714626312256,,,
13,32939,-0.05406513437628746,,,
13,32944,-0.017365220934152603,,,
13,32949,-0.06876625120639801,,,
13,32954,-0.050148800015449524,,,
13,32959,-0.022434990853071213,,,
13,32964,-0.04239489883184433,,,
13,32969,-0.02625376544892788,,,
13,32974,-0.04230527952313423,,,
13,32979,-0.03615881875157356,,,
13,32984,-0.053561583161354065,,,
13,32989,-0.05368518829345703,,,
13,32994,-0.05369923263788223,,,
13,32999,-0.04120146483182907,,,
13,33004,0.006735645700246096,,,
13,33009,-0.04288060963153839,,,
13,33014,-0.04930444061756134,,,
13,33019,-0.051378753036260605,,,
13,33024,-0.061420079320669174,,,
13,33029,-0.05000826716423035,,,
13,33034,-0.021657774224877357,,,
13,33039,-0.043136872351169586,,,
13,33044,-0.03944581001996994,,,
13,33049,-0.03212815150618553,,,
13,33054,-0.04451945424079895,,,
13,33059,-0.0708579272031784,,,
13,33064,-0.02946803718805313,,,
13,33069,-0.0488845631480217,,,
13,33074,-0.05394739657640457,,,
13,33079,-0.030123591423034668,,,
13,33084,-0.03965506702661514,,,
13,33089,-0.05368026718497276,,,
13,33094,-0.050217583775520325,,,
13,33099,-0.028793472796678543,,,
13,33104,-0.04701288044452667,,,
13,33109,-0.06481747329235077,,,
13,33114,-0.05136752873659134,,,
13,33119,-0.051906511187553406,,,
13,33124,-0.0234884861856699,,,
13,33129,-0.053470127284526825,,,
13,33134,-0.057342153042554855,,,
13,33139,-0.05767964571714401,,,
13,33144,-0.055317223072052,,,
13,33149,-0.016791198402643204,,,
13,33154,-0.04104482755064964,,,
13,33159,-0.06766223907470703,,,
13,33164,-0.007866851054131985,,,
13,33169,-0.06249912828207016,,,
13,33174,-0.049868665635585785,,,
13,33179,-0.03185080736875534,,,
13,33184,-0.05009609833359718,,,
13,33189,-0.06081392988562584,,,
13,33194,-0.03325991332530975,,,
13,33199,-0.045459143817424774,,,
13,33204,-0.01333776768296957,,,
13,33209,-0.0479951873421669,,,
13,33214,-0.04172699153423309,,,
13,33219,-0.03979368880391121,,,
13,33224,-0.06798317283391953,,,
13,33229,-0.03329688310623169,,,
13,33234,-0.010026341304183006,,,
13,33239,-0.05316593870520592,,,
13,33244,-0.026324287056922913,,,
13,33249,-0.04213038086891174,,,
13,33254,-0.048233143985271454,,,
13,33259,-0.051990658044815063,,,
13,33264,-0.04406706988811493,,,
13,33269,-0.019487202167510986,,,
13,33274,-0.028159677982330322,,,
13,33279,-0.03558177500963211,,,
13,33284,-0.04481085017323494,,,
13,33289,-0.033256400376558304,,,
13,33294,-0.044141415506601334,,,
13,33299,-0.03400380164384842,,,
13,33304,-0.04377204552292824,,,
13,33309,-0.051699742674827576,,,
13,33314,-0.012362894602119923,,,
13,33319,-0.04048766568303108,,,
13,33324,-0.05635993182659149,,,
13,33329,-0.04677656292915344,,,
13,33334,-0.01620909944176674,,,
13,33339,-0.027518093585968018,,,
13,33344,-0.06756564974784851,,,
13,33349,-0.07254080474376678,,,
13,33354,-0.04181449115276337,,,
13,33359,-0.03364881873130798,,,
13,33364,-0.032474953681230545,,,
13,33369,-0.050483137369155884,,,
13,33374,-0.051000744104385376,,,
13,33379,-0.03866661712527275,,,
13,33384,-0.03225077688694,,,
13,33389,-0.028622359037399292,,,
13,33394,-0.04587268829345703,,,
13,33399,-0.0486551895737648,,,
13,33404,-0.04355532303452492,,,
13,33409,-0.030945682898163795,,,
13,33414,-0.042375266551971436,,,
13,33419,-0.060759030282497406,,,
13,33424,-0.06844746321439743,,,
13,33429,-0.024033483117818832,,,
13,33434,-0.04736296832561493,,,
13,33439,-0.033719081431627274,,,
13,33444,-0.04469940811395645,,,
13,33449,-0.034127138555049896,,,
13,33454,-0.03333697095513344,,,
13,33459,-0.021841971203684807,,,
13,33464,-0.03682311624288559,,,
13,33469,-0.05263478681445122,,,
13,33474,-0.04740730673074722,,,
13,33479,-0.04323188215494156,,,
13,33484,-0.031227998435497284,,,
13,33489,-0.014384766109287739,,,
13,33494,-0.05285652354359627,,,
13,33499,-0.059467822313308716,,,
13,33504,-0.03938664495944977,,,
13,33509,-0.013068643398582935,,,
13,33514,-0.035258300602436066,,,
13,33519,-0.03738924115896225,,,
13,33524,-0.02613506279885769,,,
13,33529,-0.036433808505535126,,,
13,33534,-0.05033612996339798,,,
13,33539,-0.0443403422832489,,,
13,33544,-0.01904955506324768,,,
13,33549,-0.06123808026313782,,,
13,33554,-0.026406142860651016,,,
13,33559,-0.04363809525966644,,,
13,33564,-0.03568208962678909,,,
13,33569,-0.047712624073028564,,,
13,33574,-0.04958266764879227,,,
13,33579,-0.056707803159952164,,,
13,33584,-0.02346963621675968,,,
13,33589,-0.05756556987762451,,,
13,33594,-0.05437874048948288,,,
13,33599,-0.04756844416260719,,,
13,33604,-0.029447704553604126,,,
13,33609,-0.028259344398975372,,,
13,33614,-0.023297585546970367,,,
13,33619,-0.023831672966480255,,,
13,33624,-0.007250926457345486,,,
13,33629,-0.07321614027023315,,,
13,33634,-0.023910902440547943,,,
13,33639,-0.050522707402706146,,,
13,33644,-0.05533990263938904,,,
13,33649,-0.04064318910241127,,,
13,33654,-0.06430522352457047,,,
13,33659,-0.036417923867702484,,,
13,33664,-0.03747741878032684,,,
13,33669,-0.03978281468153,,,
13,33674,-0.037620022892951965,,,
13,33679,-0.05580325424671173,,,
13,33684,-0.051340457051992416,,,
13,33689,-0.03204189985990524,,,
13,33694,-0.0292449239641428,,,
13,33699,-0.05037521570920944,,,
13,33704,-0.04525650292634964,,,
13,33709,-0.050941094756126404,,,
13,33714,-0.04015916585922241,,,
13,33719,-0.05636166036128998,,,
13,33724,-0.05676770582795143,,,
13,33729,-0.05001039057970047,,,
13,33734,-0.05470246449112892,,,
13,33739,-0.04448458552360535,,,
13,33744,-0.012617365457117558,,,
13,33749,-0.04999013990163803,,,
13,33754,-0.04667758196592331,,,
13,33759,-0.0323701873421669,,,
13,33764,-0.05376214534044266,,,
13,33769,-0.008205568417906761,,,
13,33774,-0.0344938188791275,,,
13,33779,-0.0611962154507637,,,
13,33784,-0.03874552994966507,,,
13,33789,-0.013101707212626934,,,
13,33794,-0.016887912526726723,,,
13,33799,-0.031814467161893845,,,
13,33804,-0.03354519605636597,,,
13,33809,-0.04178887978196144,,,
13,33814,-0.036733951419591904,,,
13,33819,-0.0425727441906929,,,
13,33824,-0.05053437873721123,,,
13,33829,-0.06822135299444199,,,
13,33834,-0.0407552495598793,,,
13,33839,-0.03922927752137184,,,
13,33844,-0.04283634200692177,,,
13,33849,-0.05161372199654579,,,
13,33854,-0.04322430118918419,,,
13,33859,-0.0332544669508934,,,
13,33864,-0.041877392679452896,,,
13,33869,-0.037921033799648285,,,
13,33874,-0.03262585774064064,,,
13,33879,-0.054541055113077164,,,
13,33884,-0.05800143629312515,,,
13,33889,-0.045847006142139435,,,
13,33894,-0.04763779044151306,,,
13,33899,-0.048482511192560196,,,
13,33904,-0.019809283316135406,,,
13,33909,-0.029906729236245155,,,
13,33914,-0.026284826919436455,,,
13,33919,-0.03583411127328873,,,
13,33924,-0.042150288820266724,,,
13,33929,-0.028838573023676872,,,
13,33934,-0.03670802712440491,,,
13,33939,-0.050573013722896576,,,
13,33944,-0.05495953932404518,,,
13,33949,-0.047856178134679794,,,
13,33954,-0.047652993351221085,,,
13,33959,-0.0343715101480484,,,
13,33964,-0.04268265515565872,,,
13,33969,-0.04541178047657013,,,
13,33974,-0.04248874634504318,,,
13,33979,-0.029390927404165268,,,
13,33984,-0.04563073813915253,,,
13,33989,-0.04747484624385834,,,
13,33994,-0.04356168583035469,,,
13,33999,-0.030183807015419006,,,
13,34004,-0.04272884875535965,,,
13,34009,-0.037635523825883865,,,
13,34014,-0.05755986273288727,,,
13,34019,-0.0382862389087677,,,
13,34024,-0.044842857867479324,,,
13,34029,-0.039728909730911255,,,
13,34034,-0.03979051858186722,,,
13,34039,-0.011571119539439678,,,
13,34044,-0.045821115374565125,,,
13,34049,-0.05210210382938385,,,
13,34054,-0.054792553186416626,,,
13,34059,-0.06737792491912842,,,
13,34064,-0.0756673514842987,,,
13,34069,-0.031508706510066986,,,
13,34074,-0.023956511169672012,,,
13,34079,-0.052546627819538116,,,
13,34084,-0.04381300508975983,,,
13,34089,-0.04018788784742355,,,
13,34094,-0.057136908173561096,,,
13,34099,-0.04017261415719986,,,
13,34104,-0.05566955730319023,,,
13,34109,-0.04399663209915161,,,
13,34114,-0.04399535432457924,,,
13,34119,-0.04733627662062645,,,
13,34124,-0.05214303359389305,,,
13,34129,-0.034077517688274384,,,
13,34134,-0.04426230490207672,,,
13,34139,-0.03995975852012634,,,
13,34144,-0.041354041546583176,,,
13,34149,-0.05987067520618439,,,
13,34154,-0.036610208451747894,,,
13,34159,-0.035885632038116455,,,
13,34164,-0.05739519000053406,,,
13,34169,-0.0402044877409935,,,
13,34174,-0.03241805359721184,,,
13,34179,-0.04301193729043007,,,
13,34184,-0.06323687732219696,,,
13,34189,-0.061200447380542755,,,
13,34194,-0.042672622948884964,,,
13,34199,-0.035172343254089355,,,
13,34204,-0.041650377213954926,,,
13,34209,-0.02625766023993492,,,
13,34214,-0.053836360573768616,,,
13,34219,-0.06505360454320908,,,
13,34224,-0.0498385950922966,,,
13,34229,-0.04540340602397919,,,
13,34234,-0.01694459468126297,,,
13,34239,-0.03297748789191246,,,
13,34244,-0.06895554065704346,,,
13,34249,-0.05606253072619438,,,
13,34254,-0.04675640910863876,,,
13,34259,-0.05429913476109505,,,
13,34264,-0.05242867395281792,,,
13,34269,-0.04136074334383011,,,
13,34274,-0.024701880291104317,,,
13,34279,-0.04955954849720001,,,
13,34284,-0.037123844027519226,,,
13,34289,-0.046713024377822876,,,
13,34294,-0.04010623320937157,,,
13,34299,-0.051021985709667206,,,
13,34304,-0.04383218288421631,,,
13,34309,-0.05636320263147354,,,
13,34314,-0.07951010763645172,,,
13,34319,-0.061252083629369736,,,
13,34324,-0.04128463566303253,,,
13,34329,-0.04038677364587784,,,
13,34334,-0.04849809780716896,,,
13,34339,-0.04823162406682968,,,
13,34344,-0.04271436110138893,,,
13,34349,-0.05420595407485962,,,
13,34354,-0.05434754490852356,,,
13,34359,-0.04129154607653618,,,
13,34364,-0.041929423809051514,,,
13,34369,-0.018570080399513245,,,
13,34374,-0.04356401041150093,,,
13,34379,-0.04314354807138443,,,
13,34384,-0.047249868512153625,,,
13,34389,-0.036979272961616516,,,
13,34394,-0.036790091544389725,,,
13,34399,-0.06144127622246742,,,
13,34404,-0.036731231957674026,,,
13,34409,-0.0359765850007534,,,
13,34414,-0.058941926807165146,,,
13,34419,-0.06428582966327667,,,
13,34424,-0.044908590614795685,,,
13,34429,-0.02663286402821541,,,
13,34434,-0.043590761721134186,,,
13,34439,-0.04948854446411133,,,
13,34444,-0.015160521492362022,,,
13,34449,-0.0346217155456543,,,
13,34454,-0.0373929999768734,,,
13,34459,-0.05665121227502823,,,
13,34464,-0.07351647317409515,,,
13,34469,-0.034099169075489044,,,
13,34474,-0.051277898252010345,,,
13,34479,-0.055007077753543854,,,
13,34484,-0.03767566755414009,,,
13,34489,-0.023375973105430603,,,
13,34494,-0.028446616604924202,,,
13,34499,-0.06527775526046753,,,
13,34504,-0.01293225958943367,,,
13,34509,-0.03902193531394005,,,
13,34514,-0.04924127459526062,,,
13,34519,-0.039544109255075455,,,
13,34524,-0.050617702305316925,,,
13,34529,-0.052574001252651215,,,
13,34534,-0.04875960573554039,,,
13,34539,-0.023311108350753784,,,
13,34544,-0.05087690427899361,,,
13,34549,-0.035882990807294846,,,
13,34554,-0.02649877592921257,,,
13,34559,-0.010429998859763145,,,
13,34564,-0.008564951829612255,,,
13,34569,-0.01743743196129799,,,
13,34574,-0.03859666734933853,,,
13,34579,-0.07135335355997086,,,
13,34584,-0.05607585608959198,,,
13,34589,-0.023242264986038208,,,
13,34594,-0.0583362802863121,,,
13,34599,-0.014352180063724518,,,
13,34604,-0.04092312231659889,,,
13,34609,-0.04737336188554764,,,
13,34614,-0.021770838648080826,,,
13,34619,-0.04895695298910141,,,
13,34624,-0.04429331049323082,,,
13,34629,-0.03148641809821129,,,
13,34634,-0.033958349376916885,,,
13,34639,-0.022162875160574913,,,
13,34644,-0.05991978943347931,,,
13,34649,-0.023743612691760063,,,
13,34654,-0.04572433605790138,,,
13,34659,-0.053667694330215454,,,
13,34664,-0.021454378962516785,,,
13,34669,-0.03788182884454727,,,
13,34674,-0.07096385955810547,,,
13,34679,-0.030900564044713974,,,
13,34684,-0.06641281396150589,,,
13,34689,-0.027434781193733215,,,
13,34694,-0.04819316044449806,,,
13,34699,-0.013984940946102142,,,
13,34704,-0.0667717233300209,,,
13,34709,-0.05740348994731903,,,
13,34714,-0.04999750852584839,,,
13,34719,-0.03726428747177124,,,
13,34724,-0.004879319574683905,,,
13,34729,-0.02727583795785904,,,
13,34734,-0.03220432996749878,,,
13,34739,-0.044520169496536255,,,
13,34744,-0.025398943573236465,,,
13,34749,-0.024586575105786324,,,
13,34754,-0.04565073177218437,,,
13,34759,-0.03514453396201134,,,
13,34764,-0.04644457995891571,,,
13,34769,-0.0397958979010582,,,
13,34774,-0.052063435316085815,,,
13,34779,-0.04249202832579613,,,
13,34784,-0.044656477868556976,,,
13,34789,-0.03879556059837341,,,
13,34794,-0.05453112721443176,,,
13,34799,-0.036984510719776154,,,
13,34804,-0.01898333430290222,,,
13,34809,0.012519922107458115,,,
13,34814,-0.051418453454971313,,,
13,34819,-0.019465245306491852,,,
13,34824,0.013651873916387558,,,
13,34829,-0.041509512811899185,,,
13,34834,-0.04892886430025101,,,
13,34839,-0.038558658212423325,,,
13,34844,-0.02942681312561035,,,
13,34849,-0.04346482455730438,,,
13,34854,-0.06925839185714722,,,
13,34859,-0.03617570921778679,,,
13,34864,0.04898294433951378,,,
13,34869,-0.0594453439116478,,,
13,34874,-0.051658645272254944,,,
13,34879,-0.04773060232400894,,,
13,34884,-0.047850318253040314,,,
13,34889,-0.03633567690849304,,,
13,34894,-0.045541759580373764,,,
13,34899,-0.0383620522916317,,,
13,34904,-0.0506293848156929,,,
13,34909,-0.055714040994644165,,,
13,34914,-0.05640566349029541,,,
13,34919,-0.054756566882133484,,,
13,34924,-0.05614530295133591,,,
13,34929,-0.02862231805920601,,,
13,34934,-0.051224302500486374,,,
13,34939,-0.014750899747014046,,,
13,34944,-0.03785121813416481,,,
13,34949,-0.04706709086894989,,,
13,34954,-0.0367160402238369,,,
13,34959,-0.03718701750040054,,,
13,34964,-0.0531444177031517,,,
13,34969,-0.048575785011053085,,,
13,34974,-0.029590632766485214,,,
13,34979,-0.036122724413871765,,,
13,34984,-0.03558746352791786,,,
13,34989,-0.06554670631885529,,,
13,34994,-0.02605571039021015,,,
13,34999,-0.010706810280680656,,,
13,34999,,-0.03881494700908661,0.31520000100135803,0.6113918423652649
14,35004,-0.05266300588846207,,,
14,35009,-0.043635666370391846,,,
14,35014,-0.06289704889059067,,,
14,35019,-0.05880964547395706,,,
14,35024,-0.03572917729616165,,,
14,35029,-0.026363231241703033,,,
14,35034,-0.048735152930021286,,,
14,35039,-0.049542687833309174,,,
14,35044,-0.038199909031391144,,,
14,35049,-0.06085485219955444,,,
14,35054,-0.045263566076755524,,,
14,35059,0.004917701706290245,,,
14,35064,-0.04401254653930664,,,
14,35069,-0.035429030656814575,,,
14,35074,-0.04081474244594574,,,
14,35079,-0.04331887140870094,,,
14,35084,-0.03970159590244293,,,
14,35089,-0.04382442682981491,,,
14,35094,-0.054352760314941406,,,
14,35099,-0.033839598298072815,,,
14,35104,-0.04021251201629639,,,
14,35109,-0.022532038390636444,,,
14,35114,-0.06304386258125305,,,
14,35119,-0.024662403389811516,,,
14,35124,-0.038433343172073364,,,
14,35129,-0.05745398998260498,,,
14,35134,-0.03717712312936783,,,
14,35139,-0.024471400305628777,,,
14,35144,-0.04850009083747864,,,
14,35149,-0.04827701300382614,,,
14,35154,-0.05026264488697052,,,
14,35159,-0.054159075021743774,,,
14,35164,-0.03154342994093895,,,
14,35169,-0.03170190006494522,,,
14,35174,-0.014385422691702843,,,
14,35179,-0.030647894367575645,,,
14,35184,-0.05099093168973923,,,
14,35189,-0.05419871211051941,,,
14,35194,-0.0472995787858963,,,
14,35199,-0.03798023611307144,,,
14,35204,-0.03406624495983124,,,
14,35209,-0.04138413444161415,,,
14,35214,-0.04740000143647194,,,
14,35219,-0.04237831383943558,,,
14,35224,-0.03529989719390869,,,
14,35229,-0.05583259463310242,,,
14,35234,-0.0370621532201767,,,
14,35239,-0.008096061646938324,,,
14,35244,-0.046702124178409576,,,
14,35249,-0.04233638942241669,,,
14,35254,-0.04753614962100983,,,
14,35259,-0.04452657699584961,,,
14,35264,-0.05098605155944824,,,
14,35269,-0.05204647034406662,,,
14,35274,-0.031664445996284485,,,
14,35279,-0.04178673028945923,,,
14,35284,-0.039938099682331085,,,
14,35289,-0.048422347754240036,,,
14,35294,-0.02518283575773239,,,
14,35299,-0.03706210106611252,,,
14,35304,-0.036474622786045074,,,
14,35309,-0.05429340898990631,,,
14,35314,-0.0344737283885479,,,
14,35319,-0.042312804609537125,,,
14,35324,-0.04783704876899719,,,
14,35329,-0.043272994458675385,,,
14,35334,-0.03132474049925804,,,
14,35339,-0.037359535694122314,,,
14,35344,-0.04171035438776016,,,
14,35349,-0.047010861337184906,,,
14,35354,-0.03846350312232971,,,
14,35359,-0.05011066049337387,,,
14,35364,-0.050072282552719116,,,
14,35369,-0.036504704505205154,,,
14,35374,-0.05199170112609863,,,
14,35379,-0.04149356484413147,,,
14,35384,-0.048052869737148285,,,
14,35389,-0.05428055673837662,,,
14,35394,-0.05246230959892273,,,
14,35399,-0.04818706959486008,,,
14,35404,-0.02005152404308319,,,
14,35409,-0.03534150868654251,,,
14,35414,-0.03999653086066246,,,
14,35419,-0.04633219540119171,,,
14,35424,-0.009400870651006699,,,
14,35429,-0.05435309559106827,,,
14,35434,-0.03846472129225731,,,
14,35439,-0.041264720261096954,,,
14,35444,-0.05305926874279976,,,
14,35449,-0.05316483601927757,,,
14,35454,-0.04164750874042511,,,
14,35459,-0.05036184564232826,,,
14,35464,-0.027685482054948807,,,
14,35469,-0.0476762019097805,,,
14,35474,-0.01855279691517353,,,
14,35479,-0.05268758535385132,,,
14,35484,-0.02556801773607731,,,
14,35489,-0.030107159167528152,,,
14,35494,-0.049116894602775574,,,
14,35499,-0.027523508295416832,,,
14,35504,-0.03988061100244522,,,
14,35509,-0.04142569750547409,,,
14,35514,-0.05158684030175209,,,
14,35519,-0.029764140024781227,,,
14,35524,-0.05215249955654144,,,
14,35529,-0.04588727653026581,,,
14,35534,-0.023427803069353104,,,
14,35539,-0.037452422082424164,,,
14,35544,-0.05820024758577347,,,
14,35549,-0.03399650752544403,,,
14,35554,-0.01579669862985611,,,
14,35559,-0.044530536979436874,,,
14,35564,-0.03293997049331665,,,
14,35569,-0.04417676106095314,,,
14,35574,-0.04215360805392265,,,
14,35579,-0.04984300956130028,,,
14,35584,-0.0382671132683754,,,
14,35589,-0.033611781895160675,,,
14,35594,-0.034203480929136276,,,
14,35599,-0.04268902912735939,,,
14,35604,-0.020499814301729202,,,
14,35609,-0.02557384967803955,,,
14,35614,-0.03654839098453522,,,
14,35619,-0.05971985682845116,,,
14,35624,-0.048953067511320114,,,
14,35629,-0.06533978879451752,,,
14,35634,-0.04133579134941101,,,
14,35639,-0.026118401437997818,,,
14,35644,-0.04117024317383766,,,
14,35649,-0.05159875005483627,,,
14,35654,-0.026449112221598625,,,
14,35659,-0.05298874154686928,,,
14,35664,-0.037582725286483765,,,
14,35669,-0.03040323220193386,,,
14,35674,-0.024312317371368408,,,
14,35679,-0.03483745455741882,,,
14,35684,-0.042388688772916794,,,
14,35689,-0.06422020494937897,,,
14,35694,-0.030030036345124245,,,
14,35699,-0.03838689997792244,,,
14,35704,-0.028475839644670486,,,
14,35709,-0.0409705713391304,,,
14,35714,-0.02816503494977951,,,
14,35719,-0.0371532067656517,,,
14,35724,-0.04737330973148346,,,
14,35729,-0.03530244529247284,,,
14,35734,-0.02887275069952011,,,
14,35739,-0.03801676630973816,,,
14,35744,-0.03900563344359398,,,
14,35749,-0.056449227035045624,,,
14,35754,-0.037547528743743896,,,
14,35759,-0.038949042558670044,,,
14,35764,-0.06390254199504852,,,
14,35769,-0.0380430668592453,,,
14,35774,-0.05016182363033295,,,
14,35779,-0.026781491935253143,,,
14,35784,-0.0285481046885252,,,
14,35789,-0.04215724393725395,,,
14,35794,-0.03174268454313278,,,
14,35799,-0.012789808213710785,,,
14,35804,-0.039207637310028076,,,
14,35809,-0.04955723509192467,,,
14,35814,-0.05350423604249954,,,
14,35819,-0.06522974371910095,,,
14,35824,-0.04485994577407837,,,
14,35829,-0.03128404542803764,,,
14,35834,-0.05184242129325867,,,
14,35839,-0.0570303238928318,,,
14,35844,-0.045812856405973434,,,
14,35849,-0.00846850499510765,,,
14,35854,-0.04547848552465439,,,
14,35859,-0.0416911281645298,,,
14,35864,-0.03915584087371826,,,
14,35869,-0.04149593040347099,,,
14,35874,-0.029702255502343178,,,
14,35879,-0.048243265599012375,,,
14,35884,-0.04403108358383179,,,
14,35889,-0.03128701448440552,,,
14,35894,-0.06219945102930069,,,
14,35899,-0.040781207382678986,,,
14,35904,-0.049819398671388626,,,
14,35909,-0.03710388019680977,,,
14,35914,-0.03825085610151291,,,
14,35919,-0.05340752750635147,,,
14,35924,-0.016798051074147224,,,
14,35929,-0.035007063299417496,,,
14,35934,-0.048673711717128754,,,
14,35939,-0.022517230361700058,,,
14,35944,-0.06055682525038719,,,
14,35949,-0.06098124384880066,,,
14,35954,-0.05116816237568855,,,
14,35959,-0.016836192458868027,,,
14,35964,-0.052099477499723434,,,
14,35969,-0.04870046675205231,,,
14,35974,-0.05548594892024994,,,
14,35979,-0.044178493320941925,,,
14,35984,-0.04541756212711334,,,
14,35989,-0.015585930086672306,,,
14,35994,-0.04298821836709976,,,
14,35999,-0.02962253987789154,,,
14,36004,-0.03778674453496933,,,
14,36009,-0.044951751828193665,,,
14,36014,-0.0397460013628006,,,
14,36019,-0.025218229740858078,,,
14,36024,-0.05145934224128723,,,
14,36029,-0.04681943356990814,,,
14,36034,-0.043979451060295105,,,
14,36039,-0.0320127010345459,,,
14,36044,-0.05360306054353714,,,
14,36049,-0.039558395743370056,,,
14,36054,-0.029102224856615067,,,
14,36059,-0.05239902064204216,,,
14,36064,-0.046815887093544006,,,
14,36069,-0.03332642465829849,,,
14,36074,-0.04042823240160942,,,
14,36079,-0.04282600060105324,,,
14,36084,-0.05816595256328583,,,
14,36089,-0.04811207950115204,,,
14,36094,-0.04046209156513214,,,
14,36099,-0.01124960370361805,,,
14,36104,-0.036009304225444794,,,
14,36109,-0.06115476414561272,,,
14,36114,-0.03467687964439392,,,
14,36119,-0.05641831457614899,,,
14,36124,-0.022828008979558945,,,
14,36129,-0.053533971309661865,,,
14,36134,-0.05129614472389221,,,
14,36139,-0.036934517323970795,,,
14,36144,-0.0264967679977417,,,
14,36149,-0.05291025713086128,,,
14,36154,-0.04845017194747925,,,
14,36159,-0.05083690956234932,,,
14,36164,-0.04768864065408707,,,
14,36169,-0.062439896166324615,,,
14,36174,-0.04587990790605545,,,
14,36179,-0.051587484776973724,,,
14,36184,-0.025287307798862457,,,
14,36189,-0.0349481999874115,,,
14,36194,-0.0365816131234169,,,
14,36199,-0.04547626152634621,,,
14,36204,-0.03449806571006775,,,
14,36209,-0.03199359029531479,,,
14,36214,-0.03936199098825455,,,
14,36219,-0.04656963422894478,,,
14,36224,-0.054075777530670166,,,
14,36229,-0.041457947343587875,,,
14,36234,-0.05472883582115173,,,
14,36239,-0.03975941240787506,,,
14,36244,-0.013085301965475082,,,
14,36249,-0.054665565490722656,,,
14,36254,-0.04146415367722511,,,
14,36259,-0.06082839146256447,,,
14,36264,-0.06464269757270813,,,
14,36269,-0.04502415284514427,,,
14,36274,-0.04088202491402626,,,
14,36279,-0.03828488290309906,,,
14,36284,-0.020315170288085938,,,
14,36289,-0.044708020985126495,,,
14,36294,-0.021068787202239037,,,
14,36299,-0.05535801127552986,,,
14,36304,-0.03202763944864273,,,
14,36309,-0.037395745515823364,,,
14,36314,-0.059490520507097244,,,
14,36319,-0.046693503856658936,,,
14,36324,-0.056834444403648376,,,
14,36329,-0.047666266560554504,,,
14,36334,-0.03452565521001816,,,
14,36339,-0.039892297238111496,,,
14,36344,0.011077849194407463,,,
14,36349,-0.023126928135752678,,,
14,36354,-0.044743504375219345,,,
14,36359,-0.03549569845199585,,,
14,36364,-0.044929154217243195,,,
14,36369,-0.03227977454662323,,,
14,36374,-0.023258594796061516,,,
14,36379,-0.03107243776321411,,,
14,36384,-0.04987819120287895,,,
14,36389,-0.03914288431406021,,,
14,36394,-0.05358811095356941,,,
14,36399,-0.02647240273654461,,,
14,36404,-0.0423133559525013,,,
14,36409,-0.042095478624105453,,,
14,36414,-0.027847684919834137,,,
14,36419,-0.03964022919535637,,,
14,36424,-0.04917334020137787,,,
14,36429,-0.04929147660732269,,,
14,36434,-0.05015290901064873,,,
14,36439,-0.027422752231359482,,,
14,36444,-0.05081887170672417,,,
14,36449,-0.04295648634433746,,,
14,36454,-0.024634961038827896,,,
14,36459,-0.016530048102140427,,,
14,36464,-0.03135066479444504,,,
14,36469,-0.04453154280781746,,,
14,36474,-0.03154168277978897,,,
14,36479,-0.029957110062241554,,,
14,36484,-0.056668125092983246,,,
14,36489,-0.007853055372834206,,,
14,36494,-0.05570494011044502,,,
14,36499,-0.04900425672531128,,,
14,36504,-0.028824154287576675,,,
14,36509,-0.04085087776184082,,,
14,36514,-0.04178943485021591,,,
14,36519,-0.023537879809737206,,,
14,36524,-0.040539439767599106,,,
14,36529,-0.04465586319565773,,,
14,36534,-0.0497937873005867,,,
14,36539,-0.06274358928203583,,,
14,36544,-0.039281733334064484,,,
14,36549,-0.03922060877084732,,,
14,36554,-0.0014240285381674767,,,
14,36559,-0.02973548136651516,,,
14,36564,-0.05036034807562828,,,
14,36569,-0.04839527606964111,,,
14,36574,-0.05365680903196335,,,
14,36579,-0.056717392057180405,,,
14,36584,-0.03142348676919937,,,
14,36589,-0.04312577098608017,,,
14,36594,-0.04774288833141327,,,
14,36599,-0.03540336713194847,,,
14,36604,-0.028004920110106468,,,
14,36609,-0.038599010556936264,,,
14,36614,-0.029865097254514694,,,
14,36619,-0.026042528450489044,,,
14,36624,-0.038740891963243484,,,
14,36629,-0.04241318255662918,,,
14,36634,-0.0479859821498394,,,
14,36639,-0.031055839732289314,,,
14,36644,-0.03727944195270538,,,
14,36649,-0.053751103579998016,,,
14,36654,-0.033198170363903046,,,
14,36659,-0.04821798950433731,,,
14,36664,-0.03724346309900284,,,
14,36669,-0.04916403442621231,,,
14,36674,-0.05111530423164368,,,
14,36679,-0.03375963121652603,,,
14,36684,-0.0526142343878746,,,
14,36689,-0.034798916429281235,,,
14,36694,-0.03209369629621506,,,
14,36699,-0.04764075577259064,,,
14,36704,-0.03787118196487427,,,
14,36709,-0.04248890280723572,,,
14,36714,-0.04618087038397789,,,
14,36719,-0.060328058898448944,,,
14,36724,-0.044316597282886505,,,
14,36729,-0.04565649479627609,,,
14,36734,-0.0319908931851387,,,
14,36739,-0.04868870973587036,,,
14,36744,-0.0410732626914978,,,
14,36749,-0.03122742474079132,,,
14,36754,-0.019558709114789963,,,
14,36759,-0.04463759809732437,,,
14,36764,-0.03197643160820007,,,
14,36769,-0.058084383606910706,,,
14,36774,-0.02851640060544014,,,
14,36779,-0.041421256959438324,,,
14,36784,-0.031201083213090897,,,
14,36789,-0.04597782716155052,,,
14,36794,-0.06254337728023529,,,
14,36799,-0.05565984174609184,,,
14,36804,-0.05585368350148201,,,
14,36809,-0.03524345904588699,,,
14,36814,-0.05223218351602554,,,
14,36819,-0.042827852070331573,,,
14,36824,-0.046884868294000626,,,
14,36829,-0.059220150113105774,,,
14,36834,-0.04580915719270706,,,
14,36839,-0.03326801583170891,,,
14,36844,-0.04283131659030914,,,
14,36849,-0.06205473840236664,,,
14,36854,-0.06268225610256195,,,
14,36859,-0.055516768246889114,,,
14,36864,-0.034033991396427155,,,
14,36869,-0.016546744853258133,,,
14,36874,-0.03449856862425804,,,
14,36879,-0.05267582833766937,,,
14,36884,-0.040882669389247894,,,
14,36889,-0.05125568062067032,,,
14,36894,-0.030828384682536125,,,
14,36899,-0.05416470766067505,,,
14,36904,-0.05958796292543411,,,
14,36909,-0.05710369721055031,,,
14,36914,-0.026420973241329193,,,
14,36919,-0.037409428507089615,,,
14,36924,-0.05624948814511299,,,
14,36929,-0.03316529095172882,,,
14,36934,-0.05267821252346039,,,
14,36939,-0.06589260697364807,,,
14,36944,-0.018646791577339172,,,
14,36949,-0.032878510653972626,,,
14,36954,-0.023226510733366013,,,
14,36959,-0.03464270383119583,,,
14,36964,-0.029149238020181656,,,
14,36969,-0.05512385070323944,,,
14,36974,-0.03364342078566551,,,
14,36979,-0.03352627903223038,,,
14,36984,-0.043852902948856354,,,
14,36989,-0.039190538227558136,,,
14,36994,-0.03403028845787048,,,
14,36999,-0.002332819625735283,,,
14,37004,-0.036810994148254395,,,
14,37009,-0.05502013862133026,,,
14,37014,-0.053498297929763794,,,
14,37019,-0.06379622966051102,,,
14,37024,-0.02395803853869438,,,
14,37029,-0.06347131729125977,,,
14,37034,-0.049821265041828156,,,
14,37039,-0.03097078576683998,,,
14,37044,-0.052564047276973724,,,
14,37049,-0.04366498813033104,,,
14,37054,-0.05071309953927994,,,
14,37059,-0.017432698979973793,,,
14,37064,-0.03983362764120102,,,
14,37069,-0.04559969902038574,,,
14,37074,-0.04117416590452194,,,
14,37079,-0.05502025783061981,,,
14,37084,-0.04334664344787598,,,
14,37089,-0.034469619393348694,,,
14,37094,-0.024483490735292435,,,
14,37099,-0.06195959448814392,,,
14,37104,-0.02815314196050167,,,
14,37109,-0.03003149852156639,,,
14,37114,-0.03912174329161644,,,
14,37119,-0.033413365483284,,,
14,37124,-0.04231983423233032,,,
14,37129,-0.0418243408203125,,,
14,37134,-0.022528402507305145,,,
14,37139,-0.05544603615999222,,,
14,37144,-0.04722227156162262,,,
14,37149,-0.04783870279788971,,,
14,37154,-0.03495141118764877,,,
14,37159,-0.06533469259738922,,,
14,37164,-0.03629210591316223,,,
14,37169,-0.03538060560822487,,,
14,37174,-0.03658948466181755,,,
14,37179,-0.04693584889173508,,,
14,37184,-0.020679399371147156,,,
14,37189,-0.05364001542329788,,,
14,37194,-0.023467352613806725,,,
14,37199,-0.05982314050197601,,,
14,37204,-0.04036521166563034,,,
14,37209,-0.04538741707801819,,,
14,37214,-0.05211805924773216,,,
14,37219,-0.04292621091008186,,,
14,37224,-0.034391578286886215,,,
14,37229,-0.0559922456741333,,,
14,37234,-0.06390400975942612,,,
14,37239,-0.05883299559354782,,,
14,37244,0.011810089461505413,,,
14,37249,-0.04070889949798584,,,
14,37254,-0.013415263965725899,,,
14,37259,0.010570995509624481,,,
14,37264,-0.07365962117910385,,,
14,37269,-0.05276058614253998,,,
14,37274,-0.08086968958377838,,,
14,37279,-0.045495595782995224,,,
14,37284,-0.03670073300600052,,,
14,37289,-0.0012927455827593803,,,
14,37294,-0.03509802371263504,,,
14,37299,-0.03299393504858017,,,
14,37304,-0.05861477181315422,,,
14,37309,-0.05466816574335098,,,
14,37314,-0.035231150686740875,,,
14,37319,-0.05050108581781387,,,
14,37324,-0.04706978052854538,,,
14,37329,-0.004046390298753977,,,
14,37334,-0.046942971646785736,,,
14,37339,-0.04174470156431198,,,
14,37344,-0.05767062306404114,,,
14,37349,-0.050455618649721146,,,
14,37354,-0.06411218643188477,,,
14,37359,-0.049014970660209656,,,
14,37364,-0.05258197709918022,,,
14,37369,-0.05812159180641174,,,
14,37374,-0.04554510489106178,,,
14,37379,-0.04147984832525253,,,
14,37384,-0.04880423843860626,,,
14,37389,-0.04688927158713341,,,
14,37394,-0.03403667360544205,,,
14,37399,-0.03379601985216141,,,
14,37404,-0.042083971202373505,,,
14,37409,-0.05066908895969391,,,
14,37414,-0.046535950154066086,,,
14,37419,-0.01067359559237957,,,
14,37424,-0.05805433541536331,,,
14,37429,-0.049494098871946335,,,
14,37434,-0.03497736155986786,,,
14,37439,-0.03177296370267868,,,
14,37444,-0.039388515055179596,,,
14,37449,-0.0464622788131237,,,
14,37454,-0.03841576352715492,,,
14,37459,-0.057209957391023636,,,
14,37464,-0.054212965071201324,,,
14,37469,-0.048987723886966705,,,
14,37474,-0.04374837875366211,,,
14,37479,-0.04118639603257179,,,
14,37484,-0.022027555853128433,,,
14,37489,-0.030628487467765808,,,
14,37494,-0.04577510058879852,,,
14,37499,-0.031735166907310486,,,
14,37499,,-0.03254246339201927,0.3174999952316284,0.6298412680625916
15,37504,-0.04944446682929993,,,
15,37509,-0.049844130873680115,,,
15,37514,-0.058619339019060135,,,
15,37519,-0.029024451971054077,,,
15,37524,-0.05780712887644768,,,
15,37529,-0.06127890944480896,,,
15,37534,-0.038580652326345444,,,
15,37539,-0.03866315633058548,,,
15,37544,-0.039600126445293427,,,
15,37549,-0.040579505264759064,,,
15,37554,-0.05198363959789276,,,
15,37559,-0.04550360515713692,,,
15,37564,0.007721327245235443,,,
15,37569,-0.01340701524168253,,,
15,37574,-0.045783862471580505,,,
15,37579,-0.06254913657903671,,,
15,37584,-0.03545520454645157,,,
15,37589,-0.053175896406173706,,,
15,37594,-0.045115552842617035,,,
15,37599,-0.04732673242688179,,,
15,37604,-0.041012413799762726,,,
15,37609,-0.014863792806863785,,,
15,37614,-0.03662499785423279,,,
15,37619,-0.027899019420146942,,,
15,37624,-0.030638357624411583,,,
15,37629,-0.0590144619345665,,,
15,37634,-0.0664316713809967,,,
15,37639,-0.050722964107990265,,,
15,37644,-0.038761064410209656,,,
15,37649,-0.036823295056819916,,,
15,37654,-0.05377054959535599,,,
15,37659,-0.040755338966846466,,,
15,37664,-0.03931179270148277,,,
15,37669,-0.03230932354927063,,,
15,37674,-0.03396345674991608,,,
15,37679,-0.034321386367082596,,,
15,37684,-0.0481485053896904,,,
15,37689,-0.036084845662117004,,,
15,37694,-0.01811065524816513,,,
15,37699,-0.035666465759277344,,,
15,37704,-0.060700975358486176,,,
15,37709,-0.05997147411108017,,,
15,37714,-0.05090290307998657,,,
15,37719,-0.050649043172597885,,,
15,37724,-0.029425766319036484,,,
15,37729,-0.021985908970236778,,,
15,37734,-0.024056468158960342,,,
15,37739,-0.044868625700473785,,,
15,37744,-0.027824221178889275,,,
15,37749,-0.04123814404010773,,,
15,37754,-0.05122338980436325,,,
15,37759,-0.039468228816986084,,,
15,37764,-0.04586714506149292,,,
15,37769,-0.06422549486160278,,,
15,37774,-0.05727856606245041,,,
15,37779,-0.027921350672841072,,,
15,37784,-0.023816443979740143,,,
15,37789,-0.04413715749979019,,,
15,37794,-0.027454698458313942,,,
15,37799,-0.03993801772594452,,,
15,37804,-0.04859642684459686,,,
15,37809,-0.019586987793445587,,,
15,37814,-0.0518801286816597,,,
15,37819,-0.054641999304294586,,,
15,37824,-0.04158341884613037,,,
15,37829,-0.05469374358654022,,,
15,37834,-0.05975720286369324,,,
15,37839,-0.02564968913793564,,,
15,37844,-0.040671318769454956,,,
15,37849,-0.046520788222551346,,,
15,37854,-0.044173769652843475,,,
15,37859,-0.03355736285448074,,,
15,37864,-0.06084392964839935,,,
15,37869,-0.037871506065130234,,,
15,37874,-0.03778219223022461,,,
15,37879,-0.04172271862626076,,,
15,37884,-0.0647568479180336,,,
15,37889,-0.044548168778419495,,,
15,37894,-0.027895918115973473,,,
15,37899,-0.041113026440143585,,,
15,37904,-0.0459056980907917,,,
15,37909,-0.04485752433538437,,,
15,37914,-0.029830172657966614,,,
15,37919,-0.05821543186903,,,
15,37924,-0.028377149254083633,,,
15,37929,-0.04516639932990074,,,
15,37934,-0.030487723648548126,,,
15,37939,-0.03326433151960373,,,
15,37944,-0.044452838599681854,,,
15,37949,-0.029508864507079124,,,
15,37954,-0.02482686936855316,,,
15,37959,-0.01889088749885559,,,
15,37964,-0.04668339341878891,,,
15,37969,-0.029540304094552994,,,
15,37974,-0.03216227889060974,,,
15,37979,-0.0425415001809597,,,
15,37984,-0.03326995670795441,,,
15,37989,-0.05609855428338051,,,
15,37994,-0.03404273837804794,,,
15,37999,-0.04973520338535309,,,
15,38004,-0.048066601157188416,,,
15,38009,-0.027726219967007637,,,
15,38014,-0.0535493828356266,,,
15,38019,-0.026350941509008408,,,
15,38024,-0.03761432319879532,,,
15,38029,-0.054222941398620605,,,
15,38034,-0.04751546308398247,,,
15,38039,-0.047609567642211914,,,
15,38044,-0.05297171324491501,,,
15,38049,-0.04254111275076866,,,
15,38054,-0.04870278015732765,,,
15,38059,-0.02906278893351555,,,
15,38064,-0.035618461668491364,,,
15,38069,-0.029157308861613274,,,
15,38074,-0.04807249456644058,,,
15,38079,-0.04495309665799141,,,
15,38084,-0.053953785449266434,,,
15,38089,-0.045178286731243134,,,
15,38094,-0.043711259961128235,,,
15,38099,-0.02425183728337288,,,
15,38104,-0.049149464815855026,,,
15,38109,-0.029185166582465172,,,
15,38114,-0.008842620998620987,,,
15,38119,-0.021268993616104126,,,
15,38124,-0.056324850767850876,,,
15,38129,-0.03477385640144348,,,
15,38134,-0.025209296494722366,,,
15,38139,-0.0487448126077652,,,
15,38144,-0.034515440464019775,,,
15,38149,-0.03262580186128616,,,
15,38154,-0.03158070892095566,,,
15,38159,-0.04593382775783539,,,
15,38164,-0.04568396508693695,,,
15,38169,-0.046532705426216125,,,
15,38174,-0.03558880463242531,,,
15,38179,-0.03800885006785393,,,
15,38184,-0.039439983665943146,,,
15,38189,-0.05714263767004013,,,
15,38194,-0.04376523569226265,,,
15,38199,-0.05355516076087952,,,
15,38204,-0.04757596552371979,,,
15,38209,-0.03124280832707882,,,
15,38214,-0.03541729226708412,,,
15,38219,-0.04715341329574585,,,
15,38224,-0.03655276447534561,,,
15,38229,-0.035032402724027634,,,
15,38234,-0.038014188408851624,,,
15,38239,-0.0535656102001667,,,
15,38244,-0.05499395728111267,,,
15,38249,-0.028028253465890884,,,
15,38254,-0.049017488956451416,,,
15,38259,-0.04195595532655716,,,
15,38264,-0.03174088895320892,,,
15,38269,-0.04826813191175461,,,
15,38274,-0.04038218781352043,,,
15,38279,-0.04251250624656677,,,
15,38284,-0.04166978597640991,,,
15,38289,-0.04504820704460144,,,
15,38294,0.0014722216874361038,,,
15,38299,-0.0567624568939209,,,
15,38304,-0.04611877351999283,,,
15,38309,-0.05004650354385376,,,
15,38314,-0.026716843247413635,,,
15,38319,-0.03613626956939697,,,
15,38324,-0.009878907352685928,,,
15,38329,-0.03488847613334656,,,
15,38334,-0.05194191634654999,,,
15,38339,-0.04304090142250061,,,
15,38344,-0.03453187644481659,,,
15,38349,-0.036911047995090485,,,
15,38354,-0.04048525169491768,,,
15,38359,-0.054430119693279266,,,
15,38364,-0.03782380744814873,,,
15,38369,-0.030979318544268608,,,
15,38374,-0.033578626811504364,,,
15,38379,-0.047894351184368134,,,
15,38384,-0.034289341419935226,,,
15,38389,-0.04397408664226532,,,
15,38394,-0.05607379972934723,,,
15,38399,-0.017497267574071884,,,
15,38404,-0.04730316624045372,,,
15,38409,-0.04615721479058266,,,
15,38414,-0.023751219734549522,,,
15,38419,-0.02412836253643036,,,
15,38424,-0.05025038868188858,,,
15,38429,-0.042646653950214386,,,
15,38434,-0.04763965681195259,,,
15,38439,-0.019397854804992676,,,
15,38444,-0.0465189665555954,,,
15,38449,-0.058839138597249985,,,
15,38454,-0.03954647108912468,,,
15,38459,-0.03845902159810066,,,
15,38464,-0.03133878484368324,,,
15,38469,-0.03570365905761719,,,
15,38474,-0.05421139672398567,,,
15,38479,0.0012622270733118057,,,
15,38484,-0.05682523548603058,,,
15,38489,-0.015754010528326035,,,
15,38494,-0.04105142503976822,,,
15,38499,-0.0455738864839077,,,
15,38504,-0.026876192539930344,,,
15,38509,-0.03462628275156021,,,
15,38514,-0.037272341549396515,,,
15,38519,-0.03355109691619873,,,
15,38524,-0.05753035098314285,,,
15,38529,-0.04107839614152908,,,
15,38534,-0.05147398263216019,,,
15,38539,-0.04436422139406204,,,
15,38544,-0.015076215378940105,,,
15,38549,-0.04357943311333656,,,
15,38554,-0.04789675027132034,,,
15,38559,-0.058291174471378326,,,
15,38564,-0.04018697887659073,,,
15,38569,-0.032580576837062836,,,
15,38574,-0.032276082783937454,,,
15,38579,-0.03264516592025757,,,
15,38584,-0.045727115124464035,,,
15,38589,-0.04901731386780739,,,
15,38594,-0.0472671277821064,,,
15,38599,-0.03898162767291069,,,
15,38604,-0.05096162483096123,,,
15,38609,-0.0551181435585022,,,
15,38614,-0.04289770871400833,,,
15,38619,-0.008630274794995785,,,
15,38624,-0.05053935945034027,,,
15,38629,-0.0392499603331089,,,
15,38634,-0.0417465940117836,,,
15,38639,-0.022928062826395035,,,
15,38644,-0.05657617002725601,,,
15,38649,-0.015350159257650375,,,
15,38654,-0.04673890769481659,,,
15,38659,-0.046245213598012924,,,
15,38664,-0.03897935897111893,,,
15,38669,-0.04482651874423027,,,
15,38674,-0.04686784744262695,,,
15,38679,-0.027221355587244034,,,
15,38684,-0.012360603548586369,,,
15,38689,-0.027543410658836365,,,
15,38694,-0.03073519840836525,,,
15,38699,-0.057655032724142075,,,
15,38704,-0.023007269948720932,,,
15,38709,-0.031034404411911964,,,
15,38714,-0.024954454973340034,,,
15,38719,-0.035139601677656174,,,
15,38724,-0.055140748620033264,,,
15,38729,-0.04577285051345825,,,
15,38734,-0.03644357621669769,,,
15,38739,-0.04942680150270462,,,
15,38744,-0.012352114543318748,,,
15,38749,-0.01615719124674797,,,
15,38754,-0.038898054510354996,,,
15,38759,-0.020463205873966217,,,
15,38764,-0.03835561126470566,,,
15,38769,-0.05840030312538147,,,
15,38774,-0.04584483802318573,,,
15,38779,-0.0560179129242897,,,
15,38784,-0.048109911382198334,,,
15,38789,-0.04403039067983627,,,
15,38794,-0.03927890956401825,,,
15,38799,-0.032758500427007675,,,
15,38804,-0.03544832020998001,,,
15,38809,-0.03551910072565079,,,
15,38814,-0.032331258058547974,,,
15,38819,-0.058636847883462906,,,
15,38824,-0.0444156676530838,,,
15,38829,-0.05230529233813286,,,
15,38834,-0.030191190540790558,,,
15,38839,-0.037764180451631546,,,
15,38844,-0.03797798231244087,,,
15,38849,-0.04129084199666977,,,
15,38854,-0.040742628276348114,,,
15,38859,-0.03226158767938614,,,
15,38864,-0.034384585916996,,,
15,38869,-0.050899211317300797,,,
15,38874,-0.034538332372903824,,,
15,38879,-0.04884984716773033,,,
15,38884,-0.05223862826824188,,,
15,38889,-0.03766161948442459,,,
15,38894,-0.057246483862400055,,,
15,38899,-0.026644907891750336,,,
15,38904,-0.015523741021752357,,,
15,38909,-0.039074040949344635,,,
15,38914,-0.0382227785885334,,,
15,38919,-0.028204381465911865,,,
15,38924,-0.04755551367998123,,,
15,38929,-0.04883710294961929,,,
15,38934,-0.045948997139930725,,,
15,38939,-0.04137158393859863,,,
15,38944,-0.03082381561398506,,,
15,38949,-0.0475776232779026,,,
15,38954,-0.03605508804321289,,,
15,38959,-0.0549100786447525,,,
15,38964,-0.047541841864585876,,,
15,38969,-0.05031256750226021,,,
15,38974,-0.04918239638209343,,,
15,38979,-0.04688650369644165,,,
15,38984,-0.05024189502000809,,,
15,38989,-0.042167164385318756,,,
15,38994,-0.05823841318488121,,,
15,38999,-0.0437479168176651,,,
15,39004,-0.04471781104803085,,,
15,39009,-0.041249945759773254,,,
15,39014,-0.04901227355003357,,,
15,39019,-0.04742846637964249,,,
15,39024,-0.05359949544072151,,,
15,39029,-0.060931652784347534,,,
15,39034,-0.04438324272632599,,,
15,39039,-0.025200558826327324,,,
15,39044,-0.0375070795416832,,,
15,39049,-0.021435169503092766,,,
15,39054,-0.04123630374670029,,,
15,39059,-0.04036664590239525,,,
15,39064,-0.047894299030303955,,,
15,39069,-0.05082349106669426,,,
15,39074,-0.055753327906131744,,,
15,39079,-0.038792066276073456,,,
15,39084,-0.04204639047384262,,,
15,39089,-0.027936454862356186,,,
15,39094,-0.012799021787941456,,,
15,39099,-0.04248340427875519,,,
15,39104,-0.04003967344760895,,,
15,39109,-0.03700091689825058,,,
15,39114,-0.046129219233989716,,,
15,39119,-0.049321990460157394,,,
15,39124,-0.05660826712846756,,,
15,39129,-0.017238086089491844,,,
15,39134,-0.05610574781894684,,,
15,39139,-0.03758837282657623,,,
15,39144,-0.04794774949550629,,,
15,39149,-0.061383768916130066,,,
15,39154,-0.055509213358163834,,,
15,39159,-0.05769655108451843,,,
15,39164,-0.04202891141176224,,,
15,39169,-0.048617973923683167,,,
15,39174,-0.031302519142627716,,,
15,39179,-0.048836901783943176,,,
15,39184,-0.048864323645830154,,,
15,39189,-0.04360749572515488,,,
15,39194,-0.03154333308339119,,,
15,39199,-0.0491129495203495,,,
15,39204,-0.05419833958148956,,,
15,39209,-0.02551717683672905,,,
15,39214,-0.032465722411870956,,,
15,39219,-0.04059099778532982,,,
15,39224,-0.049051664769649506,,,
15,39229,-0.05419529974460602,,,
15,39234,-0.03921911120414734,,,
15,39239,-0.03829894959926605,,,
15,39244,-0.019461609423160553,,,
15,39249,-0.03754260390996933,,,
15,39254,-0.06399346888065338,,,
15,39259,-0.05727607011795044,,,
15,39264,-0.027470272034406662,,,
15,39269,-0.03528266027569771,,,
15,39274,-0.05246243625879288,,,
15,39279,-0.02946529909968376,,,
15,39284,-0.028189286589622498,,,
15,39289,-0.0598890483379364,,,
15,39294,-0.041669100522994995,,,
15,39299,-0.042970433831214905,,,
15,39304,-0.039493657648563385,,,
15,39309,-0.06323325634002686,,,
15,39314,-0.029764968901872635,,,
15,39319,-0.03404638171195984,,,
15,39324,-0.04614994302392006,,,
15,39329,-0.032122913748025894,,,
15,39334,-0.031355731189250946,,,
15,39339,-0.04280370473861694,,,
15,39344,-0.03625408560037613,,,
15,39349,-0.036323148757219315,,,
15,39354,-0.031617339700460434,,,
15,39359,-0.012453023344278336,,,
15,39364,-0.049252189695835114,,,
15,39369,-0.02905968390405178,,,
15,39374,-0.05074983090162277,,,
15,39379,-0.03486331179738045,,,
15,39384,-0.04861338064074516,,,
15,39389,-0.04648014158010483,,,
15,39394,-0.04260995611548424,,,
15,39399,-0.04195922240614891,,,
15,39404,-0.033923666924238205,,,
15,39409,-0.04417634755373001,,,
15,39414,-0.044883400201797485,,,
15,39419,0.008958645164966583,,,
15,39424,-0.048291534185409546,,,
15,39429,-0.04827004671096802,,,
15,39434,-0.037957608699798584,,,
15,39439,-0.04669249802827835,,,
15,39444,-0.012269123457372189,,,
15,39449,-0.04991266876459122,,,
15,39454,0.005599050782620907,,,
15,39459,-0.0322582945227623,,,
15,39464,-0.04456872493028641,,,
15,39469,-0.05740189552307129,,,
15,39474,-0.03956589475274086,,,
15,39479,-0.06251255422830582,,,
15,39484,-0.036273207515478134,,,
15,39489,-0.03452235460281372,,,
15,39494,-0.03506544604897499,,,
15,39499,-0.014269654639065266,,,
15,39504,-0.035915374755859375,,,
15,39509,-0.05677896738052368,,,
15,39514,-0.04705749824643135,,,
15,39519,-0.04892301559448242,,,
15,39524,-0.027664758265018463,,,
15,39529,-0.02542342245578766,,,
15,39534,-0.039803646504879,,,
15,39539,-0.04446469247341156,,,
15,39544,-0.03613639622926712,,,
15,39549,-0.02994639240205288,,,
15,39554,-0.03952156752347946,,,
15,39559,-0.0325615257024765,,,
15,39564,-0.024444714188575745,,,
15,39569,-0.054761819541454315,,,
15,39574,-0.042548276484012604,,,
15,39579,-0.0035113429185003042,,,
15,39584,-0.04238779842853546,,,
15,39589,-0.04852346330881119,,,
15,39594,-0.046534307301044464,,,
15,39599,-0.05385299026966095,,,
15,39604,-0.00921687949448824,,,
15,39609,-0.042360514402389526,,,
15,39614,-0.03455553203821182,,,
15,39619,-0.04270584508776665,,,
15,39624,-0.05891948938369751,,,
15,39629,-0.040920037776231766,,,
15,39634,-0.05442154407501221,,,
15,39639,-0.039988256990909576,,,
15,39644,-0.036809515208005905,,,
15,39649,-0.04613226652145386,,,
15,39654,-0.030506756156682968,,,
15,39659,-0.02531401254236698,,,
15,39664,-0.046405334025621414,,,
15,39669,-0.03996013104915619,,,
15,39674,-0.0253196582198143,,,
15,39679,-0.04873266443610191,,,
15,39684,-0.054801374673843384,,,
15,39689,-0.04661594331264496,,,
15,39694,-0.038272880017757416,,,
15,39699,-0.04943682998418808,,,
15,39704,-0.03912839666008949,,,
15,39709,-0.033377788960933685,,,
15,39714,-0.01925433799624443,,,
15,39719,-0.05354052409529686,,,
15,39724,-0.04422087222337723,,,
15,39729,-0.04422568902373314,,,
15,39734,-0.021951518952846527,,,
15,39739,-0.04077029228210449,,,
15,39744,-0.05187726765871048,,,
15,39749,-0.03544914722442627,,,
15,39754,-0.04309920221567154,,,
15,39759,-0.034170590341091156,,,
15,39764,-0.055920325219631195,,,
15,39769,-0.04120738431811333,,,
15,39774,-0.04722210764884949,,,
15,39779,-0.049684688448905945,,,
15,39784,-0.024106929078698158,,,
15,39789,-0.046765897423028946,,,
15,39794,-0.04648389294743538,,,
15,39799,-0.03798205032944679,,,
15,39804,-0.0537281334400177,,,
15,39809,-0.06637416779994965,,,
15,39814,-0.03829658776521683,,,
15,39819,-0.046315036714076996,,,
15,39824,-0.0658285841345787,,,
15,39829,-0.05214720219373703,,,
15,39834,-0.046115726232528687,,,
15,39839,-0.041220661252737045,,,
15,39844,-0.01678294688463211,,,
15,39849,-0.03076615184545517,,,
15,39854,-0.047973766922950745,,,
15,39859,-0.03744734823703766,,,
15,39864,-0.04857391119003296,,,
15,39869,-0.036382805556058884,,,
15,39874,-0.04651825502514839,,,
15,39879,-0.03427829220890999,,,
15,39884,-0.041362978518009186,,,
15,39889,-0.03663738816976547,,,
15,39894,-0.046304039657115936,,,
15,39899,-0.05997476726770401,,,
15,39904,-0.0302545465528965,,,
15,39909,-0.05570242553949356,,,
15,39914,-0.05706394463777542,,,
15,39919,-0.05748623609542847,,,
15,39924,-0.045153193175792694,,,
15,39929,-0.047827526926994324,,,
15,39934,-0.057736363261938095,,,
15,39939,-0.06232978403568268,,,
15,39944,-0.041626062244176865,,,
15,39949,-0.04545775055885315,,,
15,39954,-0.03448134660720825,,,
15,39959,-0.02434052899479866,,,
15,39964,-0.05631715804338455,,,
15,39969,-0.023579899221658707,,,
15,39974,-0.05182035639882088,,,
15,39979,-0.030658181756734848,,,
15,39984,-0.05556784197688103,,,
15,39989,-0.04442655295133591,,,
15,39994,-0.027629345655441284,,,
15,39999,-0.05814286321401596,,,
15,39999,,-0.041314151138067245,0.31119999289512634,0.6077828407287598
16,40004,-0.02970242127776146,,,
16,40009,-0.027439402416348457,,,
16,40014,-0.0663878321647644,,,
16,40019,-0.048462219536304474,,,
16,40024,-0.04284581542015076,,,
16,40029,-0.033834438771009445,,,
16,40034,-0.036277446895837784,,,
16,40039,-0.034170232713222504,,,
16,40044,-0.046329565346241,,,
16,40049,-0.03796699643135071,,,
16,40054,-0.05652932450175285,,,
16,40059,-0.048615433275699615,,,
16,40064,-0.048346735537052155,,,
16,40069,-0.03660082444548607,,,
16,40074,-0.04212731868028641,,,
16,40079,-0.03813578560948372,,,
16,40084,-0.05924009159207344,,,
16,40089,-0.05409962683916092,,,
16,40094,-0.039763033390045166,,,
16,40099,-0.045343704521656036,,,
16,40104,-0.04880464822053909,,,
16,40109,-0.023438604548573494,,,
16,40114,-0.009988333098590374,,,
16,40119,-0.036031000316143036,,,
16,40124,-0.05087609589099884,,,
16,40129,-0.044192470610141754,,,
16,40134,-0.048411883413791656,,,
16,40139,-0.04313099756836891,,,
16,40144,-0.021865587681531906,,,
16,40149,-0.01863839291036129,,,
16,40154,-0.03113805502653122,,,
16,40159,-0.02761838771402836,,,
16,40164,-0.05330062657594681,,,
16,40169,-0.05311816558241844,,,
16,40174,-0.046336039900779724,,,
16,40179,-0.036738429218530655,,,
16,40184,-0.022727157920598984,,,
16,40189,-0.056478627026081085,,,
16,40194,-0.057912345975637436,,,
16,40199,-0.0371452160179615,,,
16,40204,-0.04091891646385193,,,
16,40209,-0.02705433964729309,,,
16,40214,-0.025543686002492905,,,
16,40219,-0.04715835303068161,,,
16,40224,-0.06572751700878143,,,
16,40229,-0.05371377244591713,,,
16,40234,-0.034810084849596024,,,
16,40239,-0.05183450132608414,,,
16,40244,-0.04096781089901924,,,
16,40249,-0.02694592997431755,,,
16,40254,-0.02738986723124981,,,
16,40259,-0.0415828563272953,,,
16,40264,-0.027499236166477203,,,
16,40269,-0.027946708723902702,,,
16,40274,-0.04425198584794998,,,
16,40279,-0.031506359577178955,,,
16,40284,-0.03944561630487442,,,
16,40289,-0.05590825900435448,,,
16,40294,-0.04953698068857193,,,
16,40299,-0.02210753783583641,,,
16,40304,-0.04077255725860596,,,
16,40309,-0.03463688865303993,,,
16,40314,-0.02913341484963894,,,
16,40319,-0.04337136447429657,,,
16,40324,-0.02404700592160225,,,
16,40329,-0.013124019838869572,,,
16,40334,-0.05235443264245987,,,
16,40339,-0.059972550719976425,,,
16,40344,-0.0331759974360466,,,
16,40349,-0.04605685919523239,,,
16,40354,-0.061190906912088394,,,
16,40359,-0.052108198404312134,,,
16,40364,0.00492212176322937,,,
16,40369,-0.04160274937748909,,,
16,40374,-0.058506764471530914,,,
16,40379,-0.044842950999736786,,,
16,40384,-0.03749215975403786,,,
16,40389,-0.0460653156042099,,,
16,40394,-0.035680241882801056,,,
16,40399,-0.023622920736670494,,,
16,40404,-0.033470481634140015,,,
16,40409,-0.034560706466436386,,,
16,40414,-0.036180946975946426,,,
16,40419,-0.037961944937705994,,,
16,40424,-0.058944638818502426,,,
16,40429,-0.05165467411279678,,,
16,40434,-0.031040064990520477,,,
16,40439,-0.045908983796834946,,,
16,40444,-0.03683680295944214,,,
16,40449,-0.05536062642931938,,,
16,40454,-0.05215659737586975,,,
16,40459,-0.046397615224123,,,
16,40464,-0.04899922385811806,,,
16,40469,-0.04914939031004906,,,
16,40474,-0.026473093777894974,,,
16,40479,-0.05310364067554474,,,
16,40484,-0.05781159549951553,,,
16,40489,-0.03390493243932724,,,
16,40494,-0.051375776529312134,,,
16,40499,-0.03402884304523468,,,
16,40504,-0.053330130875110626,,,
16,40509,-0.02584383822977543,,,
16,40514,-0.03574015200138092,,,
16,40519,-0.035819172859191895,,,
16,40524,-0.030251942574977875,,,
16,40529,-0.05405067652463913,,,
16,40534,-0.034218668937683105,,,
16,40539,-0.05926196277141571,,,
16,40544,-0.057305850088596344,,,
16,40549,-0.06275855004787445,,,
16,40554,-0.05844249576330185,,,
16,40559,-0.05285300314426422,,,
16,40564,-0.046271052211523056,,,
16,40569,-0.04733564704656601,,,
16,40574,-0.025171812623739243,,,
16,40579,-0.045518092811107635,,,
16,40584,-0.04447636008262634,,,
16,40589,-0.06583753228187561,,,
16,40594,-0.04348674416542053,,,
16,40599,-0.03818262740969658,,,
16,40604,-0.0494023934006691,,,
16,40609,-0.04684097319841385,,,
16,40614,-0.030038073658943176,,,
16,40619,-0.034328799694776535,,,
16,40624,-0.04935237020254135,,,
16,40629,-0.044120002537965775,,,
16,40634,-0.032301560044288635,,,
16,40639,-0.041630811989307404,,,
16,40644,-0.03268123418092728,,,
16,40649,-0.05050163343548775,,,
16,40654,-0.04680896922945976,,,
16,40659,-0.04243428260087967,,,
16,40664,-0.024979760870337486,,,
16,40669,-0.0421760119497776,,,
16,40674,-0.04723776504397392,,,
16,40679,-0.03091481700539589,,,
16,40684,-0.031423408538103104,,,
16,40689,-0.039108190685510635,,,
16,40694,-0.039164114743471146,,,
16,40699,-0.03881124407052994,,,
16,40704,-0.05743826553225517,,,
16,40709,-0.03377516567707062,,,
16,40714,-0.041105009615421295,,,
16,40719,-0.04727756977081299,,,
16,40724,-0.044839147478342056,,,
16,40729,-0.04678405821323395,,,
16,40734,-0.02401363104581833,,,
16,40739,-0.04833998531103134,,,
16,40744,-0.007595190778374672,,,
16,40749,-0.04424583539366722,,,
16,40754,-0.04613743722438812,,,
16,40759,-0.04660419747233391,,,
16,40764,-0.044458843767642975,,,
16,40769,-0.03754935413599014,,,
16,40774,-0.03836009278893471,,,
16,40779,-0.05183326452970505,,,
16,40784,-0.06381122022867203,,,
16,40789,-0.033818960189819336,,,
16,40794,-0.06231486797332764,,,
16,40799,-0.04040762409567833,,,
16,40804,-0.03577544167637825,,,
16,40809,-0.048671770840883255,,,
16,40814,-0.033814236521720886,,,
16,40819,-0.044846199452877045,,,
16,40824,-0.04391703009605408,,,
16,40829,-0.03717610239982605,,,
16,40834,-0.03637128323316574,,,
16,40839,-0.04418884962797165,,,
16,40844,-0.0656951293349266,,,
16,40849,-0.05784158036112785,,,
16,40854,-0.04142709821462631,,,
16,40859,-0.03547366335988045,,,
16,40864,-0.04373231530189514,,,
16,40869,-0.026717346161603928,,,
16,40874,-0.029525136575102806,,,
16,40879,-0.038977015763521194,,,
16,40884,-0.04793854057788849,,,
16,40889,-0.03918079659342766,,,
16,40894,-0.04279069975018501,,,
16,40899,-0.01671055145561695,,,
16,40904,-0.05605297535657883,,,
16,40909,-0.03865322098135948,,,
16,40914,-0.05460657551884651,,,
16,40919,-0.024775788187980652,,,
16,40924,-0.038728777319192886,,,
16,40929,-0.04463545233011246,,,
16,40934,-0.06076834723353386,,,
16,40939,-0.03986399620771408,,,
16,40944,-0.03766937181353569,,,
16,40949,-0.04273452237248421,,,
16,40954,-0.029925163835287094,,,
16,40959,-0.03526934236288071,,,
16,40964,-0.034841474145650864,,,
16,40969,-0.028159957379102707,,,
16,40974,-0.05232904106378555,,,
16,40979,-0.04197182506322861,,,
16,40984,-0.0361805334687233,,,
16,40989,-0.04144230857491493,,,
16,40994,-0.0416019968688488,,,
16,40999,-0.014384309761226177,,,
16,41004,-0.03739618510007858,,,
16,41009,-0.022429658100008965,,,
16,41014,-0.030041614547371864,,,
16,41019,-0.03390391916036606,,,
16,41024,-0.0500856414437294,,,
16,41029,-0.04398579150438309,,,
16,41034,-0.04901381582021713,,,
16,41039,-0.012042936868965626,,,
16,41044,-0.039280571043491364,,,
16,41049,-0.027873940765857697,,,
16,41054,-0.05137054622173309,,,
16,41059,-0.029543913900852203,,,
16,41064,-0.04475867748260498,,,
16,41069,-0.04358745366334915,,,
16,41074,-0.031326182186603546,,,
16,41079,-0.010042993351817131,,,
16,41084,-0.04380432143807411,,,
16,41089,-0.04528261721134186,,,
16,41094,-0.039924073964357376,,,
16,41099,-0.0423017181456089,,,
16,41104,-0.029413262382149696,,,
16,41109,-0.05337883532047272,,,
16,41114,-0.03290221095085144,,,
16,41119,-0.04582095518708229,,,
16,41124,-0.03037596493959427,,,
16,41129,-0.03719612583518028,,,
16,41134,-0.024382632225751877,,,
16,41139,-0.0459609255194664,,,
16,41144,-0.036072153598070145,,,
16,41149,-0.038599468767642975,,,
16,41154,-0.04668200761079788,,,
16,41159,-0.02643194980919361,,,
16,41164,-0.04890328273177147,,,
16,41169,-0.034297093749046326,,,
16,41174,-0.045670270919799805,,,
16,41179,-0.033664532005786896,,,
16,41184,-0.05010238662362099,,,
16,41189,-0.05321734398603439,,,
16,41194,-0.05883873626589775,,,
16,41199,-0.049504198133945465,,,
16,41204,-0.031817443668842316,,,
16,41209,-0.038826435804367065,,,
16,41214,-0.03142526000738144,,,
16,41219,-0.0562577061355114,,,
16,41224,-0.05136893689632416,,,
16,41229,-0.04928944259881973,,,
16,41234,-0.04100779816508293,,,
16,41239,-0.04548458382487297,,,
16,41244,-0.046096544712781906,,,
16,41249,-0.02545992285013199,,,
16,41254,-0.050142619758844376,,,
16,41259,-0.043981634080410004,,,
16,41264,-0.033908404409885406,,,
16,41269,-0.04330839216709137,,,
16,41274,-0.048488881438970566,,,
16,41279,-0.032160621136426926,,,
16,41284,-0.03470245748758316,,,
16,41289,-0.038909077644348145,,,
16,41294,-0.03288579732179642,,,
16,41299,-0.03019046038389206,,,
16,41304,-0.034960031509399414,,,
16,41309,-0.05229496210813522,,,
16,41314,-0.021821148693561554,,,
16,41319,-0.03696750849485397,,,
16,41324,-0.03953609615564346,,,
16,41329,-0.04989376664161682,,,
16,41334,-0.05634951964020729,,,
16,41339,-0.036521557718515396,,,
16,41344,-0.05159885436296463,,,
16,41349,0.08291882276535034,,,
16,41354,-0.04770858585834503,,,
16,41359,-0.04666076973080635,,,
16,41364,-0.024145467206835747,,,
16,41369,-0.034619830548763275,,,
16,41374,-0.039057694375514984,,,
16,41379,-0.05159921944141388,,,
16,41384,-0.04028286039829254,,,
16,41389,-0.04887433350086212,,,
16,41394,-0.036953821778297424,,,
16,41399,-0.04640264809131622,,,
16,41404,-0.03592421114444733,,,
16,41409,-0.05154838413000107,,,
16,41414,-0.02757592871785164,,,
16,41419,-0.03720668703317642,,,
16,41424,-0.03512956202030182,,,
16,41429,-0.029507534578442574,,,
16,41434,-0.050088636577129364,,,
16,41439,-0.04783657193183899,,,
16,41444,-0.032047320157289505,,,
16,41449,-0.038053952157497406,,,
16,41454,-0.05656411126255989,,,
16,41459,-0.024427955970168114,,,
16,41464,-0.06569584459066391,,,
16,41469,-0.041716210544109344,,,
16,41474,-0.045869529247283936,,,
16,41479,-0.05930520221590996,,,
16,41484,-0.04761463776230812,,,
16,41489,-0.043751899152994156,,,
16,41494,-0.030307244509458542,,,
16,41499,-0.042266085743904114,,,
16,41504,-0.03847656399011612,,,
16,41509,-0.058726176619529724,,,
16,41514,0.005247335880994797,,,
16,41519,-0.05462758615612984,,,
16,41524,-0.05578748881816864,,,
16,41529,-0.037203650921583176,,,
16,41534,-0.04532041400671005,,,
16,41539,-0.04372406750917435,,,
16,41544,-0.046893056482076645,,,
16,41549,-0.036766424775123596,,,
16,41554,-0.039539579302072525,,,
16,41559,-0.05928733944892883,,,
16,41564,-0.032047729939222336,,,
16,41569,-0.06519360095262527,,,
16,41574,-0.043220896273851395,,,
16,41579,-0.04692677780985832,,,
16,41584,-0.0491793230175972,,,
16,41589,-0.014696846716105938,,,
16,41594,-0.04804804176092148,,,
16,41599,-0.04052057862281799,,,
16,41604,-0.04277857393026352,,,
16,41609,-0.037146635353565216,,,
16,41614,-0.05262567847967148,,,
16,41619,-0.054478660225868225,,,
16,41624,-0.034342359751462936,,,
16,41629,-0.04488760977983475,,,
16,41634,-0.0377575159072876,,,
16,41639,-0.057354073971509933,,,
16,41644,-0.04903845489025116,,,
16,41649,-0.03678306192159653,,,
16,41654,-0.030225420370697975,,,
16,41659,-0.05166948586702347,,,
16,41664,-0.0537349097430706,,,
16,41669,-0.025924649089574814,,,
16,41674,-0.03586306422948837,,,
16,41679,-0.03484375774860382,,,
16,41684,-0.026751436293125153,,,
16,41689,-0.06200868636369705,,,
16,41694,-0.03847482055425644,,,
16,41699,-0.02430777996778488,,,
16,41704,-0.034426625818014145,,,
16,41709,-0.03750811889767647,,,
16,41714,-0.04838625714182854,,,
16,41719,-0.02950398437678814,,,
16,41724,-0.03503026068210602,,,
16,41729,-0.05627981200814247,,,
16,41734,-0.02323976159095764,,,
16,41739,-0.04462850093841553,,,
16,41744,-0.04811083897948265,,,
16,41749,-0.05059078335762024,,,
16,41754,-0.018709223717451096,,,
16,41759,-0.040956415235996246,,,
16,41764,-0.033829811960458755,,,
16,41769,-0.04521987587213516,,,
16,41774,-0.036146167665719986,,,
16,41779,-0.026271721348166466,,,
16,41784,-0.045744746923446655,,,
16,41789,-0.04541541635990143,,,
16,41794,-0.03182404488325119,,,
16,41799,-0.04796957969665527,,,
16,41804,-0.03333721309900284,,,
16,41809,-0.03022669441998005,,,
16,41814,-0.04572596773505211,,,
16,41819,-0.06209496781229973,,,
16,41824,-0.04108497500419617,,,
16,41829,-0.02212963066995144,,,
16,41834,-0.021355103701353073,,,
16,41839,-0.044572457671165466,,,
16,41844,-0.06309554725885391,,,
16,41849,-0.05098016932606697,,,
16,41854,-0.04611049219965935,,,
16,41859,-0.033859990537166595,,,
16,41864,-0.03607302904129028,,,
16,41869,-0.04530368000268936,,,
16,41874,-0.04472259804606438,,,
16,41879,-0.07072664052248001,,,
16,41884,-0.0388094000518322,,,
16,41889,-0.06239040195941925,,,
16,41894,-0.01076993066817522,,,
16,41899,-0.05263855308294296,,,
16,41904,-0.039686065167188644,,,
16,41909,-0.05378596484661102,,,
16,41914,-0.04078754782676697,,,
16,41919,-0.048858679831027985,,,
16,41924,-0.04210911691188812,,,
16,41929,0.021800696849822998,,,
16,41934,-0.025769595056772232,,,
16,41939,-0.01916578784584999,,,
16,41944,-0.051319584250450134,,,
16,41949,-0.03510517627000809,,,
16,41954,-0.03949129208922386,,,
16,41959,-0.06124179810285568,,,
16,41964,-0.05143261328339577,,,
16,41969,-0.032681114971637726,,,
16,41974,-0.03957197815179825,,,
16,41979,-0.038211774080991745,,,
16,41984,-0.02414008416235447,,,
16,41989,-0.0849575325846672,,,
16,41994,-0.03706587851047516,,,
16,41999,-0.04532193765044212,,,
16,42004,-0.041241273283958435,,,
16,42009,-0.04795408993959427,,,
16,42014,-0.04062802344560623,,,
16,42019,-0.048310574144124985,,,
16,42024,-0.028523124754428864,,,
16,42029,-0.05891074612736702,,,
16,42034,-0.05144810676574707,,,
16,42039,-0.07173293828964233,,,
16,42044,-0.032265421003103256,,,
16,42049,-0.05192476138472557,,,
16,42054,-0.03475309908390045,,,
16,42059,-0.044732801616191864,,,
16,42064,-0.03313509747385979,,,
16,42069,-0.03758379817008972,,,
16,42074,-0.05131535604596138,,,
16,42079,-0.0374268963932991,,,
16,42084,-0.03921006619930267,,,
16,42089,-0.0647006705403328,,,
16,42094,-0.05278535559773445,,,
16,42099,-0.03233537822961807,,,
16,42104,-0.04759007692337036,,,
16,42109,-0.040601957589387894,,,
16,42114,-0.029374700039625168,,,
16,42119,-0.03959392011165619,,,
16,42124,-0.013778308406472206,,,
16,42129,-0.05948309600353241,,,
16,42134,-0.054227277636528015,,,
16,42139,-0.03478384017944336,,,
16,42144,-0.04556967318058014,,,
16,42149,-0.04398556798696518,,,
16,42154,-0.03140484541654587,,,
16,42159,-0.05384233593940735,,,
16,42164,-0.014489671215415001,,,
16,42169,-0.030699504539370537,,,
16,42174,-0.04146342724561691,,,
16,42179,-0.024880219250917435,,,
16,42184,-0.049686118960380554,,,
16,42189,-0.05735329911112785,,,
16,42194,-0.04049639031291008,,,
16,42199,-0.04934544116258621,,,
16,42204,-0.034769631922245026,,,
16,42209,-0.033688247203826904,,,
16,42214,-0.04145647585391998,,,
16,42219,-0.027260467410087585,,,
16,42224,-0.03509984910488129,,,
16,42229,-0.06264032423496246,,,
16,42234,-0.03187126666307449,,,
16,42239,-0.04950176179409027,,,
16,42244,-0.03660738468170166,,,
16,42249,-0.023255605250597,,,
16,42254,-0.035438887774944305,,,
16,42259,-0.03377974033355713,,,
16,42264,-0.03076460212469101,,,
16,42269,-0.03485039621591568,,,
16,42274,-0.026592813432216644,,,
16,42279,-0.0409383624792099,,,
16,42284,-0.039451923221349716,,,
16,42289,-0.03180106356739998,,,
16,42294,-0.05564328283071518,,,
16,42299,-0.05491852015256882,,,
16,42304,-0.03899383917450905,,,
16,42309,-0.05615617334842682,,,
16,42314,-0.02422047033905983,,,
16,42319,-0.04595693200826645,,,
16,42324,-0.025998199358582497,,,
16,42329,-0.045881595462560654,,,
16,42334,-0.06174514815211296,,,
16,42339,-0.01638873666524887,,,
16,42344,-0.027164330706000328,,,
16,42349,-0.05779990926384926,,,
16,42354,-0.054275959730148315,,,
16,42359,-0.029811475425958633,,,
16,42364,-0.04439108446240425,,,
16,42369,-0.04575303941965103,,,
16,42374,-0.04402817413210869,,,
16,42379,-0.03230125457048416,,,
16,42384,-0.04993974417448044,,,
16,42389,-0.04958551377058029,,,
16,42394,-0.042199112474918365,,,
16,42399,-0.03825792297720909,,,
16,42404,-0.03545254096388817,,,
16,42409,-0.029498852789402008,,,
16,42414,-0.04287669062614441,,,
16,42419,-0.0335351936519146,,,
16,42424,-0.03968889266252518,,,
16,42429,-0.047059983015060425,,,
16,42434,-0.030772948637604713,,,
16,42439,-0.036157719790935516,,,
16,42444,-0.052642859518527985,,,
16,42449,-0.04276450350880623,,,
16,42454,-0.049440328031778336,,,
16,42459,-0.02583823725581169,,,
16,42464,-0.026278899982571602,,,
16,42469,0.011107927188277245,,,
16,42474,-0.04767317324876785,,,
16,42479,-0.059068839997053146,,,
16,42484,-0.04134925827383995,,,
16,42489,-0.0446653813123703,,,
16,42494,-0.04791988059878349,,,
16,42499,-0.018102090805768967,,,
16,42499,,-0.03259384632110596,0.3118000030517578,0.6063002347946167
17,42504,-0.05199582874774933,,,
17,42509,-0.06740105152130127,,,
17,42514,-0.015341663733124733,,,
17,42519,-0.03246735408902168,,,
17,42524,-0.040049463510513306,,,
17,42529,-0.04224218800663948,,,
17,42534,-0.037322062999010086,,,
17,42539,-0.03697706758975983,,,
17,42544,-0.03738630563020706,,,
17,42549,-0.03503395617008209,,,
17,42554,-0.03862694650888443,,,
17,42559,-0.03671152889728546,,,
17,42564,-0.05944585055112839,,,
17,42569,-0.042473919689655304,,,
17,42574,-0.04636751487851143,,,
17,42579,-0.043963849544525146,,,
17,42584,-0.03939469903707504,,,
17,42589,-0.06592461466789246,,,
17,42594,-0.042780473828315735,,,
17,42599,-0.0498352013528347,,,
17,42604,-0.0411798357963562,,,
17,42609,-0.03997423127293587,,,
17,42614,-0.055613934993743896,,,
17,42619,-0.04469931498169899,,,
17,42624,-0.04815315455198288,,,
17,42629,-0.031112700700759888,,,
17,42634,-0.03303099796175957,,,
17,42639,-0.042042117565870285,,,
17,42644,-0.046196773648262024,,,
17,42649,-0.03731246292591095,,,
17,42654,-0.05179174616932869,,,
17,42659,-0.028260251507163048,,,
17,42664,-0.02157905511558056,,,
17,42669,-0.04383533447980881,,,
17,42674,-0.046377137303352356,,,
17,42679,-0.04008225351572037,,,
17,42684,-0.016353292390704155,,,
17,42689,-0.04443547874689102,,,
17,42694,-0.024976473301649094,,,
17,42699,-0.04108346253633499,,,
17,42704,-0.056748684495687485,,,
17,42709,-0.043596599251031876,,,
17,42714,-0.040920086205005646,,,
17,42719,-0.04221756011247635,,,
17,42724,-0.03584269434213638,,,
17,42729,-0.04473903402686119,,,
17,42734,-0.053781457245349884,,,
17,42739,-0.0433783121407032,,,
17,42744,-0.0355134978890419,,,
17,42749,-0.0037131663411855698,,,
17,42754,-0.030909273773431778,,,
17,42759,-0.03468172997236252,,,
17,42764,-0.04076829180121422,,,
17,42769,-0.041020892560482025,,,
17,42774,-0.035336531698703766,,,
17,42779,-0.0204162560403347,,,
17,42784,-0.02395676076412201,,,
17,42789,-0.02016456052660942,,,
17,42794,-0.048064179718494415,,,
17,42799,-0.035448070615530014,,,
17,42804,-0.04426265507936478,,,
17,42809,-0.051617518067359924,,,
17,42814,-0.04275082051753998,,,
17,42819,-0.032903917133808136,,,
17,42824,-0.04281037300825119,,,
17,42829,-0.042642757296562195,,,
17,42834,-0.047473639249801636,,,
17,42839,-0.040235601365566254,,,
17,42844,-0.03788406029343605,,,
17,42849,-0.03997873514890671,,,
17,42854,-0.027476247400045395,,,
17,42859,-0.0435175895690918,,,
17,42864,-0.03989161550998688,,,
17,42869,-0.0537370927631855,,,
17,42874,-0.02373780682682991,,,
17,42879,-0.04760390892624855,,,
17,42884,-0.026736298575997353,,,
17,42889,-0.039304476231336594,,,
17,42894,-0.03392235189676285,,,
17,42899,-0.02829284779727459,,,
17,42904,-0.039236441254615784,,,
17,42909,-0.05294904112815857,,,
17,42914,-0.041859861463308334,,,
17,42919,-0.04586653411388397,,,
17,42924,-0.034146785736083984,,,
17,42929,-0.04391075298190117,,,
17,42934,-0.019325271248817444,,,
17,42939,-0.03626606613397598,,,
17,42944,-0.01575978472828865,,,
17,42949,-0.05712943524122238,,,
17,42954,-0.03636813908815384,,,
17,42959,-0.032574478536844254,,,
17,42964,-0.029435325413942337,,,
17,42969,-0.03347552567720413,,,
17,42974,-0.05157943069934845,,,
17,42979,-0.04188605770468712,,,
17,42984,-0.03967450559139252,,,
17,42989,-0.029973965138196945,,,
17,42994,-0.042764775454998016,,,
17,42999,-0.04384974390268326,,,
17,43004,-0.030884774401783943,,,
17,43009,-0.024948587641119957,,,
17,43014,-0.032583802938461304,,,
17,43019,-0.047384269535541534,,,
17,43024,-0.0494886189699173,,,
17,43029,-0.048562273383140564,,,
17,43034,-0.006149847060441971,,,
17,43039,-0.039358753710985184,,,
17,43044,-0.04298015311360359,,,
17,43049,-0.03973884880542755,,,
17,43054,-0.03977598622441292,,,
17,43059,-0.044774144887924194,,,
17,43064,-0.0397501066327095,,,
17,43069,-0.02928127534687519,,,
17,43074,-0.05366082116961479,,,
17,43079,-0.0443892776966095,,,
17,43084,-0.047304265201091766,,,
17,43089,-0.04446648061275482,,,
17,43094,-0.06085524335503578,,,
17,43099,-0.03244902938604355,,,
17,43104,-0.020570995286107063,,,
17,43109,-0.044032104313373566,,,
17,43114,-0.0459907166659832,,,
17,43119,-0.050909437239170074,,,
17,43124,-0.022694863379001617,,,
17,43129,-0.03308282420039177,,,
17,43134,-0.0323907732963562,,,
17,43139,-0.033914417028427124,,,
17,43144,-0.044556573033332825,,,
17,43149,-0.04549623653292656,,,
17,43154,-0.027077566832304,,,
17,43159,-0.03778809309005737,,,
17,43164,-0.041849881410598755,,,
17,43169,-0.044503647834062576,,,
17,43174,-0.039605237543582916,,,
17,43179,-0.030224930495023727,,,
17,43184,-0.0459890142083168,,,
17,43189,-0.03514504432678223,,,
17,43194,-0.04450765997171402,,,
17,43199,-0.06300131976604462,,,
17,43204,-0.0427025705575943,,,
17,43209,-0.049751102924346924,,,
17,43214,-0.03472358360886574,,,
17,43219,-0.04622811824083328,,,
17,43224,-0.034466635435819626,,,
17,43229,-0.0186788197606802,,,
17,43234,-0.05009838193655014,,,
17,43239,-0.062196698039770126,,,
17,43244,-0.03795938938856125,,,
17,43249,-0.04912804812192917,,,
17,43254,-0.020832035690546036,,,
17,43259,-0.02114100195467472,,,
17,43264,-0.024569185450673103,,,
17,43269,-0.03855542093515396,,,
17,43274,-0.04884574934840202,,,
17,43279,-0.06545168906450272,,,
17,43284,-0.04765621945261955,,,
17,43289,-0.062960684299469,,,
17,43294,-0.03964420408010483,,,
17,43299,-0.03732798621058464,,,
17,43304,-0.03001096472144127,,,
17,43309,-0.04494112357497215,,,
17,43314,-0.04402017220854759,,,
17,43319,-0.04575040563941002,,,
17,43324,-0.050551638007164,,,
17,43329,-0.050299517810344696,,,
17,43334,-0.01797361485660076,,,
17,43339,-0.03527370095252991,,,
17,43344,-0.05842498689889908,,,
17,43349,-0.030125409364700317,,,
17,43354,-0.038069263100624084,,,
17,43359,-0.02669793739914894,,,
17,43364,-0.039610330015420914,,,
17,43369,-0.05419633910059929,,,
17,43374,-0.05343535169959068,,,
17,43379,-0.02337990142405033,,,
17,43384,-0.053065381944179535,,,
17,43389,-0.0563850924372673,,,
17,43394,-0.04860888794064522,,,
17,43399,-0.03380710259079933,,,
17,43404,-0.03974740207195282,,,
17,43409,-0.03265753388404846,,,
17,43414,-0.031210588291287422,,,
17,43419,-0.03926049545407295,,,
17,43424,-0.05781884863972664,,,
17,43429,-0.05909091979265213,,,
17,43434,-0.04385523870587349,,,
17,43439,-0.03505050018429756,,,
17,43444,-0.04505769908428192,,,
17,43449,-0.01863672398030758,,,
17,43454,-0.044224467128515244,,,
17,43459,-0.0678045004606247,,,
17,43464,-0.04650662839412689,,,
17,43469,-0.04004582762718201,,,
17,43474,-0.020574502646923065,,,
17,43479,-0.024881338700652122,,,
17,43484,-0.03805617615580559,,,
17,43489,-0.04517749696969986,,,
17,43494,-0.06402373313903809,,,
17,43499,-0.05024901032447815,,,
17,43504,-0.04229262098670006,,,
17,43509,-0.02739480696618557,,,
17,43514,-0.05388052761554718,,,
17,43519,-0.04783589392900467,,,
17,43524,-0.0339040532708168,,,
17,43529,-0.04426880180835724,,,
17,43534,-0.038166482001543045,,,
17,43539,-0.04277922213077545,,,
17,43544,-0.05347149074077606,,,
17,43549,-0.03867725655436516,,,
17,43554,-0.035173214972019196,,,
17,43559,-0.03537138178944588,,,
17,43564,-0.0502098947763443,,,
17,43569,-0.023115679621696472,,,
17,43574,-0.03407076746225357,,,
17,43579,-0.04763299971818924,,,
17,43584,-0.038539256900548935,,,
17,43589,-0.035185061395168304,,,
17,43594,-0.047501176595687866,,,
17,43599,-0.050998348742723465,,,
17,43604,-0.022058047354221344,,,
17,43609,-0.05378283932805061,,,
17,43614,-0.01761847920715809,,,
17,43619,-0.03618127107620239,,,
17,43624,-0.05553323030471802,,,
17,43629,-0.031660452485084534,,,
17,43634,-0.04140767455101013,,,
17,43639,-0.035637177526950836,,,
17,43644,-0.03837853670120239,,,
17,43649,-0.037237606942653656,,,
17,43654,-0.06580111384391785,,,
17,43659,-0.04348282516002655,,,
17,43664,-0.0493030920624733,,,
17,43669,-0.05177920311689377,,,
17,43674,-0.03527820110321045,,,
17,43679,-0.041202060878276825,,,
17,43684,-0.03609649837017059,,,
17,43689,-0.03773221746087074,,,
17,43694,-0.048773229122161865,,,
17,43699,-0.051329318434000015,,,
17,43704,-0.046276677399873734,,,
17,43709,-0.04665190726518631,,,
17,43714,-0.0437660738825798,,,
17,43719,-0.04532906040549278,,,
17,43724,-0.041540682315826416,,,
17,43729,-0.036940351128578186,,,
17,43734,-0.0318906269967556,,,
17,43739,-0.038507379591464996,,,
17,43744,-0.049178995192050934,,,
17,43749,-0.0466802641749382,,,
17,43754,0.009477045387029648,,,
17,43759,-0.019678018987178802,,,
17,43764,-0.02860371395945549,,,
17,43769,-0.0520436093211174,,,
17,43774,-0.020271535962820053,,,
17,43779,-0.05089070647954941,,,
17,43784,-0.034103475511074066,,,
17,43789,-0.04534902423620224,,,
17,43794,-0.03971392661333084,,,
17,43799,-0.04617583006620407,,,
17,43804,-0.01856294460594654,,,
17,43809,-0.033901289105415344,,,
17,43814,-0.02066916599869728,,,
17,43819,-0.04337418079376221,,,
17,43824,-0.0265648253262043,,,
17,43829,-0.04434692859649658,,,
17,43834,-0.05435733497142792,,,
17,43839,-0.05203379690647125,,,
17,43844,-0.029452793300151825,,,
17,43849,-0.026833167299628258,,,
17,43854,-0.021023431792855263,,,
17,43859,-0.04752414673566818,,,
17,43864,-0.03887941688299179,,,
17,43869,-0.03755514323711395,,,
17,43874,-0.04582574963569641,,,
17,43879,-0.013720809482038021,,,
17,43884,-0.047648027539253235,,,
17,43889,-0.05162041261792183,,,
17,43894,-0.05151166766881943,,,
17,43899,-0.04885300248861313,,,
17,43904,-0.04863112047314644,,,
17,43909,-0.03014451451599598,,,
17,43914,-0.04646440967917442,,,
17,43919,-0.04127272218465805,,,
17,43924,-0.04939485341310501,,,
17,43929,-0.05291558802127838,,,
17,43934,-0.05226097255945206,,,
17,43939,-0.011596046388149261,,,
17,43944,-0.04174061864614487,,,
17,43949,-0.016497787088155746,,,
17,43954,-0.059022340923547745,,,
17,43959,-0.04032852500677109,,,
17,43964,-0.0436752513051033,,,
17,43969,-0.05138403922319412,,,
17,43974,-0.044072315096855164,,,
17,43979,-0.03609800338745117,,,
17,43984,-0.05001248046755791,,,
17,43989,-0.04570714756846428,,,
17,43994,-0.049237217754125595,,,
17,43999,-0.03857903927564621,,,
17,44004,-0.04564144089818001,,,
17,44009,-0.058000583201646805,,,
17,44014,-0.05680719390511513,,,
17,44019,-0.05143704637885094,,,
17,44024,-0.02558780461549759,,,
17,44029,-0.02758442610502243,,,
17,44034,-0.05136721953749657,,,
17,44039,-0.04812375083565712,,,
17,44044,-0.047918111085891724,,,
17,44049,-0.03383895009756088,,,
17,44054,-0.03963790461421013,,,
17,44059,-0.05410949885845184,,,
17,44064,-0.04124606028199196,,,
17,44069,-0.052340999245643616,,,
17,44074,-0.017328307032585144,,,
17,44079,-0.0421452522277832,,,
17,44084,-0.037569135427474976,,,
17,44089,-0.030616816133260727,,,
17,44094,-0.01355578564107418,,,
17,44099,-0.03689970076084137,,,
17,44104,-0.029227644205093384,,,
17,44109,-0.04880012571811676,,,
17,44114,-0.02530118264257908,,,
17,44119,-0.055295735597610474,,,
17,44124,-0.04389187693595886,,,
17,44129,-0.042367931455373764,,,
17,44134,-0.02529699169099331,,,
17,44139,-0.04381173476576805,,,
17,44144,-0.041174616664648056,,,
17,44149,-0.044438570737838745,,,
17,44154,-0.036926425993442535,,,
17,44159,-0.04559736326336861,,,
17,44164,-0.024403784424066544,,,
17,44169,-0.05291122570633888,,,
17,44174,-0.04932742565870285,,,
17,44179,-0.02790190279483795,,,
17,44184,-0.032154157757759094,,,
17,44189,-0.05751589313149452,,,
17,44194,-0.03855311870574951,,,
17,44199,-0.041388776153326035,,,
17,44204,-0.05101389437913895,,,
17,44209,-0.035185981541872025,,,
17,44214,-0.04000664874911308,,,
17,44219,-0.02465914934873581,,,
17,44224,-0.033248815685510635,,,
17,44229,-0.04165766388177872,,,
17,44234,-0.05383124575018883,,,
17,44239,-0.0449218675494194,,,
17,44244,-0.05774395912885666,,,
17,44249,-0.025990132242441177,,,
17,44254,-0.023571019992232323,,,
17,44259,-0.03982485830783844,,,
17,44264,-0.07185287773609161,,,
17,44269,-0.021161483600735664,,,
17,44274,-0.019662246108055115,,,
17,44279,-0.04883483052253723,,,
17,44284,-0.06356862187385559,,,
17,44289,-0.03853274881839752,,,
17,44294,-0.01555728167295456,,,
17,44299,-0.03962743654847145,,,
17,44304,-0.03830039128661156,,,
17,44309,-0.02595314010977745,,,
17,44314,-0.047823160886764526,,,
17,44319,-0.047877222299575806,,,
17,44324,-0.05461781844496727,,,
17,44329,-0.03131776303052902,,,
17,44334,-0.0458199605345726,,,
17,44339,-0.031056610867381096,,,
17,44344,-0.03765777125954628,,,
17,44349,-0.04197733849287033,,,
17,44354,-0.05832171440124512,,,
17,44359,-0.02343090809881687,,,
17,44364,-0.018392780795693398,,,
17,44369,-0.037528205662965775,,,
17,44374,-0.05000797659158707,,,
17,44379,-0.047331735491752625,,,
17,44384,-0.01284060813486576,,,
17,44389,-0.030772291123867035,,,
17,44394,-0.03725847229361534,,,
17,44399,-0.03870775178074837,,,
17,44404,-0.03638593107461929,,,
17,44409,-0.0692540854215622,,,
17,44414,-0.04172534495592117,,,
17,44419,-0.03493885695934296,,,
17,44424,-0.038441069424152374,,,
17,44429,-0.033987462520599365,,,
17,44434,-0.024562397971749306,,,
17,44439,-0.0433676578104496,,,
17,44444,-0.013840206898748875,,,
17,44449,-0.043099626898765564,,,
17,44454,-0.03369662165641785,,,
17,44459,-0.023264119401574135,,,
17,44464,-0.037657834589481354,,,
17,44469,-0.0665450245141983,,,
17,44474,-0.04287571832537651,,,
17,44479,-0.008053671568632126,,,
17,44484,-0.04928866773843765,,,
17,44489,-0.03013557568192482,,,
17,44494,-0.043859757483005524,,,
17,44499,-0.025188032537698746,,,
17,44504,-0.05060265213251114,,,
17,44509,-0.03304186463356018,,,
17,44514,-0.030402658507227898,,,
17,44519,-0.03928612172603607,,,
17,44524,-0.029685629531741142,,,
17,44529,-0.043180134147405624,,,
17,44534,-0.04347889870405197,,,
17,44539,-0.04029233753681183,,,
17,44544,-0.03448051959276199,,,
17,44549,-0.035390742123126984,,,
17,44554,-0.042877115309238434,,,
17,44559,-0.036900196224451065,,,
17,44564,-0.0336574986577034,,,
17,44569,-0.036616433411836624,,,
17,44574,-0.030301013961434364,,,
17,44579,-0.04553372040390968,,,
17,44584,-0.045701079070568085,,,
17,44589,-0.04502575099468231,,,
17,44594,-0.0368240661919117,,,
17,44599,-0.03534407168626785,,,
17,44604,-0.04752389341592789,,,
17,44609,-0.03773554041981697,,,
17,44614,-0.03200027719140053,,,
17,44619,-0.0540631003677845,,,
17,44624,-0.025569114834070206,,,
17,44629,-0.021174166351556778,,,
17,44634,-0.0529441237449646,,,
17,44639,-0.04329897463321686,,,
17,44644,-0.04867035895586014,,,
17,44649,-0.021378278732299805,,,
17,44654,-0.03151839226484299,,,
17,44659,-0.030763007700443268,,,
17,44664,-0.04685083031654358,,,
17,44669,-0.026317771524190903,,,
17,44674,-0.03661375492811203,,,
17,44679,-0.02125590667128563,,,
17,44684,-0.048863328993320465,,,
17,44689,-0.03209225460886955,,,
17,44694,-0.04693705588579178,,,
17,44699,-0.05017575994133949,,,
17,44704,-0.04582233354449272,,,
17,44709,-0.01977795735001564,,,
17,44714,-0.044600069522857666,,,
17,44719,-0.04996098577976227,,,
17,44724,-0.037206605076789856,,,
17,44729,-0.04944819584488869,,,
17,44734,-0.0456913523375988,,,
17,44739,-0.025512047111988068,,,
17,44744,-0.027957094833254814,,,
17,44749,-0.03906451538205147,,,
17,44754,-0.03692368417978287,,,
17,44759,-0.023776333779096603,,,
17,44764,-0.051419876515865326,,,
17,44769,-0.04756154119968414,,,
17,44774,-0.04261363670229912,,,
17,44779,-0.04323054850101471,,,
17,44784,-0.02674119360744953,,,
17,44789,-0.059584639966487885,,,
17,44794,-0.02859031967818737,,,
17,44799,-0.050799474120140076,,,
17,44804,-0.05080008506774902,,,
17,44809,-0.0365554615855217,,,
17,44814,-0.0371369943022728,,,
17,44819,-0.043940190225839615,,,
17,44824,-0.042609117925167084,,,
17,44829,-0.03537129610776901,,,
17,44834,-0.04867168515920639,,,
17,44839,-0.03410429507493973,,,
17,44844,-0.034884996712207794,,,
17,44849,-0.04455569386482239,,,
17,44854,-0.020177079364657402,,,
17,44859,-0.0529661700129509,,,
17,44864,-0.05370683968067169,,,
17,44869,-0.04992876574397087,,,
17,44874,-0.054062310606241226,,,
17,44879,-0.05625111237168312,,,
17,44884,-0.03532520681619644,,,
17,44889,-0.024595851078629494,,,
17,44894,-0.03697526827454567,,,
17,44899,-0.04258741810917854,,,
17,44904,-0.05371318757534027,,,
17,44909,-0.062476251274347305,,,
17,44914,-0.03113645315170288,,,
17,44919,-0.04984256625175476,,,
17,44924,-0.038602106273174286,,,
17,44929,-0.052831850945949554,,,
17,44934,-0.04687987640500069,,,
17,44939,-0.03661838918924332,,,
17,44944,-0.03882354125380516,,,
17,44949,-0.029834231361746788,,,
17,44954,-0.05561308190226555,,,
17,44959,-0.03882967680692673,,,
17,44964,-0.03436987102031708,,,
17,44969,-0.04439524561166763,,,
17,44974,-0.04141639918088913,,,
17,44979,-0.039924100041389465,,,
17,44984,-0.049155496060848236,,,
17,44989,-0.028694279491901398,,,
17,44994,-0.047002553939819336,,,
17,44999,-0.039701417088508606,,,
17,44999,,-0.03722553700208664,0.3075000047683716,0.6032412648200989
18,45004,-0.01175999641418457,,,
18,45009,-0.03717363253235817,,,
18,45014,-0.009777398779988289,,,
18,45019,-0.050317324697971344,,,
18,45024,-0.03590916469693184,,,
18,45029,-0.0338175930082798,,,
18,45034,-0.05374794453382492,,,
18,45039,-0.04580366611480713,,,
18,45044,-0.03675729036331177,,,
18,45049,-0.03747965395450592,,,
18,45054,-0.035607337951660156,,,
18,45059,-0.028969617560505867,,,
18,45064,-0.05098148435354233,,,
18,45069,-0.04571239650249481,,,
18,45074,-0.012787118554115295,,,
18,45079,-0.043377604335546494,,,
18,45084,-0.02585342340171337,,,
18,45089,-0.03450843691825867,,,
18,45094,-0.01730521395802498,,,
18,45099,-0.0356045663356781,,,
18,45104,-0.016507137566804886,,,
18,45109,-0.03229260444641113,,,
18,45114,-0.054070018231868744,,,
18,45119,-0.038180191069841385,,,
18,45124,-0.0309806726872921,,,
18,45129,-0.038438476622104645,,,
18,45134,-0.049946293234825134,,,
18,45139,-0.0260304007679224,,,
18,45144,-0.048113420605659485,,,
18,45149,-0.05997622013092041,,,
18,45154,-0.04729963839054108,,,
18,45159,-0.03882528841495514,,,
18,45164,-0.03374536335468292,,,
18,45169,-0.023434489965438843,,,
18,45174,-0.039409734308719635,,,
18,45179,-0.0418458916246891,,,
18,45184,-0.04905189573764801,,,
18,45189,-0.038144130259752274,,,
18,45194,-0.02723468653857708,,,
18,45199,-0.05024620518088341,,,
18,45204,-0.03902950882911682,,,
18,45209,-0.0202421173453331,,,
18,45214,-0.0503927581012249,,,
18,45219,-0.05148027837276459,,,
18,45224,-0.044830892235040665,,,
18,45229,-0.04108837991952896,,,
18,45234,-0.035220712423324585,,,
18,45239,-0.02736029401421547,,,
18,45244,-0.038411375135183334,,,
18,45249,-0.02637932077050209,,,
18,45254,-0.031708866357803345,,,
18,45259,-0.041348718106746674,,,
18,45264,-0.05073735862970352,,,
18,45269,-0.03709683567285538,,,
18,45274,-0.04844355955719948,,,
18,45279,-0.0270068496465683,,,
18,45284,-0.054577890783548355,,,
18,45289,-0.04399031400680542,,,
18,45294,-0.0500207282602787,,,
18,45299,-0.04317867010831833,,,
18,45304,-0.043387193232774734,,,
18,45309,-0.046807076781988144,,,
18,45314,-0.034338388592004776,,,
18,45319,-0.040856026113033295,,,
18,45324,-0.04636408016085625,,,
18,45329,-0.03436052054166794,,,
18,45334,-0.03908360376954079,,,
18,45339,-0.0515039898455143,,,
18,45344,-0.05856911465525627,,,
18,45349,-0.04396633058786392,,,
18,45354,-0.0470305010676384,,,
18,45359,-0.04064447805285454,,,
18,45364,-0.038389138877391815,,,
18,45369,-0.057263605296611786,,,
18,45374,-0.035915911197662354,,,
18,45379,-0.03592853620648384,,,
18,45384,-0.04226893559098244,,,
18,45389,-0.05386517196893692,,,
18,45394,-0.04779371619224548,,,
18,45399,-0.02651560679078102,,,
18,45404,-0.04044681787490845,,,
18,45409,-0.03498612716794014,,,
18,45414,-0.036637358367443085,,,
18,45419,-0.027936436235904694,,,
18,45424,-0.035616129636764526,,,
18,45429,-0.029280059039592743,,,
18,45434,-0.06166006252169609,,,
18,45439,-0.039821114391088486,,,
18,45444,-0.030669301748275757,,,
18,45449,-0.046456798911094666,,,
18,45454,-0.04025367647409439,,,
18,45459,-0.043720051646232605,,,
18,45464,-0.042841412127017975,,,
18,45469,-0.06359194219112396,,,
18,45474,-0.03561563044786453,,,
18,45479,-0.043581970036029816,,,
18,45484,-0.035876236855983734,,,
18,45489,-0.03090699575841427,,,
18,45494,-0.038267284631729126,,,
18,45499,-0.027240704745054245,,,
18,45504,-0.04757926985621452,,,
18,45509,-0.03901710733771324,,,
18,45514,-0.01545826718211174,,,
18,45519,-0.05714866518974304,,,
18,45524,-0.04096527397632599,,,
18,45529,-0.025803381577134132,,,
18,45534,-0.0406905822455883,,,
18,45539,-0.04878517985343933,,,
18,45544,-0.048683397471904755,,,
18,45549,0.0036909040063619614,,,
18,45554,-0.045000188052654266,,,
18,45559,-0.03266756236553192,,,
18,45564,-0.04780526086688042,,,
18,45569,-0.039119649678468704,,,
18,45574,-0.03699295222759247,,,
18,45579,-0.038238830864429474,,,
18,45584,-0.049174562096595764,,,
18,45589,-0.03738477826118469,,,
18,45594,-0.04642438143491745,,,
18,45599,-0.04886799678206444,,,
18,45604,-0.04296758025884628,,,
18,45609,-0.03642072528600693,,,
18,45614,-0.046210020780563354,,,
18,45619,-0.045531317591667175,,,
18,45624,-0.02037416398525238,,,
18,45629,0.006323204375803471,,,
18,45634,-0.04776761308312416,,,
18,45639,-0.028585612773895264,,,
18,45644,-0.039995402097702026,,,
18,45649,-0.039626892656087875,,,
18,45654,-0.0443708635866642,,,
18,45659,-0.04136335104703903,,,
18,45664,-0.04874732345342636,,,
18,45669,-0.03654162585735321,,,
18,45674,-0.06049668788909912,,,
18,45679,-0.04124406725168228,,,
18,45684,-0.035116761922836304,,,
18,45689,-0.04961758852005005,,,
18,45694,-0.041602395474910736,,,
18,45699,-0.04781306907534599,,,
18,45704,-0.03355618566274643,,,
18,45709,-0.04746386408805847,,,
18,45714,-0.03453124314546585,,,
18,45719,-0.03840659186244011,,,
18,45724,-0.04073227569460869,,,
18,45729,-0.03141774982213974,,,
18,45734,-0.025069424882531166,,,
18,45739,-0.03422489017248154,,,
18,45744,-0.0326564721763134,,,
18,45749,-0.02379835769534111,,,
18,45754,-0.04031001031398773,,,
18,45759,-0.04513825848698616,,,
18,45764,-0.03637860342860222,,,
18,45769,-0.047612667083740234,,,
18,45774,-0.044145211577415466,,,
18,45779,-0.027290895581245422,,,
18,45784,-0.02554662711918354,,,
18,45789,-0.039583832025527954,,,
18,45794,-0.04085510969161987,,,
18,45799,-0.05657205730676651,,,
18,45804,-0.019055236130952835,,,
18,45809,-0.03289303556084633,,,
18,45814,-0.02650357224047184,,,
18,45819,-0.06943788379430771,,,
18,45824,-0.043123193085193634,,,
18,45829,-0.0544564388692379,,,
18,45834,-0.03563531115651131,,,
18,45839,-0.03118782490491867,,,
18,45844,-0.019643712788820267,,,
18,45849,-0.04789573699235916,,,
18,45854,-0.05391494184732437,,,
18,45859,-0.05836375802755356,,,
18,45864,-0.024259768426418304,,,
18,45869,-0.03344770520925522,,,
18,45874,-0.04147905856370926,,,
18,45879,-0.021394934505224228,,,
18,45884,-0.0346071831882,,,
18,45889,-0.046953894197940826,,,
18,45894,-0.05426856130361557,,,
18,45899,-0.03774089366197586,,,
18,45904,-0.0499587208032608,,,
18,45909,-0.055295661091804504,,,
18,45914,-0.03543850779533386,,,
18,45919,-0.03958675637841225,,,
18,45924,-0.036480724811553955,,,
18,45929,-0.0527336411178112,,,
18,45934,-0.05385987460613251,,,
18,45939,-0.05092097073793411,,,
18,45944,-0.0451296791434288,,,
18,45949,-0.02771262265741825,,,
18,45954,-0.040533844381570816,,,
18,45959,-0.03439855948090553,,,
18,45964,-0.05401722714304924,,,
18,45969,-0.0517423115670681,,,
18,45974,-0.04241752624511719,,,
18,45979,-0.05204588174819946,,,
18,45984,-0.04064193367958069,,,
18,45989,-0.026630669832229614,,,
18,45994,-0.03412193804979324,,,
18,45999,-0.04618847370147705,,,
18,46004,-0.04401155561208725,,,
18,46009,-0.029322843998670578,,,
18,46014,-0.02896587923169136,,,
18,46019,-0.01791125163435936,,,
18,46024,-0.020392419770359993,,,
18,46029,-0.03955814987421036,,,
18,46034,-0.03858133405447006,,,
18,46039,-0.03129657730460167,,,
18,46044,-0.05069037899374962,,,
18,46049,-0.04842432960867882,,,
18,46054,-0.057552993297576904,,,
18,46059,-0.03887849301099777,,,
18,46064,-0.027390770614147186,,,
18,46069,-0.03767351061105728,,,
18,46074,-0.029932983219623566,,,
18,46079,0.010758103802800179,,,
18,46084,-0.04522266611456871,,,
18,46089,-0.05328270420432091,,,
18,46094,-0.054111331701278687,,,
18,46099,-0.05421210452914238,,,
18,46104,-0.05244055762887001,,,
18,46109,-0.04897642880678177,,,
18,46114,-0.048116497695446014,,,
18,46119,-0.033225443214178085,,,
18,46124,-0.04492460563778877,,,
18,46129,-0.03218560665845871,,,
18,46134,-0.038183532655239105,,,
18,46139,-0.04373695328831673,,,
18,46144,-0.02185872755944729,,,
18,46149,-0.039619192481040955,,,
18,46154,-0.03068208508193493,,,
18,46159,-0.05946731939911842,,,
18,46164,-0.03949582204222679,,,
18,46169,-0.03404303640127182,,,
18,46174,-0.04584014415740967,,,
18,46179,-0.044195499271154404,,,
18,46184,-0.040161557495594025,,,
18,46189,-0.024560028687119484,,,
18,46194,-0.041467584669589996,,,
18,46199,-0.01742071658372879,,,
18,46204,-0.03168121725320816,,,
18,46209,-0.04955423250794411,,,
18,46214,-0.02860122174024582,,,
18,46219,-0.050900764763355255,,,
18,46224,-0.045401040464639664,,,
18,46229,-0.042515434324741364,,,
18,46234,-0.03093499317765236,,,
18,46239,-0.054148025810718536,,,
18,46244,-0.04155639186501503,,,
18,46249,-0.026160571724176407,,,
18,46254,-0.04048224538564682,,,
18,46259,-0.048940204083919525,,,
18,46264,-0.06574969738721848,,,
18,46269,0.004143135622143745,,,
18,46274,-0.030687522143125534,,,
18,46279,-0.030724871903657913,,,
18,46284,-0.04707390069961548,,,
18,46289,-0.03425942733883858,,,
18,46294,-0.04403088241815567,,,
18,46299,-0.03265691176056862,,,
18,46304,-0.046568453311920166,,,
18,46309,-0.038717642426490784,,,
18,46314,-0.04630501568317413,,,
18,46319,-0.032387156039476395,,,
18,46324,-0.045150838792324066,,,
18,46329,-0.04145234823226929,,,
18,46334,-0.03887293115258217,,,
18,46339,-0.044716667383909225,,,
18,46344,-0.05259062349796295,,,
18,46349,-0.05112005025148392,,,
18,46354,-0.029094945639371872,,,
18,46359,-0.03518814593553543,,,
18,46364,-0.06253309547901154,,,
18,46369,-0.03454086184501648,,,
18,46374,-0.06020820513367653,,,
18,46379,-0.05063600093126297,,,
18,46384,-0.049287132918834686,,,
18,46389,-0.0505756139755249,,,
18,46394,-0.026058705523610115,,,
18,46399,-0.04222768172621727,,,
18,46404,-0.03725616633892059,,,
18,46409,-0.03884745016694069,,,
18,46414,-0.03640909120440483,,,
18,46419,-0.030990345403552055,,,
18,46424,-0.02158697135746479,,,
18,46429,-0.031788453459739685,,,
18,46434,-0.044823452830314636,,,
18,46439,-0.04777754843235016,,,
18,46444,-0.046928174793720245,,,
18,46449,-0.03443161025643349,,,
18,46454,-0.044197484850883484,,,
18,46459,-0.04140174388885498,,,
18,46464,-0.030398279428482056,,,
18,46469,-0.04630419611930847,,,
18,46474,-0.052402544766664505,,,
18,46479,-0.04653166979551315,,,
18,46484,-0.046156659722328186,,,
18,46489,-0.05321643874049187,,,
18,46494,-0.03190716728568077,,,
18,46499,-0.04340585321187973,,,
18,46504,-0.03910881280899048,,,
18,46509,-0.04206293821334839,,,
18,46514,-0.040637191385030746,,,
18,46519,-0.05329509824514389,,,
18,46524,-0.022084776312112808,,,
18,46529,-0.04679838940501213,,,
18,46534,-0.051059652119874954,,,
18,46539,-0.04026893526315689,,,
18,46544,-0.029910186305642128,,,
18,46549,-0.05544108524918556,,,
18,46554,-0.03150464594364166,,,
18,46559,-0.04680231958627701,,,
18,46564,-0.03828170895576477,,,
18,46569,-0.04469165951013565,,,
18,46574,-0.03738236427307129,,,
18,46579,-0.030858784914016724,,,
18,46584,-0.05661053583025932,,,
18,46589,-0.04041502624750137,,,
18,46594,-0.005546648986637592,,,
18,46599,-0.03290474787354469,,,
18,46604,-0.037983037531375885,,,
18,46609,-0.02969568781554699,,,
18,46614,-0.04459827393293381,,,
18,46619,-0.05206950753927231,,,
18,46624,-0.04859284311532974,,,
18,46629,-0.04440062865614891,,,
18,46634,-0.043804921209812164,,,
18,46639,-0.031839653849601746,,,
18,46644,-0.014432629570364952,,,
18,46649,-0.027802716940641403,,,
18,46654,-0.04097943753004074,,,
18,46659,-0.05475179851055145,,,
18,46664,-0.045792222023010254,,,
18,46669,-0.026757292449474335,,,
18,46674,-0.03059607371687889,,,
18,46679,-0.05160672590136528,,,
18,46684,-0.04678330570459366,,,
18,46689,-0.0530502051115036,,,
18,46694,-0.03892628103494644,,,
18,46699,-0.010305901989340782,,,
18,46704,-0.04796754568815231,,,
18,46709,-0.036855317652225494,,,
18,46714,-0.04071284830570221,,,
18,46719,-0.02826879173517227,,,
18,46724,-0.05729907006025314,,,
18,46729,-0.04509228095412254,,,
18,46734,-0.036197811365127563,,,
18,46739,-0.04420212656259537,,,
18,46744,-0.06138071417808533,,,
18,46749,-0.04169253259897232,,,
18,46754,-0.035486213862895966,,,
18,46759,-0.04888763278722763,,,
18,46764,-0.02909308299422264,,,
18,46769,-0.03289686515927315,,,
18,46774,-0.03503599017858505,,,
18,46779,-0.03173951804637909,,,
18,46784,-0.025951504707336426,,,
18,46789,-0.03400123491883278,,,
18,46794,-0.03784213587641716,,,
18,46799,-0.03528512641787529,,,
18,46804,-0.043745845556259155,,,
18,46809,-0.014671729877591133,,,
18,46814,-0.04302250221371651,,,
18,46819,-0.05742405727505684,,,
18,46824,-0.04155527427792549,,,
18,46829,-0.05053430795669556,,,
18,46834,-0.012833061628043652,,,
18,46839,-0.02302863635122776,,,
18,46844,-0.036902107298374176,,,
18,46849,-0.04357346147298813,,,
18,46854,-0.03879206255078316,,,
18,46859,-0.05072852969169617,,,
18,46864,-0.04910331219434738,,,
18,46869,-0.04043497517704964,,,
18,46874,-0.01553434133529663,,,
18,46879,-0.03689933568239212,,,
18,46884,-0.06116762012243271,,,
18,46889,-0.029167283326387405,,,
18,46894,-0.05246211588382721,,,
18,46899,-0.02962133102118969,,,
18,46904,-0.04940985143184662,,,
18,46909,-0.039476677775382996,,,
18,46914,-0.032643988728523254,,,
18,46919,-0.04673182964324951,,,
18,46924,-0.03118545189499855,,,
18,46929,-0.031652022153139114,,,
18,46934,-0.03868253901600838,,,
18,46939,-0.0010604113340377808,,,
18,46944,-0.043177638202905655,,,
18,46949,-0.0446445606648922,,,
18,46954,-0.05619211867451668,,,
18,46959,-0.05468761548399925,,,
18,46964,-0.05611267313361168,,,
18,46969,-0.03797265887260437,,,
18,46974,-0.062349557876586914,,,
18,46979,-0.04103757441043854,,,
18,46984,-0.024048656225204468,,,
18,46989,-0.050189658999443054,,,
18,46994,-0.03579924255609512,,,
18,46999,-0.0482991486787796,,,
18,47004,-0.041768740862607956,,,
18,47009,-0.049069639295339584,,,
18,47014,-0.04722728207707405,,,
18,47019,-0.05087209492921829,,,
18,47024,-0.04846491292119026,,,
18,47029,-0.026882799342274666,,,
18,47034,-0.03695721551775932,,,
18,47039,-0.016254091635346413,,,
18,47044,-0.006426759995520115,,,
18,47049,-0.04350670054554939,,,
18,47054,-0.035119518637657166,,,
18,47059,-0.037948258221149445,,,
18,47064,-0.05197831988334656,,,
18,47069,-0.02744131349027157,,,
18,47074,-0.04439300671219826,,,
18,47079,-0.02708793804049492,,,
18,47084,-0.031734149903059006,,,
18,47089,-0.026837199926376343,,,
18,47094,-0.0431164987385273,,,
18,47099,-0.041709352284669876,,,
18,47104,-0.050066910684108734,,,
18,47109,-0.03396259993314743,,,
18,47114,-0.04235202074050903,,,
18,47119,-0.038469500839710236,,,
18,47124,-0.04946361854672432,,,
18,47129,-0.04833143204450607,,,
18,47134,-0.024058092385530472,,,
18,47139,-0.048172734677791595,,,
18,47144,-0.06164734438061714,,,
18,47149,-0.04894743859767914,,,
18,47154,-0.05462127923965454,,,
18,47159,-0.053316380828619,,,
18,47164,-0.042603787034749985,,,
18,47169,-0.026789536699652672,,,
18,47174,-0.027312422171235085,,,
18,47179,-0.03991399705410004,,,
18,47184,-0.03604555130004883,,,
18,47189,-0.04301086813211441,,,
18,47194,-0.02973722666501999,,,
18,47199,-0.05230681598186493,,,
18,47204,-0.05084676668047905,,,
18,47209,-0.03705134615302086,,,
18,47214,-0.062220342457294464,,,
18,47219,-0.028188401833176613,,,
18,47224,-0.024877795949578285,,,
18,47229,-0.04273912310600281,,,
18,47234,-0.032291170209646225,,,
18,47239,-0.04345998167991638,,,
18,47244,-0.04319155588746071,,,
18,47249,-0.03692997246980667,,,
18,47254,-0.04520653188228607,,,
18,47259,-0.0377858504652977,,,
18,47264,-0.04492756724357605,,,
18,47269,-0.061059385538101196,,,
18,47274,-0.05672601982951164,,,
18,47279,-0.047205276787281036,,,
18,47284,-0.053061746060848236,,,
18,47289,-0.05358310788869858,,,
18,47294,-0.02405257523059845,,,
18,47299,-0.0451187789440155,,,
18,47304,-0.02809561975300312,,,
18,47309,-0.014661207795143127,,,
18,47314,-0.02408069372177124,,,
18,47319,-0.0359441414475441,,,
18,47324,-0.027359891682863235,,,
18,47329,-0.04295799881219864,,,
18,47334,-0.02484617754817009,,,
18,47339,-0.03521493449807167,,,
18,47344,-0.01859811693429947,,,
18,47349,-0.01953957788646221,,,
18,47354,-0.041462983936071396,,,
18,47359,-0.04852824658155441,,,
18,47364,-0.04813160002231598,,,
18,47369,-0.04501688480377197,,,
18,47374,-0.048087358474731445,,,
18,47379,-0.034878820180892944,,,
18,47384,-0.04576932266354561,,,
18,47389,-0.037348322570323944,,,
18,47394,-0.05023732781410217,,,
18,47399,-0.0454222708940506,,,
18,47404,-0.04362323880195618,,,
18,47409,-0.04155744984745979,,,
18,47414,-0.028350723907351494,,,
18,47419,-0.05207754671573639,,,
18,47424,-0.047966763377189636,,,
18,47429,-0.03690072521567345,,,
18,47434,-0.03577542304992676,,,
18,47439,-0.05498985946178436,,,
18,47444,-0.044233955442905426,,,
18,47449,-0.031335122883319855,,,
18,47454,-0.030998561531305313,,,
18,47459,-0.026421375572681427,,,
18,47464,-0.04467635601758957,,,
18,47469,-0.031210821121931076,,,
18,47474,-0.02665635570883751,,,
18,47479,-0.030742021277546883,,,
18,47484,-0.03100246749818325,,,
18,47489,-0.043531447649002075,,,
18,47494,-0.035932671278715134,,,
18,47499,-0.02896425686776638,,,
18,47499,,-0.03138701617717743,0.3312000036239624,0.6216108202934265
19,47504,-0.04882066696882248,,,
19,47509,-0.049817368388175964,,,
19,47514,-0.03790062665939331,,,
19,47519,-0.034398145973682404,,,
19,47524,-0.035885438323020935,,,
19,47529,-0.04643722623586655,,,
19,47534,-0.026979617774486542,,,
19,47539,-0.040722962468862534,,,
19,47544,-0.035293687134981155,,,
19,47549,-0.039713334292173386,,,
19,47554,-0.03536675125360489,,,
19,47559,-0.0320686474442482,,,
19,47564,-0.029956482350826263,,,
19,47569,-0.05116986110806465,,,
19,47574,-0.051132798194885254,,,
19,47579,-0.034019146114587784,,,
19,47584,-0.025424597784876823,,,
19,47589,-0.03974353149533272,,,
19,47594,-0.05819329619407654,,,
19,47599,-0.02850182354450226,,,
19,47604,-0.03842838853597641,,,
19,47609,-0.04410618916153908,,,
19,47614,-0.0420718789100647,,,
19,47619,-0.04317270964384079,,,
19,47624,-0.012426511384546757,,,
19,47629,-0.04789324477314949,,,
19,47634,-0.05098690092563629,,,
19,47639,-0.041887253522872925,,,
19,47644,-0.03425690159201622,,,
19,47649,-0.053940560668706894,,,
19,47654,-0.054076701402664185,,,
19,47659,-0.06309300661087036,,,
19,47664,-0.04461180418729782,,,
19,47669,-0.03639534115791321,,,
19,47674,-0.0315144807100296,,,
19,47679,-0.030134325847029686,,,
19,47684,-0.045511841773986816,,,
19,47689,-0.04402003437280655,,,
19,47694,-0.04003133997321129,,,
19,47699,-0.046634070575237274,,,
19,47704,-0.037458740174770355,,,
19,47709,-0.0442274771630764,,,
19,47714,-0.035516753792762756,,,
19,47719,-0.03475434333086014,,,
19,47724,-0.05704501271247864,,,
19,47729,-0.047318555414676666,,,
19,47734,-0.05271340161561966,,,
19,47739,-0.03970402479171753,,,
19,47744,-0.05927817523479462,,,
19,47749,-0.04567216709256172,,,
19,47754,-0.01879623718559742,,,
19,47759,-0.008422885090112686,,,
19,47764,-0.036086782813072205,,,
19,47769,-0.04872801527380943,,,
19,47774,-0.03663406893610954,,,
19,47779,-0.04493257775902748,,,
19,47784,-0.060428544878959656,,,
19,47789,-0.02937239408493042,,,
19,47794,-0.04092275723814964,,,
19,47799,-0.036702003329992294,,,
19,47804,-0.045592304319143295,,,
19,47809,-0.0575617179274559,,,
19,47814,-0.03762059658765793,,,
19,47819,-0.05168977007269859,,,
19,47824,-0.04109087586402893,,,
19,47829,-0.035846464335918427,,,
19,47834,-0.04886799678206444,,,
19,47839,-0.030651476234197617,,,
19,47844,-0.03881675750017166,,,
19,47849,-0.05112862586975098,,,
19,47854,-0.040549829602241516,,,
19,47859,-0.04720092564821243,,,
19,47864,-0.008514302782714367,,,
19,47869,-0.018375040963292122,,,
19,47874,-0.04365928843617439,,,
19,47879,-0.024361375719308853,,,
19,47884,-0.03627065569162369,,,
19,47889,-0.020874757319688797,,,
19,47894,-0.04737293720245361,,,
19,47899,-0.03842643275856972,,,
19,47904,-0.045064426958560944,,,
19,47909,-0.02696789801120758,,,
19,47914,-0.04051254689693451,,,
19,47919,-0.042335767298936844,,,
19,47924,-0.03681877627968788,,,
19,47929,-0.029889432713389397,,,
19,47934,-0.04895877465605736,,,
19,47939,-0.048154350370168686,,,
19,47944,-0.04234958440065384,,,
19,47949,-0.03434549272060394,,,
19,47954,-0.03432841971516609,,,
19,47959,-0.04610206186771393,,,
19,47964,-0.056200526654720306,,,
19,47969,-0.029054339975118637,,,
19,47974,-0.041607048362493515,,,
19,47979,-0.025975538417696953,,,
19,47984,-0.03204725682735443,,,
19,47989,-0.03182413429021835,,,
19,47994,-0.021449454128742218,,,
19,47999,-0.044451117515563965,,,
19,48004,-0.035220928490161896,,,
19,48009,-0.0412544384598732,,,
19,48014,-0.03826349601149559,,,
19,48019,-0.05489656329154968,,,
19,48024,-0.030255518853664398,,,
19,48029,-0.051393650472164154,,,
19,48034,-0.03544799983501434,,,
19,48039,-0.015995433554053307,,,
19,48044,-0.04826898127794266,,,
19,48049,-0.016540732234716415,,,
19,48054,-0.05359441787004471,,,
19,48059,-0.049821555614471436,,,
19,48064,-0.05306953191757202,,,
19,48069,-0.03225246071815491,,,
19,48074,-0.033902358263731,,,
19,48079,-0.043512165546417236,,,
19,48084,-0.05283568426966667,,,
19,48089,-0.027649004012346268,,,
19,48094,-0.045547932386398315,,,
19,48099,-0.05935797467827797,,,
19,48104,-0.05189726874232292,,,
19,48109,-0.03673921152949333,,,
19,48114,-0.04404343664646149,,,
19,48119,-0.037476133555173874,,,
19,48124,-0.02860652282834053,,,
19,48129,-0.053397953510284424,,,
19,48134,-0.04833605885505676,,,
19,48139,-0.04559829831123352,,,
19,48144,-0.05453383922576904,,,
19,48149,-0.04689348489046097,,,
19,48154,-0.0481601245701313,,,
19,48159,-0.03973804786801338,,,
19,48164,-0.04994423687458038,,,
19,48169,-0.031125331297516823,,,
19,48174,-0.05677230656147003,,,
19,48179,-0.051756054162979126,,,
19,48184,-0.044199295341968536,,,
19,48189,-0.03708280622959137,,,
19,48194,-0.03989696130156517,,,
19,48199,-0.03708706051111221,,,
19,48204,-0.05056608468294144,,,
19,48209,-0.019079312682151794,,,
19,48214,-0.04727423936128616,,,
19,48219,-0.03869091719388962,,,
19,48224,-0.040069110691547394,,,
19,48229,-0.04822108894586563,,,
19,48234,-0.04629351571202278,,,
19,48239,-0.05740085989236832,,,
19,48244,-0.034865885972976685,,,
19,48249,-0.039536990225315094,,,
19,48254,-0.04126444086432457,,,
19,48259,-0.03117893822491169,,,
19,48264,-0.023153766989707947,,,
19,48269,-0.02759544923901558,,,
19,48274,-0.042193252593278885,,,
19,48279,-0.03362968936562538,,,
19,48284,-0.04726218432188034,,,
19,48289,-0.043930478394031525,,,
19,48294,-0.046243421733379364,,,
19,48299,-0.020540790632367134,,,
19,48304,-0.019107529893517494,,,
19,48309,-0.029086414724588394,,,
19,48314,-0.04141226038336754,,,
19,48319,-0.0416928306221962,,,
19,48324,-0.03855977579951286,,,
19,48329,-0.061383605003356934,,,
19,48334,-0.03010701946914196,,,
19,48339,-0.045274410396814346,,,
19,48344,-0.04053884744644165,,,
19,48349,-0.03724481165409088,,,
19,48354,-0.038779400289058685,,,
19,48359,-0.03428184613585472,,,
19,48364,-0.032329004257917404,,,
19,48369,-0.02513950690627098,,,
19,48374,-0.029152989387512207,,,
19,48379,-0.044526420533657074,,,
19,48384,-0.0736299455165863,,,
19,48389,-0.04366762936115265,,,
19,48394,-0.05326472222805023,,,
19,48399,-0.04024379700422287,,,
19,48404,-0.050415754318237305,,,
19,48409,-0.03565923124551773,,,
19,48414,-0.026363588869571686,,,
19,48419,-0.04338455945253372,,,
19,48424,-0.014159979298710823,,,
19,48429,-0.04369623214006424,,,
19,48434,-0.046803370118141174,,,
19,48439,-0.034598592668771744,,,
19,48444,-0.04704110324382782,,,
19,48449,-0.01253425795584917,,,
19,48454,-0.032987624406814575,,,
19,48459,-0.05118892341852188,,,
19,48464,-0.025530122220516205,,,
19,48469,-0.03648217394948006,,,
19,48474,-0.058638252317905426,,,
19,48479,-0.036394283175468445,,,
19,48484,-0.04818689078092575,,,
19,48489,-0.05534309521317482,,,
19,48494,-0.038481034338474274,,,
19,48499,-0.04772186651825905,,,
19,48504,-0.04072977229952812,,,
19,48509,-0.018771791830658913,,,
19,48514,-0.03405225649476051,,,
19,48519,-0.04836568236351013,,,
19,48524,-0.024969175457954407,,,
19,48529,-0.0367608368396759,,,
19,48534,-0.027138743549585342,,,
19,48539,-0.046808309853076935,,,
19,48544,-0.033327601850032806,,,
19,48549,-0.00032537011429667473,,,
19,48554,-0.04360026493668556,,,
19,48559,-0.03260196000337601,,,
19,48564,-0.03377816453576088,,,
19,48569,-0.036997850984334946,,,
19,48574,-0.04733167588710785,,,
19,48579,-0.035696595907211304,,,
19,48584,-0.04013101011514664,,,
19,48589,-0.04379674792289734,,,
19,48594,-0.02642904594540596,,,
19,48599,-0.04290629178285599,,,
19,48604,-0.040456175804138184,,,
19,48609,-0.03208686411380768,,,
19,48614,-0.03791391849517822,,,
19,48619,-0.021703556180000305,,,
19,48624,-0.05106068402528763,,,
19,48629,-0.05330784618854523,,,
19,48634,-0.03545745834708214,,,
19,48639,-0.04827610403299332,,,
19,48644,-0.04604017361998558,,,
19,48649,-0.04610031843185425,,,
19,48654,-0.035139866173267365,,,
19,48659,-0.013183682225644588,,,
19,48664,-0.039306316524744034,,,
19,48669,-0.04055586829781532,,,
19,48674,-0.038160331547260284,,,
19,48679,0.004219790920615196,,,
19,48684,-0.0524991936981678,,,
19,48689,-0.0620916485786438,,,
19,48694,-0.04522812366485596,,,
19,48699,-0.037520285695791245,,,
19,48704,-0.03925361484289169,,,
19,48709,-0.0229201577603817,,,
19,48714,-0.017464593052864075,,,
19,48719,-0.04426451772451401,,,
19,48724,-0.007960096001625061,,,
19,48729,-0.04233032092452049,,,
19,48734,-0.051074981689453125,,,
19,48739,-0.04215192049741745,,,
19,48744,-0.04404810443520546,,,
19,48749,-0.043164875358343124,,,
19,48754,-0.0594533309340477,,,
19,48759,-0.03819793462753296,,,
19,48764,-0.028022196143865585,,,
19,48769,-0.0409710630774498,,,
19,48774,-0.02695401757955551,,,
19,48779,-0.06155657395720482,,,
19,48784,-0.040407244116067886,,,
19,48789,-0.05381742864847183,,,
19,48794,-0.054301049560308456,,,
19,48799,-0.04558635875582695,,,
19,48804,-0.023076655343174934,,,
19,48809,-0.0482676699757576,,,
19,48814,-0.047337718307971954,,,
19,48819,-0.04991030693054199,,,
19,48824,-0.04493089020252228,,,
19,48829,-0.03999970108270645,,,
19,48834,-0.04193010553717613,,,
19,48839,-0.027068182826042175,,,
19,48844,-0.057667821645736694,,,
19,48849,-0.06294592469930649,,,
19,48854,-0.04731561988592148,,,
19,48859,-0.03488709405064583,,,
19,48864,-0.033655986189842224,,,
19,48869,-0.0263025164604187,,,
19,48874,-0.031085016205906868,,,
19,48879,-0.03915727883577347,,,
19,48884,-0.038974978029727936,,,
19,48889,-0.038344450294971466,,,
19,48894,-0.03407469764351845,,,
19,48899,-0.037833862006664276,,,
19,48904,-0.043661609292030334,,,
19,48909,-0.028508100658655167,,,
19,48914,9.802961722016335e-05,,,
19,48919,-0.034826621413230896,,,
19,48924,-0.03919132798910141,,,
19,48929,-0.07071582227945328,,,
19,48934,-0.005426021292805672,,,
19,48939,-0.04548937827348709,,,
19,48944,-0.04485144466161728,,,
19,48949,-0.04434152692556381,,,
19,48954,-0.039910025894641876,,,
19,48959,-0.045168060809373856,,,
19,48964,-0.05650912970304489,,,
19,48969,-0.04756946861743927,,,
19,48974,-0.05548902601003647,,,
19,48979,-0.03958297148346901,,,
19,48984,-0.025021806359291077,,,
19,48989,-0.03747045621275902,,,
19,48994,-0.048165686428546906,,,
19,48999,-0.04061245918273926,,,
19,49004,-0.013453630730509758,,,
19,49009,-0.05807608738541603,,,
19,49014,-0.03203072398900986,,,
19,49019,-0.013913844712078571,,,
19,49024,-0.034149859100580215,,,
19,49029,-0.04733411222696304,,,
19,49034,-0.03786484897136688,,,
19,49039,-0.042308494448661804,,,
19,49044,-0.05494903773069382,,,
19,49049,-0.04919654503464699,,,
19,49054,-0.03498934581875801,,,
19,49059,-0.041297536343336105,,,
19,49064,-0.04413244128227234,,,
19,49069,-0.04014655202627182,,,
19,49074,-0.05325854569673538,,,
19,49079,-0.032813116908073425,,,
19,49084,-0.033896494656801224,,,
19,49089,-0.044801801443099976,,,
19,49094,-0.03174305334687233,,,
19,49099,-0.05780167132616043,,,
19,49104,-0.029724717140197754,,,
19,49109,-0.03449919447302818,,,
19,49114,-0.044885292649269104,,,
19,49119,-0.04739002883434296,,,
19,49124,-0.039209283888339996,,,
19,49129,-0.027112673968076706,,,
19,49134,-0.03157033771276474,,,
19,49139,-0.03377912938594818,,,
19,49144,-0.035758618265390396,,,
19,49149,-0.03371179848909378,,,
19,49154,-0.048412077128887177,,,
19,49159,-0.060588788241147995,,,
19,49164,-0.02938884310424328,,,
19,49169,-0.021907955408096313,,,
19,49174,-0.025155965238809586,,,
19,49179,-0.05167115479707718,,,
19,49184,-0.02623390033841133,,,
19,49189,-0.024607375264167786,,,
19,49194,-0.028036508709192276,,,
19,49199,-0.06560977548360825,,,
19,49204,-0.04659104719758034,,,
19,49209,-0.05053151026368141,,,
19,49214,-0.05142529308795929,,,
19,49219,-0.05356176942586899,,,
19,49224,-0.043103400617837906,,,
19,49229,-0.05410521477460861,,,
19,49234,-0.05314643681049347,,,
19,49239,-0.05821055546402931,,,
19,49244,-0.05012395605444908,,,
19,49249,-0.023291589692234993,,,
19,49254,-0.03171341493725777,,,
19,49259,-0.056045904755592346,,,
19,49264,-0.016676031053066254,,,
19,49269,-0.061728574335575104,,,
19,49274,0.0009718332439661026,,,
19,49279,-0.06331375241279602,,,
19,49284,-0.037715133279561996,,,
19,49289,-0.045904647558927536,,,
19,49294,-0.03852822631597519,,,
19,49299,-0.05459526926279068,,,
19,49304,-0.04750791937112808,,,
19,49309,-0.04231984168291092,,,
19,49314,-0.05952686071395874,,,
19,49319,-0.020693359896540642,,,
19,49324,-0.04622003063559532,,,
19,49329,-0.0395754911005497,,,
19,49334,-0.06367629766464233,,,
19,49339,-0.04788413643836975,,,
19,49344,-0.05104167386889458,,,
19,49349,-0.0431194007396698,,,
19,49354,-0.040732018649578094,,,
19,49359,-0.034810394048690796,,,
19,49364,-0.043184638023376465,,,
19,49369,-0.017501946538686752,,,
19,49374,-0.031027058139443398,,,
19,49379,-0.02804807759821415,,,
19,49384,-0.03726346045732498,,,
19,49389,-0.049637891352176666,,,
19,49394,-0.03481195867061615,,,
19,49399,-0.03686513751745224,,,
19,49404,-0.036252088844776154,,,
19,49409,-0.05415114760398865,,,
19,49414,-0.0411553680896759,,,
19,49419,-0.05084599554538727,,,
19,49424,-0.006742968689650297,,,
19,49429,-0.06088704988360405,,,
19,49434,-0.016528531908988953,,,
19,49439,-0.0400204062461853,,,
19,49444,-0.04444463551044464,,,
19,49449,-0.04350101947784424,,,
19,49454,-0.05199778079986572,,,
19,49459,-0.06329810619354248,,,
19,49464,-0.03650466725230217,,,
19,49469,-0.039821356534957886,,,
19,49474,-0.04797162115573883,,,
19,49479,-0.03477131575345993,,,
19,49484,-0.038860566914081573,,,
19,49489,-0.048058800399303436,,,
19,49494,-0.055865705013275146,,,
19,49499,-0.04643157869577408,,,
19,49504,-0.036325640976428986,,,
19,49509,-0.042901307344436646,,,
19,49514,-0.024619391188025475,,,
19,49519,-0.062265943735837936,,,
19,49524,-0.03553066402673721,,,
19,49529,-0.05917859822511673,,,
19,49534,-0.051658354699611664,,,
19,49539,-0.03427702933549881,,,
19,49544,-0.028394456952810287,,,
19,49549,-0.02194659784436226,,,
19,49554,-0.03292648121714592,,,
19,49559,-0.03676411882042885,,,
19,49564,-0.0306037999689579,,,
19,49569,-0.03982920944690704,,,
19,49574,-0.03993770852684975,,,
19,49579,-0.03859429061412811,,,
19,49584,-0.04546546936035156,,,
19,49589,-0.028564926236867905,,,
19,49594,-0.04331805184483528,,,
19,49599,-0.04261506348848343,,,
19,49604,-0.04287046194076538,,,
19,49609,-0.053716860711574554,,,
19,49614,-0.04080092906951904,,,
19,49619,-0.04115836322307587,,,
19,49624,-0.03927166759967804,,,
19,49629,-0.03895013406872749,,,
19,49634,-0.022053061053156853,,,
19,49639,-0.0524914488196373,,,
19,49644,-0.04327797144651413,,,
19,49649,-0.017626723274588585,,,
19,49654,-0.04275161027908325,,,
19,49659,-0.0406411737203598,,,
19,49664,-0.04670301079750061,,,
19,49669,-0.05694305896759033,,,
19,49674,-0.042493000626564026,,,
19,49679,-0.028766291216015816,,,
19,49684,-0.04037349671125412,,,
19,49689,-0.04048057273030281,,,
19,49694,-0.04523240029811859,,,
19,49699,-0.029502999037504196,,,
19,49704,-0.027500450611114502,,,
19,49709,-0.03351595997810364,,,
19,49714,-0.04015878587961197,,,
19,49719,-0.022956987842917442,,,
19,49724,-0.0491802953183651,,,
19,49729,-0.04590638726949692,,,
19,49734,-0.03953716158866882,,,
19,49739,-0.03742089122533798,,,
19,49744,-0.045296162366867065,,,
19,49749,-0.041390255093574524,,,
19,49754,-0.02789648249745369,,,
19,49759,-0.031211016699671745,,,
19,49764,-0.040055710822343826,,,
19,49769,-0.05526064708828926,,,
19,49774,-0.03673102706670761,,,
19,49779,-0.04886689782142639,,,
19,49784,-0.027064282447099686,,,
19,49789,-0.04115462303161621,,,
19,49794,-0.03885450214147568,,,
19,49799,-0.04392096400260925,,,
19,49804,-0.046267129480838776,,,
19,49809,-0.057119790464639664,,,
19,49814,-0.05266838148236275,,,
19,49819,-0.03326877951622009,,,
19,49824,-0.04060836881399155,,,
19,49829,-0.04760569706559181,,,
19,49834,-0.036861058324575424,,,
19,49839,-0.04721199721097946,,,
19,49844,-0.044067464768886566,,,
19,49849,-0.027440913021564484,,,
19,49854,-0.0037527531385421753,,,
19,49859,-0.035126782953739166,,,
19,49864,-0.04199500009417534,,,
19,49869,-0.03097790852189064,,,
19,49874,-0.02313249558210373,,,
19,49879,-0.05143105238676071,,,
19,49884,-0.039639391005039215,,,
19,49889,-0.046699605882167816,,,
19,49894,-0.02551419287919998,,,
19,49899,-0.05035512149333954,,,
19,49904,-0.06509601324796677,,,
19,49909,-0.03664715588092804,,,
19,49914,-0.04130607843399048,,,
19,49919,-0.04750390350818634,,,
19,49924,-0.04575493931770325,,,
19,49929,-0.02594197914004326,,,
19,49934,-0.026846731081604958,,,
19,49939,-0.040464889258146286,,,
19,49944,-0.036475054919719696,,,
19,49949,-0.04916887730360031,,,
19,49954,-0.03250693529844284,,,
19,49959,0.02661609649658203,,,
19,49964,-0.059258200228214264,,,
19,49969,-0.03924505040049553,,,
19,49974,-0.02097700536251068,,,
19,49979,-0.031640708446502686,,,
19,49984,-0.05376897752285004,,,
19,49989,-0.05045168474316597,,,
19,49994,-0.06013553962111473,,,
19,49999,-0.03755153715610504,,,
19,49999,,-0.03474706783890724,0.31929999589920044,0.6189507246017456
20,50004,-0.018212946131825447,,,
20,50009,-0.02626924030482769,,,
20,50014,-0.021322831511497498,,,
20,50019,-0.045390911400318146,,,
20,50024,-0.03152422606945038,,,
20,50029,-0.05270323529839516,,,
20,50034,-0.03712441027164459,,,
20,50039,-0.016286108642816544,,,
20,50044,0.0008735321462154388,,,
20,50049,-0.04644327983260155,,,
20,50054,-0.0462796613574028,,,
20,50059,-0.043289873749017715,,,
20,50064,-0.040811195969581604,,,
20,50069,-0.047687776386737823,,,
20,50074,-0.02085469290614128,,,
20,50079,-0.015767235308885574,,,
20,50084,-0.034320347011089325,,,
20,50089,-0.020120052620768547,,,
20,50094,-0.04167797043919563,,,
20,50099,-0.03572821617126465,,,
20,50104,-0.042700543999671936,,,
20,50109,-0.03991486132144928,,,
20,50114,-0.051029499620199203,,,
20,50119,-0.044672831892967224,,,
20,50124,-0.04617905244231224,,,
20,50129,-0.04102671146392822,,,
20,50134,-0.05567228049039841,,,
20,50139,-0.0407881885766983,,,
20,50144,-0.03373541682958603,,,
20,50149,-0.027033641934394836,,,
20,50154,-0.03249862790107727,,,
20,50159,-0.005426137708127499,,,
20,50164,-0.05490029603242874,,,
20,50169,-0.043520424515008926,,,
20,50174,-0.043003443628549576,,,
20,50179,-0.02798677608370781,,,
20,50184,-0.04424328729510307,,,
20,50189,-0.022679690271615982,,,
20,50194,-0.041653476655483246,,,
20,50199,-0.04190830513834953,,,
20,50204,-0.03432263806462288,,,
20,50209,-0.04921232536435127,,,
20,50214,-0.04753861948847771,,,
20,50219,-0.03884221613407135,,,
20,50224,-0.04787752032279968,,,
20,50229,-0.04938646778464317,,,
20,50234,-0.03889419883489609,,,
20,50239,-0.0307167898863554,,,
20,50244,-0.052280865609645844,,,
20,50249,-0.018775029107928276,,,
20,50254,-0.02423289231956005,,,
20,50259,-0.047022439539432526,,,
20,50264,-0.04097282141447067,,,
20,50269,-0.04626346379518509,,,
20,50274,-0.04463538900017738,,,
20,50279,-0.05111326277256012,,,
20,50284,-0.03512109816074371,,,
20,50289,-0.04811076074838638,,,
20,50294,-0.03936881944537163,,,
20,50299,-0.04956512898206711,,,
20,50304,-0.04283563420176506,,,
20,50309,-0.04630289971828461,,,
20,50314,-0.03815580904483795,,,
20,50319,-0.03027866594493389,,,
20,50324,-0.024112626910209656,,,
20,50329,-0.03321250155568123,,,
20,50334,-0.03404415026307106,,,
20,50339,-0.0381455272436142,,,
20,50344,-0.016715893521904945,,,
20,50349,-0.039177391678094864,,,
20,50354,-0.03872106596827507,,,
20,50359,-0.056127358227968216,,,
20,50364,-0.03878505527973175,,,
20,50369,-0.047894276678562164,,,
20,50374,-0.0404278039932251,,,
20,50379,-0.03648378700017929,,,
20,50384,-0.029681751504540443,,,
20,50389,-0.03819764778017998,,,
20,50394,-0.04028131067752838,,,
20,50399,-0.06057831272482872,,,
20,50404,-0.03967699036002159,,,
20,50409,-0.015829717740416527,,,
20,50414,-0.04042472317814827,,,
20,50419,-0.05230594426393509,,,
20,50424,-0.02959616668522358,,,
20,50429,-0.041856806725263596,,,
20,50434,-0.03882884234189987,,,
20,50439,-0.04732353240251541,,,
20,50444,-0.032478660345077515,,,
20,50449,-0.04324398562312126,,,
20,50454,-0.05837196111679077,,,
20,50459,-0.05997256934642792,,,
20,50464,-0.05221422389149666,,,
20,50469,-0.04106377810239792,,,
20,50474,-0.0443568155169487,,,
20,50479,-0.04799240827560425,,,
20,50484,-0.02410861849784851,,,
20,50489,-0.04767819121479988,,,
20,50494,-0.039239976555109024,,,
20,50499,-0.016959037631750107,,,
20,50504,-0.04759124666452408,,,
20,50509,-0.04428872466087341,,,
20,50514,-0.03555557131767273,,,
20,50519,-0.05896363407373428,,,
20,50524,-0.05789199844002724,,,
20,50529,-0.02413049153983593,,,
20,50534,-0.01577593944966793,,,
20,50539,-0.05015788972377777,,,
20,50544,-0.052610013633966446,,,
20,50549,-0.039777614176273346,,,
20,50554,-0.011504556983709335,,,
20,50559,-0.03981428220868111,,,
20,50564,-0.05484718829393387,,,
20,50569,-0.04305087774991989,,,
20,50574,-0.037612445652484894,,,
20,50579,-0.04031100869178772,,,
20,50584,-0.03948162868618965,,,
20,50589,-0.023033838719129562,,,
20,50594,-0.03570203855633736,,,
20,50599,-0.050993602722883224,,,
20,50604,-0.056930284947156906,,,
20,50609,-0.04886893928050995,,,
20,50614,-0.02231895551085472,,,
20,50619,-0.05040576308965683,,,
20,50624,-0.037393901497125626,,,
20,50629,-0.02536957710981369,,,
20,50634,-0.047861963510513306,,,
20,50639,-0.04953557625412941,,,
20,50644,-0.04194235801696777,,,
20,50649,-0.03771267086267471,,,
20,50654,-0.05088487267494202,,,
20,50659,-0.02040146477520466,,,
20,50664,-0.010671094059944153,,,
20,50669,-0.04308880865573883,,,
20,50674,-0.03761329501867294,,,
20,50679,-0.021712470799684525,,,
20,50684,-0.04498271644115448,,,
20,50689,-0.04951820522546768,,,
20,50694,-0.03514517471194267,,,
20,50699,-0.03338881954550743,,,
20,50704,-0.02782525308430195,,,
20,50709,-0.048895981162786484,,,
20,50714,-0.054093554615974426,,,
20,50719,-0.002682887017726898,,,
20,50724,-0.04198050498962402,,,
20,50729,-0.02654656395316124,,,
20,50734,-0.030653204768896103,,,
20,50739,-0.019394561648368835,,,
20,50744,-0.034178148955106735,,,
20,50749,-0.054262418299913406,,,
20,50754,-0.037560123950242996,,,
20,50759,-0.03135015815496445,,,
20,50764,-0.03708353638648987,,,
20,50769,-0.04043816775083542,,,
20,50774,-0.021377183496952057,,,
20,50779,-0.03743481636047363,,,
20,50784,-0.04516170918941498,,,
20,50789,-0.05319210886955261,,,
20,50794,-0.03149093687534332,,,
20,50799,-0.04192120581865311,,,
20,50804,-0.01858973503112793,,,
20,50809,-0.05062052235007286,,,
20,50814,-0.04209224879741669,,,
20,50819,-0.04574136063456535,,,
20,50824,-0.0660306066274643,,,
20,50829,-0.040177688002586365,,,
20,50834,-0.028747504577040672,,,
20,50839,-0.06255229562520981,,,
20,50844,-0.025700770318508148,,,
20,50849,-0.03201457858085632,,,
20,50854,-0.05021553486585617,,,
20,50859,-0.045922160148620605,,,
20,50864,-0.044104550033807755,,,
20,50869,-0.04438537359237671,,,
20,50874,-0.028422154486179352,,,
20,50879,-0.03549724072217941,,,
20,50884,-0.04772847890853882,,,
20,50889,-0.037911489605903625,,,
20,50894,-0.04636741429567337,,,
20,50899,-0.03783358260989189,,,
20,50904,-0.05460454523563385,,,
20,50909,-0.061459869146347046,,,
20,50914,-0.049731675535440445,,,
20,50919,-0.02449098974466324,,,
20,50924,-0.04670847952365875,,,
20,50929,-0.03471251577138901,,,
20,50934,-0.0469081774353981,,,
20,50939,-0.060892947018146515,,,
20,50944,-0.038560651242733,,,
20,50949,-0.039116133004426956,,,
20,50954,-0.041345831006765366,,,
20,50959,-0.029002320021390915,,,
20,50964,-0.03551265597343445,,,
20,50969,-0.02545350231230259,,,
20,50974,-0.045675959438085556,,,
20,50979,-0.031694862991571426,,,
20,50984,-0.05840451270341873,,,
20,50989,-0.033596597611904144,,,
20,50994,-0.05187110975384712,,,
20,50999,-0.035372864454984665,,,
20,51004,-0.03672180324792862,,,
20,51009,-0.05579451844096184,,,
20,51014,-0.036086227744817734,,,
20,51019,-0.050800442695617676,,,
20,51024,-0.024479689076542854,,,
20,51029,-0.043617065995931625,,,
20,51034,-0.03768289461731911,,,
20,51039,-0.03675302490592003,,,
20,51044,-0.030095700174570084,,,
20,51049,-0.04960106313228607,,,
20,51054,-0.03200744837522507,,,
20,51059,-0.06197986379265785,,,
20,51064,-0.04208528995513916,,,
20,51069,-0.03493444249033928,,,
20,51074,-0.031729817390441895,,,
20,51079,-0.03406091779470444,,,
20,51084,-0.05088367685675621,,,
20,51089,-0.043526288121938705,,,
20,51094,-0.05737939104437828,,,
20,51099,-0.04247899726033211,,,
20,51104,-0.03806615248322487,,,
20,51109,-0.040555573999881744,,,
20,51114,-0.026956763118505478,,,
20,51119,-0.050856273621320724,,,
20,51124,-0.04737526923418045,,,
20,51129,-0.04163952171802521,,,
20,51134,-0.05255327373743057,,,
20,51139,-0.03104472905397415,,,
20,51144,-0.04004354402422905,,,
20,51149,-0.02623267099261284,,,
20,51154,-0.015143797732889652,,,
20,51159,-0.048401255160570145,,,
20,51164,-0.030934570357203484,,,
20,51169,-0.028446581214666367,,,
20,51174,-0.04690229892730713,,,
20,51179,-0.04342824965715408,,,
20,51184,-0.023875802755355835,,,
20,51189,-0.021332748234272003,,,
20,51194,-0.046454865485429764,,,
20,51199,-0.04164274036884308,,,
20,51204,-0.05614699795842171,,,
20,51209,-0.03999656066298485,,,
20,51214,-0.03834345191717148,,,
20,51219,-0.023516977205872536,,,
20,51224,-0.045547742396593094,,,
20,51229,-0.04639335349202156,,,
20,51234,-0.036231644451618195,,,
20,51239,-0.05282582342624664,,,
20,51244,-0.04613727331161499,,,
20,51249,-0.053336359560489655,,,
20,51254,-0.029700949788093567,,,
20,51259,-0.020509982481598854,,,
20,51264,-0.05060330033302307,,,
20,51269,-0.03347884863615036,,,
20,51274,-0.024005867540836334,,,
20,51279,-0.05704955756664276,,,
20,51284,-0.058641865849494934,,,
20,51289,-0.0655134990811348,,,
20,51294,-0.03816574811935425,,,
20,51299,-0.04715147614479065,,,
20,51304,-0.0502154603600502,,,
20,51309,-0.04799545556306839,,,
20,51314,-0.042343609035015106,,,
20,51319,-0.028801754117012024,,,
20,51324,-0.042139824479818344,,,
20,51329,-0.03417762368917465,,,
20,51334,-0.05827302113175392,,,
20,51339,-0.04085448384284973,,,
20,51344,-0.03733602911233902,,,
20,51349,-0.011338911950588226,,,
20,51354,-0.04109073802828789,,,
20,51359,-0.05681833624839783,,,
20,51364,-0.0273215901106596,,,
20,51369,-0.04680679738521576,,,
20,51374,-0.05559192970395088,,,
20,51379,-0.04962319880723953,,,
20,51384,-0.0541868656873703,,,
20,51389,-0.05152837187051773,,,
20,51394,-0.03435364365577698,,,
20,51399,-0.05346893519163132,,,
20,51404,-0.049206722527742386,,,
20,51409,-0.029473334550857544,,,
20,51414,-0.04034294933080673,,,
20,51419,-0.0413813516497612,,,
20,51424,-0.032416317611932755,,,
20,51429,-0.0231897234916687,,,
20,51434,-0.037343740463256836,,,
20,51439,-0.052652157843112946,,,
20,51444,-0.03715962544083595,,,
20,51449,-0.03369201719760895,,,
20,51454,-0.03345038369297981,,,
20,51459,-0.05546564608812332,,,
20,51464,-0.020935598760843277,,,
20,51469,-0.0292196162045002,,,
20,51474,-0.03181953728199005,,,
20,51479,-0.05197899416089058,,,
20,51484,-0.0359339565038681,,,
20,51489,-0.055720165371894836,,,
20,51494,-0.036373112350702286,,,
20,51499,-0.031121984124183655,,,
20,51504,-0.03742523491382599,,,
20,51509,-0.02439955621957779,,,
20,51514,-0.034330181777477264,,,
20,51519,-0.03933854401111603,,,
20,51524,-0.05263424664735794,,,
20,51529,-0.04813194274902344,,,
20,51534,-0.043602727353572845,,,
20,51539,-0.028942549601197243,,,
20,51544,-0.028779979795217514,,,
20,51549,-0.028644226491451263,,,
20,51554,-0.02359800785779953,,,
20,51559,-0.03531244397163391,,,
20,51564,-0.05615357682108879,,,
20,51569,-0.0326249822974205,,,
20,51574,-0.03251127898693085,,,
20,51579,-0.045760378241539,,,
20,51584,-0.05791832134127617,,,
20,51589,-0.047542504966259,,,
20,51594,-0.036062851548194885,,,
20,51599,-0.03744310513138771,,,
20,51604,-0.01684986799955368,,,
20,51609,-0.05468367412686348,,,
20,51614,-0.03579585999250412,,,
20,51619,-0.03507503122091293,,,
20,51624,-0.06465596705675125,,,
20,51629,-0.03264172747731209,,,
20,51634,-0.04675639420747757,,,
20,51639,-0.04377531260251999,,,
20,51644,-0.052822280675172806,,,
20,51649,-0.04698921740055084,,,
20,51654,-0.028879215940833092,,,
20,51659,-0.04028993844985962,,,
20,51664,-0.03319751098752022,,,
20,51669,-0.050909921526908875,,,
20,51674,-0.034256711602211,,,
20,51679,-0.041477128863334656,,,
20,51684,-0.042664699256420135,,,
20,51689,-0.04592030495405197,,,
20,51694,-0.04472191631793976,,,
20,51699,-0.03513263911008835,,,
20,51704,-0.05201234668493271,,,
20,51709,-0.03357640653848648,,,
20,51714,-0.05003621056675911,,,
20,51719,-0.047103166580200195,,,
20,51724,-0.05951687693595886,,,
20,51729,-0.03933556005358696,,,
20,51734,-0.011191189289093018,,,
20,51739,-0.020449001342058182,,,
20,51744,-0.04073119908571243,,,
20,51749,-0.02456018514931202,,,
20,51754,-0.030131584033370018,,,
20,51759,-0.045189324766397476,,,
20,51764,-0.039873577654361725,,,
20,51769,-0.057098813354969025,,,
20,51774,-0.03663475811481476,,,
20,51779,-0.04078786447644234,,,
20,51784,-0.05263790860772133,,,
20,51789,-0.03580522537231445,,,
20,51794,-0.03283379226922989,,,
20,51799,-0.04463163763284683,,,
20,51804,-0.0442516915500164,,,
20,51809,-0.01673707365989685,,,
20,51814,-0.036034852266311646,,,
20,51819,-0.018390238285064697,,,
20,51824,-0.049093618988990784,,,
20,51829,-0.04838010296225548,,,
20,51834,-0.039503514766693115,,,
20,51839,-0.05290387570858002,,,
20,51844,-0.04519228637218475,,,
20,51849,-0.055197909474372864,,,
20,51854,-0.05709616839885712,,,
20,51859,-0.05518235266208649,,,
20,51864,-0.029079344123601913,,,
20,51869,-0.06060412898659706,,,
20,51874,-0.029941914603114128,,,
20,51879,-0.03398953750729561,,,
20,51884,-0.027686450630426407,,,
20,51889,-0.0627293512225151,,,
20,51894,-0.03775200992822647,,,
20,51899,-0.04788805544376373,,,
20,51904,-0.033986806869506836,,,
20,51909,-0.028286170214414597,,,
20,51914,-0.04693650081753731,,,
20,51919,-0.022748716175556183,,,
20,51924,-0.023343510925769806,,,
20,51929,-0.03842705115675926,,,
20,51934,-0.038642171770334244,,,
20,51939,-0.059270065277814865,,,
20,51944,-0.047994133085012436,,,
20,51949,-0.04059059917926788,,,
20,51954,-0.02944691851735115,,,
20,51959,-0.03288009762763977,,,
20,51964,-0.03481506183743477,,,
20,51969,-0.05078750103712082,,,
20,51974,-0.05374104529619217,,,
20,51979,-0.048543836921453476,,,
20,51984,-0.0645347535610199,,,
20,51989,-0.045988380908966064,,,
20,51994,-0.024889765307307243,,,
20,51999,-0.025247815996408463,,,
20,52004,-0.04359276965260506,,,
20,52009,-0.010434599593281746,,,
20,52014,-0.04675167053937912,,,
20,52019,-0.03331757336854935,,,
20,52024,-0.01950157806277275,,,
20,52029,-0.051572706550359726,,,
20,52034,-0.037435002624988556,,,
20,52039,-0.039894696325063705,,,
20,52044,-0.04152274876832962,,,
20,52049,-0.05417228490114212,,,
20,52054,-0.028687074780464172,,,
20,52059,-0.03553882613778114,,,
20,52064,-0.04248002544045448,,,
20,52069,-0.015385787934064865,,,
20,52074,-0.043554775416851044,,,
20,52079,-0.04423188418149948,,,
20,52084,-0.042009137570858,,,
20,52089,-0.03260030597448349,,,
20,52094,-0.04876819998025894,,,
20,52099,-0.047720737755298615,,,
20,52104,-0.041745275259017944,,,
20,52109,-0.048185914754867554,,,
20,52114,-0.04019821807742119,,,
20,52119,-0.0373016819357872,,,
20,52124,-0.036078087985515594,,,
20,52129,-0.050415270030498505,,,
20,52134,-0.04255596548318863,,,
20,52139,-0.048440203070640564,,,
20,52144,-0.050543565303087234,,,
20,52149,-0.030259689316153526,,,
20,52154,-0.03592194616794586,,,
20,52159,-0.03205873817205429,,,
20,52164,-0.03643437474966049,,,
20,52169,-0.03560975193977356,,,
20,52174,-0.033466339111328125,,,
20,52179,-0.041691504418849945,,,
20,52184,-0.035995036363601685,,,
20,52189,-0.032057471573352814,,,
20,52194,-0.015138589777052402,,,
20,52199,-0.04041780158877373,,,
20,52204,-0.048001404851675034,,,
20,52209,-0.03379856050014496,,,
20,52214,-0.024364059790968895,,,
20,52219,-0.016251951456069946,,,
20,52224,-0.02590627409517765,,,
20,52229,-0.02569393441081047,,,
20,52234,-0.06342551112174988,,,
20,52239,-0.04406636580824852,,,
20,52244,-0.037977635860443115,,,
20,52249,-0.05837729945778847,,,
20,52254,-0.0499553382396698,,,
20,52259,-0.03759920969605446,,,
20,52264,-0.04135984927415848,,,
20,52269,-0.048010509461164474,,,
20,52274,-0.031090274453163147,,,
20,52279,-0.036732930690050125,,,
20,52284,-0.029921725392341614,,,
20,52289,-0.029629919677972794,,,
20,52294,-0.04923132434487343,,,
20,52299,-0.038263071328401566,,,
20,52304,-0.05319752171635628,,,
20,52309,-0.028961025178432465,,,
20,52314,-0.04868694767355919,,,
20,52319,-0.04564680904150009,,,
20,52324,-0.03446923941373825,,,
20,52329,-0.04903537034988403,,,
20,52334,-0.03398565948009491,,,
20,52339,-0.04592772573232651,,,
20,52344,-0.05146370828151703,,,
20,52349,-0.05181574821472168,,,
20,52354,-0.05124000087380409,,,
20,52359,-0.033077940344810486,,,
20,52364,-0.0022717053070664406,,,
20,52369,-0.04499185085296631,,,
20,52374,-0.040440868586301804,,,
20,52379,-0.016830619424581528,,,
20,52384,-0.04135926067829132,,,
20,52389,-0.03428468853235245,,,
20,52394,-0.03927954286336899,,,
20,52399,-0.04175310581922531,,,
20,52404,-0.04579707235097885,,,
20,52409,-0.025241274386644363,,,
20,52414,-0.03390366584062576,,,
20,52419,-0.013722951523959637,,,
20,52424,-0.020265206694602966,,,
20,52429,-0.05779442563652992,,,
20,52434,-0.023872675374150276,,,
20,52439,-0.02466988004744053,,,
20,52444,-0.02762940712273121,,,
20,52449,-0.04454819858074188,,,
20,52454,-0.035787999629974365,,,
20,52459,-0.06875738501548767,,,
20,52464,-0.050538569688797,,,
20,52469,-0.0359661765396595,,,
20,52474,-0.03706122189760208,,,
20,52479,-0.040978021919727325,,,
20,52484,-0.03605518862605095,,,
20,52489,-0.010494254529476166,,,
20,52494,-0.04180372506380081,,,
20,52499,-0.04030251502990723,,,
20,52499,,-0.03589408099651337,0.3050000071525574,0.607124388217926
21,52504,-0.06414339691400528,,,
21,52509,-0.03601779043674469,,,
21,52514,-0.03289663791656494,,,
21,52519,-0.045838046818971634,,,
21,52524,-0.04173931106925011,,,
21,52529,-0.045793719589710236,,,
21,52534,-0.033639032393693924,,,
21,52539,-0.05958377569913864,,,
21,52544,-0.03442757949233055,,,
21,52549,-0.021876828745007515,,,
21,52554,-0.048446498811244965,,,
21,52559,-0.046111494302749634,,,
21,52564,-0.04069739580154419,,,
21,52569,-0.04398925602436066,,,
21,52574,-0.033449187874794006,,,
21,52579,-0.04212436079978943,,,
21,52584,-0.03803817182779312,,,
21,52589,-0.04580971598625183,,,
21,52594,-0.048207417130470276,,,
21,52599,-0.05162883549928665,,,
21,52604,-0.04231518134474754,,,
21,52609,-0.027509771287441254,,,
21,52614,-0.04781296104192734,,,
21,52619,-0.04473882168531418,,,
21,52624,-0.04939155653119087,,,
21,52629,-0.044977348297834396,,,
21,52634,-0.04592030495405197,,,
21,52639,-0.038666751235723495,,,
21,52644,-0.055968254804611206,,,
21,52649,-0.02910006418824196,,,
21,52654,-0.04373815283179283,,,
21,52659,-0.03632188215851784,,,
21,52664,-0.03843832015991211,,,
21,52669,-0.048316165804862976,,,
21,52674,-0.04333392158150673,,,
21,52679,-0.032046154141426086,,,
21,52684,-0.020071078091859818,,,
21,52689,-0.035440269857645035,,,
21,52694,-0.030034132301807404,,,
21,52699,-0.047061819583177567,,,
21,52704,-0.059019386768341064,,,
21,52709,-0.03272411972284317,,,
21,52714,-0.049939967691898346,,,
21,52719,-0.04219719395041466,,,
21,52724,-0.040618959814310074,,,
21,52729,-0.024821115657687187,,,
21,52734,-0.03118373267352581,,,
21,52739,-0.04481321573257446,,,
21,52744,-0.03380672261118889,,,
21,52749,-0.03273937106132507,,,
21,52754,-0.03596349433064461,,,
21,52759,-0.036695633083581924,,,
21,52764,-0.04001947119832039,,,
21,52769,-0.04990192502737045,,,
21,52774,-0.039583876729011536,,,
21,52779,-0.027817487716674805,,,
21,52784,-0.040471237152814865,,,
21,52789,-0.026624683290719986,,,
21,52794,-0.05886587128043175,,,
21,52799,-0.054414182901382446,,,
21,52804,-0.04161728173494339,,,
21,52809,-0.03951301425695419,,,
21,52814,-0.04200246185064316,,,
21,52819,-0.041532002389431,,,
21,52824,-0.03453989699482918,,,
21,52829,-0.030890244990587234,,,
21,52834,-0.03783765062689781,,,
21,52839,-0.022690728306770325,,,
21,52844,-0.029619881883263588,,,
21,52849,-0.050223514437675476,,,
21,52854,-0.03211072459816933,,,
21,52859,-0.04515640437602997,,,
21,52864,-0.03445843607187271,,,
21,52869,-0.046925947070121765,,,
21,52874,-0.03927752375602722,,,
21,52879,-0.05055736005306244,,,
21,52884,-0.025287944823503494,,,
21,52889,-0.042975157499313354,,,
21,52894,-0.025893744081258774,,,
21,52899,-0.0480576753616333,,,
21,52904,-0.058449484407901764,,,
21,52909,-0.039974432438611984,,,
21,52914,-0.027602341026067734,,,
21,52919,-0.025808928534388542,,,
21,52924,-0.025016697123646736,,,
21,52929,-0.0407610759139061,,,
21,52934,-0.04504462331533432,,,
21,52939,-0.04362493008375168,,,
21,52944,-0.03355810418725014,,,
21,52949,-0.03239941969513893,,,
21,52954,-0.025541599839925766,,,
21,52959,-0.03020550310611725,,,
21,52964,-0.039501290768384933,,,
21,52969,-0.04321641847491264,,,
21,52974,-0.04787497967481613,,,
21,52979,-0.02748618647456169,,,
21,52984,-0.03376035392284393,,,
21,52989,-0.035120610147714615,,,
21,52994,-0.0360383614897728,,,
21,52999,-0.03498576581478119,,,
21,53004,-0.042420536279678345,,,
21,53009,-0.04237104579806328,,,
21,53014,-0.024117112159729004,,,
21,53019,-0.04245355725288391,,,
21,53024,-0.039735347032547,,,
21,53029,-0.056840408593416214,,,
21,53034,-0.04418899491429329,,,
21,53039,-0.036752864718437195,,,
21,53044,-0.042208828032016754,,,
21,53049,-0.03726235404610634,,,
21,53054,-0.050355929881334305,,,
21,53059,-0.04140166938304901,,,
21,53064,-0.018227193504571915,,,
21,53069,-0.043719738721847534,,,
21,53074,-0.0424080565571785,,,
21,53079,-0.021543605253100395,,,
21,53084,-0.03915858268737793,,,
21,53089,-0.04952573403716087,,,
21,53094,-0.05483701452612877,,,
21,53099,-0.05329187214374542,,,
21,53104,-0.03446407988667488,,,
21,53109,-0.037999723106622696,,,
21,53114,-0.030704334378242493,,,
21,53119,-0.03613528609275818,,,
21,53124,-0.05072806775569916,,,
21,53129,-0.04950571805238724,,,
21,53134,-0.04852462559938431,,,
21,53139,-0.04682707041501999,,,
21,53144,-0.04439544305205345,,,
21,53149,-0.022479671984910965,,,
21,53154,-0.048449549823999405,,,
21,53159,-0.05492163449525833,,,
21,53164,-0.04809899255633354,,,
21,53169,-0.033100586384534836,,,
21,53174,-0.04369311034679413,,,
21,53179,-0.01533081941306591,,,
21,53184,-0.04626374691724777,,,
21,53189,-0.041007038205862045,,,
21,53194,-0.03225386515259743,,,
21,53199,-0.044749654829502106,,,
21,53204,-0.04228625446557999,,,
21,53209,-0.05573393404483795,,,
21,53214,-0.027927927672863007,,,
21,53219,-0.028488701209425926,,,
21,53224,-0.02841920405626297,,,
21,53229,-0.04892280697822571,,,
21,53234,-0.026555778458714485,,,
21,53239,-0.04761994630098343,,,
21,53244,-0.05415667966008186,,,
21,53249,-0.031847454607486725,,,
21,53254,-0.047890834510326385,,,
21,53259,-0.025069313123822212,,,
21,53264,-0.03772373124957085,,,
21,53269,-0.04072822630405426,,,
21,53274,-0.05356444790959358,,,
21,53279,-0.027898253872990608,,,
21,53284,-0.05574800819158554,,,
21,53289,-0.047957539558410645,,,
21,53294,-0.02703576534986496,,,
21,53299,-0.04642476513981819,,,
21,53304,-0.042608506977558136,,,
21,53309,-0.04044000431895256,,,
21,53314,-0.02627553790807724,,,
21,53319,-0.046158649027347565,,,
21,53324,-0.046830832958221436,,,
21,53329,-0.040368273854255676,,,
21,53334,-0.05677854269742966,,,
21,53339,-0.059905435889959335,,,
21,53344,-0.05690629035234451,,,
21,53349,-0.03752410411834717,,,
21,53354,-0.04264962300658226,,,
21,53359,-0.03498566150665283,,,
21,53364,-0.04380326718091965,,,
21,53369,-0.03583422303199768,,,
21,53374,-0.05290691554546356,,,
21,53379,-0.04349258914589882,,,
21,53384,-0.028659768402576447,,,
21,53389,-0.046807050704956055,,,
21,53394,-0.032240722328424454,,,
21,53399,-0.04526489973068237,,,
21,53404,-0.013781934976577759,,,
21,53409,-0.05082125961780548,,,
21,53414,-0.036998532712459564,,,
21,53419,-0.043034493923187256,,,
21,53424,-0.05673253536224365,,,
21,53429,-0.04707365483045578,,,
21,53434,-0.04765070974826813,,,
21,53439,-0.0430673211812973,,,
21,53444,-0.04147883132100105,,,
21,53449,-0.05639447644352913,,,
21,53454,-0.04499773681163788,,,
21,53459,-0.04084327816963196,,,
21,53464,-0.021717585623264313,,,
21,53469,-0.039663903415203094,,,
21,53474,-0.03531531244516373,,,
21,53479,-0.014220488257706165,,,
21,53484,-0.04656082019209862,,,
21,53489,-0.04532962664961815,,,
21,53494,-0.013102410361170769,,,
21,53499,-0.040758587419986725,,,
21,53504,-0.03934227302670479,,,
21,53509,-0.03085690550506115,,,
21,53514,-0.026255568489432335,,,
21,53519,-0.05736128240823746,,,
21,53524,-0.017775071784853935,,,
21,53529,-0.04696907848119736,,,
21,53534,-0.03929026797413826,,,
21,53539,-0.0018902961164712906,,,
21,53544,-0.0386173278093338,,,
21,53549,-0.024102676659822464,,,
21,53554,-0.043426696211099625,,,
21,53559,-0.04514791816473007,,,
21,53564,-0.017091406509280205,,,
21,53569,-0.007997972890734673,,,
21,53574,-0.04121703654527664,,,
21,53579,-0.04800586774945259,,,
21,53584,-0.04031969979405403,,,
21,53589,-0.031821392476558685,,,
21,53594,-0.039672717452049255,,,
21,53599,-0.044538307934999466,,,
21,53604,-0.0449838861823082,,,
21,53609,-0.028429990634322166,,,
21,53614,-0.03898288309574127,,,
21,53619,0.0009371936321258545,,,
21,53624,-0.03463064506649971,,,
21,53629,-0.02637048438191414,,,
21,53634,-0.030488278716802597,,,
21,53639,-0.052408501505851746,,,
21,53644,-0.03094497323036194,,,
21,53649,-0.02182788960635662,,,
21,53654,-0.037143152207136154,,,
21,53659,-0.024052442982792854,,,
21,53664,-0.049248166382312775,,,
21,53669,-0.05195207893848419,,,
21,53674,-0.0438225120306015,,,
21,53679,-0.03741222620010376,,,
21,53684,-0.037522926926612854,,,
21,53689,-0.03349428251385689,,,
21,53694,-0.04406952112913132,,,
21,53699,-0.040434807538986206,,,
21,53704,-0.040961429476737976,,,
21,53709,-0.039090581238269806,,,
21,53714,-0.037275299429893494,,,
21,53719,-0.045412130653858185,,,
21,53724,-0.062097422778606415,,,
21,53729,-0.011244864203035831,,,
21,53734,-0.03475465625524521,,,
21,53739,-0.03279328718781471,,,
21,53744,-0.019159581512212753,,,
21,53749,-0.03961562737822533,,,
21,53754,-0.051682084798812866,,,
21,53759,-0.04472725838422775,,,
21,53764,-0.02949671819806099,,,
21,53769,-0.04366767406463623,,,
21,53774,-0.03526977449655533,,,
21,53779,-0.03267619386315346,,,
21,53784,-0.04836159199476242,,,
21,53789,-0.0601203590631485,,,
21,53794,-0.05054657906293869,,,
21,53799,-0.04305894300341606,,,
21,53804,-0.038608841598033905,,,
21,53809,-0.04456562176346779,,,
21,53814,-0.04043195769190788,,,
21,53819,-0.05960676074028015,,,
21,53824,-0.038912124931812286,,,
21,53829,-0.041764095425605774,,,
21,53834,-0.04879320040345192,,,
21,53839,-0.027077265083789825,,,
21,53844,-0.042944952845573425,,,
21,53849,-0.03129671514034271,,,
21,53854,-0.0403958261013031,,,
21,53859,-0.045102037489414215,,,
21,53864,-0.04739932715892792,,,
21,53869,-0.023318160325288773,,,
21,53874,-0.025327708572149277,,,
21,53879,-0.03710918128490448,,,
21,53884,-0.05776946246623993,,,
21,53889,-0.04117552563548088,,,
21,53894,-0.041204892098903656,,,
21,53899,-0.041418734937906265,,,
21,53904,-0.03472679853439331,,,
21,53909,-0.03581360727548599,,,
21,53914,-0.046524811536073685,,,
21,53919,-0.035416945815086365,,,
21,53924,-0.04258349537849426,,,
21,53929,-0.012661690823733807,,,
21,53934,-0.0429505854845047,,,
21,53939,-0.03657917678356171,,,
21,53944,-0.05422259867191315,,,
21,53949,-0.03519682586193085,,,
21,53954,-0.02353748306632042,,,
21,53959,-0.054920412600040436,,,
21,53964,-0.04671834409236908,,,
21,53969,-0.037727516144514084,,,
21,53974,-0.013923436403274536,,,
21,53979,-0.045188162475824356,,,
21,53984,-0.03576621413230896,,,
21,53989,-0.04321105033159256,,,
21,53994,-0.05145014077425003,,,
21,53999,-0.029853709042072296,,,
21,54004,-0.04124309867620468,,,
21,54009,-0.027667654678225517,,,
21,54014,-0.047752201557159424,,,
21,54019,-0.025064077228307724,,,
21,54024,-0.03515031933784485,,,
21,54029,-0.03292740136384964,,,
21,54034,-0.042949605733156204,,,
21,54039,-0.05047593638300896,,,
21,54044,-0.049196064472198486,,,
21,54049,-0.037801120430231094,,,
21,54054,-0.03964381664991379,,,
21,54059,-0.03395010158419609,,,
21,54064,-0.02115156315267086,,,
21,54069,-0.06121804565191269,,,
21,54074,-0.04985427111387253,,,
21,54079,-0.014019831083714962,,,
21,54084,-0.06091544032096863,,,
21,54089,-0.04674340412020683,,,
21,54094,-0.03909403458237648,,,
21,54099,-0.036688271909952164,,,
21,54104,-0.04128348082304001,,,
21,54109,-0.043140821158885956,,,
21,54114,-0.041101012378931046,,,
21,54119,-0.04201322793960571,,,
21,54124,-0.052312761545181274,,,
21,54129,-0.05060667172074318,,,
21,54134,-0.04809807240962982,,,
21,54139,-0.040068767964839935,,,
21,54144,-0.0223676860332489,,,
21,54149,-0.01688520237803459,,,
21,54154,-0.06689010560512543,,,
21,54159,-0.05490553379058838,,,
21,54164,-0.05028713867068291,,,
21,54169,-0.04847048968076706,,,
21,54174,-0.038536135107278824,,,
21,54179,-0.039872124791145325,,,
21,54184,-0.04810526967048645,,,
21,54189,-0.04373279958963394,,,
21,54194,-0.03196146711707115,,,
21,54199,-0.05142120271921158,,,
21,54204,-0.0379340797662735,,,
21,54209,-0.004150986671447754,,,
21,54214,-0.02019418403506279,,,
21,54219,-0.03995928540825844,,,
21,54224,-0.052137166261672974,,,
21,54229,-0.021454226225614548,,,
21,54234,-0.06618596613407135,,,
21,54239,-0.05345954746007919,,,
21,54244,-0.02460426092147827,,,
21,54249,-0.020787585526704788,,,
21,54254,-0.037032827734947205,,,
21,54259,-0.05821527540683746,,,
21,54264,-0.04573763161897659,,,
21,54269,-0.04402144253253937,,,
21,54274,-0.0331169068813324,,,
21,54279,-0.02584017999470234,,,
21,54284,-0.05500977486371994,,,
21,54289,-0.04181847721338272,,,
21,54294,-0.024173492565751076,,,
21,54299,-0.04042435437440872,,,
21,54304,-0.024883195757865906,,,
21,54309,-0.03578425198793411,,,
21,54314,-0.03145391494035721,,,
21,54319,-0.04391991347074509,,,
21,54324,-0.04615092650055885,,,
21,54329,-0.06007178872823715,,,
21,54334,-0.03611195832490921,,,
21,54339,-0.029556158930063248,,,
21,54344,-0.04746130481362343,,,
21,54349,-0.024088460952043533,,,
21,54354,-0.0384165421128273,,,
21,54359,-0.037133052945137024,,,
21,54364,-0.03137371689081192,,,
21,54369,-0.057004500180482864,,,
21,54374,-0.019866585731506348,,,
21,54379,-0.03851260617375374,,,
21,54384,-0.04407879337668419,,,
21,54389,-0.05470050126314163,,,
21,54394,0.021660126745700836,,,
21,54399,-0.03805176541209221,,,
21,54404,-0.03587668761610985,,,
21,54409,-0.020493563264608383,,,
21,54414,-0.04072587192058563,,,
21,54419,-0.03692203760147095,,,
21,54424,-0.05704503878951073,,,
21,54429,-0.02504565380513668,,,
21,54434,-0.057438623160123825,,,
21,54439,-0.05768904834985733,,,
21,54444,-0.02794194221496582,,,
21,54449,-0.03049379214644432,,,
21,54454,-0.02835564687848091,,,
21,54459,-0.052316002547740936,,,
21,54464,-0.04371409863233566,,,
21,54469,-0.04501613229513168,,,
21,54474,-0.039341218769550323,,,
21,54479,-0.05072610452771187,,,
21,54484,-0.03452230244874954,,,
21,54489,-0.017637353390455246,,,
21,54494,-0.053840652108192444,,,
21,54499,-0.03402562439441681,,,
21,54504,-0.052359890192747116,,,
21,54509,-0.04420413449406624,,,
21,54514,-0.02417764812707901,,,
21,54519,-0.04392030090093613,,,
21,54524,-0.04370439052581787,,,
21,54529,-0.040731001645326614,,,
21,54534,-0.04190748929977417,,,
21,54539,-0.0436607301235199,,,
21,54544,-0.055388443171978,,,
21,54549,-0.04202985018491745,,,
21,54554,-0.05530949681997299,,,
21,54559,-0.044044867157936096,,,
21,54564,-0.020149389281868935,,,
21,54569,-0.026332808658480644,,,
21,54574,-0.05783383548259735,,,
21,54579,-0.03923216834664345,,,
21,54584,-0.019393902271986008,,,
21,54589,-0.03752467408776283,,,
21,54594,-0.029955821111798286,,,
21,54599,-0.040097661316394806,,,
21,54604,-0.054383259266614914,,,
21,54609,-0.04323805868625641,,,
21,54614,-0.03959067910909653,,,
21,54619,-0.05607035756111145,,,
21,54624,-0.05153021961450577,,,
21,54629,-0.04609733819961548,,,
21,54634,-0.04028347134590149,,,
21,54639,-0.039031751453876495,,,
21,54644,-0.04395041614770889,,,
21,54649,-0.04065823554992676,,,
21,54654,-0.0390927791595459,,,
21,54659,-0.03166092932224274,,,
21,54664,-0.03310409188270569,,,
21,54669,-0.012556208297610283,,,
21,54674,-0.03941957652568817,,,
21,54679,-0.028252314776182175,,,
21,54684,-0.031622882932424545,,,
21,54689,-0.037811361253261566,,,
21,54694,-0.026885515078902245,,,
21,54699,-0.026804985478520393,,,
21,54704,-0.04267159104347229,,,
21,54709,-0.04307620972394943,,,
21,54714,-0.037649381905794144,,,
21,54719,-0.0388638898730278,,,
21,54724,-0.02027019113302231,,,
21,54729,-0.04552716761827469,,,
21,54734,-0.058433618396520615,,,
21,54739,-0.06227372586727142,,,
21,54744,-0.03951922059059143,,,
21,54749,-0.04996304214000702,,,
21,54754,-0.054808929562568665,,,
21,54759,-0.03244393318891525,,,
21,54764,-0.034976884722709656,,,
21,54769,-0.058094318956136703,,,
21,54774,-0.021644290536642075,,,
21,54779,-0.034492358565330505,,,
21,54784,-0.026026668027043343,,,
21,54789,-0.022000007331371307,,,
21,54794,-0.03944147005677223,,,
21,54799,-0.040032755583524704,,,
21,54804,-0.05954211205244064,,,
21,54809,-0.03888215869665146,,,
21,54814,-0.04649803042411804,,,
21,54819,-0.03294166922569275,,,
21,54824,-0.035207636654376984,,,
21,54829,-0.03627459332346916,,,
21,54834,-0.04301656782627106,,,
21,54839,-0.06676220893859863,,,
21,54844,-0.038753289729356766,,,
21,54849,-0.020186342298984528,,,
21,54854,-0.044331442564725876,,,
21,54859,0.001429600641131401,,,
21,54864,-0.024363521486520767,,,
21,54869,-0.03629308566451073,,,
21,54874,-0.03280258923768997,,,
21,54879,-0.05971958860754967,,,
21,54884,-0.05324150621891022,,,
21,54889,-0.050111766904592514,,,
21,54894,-0.041009511798620224,,,
21,54899,-0.037943460047245026,,,
21,54904,-0.055525198578834534,,,
21,54909,-0.02934248000383377,,,
21,54914,-0.029973149299621582,,,
21,54919,-0.015227286145091057,,,
21,54924,-0.047967083752155304,,,
21,54929,-0.052195943892002106,,,
21,54934,-0.05275692790746689,,,
21,54939,-0.05059308558702469,,,
21,54944,-0.01659853383898735,,,
21,54949,-0.03180662542581558,,,
21,54954,0.007105317898094654,,,
21,54959,-0.04422159492969513,,,
21,54964,-0.05067437142133713,,,
21,54969,-0.03093349002301693,,,
21,54974,-0.039958082139492035,,,
21,54979,-0.04256400465965271,,,
21,54984,-0.020268185064196587,,,
21,54989,-0.05736764520406723,,,
21,54994,-0.05278559774160385,,,
21,54999,-0.05679137259721756,,,
21,54999,,-0.03590810298919678,0.2985999882221222,0.5936328768730164
22,55004,-0.042691633105278015,,,
22,55009,-0.048646871000528336,,,
22,55014,-0.05243257060647011,,,
22,55019,-0.028390513733029366,,,
22,55024,-0.0371096208691597,,,
22,55029,-0.04879569634795189,,,
22,55034,-0.048400718718767166,,,
22,55039,-0.04135499522089958,,,
22,55044,-0.041977062821388245,,,
22,55049,-0.04353813827037811,,,
22,55054,-0.04096067696809769,,,
22,55059,-0.03150913864374161,,,
22,55064,-0.04558867588639259,,,
22,55069,-0.03217082470655441,,,
22,55074,-0.05310983583331108,,,
22,55079,-0.056094780564308167,,,
22,55084,-0.029944349080324173,,,
22,55089,-0.03150271624326706,,,
22,55094,-0.04015233740210533,,,
22,55099,-0.03719281032681465,,,
22,55104,-0.04311050474643707,,,
22,55109,-0.04699243977665901,,,
22,55114,-0.05680082365870476,,,
22,55119,-0.023862991482019424,,,
22,55124,-0.03571853041648865,,,
22,55129,-0.030257737264037132,,,
22,55134,-0.05143960192799568,,,
22,55139,-0.03687508776783943,,,
22,55144,-0.04583878442645073,,,
22,55149,-0.04683198034763336,,,
22,55154,-0.037692390382289886,,,
22,55159,-0.022289400920271873,,,
22,55164,-0.03872101381421089,,,
22,55169,-0.046042151749134064,,,
22,55174,-0.05589279532432556,,,
22,55179,-0.04968638718128204,,,
22,55184,-0.03503243625164032,,,
22,55189,-0.018779207020998,,,
22,55194,-0.04180780053138733,,,
22,55199,-0.046134646981954575,,,
22,55204,-0.039129577577114105,,,
22,55209,-0.03938784450292587,,,
22,55214,-0.03570876643061638,,,
22,55219,-0.04583686590194702,,,
22,55224,-0.0509585365653038,,,
22,55229,-0.02988060563802719,,,
22,55234,-0.033242423087358475,,,
22,55239,-0.03792975842952728,,,
22,55244,-0.037787385284900665,,,
22,55249,-0.033216722309589386,,,
22,55254,-0.04949342459440231,,,
22,55259,-0.03795444220304489,,,
22,55264,-0.032778531312942505,,,
22,55269,-0.04047244042158127,,,
22,55274,-0.05024992674589157,,,
22,55279,-0.035051941871643066,,,
22,55284,-0.03860347718000412,,,
22,55289,-0.029221052303910255,,,
22,55294,-0.03170306980609894,,,
22,55299,-0.050884127616882324,,,
22,55304,-0.025732262060046196,,,
22,55309,-0.04354988783597946,,,
22,55314,-0.022609027102589607,,,
22,55319,-0.04483013600111008,,,
22,55324,-0.047584205865859985,,,
22,55329,-0.05156219005584717,,,
22,55334,-0.028396617621183395,,,
22,55339,-0.04247938096523285,,,
22,55344,-0.027930833399295807,,,
22,55349,-0.022496383637189865,,,
22,55354,-0.04849378764629364,,,
22,55359,-0.0338926687836647,,,
22,55364,-0.027264012023806572,,,
22,55369,-0.05618909373879433,,,
22,55374,-0.053485944867134094,,,
22,55379,-0.047636691480875015,,,
22,55384,-0.04279777407646179,,,
22,55389,-0.035176753997802734,,,
22,55394,-0.05813363939523697,,,
22,55399,-0.03814278915524483,,,
22,55404,-0.03992760181427002,,,
22,55409,-0.03593919426202774,,,
22,55414,-0.03641276806592941,,,
22,55419,-0.019566956907510757,,,
22,55424,-0.045107152312994,,,
22,55429,-0.03648070991039276,,,
22,55434,-0.0630350336432457,,,
22,55439,-0.05243360996246338,,,
22,55444,-0.0582193061709404,,,
22,55449,-0.029875945299863815,,,
22,55454,-0.02653266116976738,,,
22,55459,-0.04569774493575096,,,
22,55464,-0.052790217101573944,,,
22,55469,-0.0454440712928772,,,
22,55474,-0.045165449380874634,,,
22,55479,-0.04992697760462761,,,
22,55484,-0.03697118163108826,,,
22,55489,-0.03225375711917877,,,
22,55494,-0.031571291387081146,,,
22,55499,-0.031937479972839355,,,
22,55504,-0.047751154750585556,,,
22,55509,-0.05779891461133957,,,
22,55514,-0.022506311535835266,,,
22,55519,-0.05158022791147232,,,
22,55524,-0.03184720128774643,,,
22,55529,-0.030311260372400284,,,
22,55534,-0.01610253006219864,,,
22,55539,-0.03169899433851242,,,
22,55544,-0.04901641607284546,,,
22,55549,-0.02375536970794201,,,
22,55554,-0.03853042423725128,,,
22,55559,-0.04721606522798538,,,
22,55564,-0.04549596086144447,,,
22,55569,-0.047681957483291626,,,
22,55574,-0.015620756894350052,,,
22,55579,-0.04182948172092438,,,
22,55584,-0.02345309779047966,,,
22,55589,-0.04746276140213013,,,
22,55594,-0.02606598474085331,,,
22,55599,-0.04231789708137512,,,
22,55604,-0.03569124639034271,,,
22,55609,-0.04231946915388107,,,
22,55614,-0.05115852877497673,,,
22,55619,0.0018797283992171288,,,
22,55624,-0.026917897164821625,,,
22,55629,-0.04434950649738312,,,
22,55634,-0.04263986274600029,,,
22,55639,-0.06904089450836182,,,
22,55644,-0.05193950980901718,,,
22,55649,-0.03642318397760391,,,
22,55654,-0.04550885036587715,,,
22,55659,-0.036322079598903656,,,
22,55664,-0.01631728745996952,,,
22,55669,-0.024643752723932266,,,
22,55674,-0.03938111290335655,,,
22,55679,-0.046527162194252014,,,
22,55684,-0.03606569021940231,,,
22,55689,-0.028417646884918213,,,
22,55694,-0.043637633323669434,,,
22,55699,-0.029233254492282867,,,
22,55704,-0.03316797688603401,,,
22,55709,-0.04648398980498314,,,
22,55714,-0.04641629010438919,,,
22,55719,-0.029667209833860397,,,
22,55724,-0.029329268261790276,,,
22,55729,-0.053986191749572754,,,
22,55734,-0.04013960063457489,,,
22,55739,-0.06009957194328308,,,
22,55744,-0.03907515108585358,,,
22,55749,-0.03296136111021042,,,
22,55754,-0.037191443145275116,,,
22,55759,-0.044510968029499054,,,
22,55764,-0.03592433035373688,,,
22,55769,-0.03498702868819237,,,
22,55774,-0.026970483362674713,,,
22,55779,-0.04926268756389618,,,
22,55784,-0.03129393607378006,,,
22,55789,-0.04683715105056763,,,
22,55794,-0.03693513944745064,,,
22,55799,-0.05038810893893242,,,
22,55804,-0.052815280854701996,,,
22,55809,-0.06052125245332718,,,
22,55814,-0.05042748898267746,,,
22,55819,-0.041625745594501495,,,
22,55824,-0.045074712485075,,,
22,55829,-0.04090448468923569,,,
22,55834,-0.038447145372629166,,,
22,55839,-0.039969172328710556,,,
22,55844,-0.04269765317440033,,,
22,55849,-0.040048882365226746,,,
22,55854,-0.03735905885696411,,,
22,55859,-0.03190120682120323,,,
22,55864,-0.024047929793596268,,,
22,55869,-0.039189375936985016,,,
22,55874,-0.04116866737604141,,,
22,55879,-0.030813265591859818,,,
22,55884,-0.0527716800570488,,,
22,55889,-0.04256575554609299,,,
22,55894,-0.016756771132349968,,,
22,55899,-0.05964451655745506,,,
22,55904,-0.030288387089967728,,,
22,55909,-0.03354029729962349,,,
22,55914,-0.03880000859498978,,,
22,55919,-0.031803198158741,,,
22,55924,-0.02931997925043106,,,
22,55929,-0.027279645204544067,,,
22,55934,-0.031348519027233124,,,
22,55939,-0.03903378173708916,,,
22,55944,-0.03330391272902489,,,
22,55949,-0.04933962970972061,,,
22,55954,-0.03749680519104004,,,
22,55959,-0.04081234708428383,,,
22,55964,-0.044860634952783585,,,
22,55969,-0.01643376052379608,,,
22,55974,-0.04944436997175217,,,
22,55979,-0.06658951938152313,,,
22,55984,-0.04940841346979141,,,
22,55989,-0.042211174964904785,,,
22,55994,-0.02663123980164528,,,
22,55999,-0.0394991859793663,,,
22,56004,-0.03827402740716934,,,
22,56009,-0.024722842499613762,,,
22,56014,-0.0373748354613781,,,
22,56019,-0.04372146353125572,,,
22,56024,-0.04170006886124611,,,
22,56029,-0.03787284344434738,,,
22,56034,-0.04278828203678131,,,
22,56039,-0.011412234976887703,,,
22,56044,-0.0300583615899086,,,
22,56049,-0.05754116550087929,,,
22,56054,-0.032744742929935455,,,
22,56059,-0.056209489703178406,,,
22,56064,-0.016193091869354248,,,
22,56069,-0.04033428803086281,,,
22,56074,-0.045974694192409515,,,
22,56079,-0.05523568391799927,,,
22,56084,-0.02727539837360382,,,
22,56089,-0.038047268986701965,,,
22,56094,-0.03508233278989792,,,
22,56099,-0.040441468358039856,,,
22,56104,-0.04415345937013626,,,
22,56109,-0.057450003921985626,,,
22,56114,-0.04115460813045502,,,
22,56119,-0.04006457328796387,,,
22,56124,-0.06087835878133774,,,
22,56129,-0.03242720663547516,,,
22,56134,-0.03370564430952072,,,
22,56139,-0.04808206111192703,,,
22,56144,-0.055192023515701294,,,
22,56149,-0.02513839490711689,,,
22,56154,-0.06022894009947777,,,
22,56159,-0.06831653416156769,,,
22,56164,-0.0162164568901062,,,
22,56169,-0.04818188399076462,,,
22,56174,-0.059922292828559875,,,
22,56179,-0.01662255823612213,,,
22,56184,-0.052637625485658646,,,
22,56189,-0.05188862979412079,,,
22,56194,-0.0375240296125412,,,
22,56199,-0.02086002379655838,,,
22,56204,-0.041483305394649506,,,
22,56209,-0.0326337069272995,,,
22,56214,-0.05388841778039932,,,
22,56219,-0.04818607121706009,,,
22,56224,-0.028005018830299377,,,
22,56229,-0.037620723247528076,,,
22,56234,-0.03627733886241913,,,
22,56239,-0.06189887970685959,,,
22,56244,-0.01458405889570713,,,
22,56249,-0.02921273186802864,,,
22,56254,-0.04397723823785782,,,
22,56259,-0.04256678745150566,,,
22,56264,-0.037546299397945404,,,
22,56269,-0.02255363203585148,,,
22,56274,-0.0039054639637470245,,,
22,56279,-0.025653086602687836,,,
22,56284,-0.026845799759030342,,,
22,56289,-0.039540909230709076,,,
22,56294,-0.04422861337661743,,,
22,56299,-0.040199585258960724,,,
22,56304,-0.019417256116867065,,,
22,56309,-0.04084593430161476,,,
22,56314,-0.057774391025304794,,,
22,56319,-0.03150755539536476,,,
22,56324,-0.032913245260715485,,,
22,56329,-0.03313203155994415,,,
22,56334,-0.04430803284049034,,,
22,56339,-0.03194441646337509,,,
22,56344,-0.033788517117500305,,,
22,56349,-0.028665687888860703,,,
22,56354,-0.03747747093439102,,,
22,56359,-0.05083677917718887,,,
22,56364,-0.02888796478509903,,,
22,56369,-0.03529989346861839,,,
22,56374,-0.009651724249124527,,,
22,56379,-0.04300034046173096,,,
22,56384,-0.03767474740743637,,,
22,56389,-0.039601292461156845,,,
22,56394,-0.04529128223657608,,,
22,56399,-0.023645345121622086,,,
22,56404,-0.022654637694358826,,,
22,56409,-0.045631203800439835,,,
22,56414,-0.041634149849414825,,,
22,56419,-0.05137550085783005,,,
22,56424,-0.04462650045752525,,,
22,56429,-0.04724690318107605,,,
22,56434,-0.031601764261722565,,,
22,56439,-0.019515791907906532,,,
22,56444,-0.0434134379029274,,,
22,56449,-0.03400851786136627,,,
22,56454,-0.04827386140823364,,,
22,56459,-0.04917968437075615,,,
22,56464,-0.047330617904663086,,,
22,56469,-0.02066832408308983,,,
22,56474,-0.04604765400290489,,,
22,56479,-0.02392573654651642,,,
22,56484,-0.04763815551996231,,,
22,56489,-0.03848755359649658,,,
22,56494,-0.009619342163205147,,,
22,56499,-0.05052471160888672,,,
22,56504,-0.04219290614128113,,,
22,56509,-0.04840489476919174,,,
22,56514,-0.02457733079791069,,,
22,56519,-0.04627322778105736,,,
22,56524,-0.04092385619878769,,,
22,56529,-0.03791813552379608,,,
22,56534,-0.05235147476196289,,,
22,56539,-0.025783242657780647,,,
22,56544,-0.024507109075784683,,,
22,56549,-0.03479168936610222,,,
22,56554,-0.030818389728665352,,,
22,56559,-0.03606296330690384,,,
22,56564,-0.05550215393304825,,,
22,56569,-0.037263259291648865,,,
22,56574,-0.035225432366132736,,,
22,56579,-0.04144581779837608,,,
22,56584,-0.03187759965658188,,,
22,56589,-0.028007863089442253,,,
22,56594,-0.04035010188817978,,,
22,56599,-0.03715362399816513,,,
22,56604,-0.04684501141309738,,,
22,56609,-0.04356088861823082,,,
22,56614,-0.028653424233198166,,,
22,56619,-0.0440051406621933,,,
22,56624,-0.044537097215652466,,,
22,56629,-0.027993537485599518,,,
22,56634,-0.02730456367135048,,,
22,56639,-0.04198060929775238,,,
22,56644,-0.04682110995054245,,,
22,56649,-0.02178186923265457,,,
22,56654,-0.021877838298678398,,,
22,56659,-0.029452070593833923,,,
22,56664,-0.04178565740585327,,,
22,56669,-0.04717114567756653,,,
22,56674,-0.03343559801578522,,,
22,56679,-0.036841314285993576,,,
22,56684,-0.042721785604953766,,,
22,56689,-0.02970394678413868,,,
22,56694,-0.040269769728183746,,,
22,56699,-0.024904755875468254,,,
22,56704,-0.03514517843723297,,,
22,56709,-0.049019746482372284,,,
22,56714,-0.029817331582307816,,,
22,56719,-0.041302189230918884,,,
22,56724,-0.03686787933111191,,,
22,56729,-0.04136573523283005,,,
22,56734,-0.04637450352311134,,,
22,56739,-0.041013315320014954,,,
22,56744,-0.05354144424200058,,,
22,56749,-0.03828549012541771,,,
22,56754,-0.039367400109767914,,,
22,56759,-0.024049319326877594,,,
22,56764,-0.03262792155146599,,,
22,56769,-0.023560810834169388,,,
22,56774,-0.038926027715206146,,,
22,56779,-0.03152383118867874,,,
22,56784,-0.03924311697483063,,,
22,56789,-0.04806589335203171,,,
22,56794,-0.04679369181394577,,,
22,56799,-0.04530438408255577,,,
22,56804,-0.03017689287662506,,,
22,56809,-0.02543005533516407,,,
22,56814,-0.0280618853867054,,,
22,56819,-0.04775695502758026,,,
22,56824,-0.036408886313438416,,,
22,56829,-0.037906743586063385,,,
22,56834,-0.02233777567744255,,,
22,56839,-0.01479246560484171,,,
22,56844,-0.044566165655851364,,,
22,56849,-0.06010868027806282,,,
22,56854,-0.04616113752126694,,,
22,56859,-0.0625920295715332,,,
22,56864,-0.04180694371461868,,,
22,56869,-0.011312218382954597,,,
22,56874,-0.035270512104034424,,,
22,56879,-0.030918389558792114,,,
22,56884,-0.045527391135692596,,,
22,56889,-0.018482830375432968,,,
22,56894,-0.037510134279727936,,,
22,56899,-0.013715306296944618,,,
22,56904,-0.034098684787750244,,,
22,56909,-0.04706961289048195,,,
22,56914,-0.054322220385074615,,,
22,56919,-0.04563095048069954,,,
22,56924,-0.04700006544589996,,,
22,56929,-0.024623967707157135,,,
22,56934,-0.04410848021507263,,,
22,56939,-0.03527939319610596,,,
22,56944,-0.04351881891489029,,,
22,56949,-0.041302599012851715,,,
22,56954,-0.03615538403391838,,,
22,56959,-0.03431878238916397,,,
22,56964,-0.023946885019540787,,,
22,56969,-0.04326576367020607,,,
22,56974,-0.03398161381483078,,,
22,56979,-0.0594058483839035,,,
22,56984,-0.0331699475646019,,,
22,56989,-0.04691825062036514,,,
22,56994,-0.038220010697841644,,,
22,56999,-0.04690152406692505,,,
22,57004,-0.03165152296423912,,,
22,57009,-0.03824097663164139,,,
22,57014,-0.042454760521650314,,,
22,57019,-0.029110942035913467,,,
22,57024,-0.04732947051525116,,,
22,57029,-0.02264193817973137,,,
22,57034,-0.04704385995864868,,,
22,57039,-0.04835954308509827,,,
22,57044,-0.028638172894716263,,,
22,57049,-0.025393694639205933,,,
22,57054,-0.019867800176143646,,,
22,57059,-0.06329169124364853,,,
22,57064,-0.05049701780080795,,,
22,57069,-0.03599506989121437,,,
22,57074,-0.03160324692726135,,,
22,57079,-0.04377105087041855,,,
22,57084,-0.04519728571176529,,,
22,57089,-0.029258988797664642,,,
22,57094,-0.041543133556842804,,,
22,57099,-0.04773635417222977,,,
22,57104,-0.031248342245817184,,,
22,57109,-0.028507638722658157,,,
22,57114,-0.02910429984331131,,,
22,57119,-0.046178050339221954,,,
22,57124,-0.02422686293721199,,,
22,57129,-0.04407983273267746,,,
22,57134,-0.050663575530052185,,,
22,57139,-0.05391564965248108,,,
22,57144,-0.030855253338813782,,,
22,57149,-0.044867195188999176,,,
22,57154,-0.040799930691719055,,,
22,57159,-0.027994032949209213,,,
22,57164,-0.043497275561094284,,,
22,57169,-0.038545407354831696,,,
22,57174,-0.03769123554229736,,,
22,57179,-0.028186559677124023,,,
22,57184,-0.0364859513938427,,,
22,57189,-0.05462586134672165,,,
22,57194,-0.0393981970846653,,,
22,57199,-0.04907325655221939,,,
22,57204,-0.02117999643087387,,,
22,57209,-0.04262880980968475,,,
22,57214,-0.04973288252949715,,,
22,57219,-0.03797421604394913,,,
22,57224,-0.0338541641831398,,,
22,57229,-0.048512496054172516,,,
22,57234,0.0008555436506867409,,,
22,57239,-0.048294663429260254,,,
22,57244,-0.016336629167199135,,,
22,57249,-0.0476214736700058,,,
22,57254,-0.022830108180642128,,,
22,57259,-0.05538158118724823,,,
22,57264,-0.04062368720769882,,,
22,57269,-0.04138631373643875,,,
22,57274,-0.031035665422677994,,,
22,57279,-0.025562405586242676,,,
22,57284,-0.036397214978933334,,,
22,57289,-0.04240798577666283,,,
22,57294,-0.04023464396595955,,,
22,57299,-0.05452591925859451,,,
22,57304,-0.0553620308637619,,,
22,57309,-0.04269765689969063,,,
22,57314,-0.018116381019353867,,,
22,57319,-0.04581661522388458,,,
22,57324,-0.04492500051856041,,,
22,57329,-0.05351327359676361,,,
22,57334,-0.028428081423044205,,,
22,57339,-0.0196075439453125,,,
22,57344,-0.04378963261842728,,,
22,57349,-0.051906950771808624,,,
22,57354,-0.04100239276885986,,,
22,57359,-0.0265105701982975,,,
22,57364,-0.03661554306745529,,,
22,57369,-0.04628226161003113,,,
22,57374,-0.023909596726298332,,,
22,57379,-0.01650947518646717,,,
22,57384,-0.05803291127085686,,,
22,57389,-0.04177669808268547,,,
22,57394,-0.04576846957206726,,,
22,57399,-0.014608454890549183,,,
22,57404,-0.046140022575855255,,,
22,57409,-0.04199425131082535,,,
22,57414,-0.05625136196613312,,,
22,57419,-0.05476764962077141,,,
22,57424,-0.038678087294101715,,,
22,57429,-0.023137914016842842,,,
22,57434,-0.0400080569088459,,,
22,57439,-0.04025128483772278,,,
22,57444,-0.039686933159828186,,,
22,57449,-0.048549454659223557,,,
22,57454,-0.03491012006998062,,,
22,57459,-0.04115782305598259,,,
22,57464,-0.04441162943840027,,,
22,57469,-0.02384532243013382,,,
22,57474,-0.04384017735719681,,,
22,57479,-0.03641441464424133,,,
22,57484,-0.054916150867938995,,,
22,57489,-0.02571197599172592,,,
22,57494,-0.04222128540277481,,,
22,57499,-0.016278935596346855,,,
22,57499,,-0.03189577907323837,0.3001999855041504,0.5946427583694458
23,57504,-0.04306644946336746,,,
23,57509,-0.059223562479019165,,,
23,57514,-0.0434127077460289,,,
23,57519,-0.045354604721069336,,,
23,57524,-0.049503982067108154,,,
23,57529,-0.04374955594539642,,,
23,57534,-0.028650518506765366,,,
23,57539,-0.036668479442596436,,,
23,57544,-0.02297111414372921,,,
23,57549,-0.021592605859041214,,,
23,57554,-0.04494486376643181,,,
23,57559,-0.05843810364603996,,,
23,57564,-0.027262205258011818,,,
23,57569,-0.05728582665324211,,,
23,57574,-0.04381367564201355,,,
23,57579,-0.04165241867303848,,,
23,57584,-0.04150325432419777,,,
23,57589,-0.024947835132479668,,,
23,57594,-0.019648980349302292,,,
23,57599,-0.04110383242368698,,,
23,57604,-0.02833842672407627,,,
23,57609,-0.030020607635378838,,,
23,57614,-0.04185815900564194,,,
23,57619,-0.041970014572143555,,,
23,57624,-0.0332152396440506,,,
23,57629,-0.04983402416110039,,,
23,57634,-0.0313950814306736,,,
23,57639,-0.03457251563668251,,,
23,57644,-0.04941554740071297,,,
23,57649,-0.03916964679956436,,,
23,57654,-0.040697790682315826,,,
23,57659,-0.025233278051018715,,,
23,57664,-0.045565083622932434,,,
23,57669,-0.040614910423755646,,,
23,57674,-0.04117315262556076,,,
23,57679,-0.03323231637477875,,,
23,57684,-0.032270338386297226,,,
23,57689,-0.02588721178472042,,,
23,57694,-0.035876818001270294,,,
23,57699,-0.049290452152490616,,,
23,57704,-0.04864735156297684,,,
23,57709,-0.03294563665986061,,,
23,57714,-0.039004869759082794,,,
23,57719,-0.02878633700311184,,,
23,57724,-0.05691075697541237,,,
23,57729,-0.039049819111824036,,,
23,57734,-0.027842534705996513,,,
23,57739,-0.03744999319314957,,,
23,57744,-0.046941909939050674,,,
23,57749,-0.034461699426174164,,,
23,57754,-0.041844651103019714,,,
23,57759,-0.03400522470474243,,,
23,57764,-0.03547050431370735,,,
23,57769,-0.03677898645401001,,,
23,57774,-0.03926693648099899,,,
23,57779,-0.04375213012099266,,,
23,57784,-0.030998364090919495,,,
23,57789,-0.019289406016469002,,,
23,57794,-0.00876097846776247,,,
23,57799,-0.04387462139129639,,,
23,57804,-0.032914094626903534,,,
23,57809,-0.04707390069961548,,,
23,57814,-0.055429473519325256,,,
23,57819,-0.03254542499780655,,,
23,57824,-0.02630769833922386,,,
23,57829,-0.038864653557538986,,,
23,57834,-0.043451711535453796,,,
23,57839,-0.032180026173591614,,,
23,57844,-0.017498522996902466,,,
23,57849,-0.05999539792537689,,,
23,57854,-0.04033642262220383,,,
23,57859,-0.04532661288976669,,,
23,57864,-0.037352100014686584,,,
23,57869,-0.039616361260414124,,,
23,57874,-0.03528732806444168,,,
23,57879,-0.02187717892229557,,,
23,57884,-0.03529622405767441,,,
23,57889,-0.042364273220300674,,,
23,57894,-0.04395865276455879,,,
23,57899,-0.01773402839899063,,,
23,57904,-0.04486992955207825,,,
23,57909,-0.04251747578382492,,,
23,57914,-0.042158570140600204,,,
23,57919,-0.03281699866056442,,,
23,57924,-0.04322296008467674,,,
23,57929,-0.01815347746014595,,,
23,57934,-0.03783293813467026,,,
23,57939,-0.03785252943634987,,,
23,57944,-0.027968695387244225,,,
23,57949,-0.03311487287282944,,,
23,57954,-0.04788212478160858,,,
23,57959,-0.049646615982055664,,,
23,57964,-0.0433020293712616,,,
23,57969,-0.0403580442070961,,,
23,57974,-0.04395509511232376,,,
23,57979,-0.037662796676158905,,,
23,57984,-0.04942719638347626,,,
23,57989,-0.033559273928403854,,,
23,57994,-0.010997364297509193,,,
23,57999,-0.04632776603102684,,,
23,58004,-0.03770015388727188,,,
23,58009,-0.05213752016425133,,,
23,58014,-0.04291762411594391,,,
23,58019,-0.045985735952854156,,,
23,58024,-0.02586042881011963,,,
23,58029,-0.035759832710027695,,,
23,58034,-0.0436333566904068,,,
23,58039,-0.040624164044857025,,,
23,58044,-0.03959910199046135,,,
23,58049,-0.04159640520811081,,,
23,58054,-0.03635790944099426,,,
23,58059,-0.016587896272540092,,,
23,58064,-0.04778110235929489,,,
23,58069,-0.05611565336585045,,,
23,58074,-0.027321673929691315,,,
23,58079,-0.015015017241239548,,,
23,58084,-0.04016894847154617,,,
23,58089,-0.0321228913962841,,,
23,58094,-0.03403058275580406,,,
23,58099,-0.02745746448636055,,,
23,58104,-0.04508945345878601,,,
23,58109,-0.04935947060585022,,,
23,58114,-0.05790942162275314,,,
23,58119,-0.026646506041288376,,,
23,58124,-0.02261832356452942,,,
23,58129,-0.027621548622846603,,,
23,58134,-0.03799328953027725,,,
23,58139,-0.06020788848400116,,,
23,58144,-0.042313553392887115,,,
23,58149,-0.03687713295221329,,,
23,58154,-0.0552334189414978,,,
23,58159,-0.027585018426179886,,,
23,58164,-0.031938061118125916,,,
23,58169,-0.04410688579082489,,,
23,58174,-0.03576764464378357,,,
23,58179,-0.04712535813450813,,,
23,58184,-0.03574519604444504,,,
23,58189,-0.03803021460771561,,,
23,58194,-0.04675370827317238,,,
23,58199,-0.028780346736311913,,,
23,58204,-0.03467150032520294,,,
23,58209,-0.04476217180490494,,,
23,58214,-0.03883308917284012,,,
23,58219,-0.026294495910406113,,,
23,58224,-0.030706927180290222,,,
23,58229,-0.04380029812455177,,,
23,58234,-0.04337358847260475,,,
23,58239,-0.0378846749663353,,,
23,58244,-0.027529360726475716,,,
23,58249,-0.03950827941298485,,,
23,58254,-0.025507837533950806,,,
23,58259,-0.047087013721466064,,,
23,58264,-0.032687537372112274,,,
23,58269,-0.06697525829076767,,,
23,58274,-0.04929647594690323,,,
23,58279,-0.03446778655052185,,,
23,58284,-0.044765256345272064,,,
23,58289,-0.05240925773978233,,,
23,58294,-0.0312962606549263,,,
23,58299,-0.036146972328424454,,,
23,58304,-0.03215082734823227,,,
23,58309,-0.024782169610261917,,,
23,58314,-0.0318194217979908,,,
23,58319,-0.039669234305620193,,,
23,58324,-0.051650360226631165,,,
23,58329,-0.049976710230112076,,,
23,58334,-0.041521139442920685,,,
23,58339,-0.03894517570734024,,,
23,58344,-0.043261006474494934,,,
23,58349,-0.04200713708996773,,,
23,58354,-0.030617723241448402,,,
23,58359,-0.03899707645177841,,,
23,58364,-0.026923755183815956,,,
23,58369,-0.03260296955704689,,,
23,58374,-0.0525888055562973,,,
23,58379,-0.04357846826314926,,,
23,58384,-0.05627449229359627,,,
23,58389,-0.054203905165195465,,,
23,58394,-0.01754837855696678,,,
23,58399,-0.03732878342270851,,,
23,58404,-0.01433042623102665,,,
23,58409,-0.04501006379723549,,,
23,58414,-0.04277101904153824,,,
23,58419,-0.025039762258529663,,,
23,58424,-0.02781090885400772,,,
23,58429,-0.03884406015276909,,,
23,58434,-0.018821068108081818,,,
23,58439,-0.034456949681043625,,,
23,58444,-0.04763830825686455,,,
23,58449,-0.05800652503967285,,,
23,58454,-0.010397147387266159,,,
23,58459,-0.04858982563018799,,,
23,58464,-0.048085011541843414,,,
23,58469,-0.015385925769805908,,,
23,58474,-0.03835221379995346,,,
23,58479,-0.050904713571071625,,,
23,58484,-0.044890664517879486,,,
23,58489,-0.044438861310482025,,,
23,58494,-0.0319674052298069,,,
23,58499,-0.047416068613529205,,,
23,58504,-0.04727622866630554,,,
23,58509,-0.03162466362118721,,,
23,58514,-0.02432134747505188,,,
23,58519,-0.03203999996185303,,,
23,58524,-0.05123993754386902,,,
23,58529,-0.05099194496870041,,,
23,58534,-0.05725177377462387,,,
23,58539,-0.028649596497416496,,,
23,58544,-0.04061801731586456,,,
23,58549,-0.05040593445301056,,,
23,58554,-0.026582051068544388,,,
23,58559,-0.03797526657581329,,,
23,58564,-0.04500476270914078,,,
23,58569,-0.04483587294816971,,,
23,58574,-0.052226223051548004,,,
23,58579,-0.04279233515262604,,,
23,58584,-0.03635462000966072,,,
23,58589,-0.03981783986091614,,,
23,58594,-0.02484189346432686,,,
23,58599,-0.03567647188901901,,,
23,58604,-0.04701351746916771,,,
23,58609,-0.026419633999466896,,,
23,58614,-0.05157504975795746,,,
23,58619,-0.041067641228437424,,,
23,58624,-0.04050906375050545,,,
23,58629,-0.032381027936935425,,,
23,58634,-0.01930176466703415,,,
23,58639,-0.03870030865073204,,,
23,58644,-0.024380888789892197,,,
23,58649,-0.03148915618658066,,,
23,58654,-0.018092213198542595,,,
23,58659,-0.030955787748098373,,,
23,58664,-0.05120153725147247,,,
23,58669,-0.026858480647206306,,,
23,58674,-0.030109316110610962,,,
23,58679,-0.040631670504808426,,,
23,58684,-0.03171590715646744,,,
23,58689,-0.016697915270924568,,,
23,58694,-0.04220721870660782,,,
23,58699,-0.047944922000169754,,,
23,58704,-0.02755022421479225,,,
23,58709,-0.04912227392196655,,,
23,58714,-0.03223946690559387,,,
23,58719,-0.030048444867134094,,,
23,58724,-0.04841019958257675,,,
23,58729,-0.024004526436328888,,,
23,58734,-0.039256736636161804,,,
23,58739,-0.04203611612319946,,,
23,58744,-0.023987997323274612,,,
23,58749,-0.03871620446443558,,,
23,58754,-0.04090377315878868,,,
23,58759,-0.052090659737586975,,,
23,58764,-0.039212897419929504,,,
23,58769,-0.038631901144981384,,,
23,58774,-0.039609186351299286,,,
23,58779,-0.03407220542430878,,,
23,58784,-0.02755371481180191,,,
23,58789,0.0015154648572206497,,,
23,58794,-0.04261483997106552,,,
23,58799,-0.05997854471206665,,,
23,58804,-0.04487310349941254,,,
23,58809,-0.05366156995296478,,,
23,58814,-0.025824379175901413,,,
23,58819,-0.05037272721529007,,,
23,58824,-0.04241076111793518,,,
23,58829,-0.042467810213565826,,,
23,58834,-0.04758229851722717,,,
23,58839,-0.03841714933514595,,,
23,58844,-0.03274935483932495,,,
23,58849,-0.02586657553911209,,,
23,58854,-0.03860119357705116,,,
23,58859,-0.043472304940223694,,,
23,58864,-0.030037909746170044,,,
23,58869,-0.048804059624671936,,,
23,58874,-0.029049094766378403,,,
23,58879,-0.04611629620194435,,,
23,58884,-0.0302625373005867,,,
23,58889,-0.029277589172124863,,,
23,58894,-0.04341792315244675,,,
23,58899,-0.030799197033047676,,,
23,58904,-0.03825072944164276,,,
23,58909,-0.03191687911748886,,,
23,58914,-0.06277431547641754,,,
23,58919,-0.03665821999311447,,,
23,58924,-0.04760044440627098,,,
23,58929,-0.043451547622680664,,,
23,58934,-0.04523768275976181,,,
23,58939,-0.029933368787169456,,,
23,58944,-0.04238216578960419,,,
23,58949,-0.046976566314697266,,,
23,58954,-0.01889558508992195,,,
23,58959,-0.044253088533878326,,,
23,58964,-0.06336689740419388,,,
23,58969,-0.04346691817045212,,,
23,58974,-0.0522155687212944,,,
23,58979,-0.035656508058309555,,,
23,58984,-0.030722547322511673,,,
23,58989,-0.009287126362323761,,,
23,58994,-0.03961348161101341,,,
23,58999,-0.05191421881318092,,,
23,59004,-0.02098758891224861,,,
23,59009,-0.04161202907562256,,,
23,59014,-0.04485392943024635,,,
23,59019,-0.04425874724984169,,,
23,59024,-0.03973028063774109,,,
23,59029,-0.029285626485943794,,,
23,59034,-0.031041953712701797,,,
23,59039,-0.03559789061546326,,,
23,59044,-0.023976769298315048,,,
23,59049,-0.033344559371471405,,,
23,59054,-0.054184116423130035,,,
23,59059,-0.024399325251579285,,,
23,59064,-0.04178505763411522,,,
23,59069,-0.02367413602769375,,,
23,59074,-0.03387840464711189,,,
23,59079,-0.03814680874347687,,,
23,59084,-0.04889674112200737,,,
23,59089,-0.0451461523771286,,,
23,59094,-0.024722112342715263,,,
23,59099,-0.039804983884096146,,,
23,59104,-0.051115140318870544,,,
23,59109,-0.032313503324985504,,,
23,59114,-0.04590922221541405,,,
23,59119,-0.026678666472434998,,,
23,59124,-0.049215592443943024,,,
23,59129,-0.049396440386772156,,,
23,59134,-0.036453768610954285,,,
23,59139,-0.051496200263500214,,,
23,59144,-0.04845428466796875,,,
23,59149,-0.03242594003677368,,,
23,59154,-0.042728178203105927,,,
23,59159,-0.047763027250766754,,,
23,59164,-0.04700857400894165,,,
23,59169,-0.033753834664821625,,,
23,59174,-0.041932545602321625,,,
23,59179,-0.03994521498680115,,,
23,59184,-0.04462972283363342,,,
23,59189,-0.03632703050971031,,,
23,59194,-0.026763666421175003,,,
23,59199,-0.03239211440086365,,,
23,59204,-0.05868540704250336,,,
23,59209,-0.055154506117105484,,,
23,59214,-0.007536016404628754,,,
23,59219,-0.032427363097667694,,,
23,59224,-0.06790716201066971,,,
23,59229,-0.052318643778562546,,,
23,59234,-0.04344840720295906,,,
23,59239,-0.030946727842092514,,,
23,59244,-0.03025176003575325,,,
23,59249,-0.028170671314001083,,,
23,59254,-0.030478939414024353,,,
23,59259,-0.04604341462254524,,,
23,59264,-0.0407852977514267,,,
23,59269,-0.058076806366443634,,,
23,59274,-0.02678855136036873,,,
23,59279,-0.059897832572460175,,,
23,59284,-0.02744424343109131,,,
23,59289,-0.053573183715343475,,,
23,59294,-0.05283602327108383,,,
23,59299,-0.040753498673439026,,,
23,59304,-0.042624861001968384,,,
23,59309,-0.025820326060056686,,,
23,59314,-0.05347418785095215,,,
23,59319,-0.03736073523759842,,,
23,59324,-0.024833129718899727,,,
23,59329,-0.06429710984230042,,,
23,59334,-0.035900287330150604,,,
23,59339,-0.015525875613093376,,,
23,59344,-0.043633267283439636,,,
23,59349,-0.047897420823574066,,,
23,59354,-0.04883521795272827,,,
23,59359,-0.05193164944648743,,,
23,59364,-0.05112574249505997,,,
23,59369,-0.03804393857717514,,,
23,59374,-0.039078015834093094,,,
23,59379,-0.047360099852085114,,,
23,59384,-0.031996820122003555,,,
23,59389,-0.03681483119726181,,,
23,59394,-0.04839306324720383,,,
23,59399,-0.040627703070640564,,,
23,59404,-0.029191438108682632,,,
23,59409,-0.051856063306331635,,,
23,59414,-0.060744620859622955,,,
23,59419,-0.04287780076265335,,,
23,59424,-0.02210288867354393,,,
23,59429,-0.038029059767723083,,,
23,59434,-0.0411720871925354,,,
23,59439,-0.039747923612594604,,,
23,59444,-0.04441190883517265,,,
23,59449,-0.02242305316030979,,,
23,59454,-0.04592056944966316,,,
23,59459,-0.049592725932598114,,,
23,59464,0.005608385428786278,,,
23,59469,-0.04468359798192978,,,
23,59474,-0.044158950448036194,,,
23,59479,-0.04634678363800049,,,
23,59484,-0.037118859589099884,,,
23,59489,-0.0497903935611248,,,
23,59494,-0.04723941907286644,,,
23,59499,-0.020613443106412888,,,
23,59504,-0.038653552532196045,,,
23,59509,-0.038018714636564255,,,
23,59514,-0.04646046459674835,,,
23,59519,-0.029819034039974213,,,
23,59524,-0.031988173723220825,,,
23,59529,-0.040467627346515656,,,
23,59534,-0.04926636815071106,,,
23,59539,-0.01685059256851673,,,
23,59544,-0.03775579854846001,,,
23,59549,-0.03577560931444168,,,
23,59554,-0.01834694668650627,,,
23,59559,-0.0570392906665802,,,
23,59564,-0.033986907452344894,,,
23,59569,-0.017145929858088493,,,
23,59574,-0.0374898836016655,,,
23,59579,-0.036183908581733704,,,
23,59584,-0.04992879927158356,,,
23,59589,-0.03285649046301842,,,
23,59594,-0.02749481610953808,,,
23,59599,-0.034770987927913666,,,
23,59604,-0.033578500151634216,,,
23,59609,-0.04012763872742653,,,
23,59614,-0.0405125766992569,,,
23,59619,-0.031595367938280106,,,
23,59624,-0.048061057925224304,,,
23,59629,-0.045478664338588715,,,
23,59634,-0.03780442848801613,,,
23,59639,-0.039540618658065796,,,
23,59644,-0.053101878613233566,,,
23,59649,-0.04889459162950516,,,
23,59654,-0.03309502452611923,,,
23,59659,-0.05281699821352959,,,
23,59664,-0.048788852989673615,,,
23,59669,-0.03507804870605469,,,
23,59674,-0.028949644416570663,,,
23,59679,-0.052141956984996796,,,
23,59684,-0.03461786359548569,,,
23,59689,-0.06514614075422287,,,
23,59694,-0.0251430943608284,,,
23,59699,-0.04886023700237274,,,
23,59704,-0.022508760914206505,,,
23,59709,0.0002994667738676071,,,
23,59714,-0.04194452241063118,,,
23,59719,-0.03850850462913513,,,
23,59724,-0.045747969299554825,,,
23,59729,-0.03690619021654129,,,
23,59734,-0.036497946828603745,,,
23,59739,-0.024650435894727707,,,
23,59744,-0.044969815760850906,,,
23,59749,-0.04221603274345398,,,
23,59754,-0.03060133382678032,,,
23,59759,-0.04600224643945694,,,
23,59764,-0.027865517884492874,,,
23,59769,-0.04174485802650452,,,
23,59774,-0.02788544073700905,,,
23,59779,-0.04191450774669647,,,
23,59784,-0.03792693093419075,,,
23,59789,-0.01882600039243698,,,
23,59794,-0.04064040258526802,,,
23,59799,-0.03732695057988167,,,
23,59804,-0.043549757450819016,,,
23,59809,-0.039460986852645874,,,
23,59814,-0.048197533935308456,,,
23,59819,-0.01922425627708435,,,
23,59824,-0.022967245429754257,,,
23,59829,-0.03947443887591362,,,
23,59834,-0.019406424835324287,,,
23,59839,-0.03680846095085144,,,
23,59844,-0.0409882590174675,,,
23,59849,-0.04848513752222061,,,
23,59854,-0.03325831890106201,,,
23,59859,-0.038932785391807556,,,
23,59864,-0.030385028570890427,,,
23,59869,-0.048760607838630676,,,
23,59874,-0.0364919938147068,,,
23,59879,-0.060606032609939575,,,
23,59884,-0.04383425414562225,,,
23,59889,-0.04701352119445801,,,
23,59894,-0.06338348984718323,,,
23,59899,-0.019169360399246216,,,
23,59904,-0.03552976995706558,,,
23,59909,-0.026873905211687088,,,
23,59914,-0.050561148673295975,,,
23,59919,-0.026095479726791382,,,
23,59924,-0.04359452426433563,,,
23,59929,-0.042136918753385544,,,
23,59934,-0.037209708243608475,,,
23,59939,-0.06022028625011444,,,
23,59944,-0.0344075933098793,,,
23,59949,-0.035467661917209625,,,
23,59954,-0.011048946529626846,,,
23,59959,0.004809174686670303,,,
23,59964,-0.04966523498296738,,,
23,59969,-0.06255942583084106,,,
23,59974,-0.04393932968378067,,,
23,59979,-0.06616251170635223,,,
23,59984,-0.05974990501999855,,,
23,59989,-0.02903183177113533,,,
23,59994,-0.028813602402806282,,,
23,59999,-0.030058246105909348,,,
23,59999,,-0.0301071647554636,0.3021000027656555,0.5950630307197571
24,60004,-0.03306546062231064,,,
24,60009,-0.04996567219495773,,,
24,60014,-0.046068981289863586,,,
24,60019,-0.036716610193252563,,,
24,60024,-0.03486563265323639,,,
24,60029,-0.05237818509340286,,,
24,60034,-0.033885832875967026,,,
24,60039,-0.04667159169912338,,,
24,60044,-0.0332200862467289,,,
24,60049,-0.03892672806978226,,,
24,60054,-0.043107591569423676,,,
24,60059,-0.04228699207305908,,,
24,60064,-0.03769392520189285,,,
24,60069,-0.044289782643318176,,,
24,60074,-0.024357084184885025,,,
24,60079,-0.03665746748447418,,,
24,60084,-0.027409721165895462,,,
24,60089,-0.031733639538288116,,,
24,60094,-0.050298646092414856,,,
24,60099,-0.04699888825416565,,,
24,60104,-0.05562746524810791,,,
24,60109,-0.03808034583926201,,,
24,60114,-0.02979595772922039,,,
24,60119,-0.03721165657043457,,,
24,60124,-0.03902373090386391,,,
24,60129,-0.041720423847436905,,,
24,60134,-0.04435452073812485,,,
24,60139,-0.04374168813228607,,,
24,60144,-0.032896023243665695,,,
24,60149,-0.03188726305961609,,,
24,60154,-0.03976651281118393,,,
24,60159,-0.05163341015577316,,,
24,60164,-0.037924688309431076,,,
24,60169,-0.02963763102889061,,,
24,60174,-0.03771648183465004,,,
24,60179,-0.032339438796043396,,,
24,60184,-0.039697520434856415,,,
24,60189,-0.028545722365379333,,,
24,60194,-0.06277921050786972,,,
24,60199,-0.031492143869400024,,,
24,60204,-0.04702053591609001,,,
24,60209,-0.04727381467819214,,,
24,60214,-0.04486475884914398,,,
24,60219,-0.04930948093533516,,,
24,60224,-0.026542484760284424,,,
24,60229,-0.052821096032857895,,,
24,60234,-0.02170412242412567,,,
24,60239,-0.03735087066888809,,,
24,60244,-0.0196223221719265,,,
24,60249,-0.05407727137207985,,,
24,60254,-0.0452176108956337,,,
24,60259,-0.04435214027762413,,,
24,60264,-0.03698646277189255,,,
24,60269,-0.03778471052646637,,,
24,60274,-0.02139776386320591,,,
24,60279,-0.029548991471529007,,,
24,60284,-0.02466723509132862,,,
24,60289,-0.03753121942281723,,,
24,60294,-0.020319901406764984,,,
24,60299,-0.049095213413238525,,,
24,60304,-0.042565785348415375,,,
24,60309,-0.019751882180571556,,,
24,60314,-0.03424500301480293,,,
24,60319,-0.042567167431116104,,,
24,60324,-0.025736309587955475,,,
24,60329,-0.05010402202606201,,,
24,60334,-0.05961667001247406,,,
24,60339,-0.034107331186532974,,,
24,60344,-0.015698377043008804,,,
24,60349,-0.020305920392274857,,,
24,60354,-0.0357261560857296,,,
24,60359,-0.03216563165187836,,,
24,60364,-0.018487010151147842,,,
24,60369,-0.020383190363645554,,,
24,60374,-0.043892450630664825,,,
24,60379,-0.051238760352134705,,,
24,60384,-0.04290951043367386,,,
24,60389,-0.046279650181531906,,,
24,60394,-0.04108512029051781,,,
24,60399,-0.03592455014586449,,,
24,60404,-0.04233130067586899,,,
24,60409,-0.05361182242631912,,,
24,60414,-0.03450307995080948,,,
24,60419,-0.04948537051677704,,,
24,60424,-0.03706139698624611,,,
24,60429,-0.0468033142387867,,,
24,60434,-0.052300017327070236,,,
24,60439,-0.021136557683348656,,,
24,60444,-0.04278481751680374,,,
24,60449,-0.05046159029006958,,,
24,60454,-0.04736161231994629,,,
24,60459,-0.045473333448171616,,,
24,60464,-0.030772851780056953,,,
24,60469,-0.02614959329366684,,,
24,60474,-0.03831063210964203,,,
24,60479,-0.023365767672657967,,,
24,60484,-0.05582962557673454,,,
24,60489,-0.04441940784454346,,,
24,60494,-0.034361161291599274,,,
24,60499,-0.0348237082362175,,,
24,60504,-0.03838936984539032,,,
24,60509,-0.06420476734638214,,,
24,60514,-0.04060053080320358,,,
24,60519,-0.03662606328725815,,,
24,60524,-0.05033065751194954,,,
24,60529,-0.03516382724046707,,,
24,60534,-0.024668795987963676,,,
24,60539,-0.05322045832872391,,,
24,60544,-0.02362884394824505,,,
24,60549,-0.037299275398254395,,,
24,60554,-0.05207173153758049,,,
24,60559,-0.04043439403176308,,,
24,60564,-0.05900179222226143,,,
24,60569,-0.03632647544145584,,,
24,60574,-0.044644080102443695,,,
24,60579,-0.04554949700832367,,,
24,60584,-0.04068398475646973,,,
24,60589,-0.04132216423749924,,,
24,60594,-0.04169364273548126,,,
24,60599,-0.039628807455301285,,,
24,60604,-0.033920515328645706,,,
24,60609,-0.02835141308605671,,,
24,60614,-0.0501934215426445,,,
24,60619,-0.03085818514227867,,,
24,60624,-0.03263743221759796,,,
24,60629,-0.029147963970899582,,,
24,60634,-0.03259892016649246,,,
24,60639,-0.02771412953734398,,,
24,60644,-0.038054458796978,,,
24,60649,-0.04073343425989151,,,
24,60654,-0.05033896863460541,,,
24,60659,-0.040529679507017136,,,
24,60664,-0.04945411533117294,,,
24,60669,-0.04587652534246445,,,
24,60674,-0.04148208349943161,,,
24,60679,-0.029401566833257675,,,
24,60684,-0.043787021189928055,,,
24,60689,-0.011472291313111782,,,
24,60694,-0.04600641876459122,,,
24,60699,-0.04241309314966202,,,
24,60704,-0.033402733504772186,,,
24,60709,-0.031707763671875,,,
24,60714,-0.02709311805665493,,,
24,60719,-0.03836016356945038,,,
24,60724,0.0022557536140084267,,,
24,60729,-0.03487120568752289,,,
24,60734,-0.040986768901348114,,,
24,60739,-0.04396111145615578,,,
24,60744,-0.03555727005004883,,,
24,60749,-0.04611656069755554,,,
24,60754,-0.036039792001247406,,,
24,60759,-0.04257814586162567,,,
24,60764,-0.04214996099472046,,,
24,60769,-0.017434976994991302,,,
24,60774,-0.03590656816959381,,,
24,60779,-0.03701869025826454,,,
24,60784,-0.042922914028167725,,,
24,60789,-0.02619098126888275,,,
24,60794,-0.03588958457112312,,,
24,60799,-0.036983922123909,,,
24,60804,-0.04725557565689087,,,
24,60809,-0.0372941792011261,,,
24,60814,-0.05369185656309128,,,
24,60819,-0.06568983197212219,,,
24,60824,-0.061688486486673355,,,
24,60829,-0.05690620467066765,,,
24,60834,-0.02334652468562126,,,
24,60839,-0.025141919031739235,,,
24,60844,-0.03178928792476654,,,
24,60849,-0.039880309253931046,,,
24,60854,-0.04198503494262695,,,
24,60859,-0.05841585248708725,,,
24,60864,-0.028929006308317184,,,
24,60869,-0.04400248825550079,,,
24,60874,-0.05252666026353836,,,
24,60879,-0.054557304829359055,,,
24,60884,-0.044122666120529175,,,
24,60889,-0.04314688593149185,,,
24,60894,-0.03932950273156166,,,
24,60899,-0.0406377837061882,,,
24,60904,-0.03051687590777874,,,
24,60909,-0.026181422173976898,,,
24,60914,-0.0460767038166523,,,
24,60919,-0.04131007939577103,,,
24,60924,-0.05793117731809616,,,
24,60929,-0.038815777748823166,,,
24,60934,-0.04597628861665726,,,
24,60939,-0.034508246928453445,,,
24,60944,-0.056853171437978745,,,
24,60949,-0.05215579643845558,,,
24,60954,-0.02094457298517227,,,
24,60959,-0.03687867894768715,,,
24,60964,-0.04291480779647827,,,
24,60969,-0.043822091072797775,,,
24,60974,-0.03927774354815483,,,
24,60979,-0.04403746873140335,,,
24,60984,-0.04752125218510628,,,
24,60989,-0.04528325796127319,,,
24,60994,-0.055564939975738525,,,
24,60999,-0.039817746728658676,,,
24,61004,-0.04113117605447769,,,
24,61009,-0.043234873563051224,,,
24,61014,-0.03613300621509552,,,
24,61019,-0.06034649908542633,,,
24,61024,-0.03785593807697296,,,
24,61029,-0.054504863917827606,,,
24,61034,-0.040596961975097656,,,
24,61039,-0.028059309348464012,,,
24,61044,-0.03142506629228592,,,
24,61049,-0.03322296217083931,,,
24,61054,-0.04652255028486252,,,
24,61059,-0.04496610537171364,,,
24,61064,-0.03450475633144379,,,
24,61069,-0.04371049627661705,,,
24,61074,-0.03585541620850563,,,
24,61079,-0.032936885952949524,,,
24,61084,-0.032034918665885925,,,
24,61089,-0.02526053786277771,,,
24,61094,-0.033169519156217575,,,
24,61099,-0.056437090039253235,,,
24,61104,-0.04733305424451828,,,
24,61109,-0.06397274136543274,,,
24,61114,-0.023364638909697533,,,
24,61119,-0.05195532739162445,,,
24,61124,-0.016421061009168625,,,
24,61129,-0.047584980726242065,,,
24,61134,-0.029421085491776466,,,
24,61139,-0.03908247500658035,,,
24,61144,-0.03403297811746597,,,
24,61149,-0.04625122621655464,,,
24,61154,-0.03625035658478737,,,
24,61159,-0.02863771840929985,,,
24,61164,-0.05294603854417801,,,
24,61169,-0.02611016482114792,,,
24,61174,-0.02322232723236084,,,
24,61179,-0.04338780418038368,,,
24,61184,-0.030505644157528877,,,
24,61189,-0.05618850886821747,,,
24,61194,-0.031201723963022232,,,
24,61199,-0.04486432671546936,,,
24,61204,-0.04019869118928909,,,
24,61209,-0.02748168259859085,,,
24,61214,-0.04231363162398338,,,
24,61219,-0.0330711267888546,,,
24,61224,-0.03953174874186516,,,
24,61229,-0.051646120846271515,,,
24,61234,-0.04180014133453369,,,
24,61239,-0.05297192186117172,,,
24,61244,-0.03932763636112213,,,
24,61249,-0.03308488428592682,,,
24,61254,-0.040830764919519424,,,
24,61259,-0.04087217524647713,,,
24,61264,-0.0303211510181427,,,
24,61269,-0.03990793228149414,,,
24,61274,-0.020728226751089096,,,
24,61279,-0.03794679790735245,,,
24,61284,-0.04070621728897095,,,
24,61289,-0.03801429271697998,,,
24,61294,-0.03425705432891846,,,
24,61299,-0.045592695474624634,,,
24,61304,-0.042358722537755966,,,
24,61309,-0.05071093142032623,,,
24,61314,-0.038881003856658936,,,
24,61319,-0.03680704906582832,,,
24,61324,-0.03015153482556343,,,
24,61329,-0.03513433039188385,,,
24,61334,-0.049672987312078476,,,
24,61339,-0.043935634195804596,,,
24,61344,-0.02948278747498989,,,
24,61349,-0.03717274218797684,,,
24,61354,-0.03334468603134155,,,
24,61359,-0.04506461322307587,,,
24,61364,-0.03301674872636795,,,
24,61369,-0.036289092153310776,,,
24,61374,-0.022947553545236588,,,
24,61379,-0.03967827558517456,,,
24,61384,-0.026872964575886726,,,
24,61389,-0.037704963237047195,,,
24,61394,-0.04058554023504257,,,
24,61399,-0.019463326781988144,,,
24,61404,-0.0321924202144146,,,
24,61409,-0.029287701472640038,,,
24,61414,-0.036186959594488144,,,
24,61419,-0.04326649382710457,,,
24,61424,-0.05235505849123001,,,
24,61429,-0.039277322590351105,,,
24,61434,-0.051321469247341156,,,
24,61439,-0.03301559388637543,,,
24,61444,-0.04001353681087494,,,
24,61449,-0.054949551820755005,,,
24,61454,-0.04728434979915619,,,
24,61459,-0.037689439952373505,,,
24,61464,-0.04009731858968735,,,
24,61469,-0.043973542749881744,,,
24,61474,-0.04101274907588959,,,
24,61479,-0.03449288010597229,,,
24,61484,-0.058685053139925,,,
24,61489,-0.05128617212176323,,,
24,61494,-0.04724259302020073,,,
24,61499,-0.03957074135541916,,,
24,61504,-0.04090790078043938,,,
24,61509,-0.04240702465176582,,,
24,61514,-0.029431382194161415,,,
24,61519,-0.03783094882965088,,,
24,61524,-0.0497177392244339,,,
24,61529,-0.05663900077342987,,,
24,61534,-0.04121183604001999,,,
24,61539,-0.030405249446630478,,,
24,61544,-0.03573022037744522,,,
24,61549,-0.05259733274579048,,,
24,61554,-0.041882872581481934,,,
24,61559,-0.04483547806739807,,,
24,61564,-0.033701956272125244,,,
24,61569,-0.03782866895198822,,,
24,61574,-0.051904577761888504,,,
24,61579,-0.02097250148653984,,,
24,61584,-0.010303422808647156,,,
24,61589,-0.04195188358426094,,,
24,61594,-0.040522076189517975,,,
24,61599,-0.0414731428027153,,,
24,61604,-0.042124196887016296,,,
24,61609,-0.0500309020280838,,,
24,61614,-0.060829922556877136,,,
24,61619,-0.055027931928634644,,,
24,61624,-0.03798915445804596,,,
24,61629,-0.02833888866007328,,,
24,61634,-0.04716849327087402,,,
24,61639,-0.051973313093185425,,,
24,61644,-0.035746630281209946,,,
24,61649,-0.04501543939113617,,,
24,61654,-0.04319486394524574,,,
24,61659,-0.04746198281645775,,,
24,61664,-0.04238725081086159,,,
24,61669,-0.046143099665641785,,,
24,61674,-0.03857322782278061,,,
24,61679,-0.05440714955329895,,,
24,61684,-0.032817766070365906,,,
24,61689,-0.04323767125606537,,,
24,61694,0.004456581547856331,,,
24,61699,-0.04397962987422943,,,
24,61704,-0.04737888276576996,,,
24,61709,-0.035228632390499115,,,
24,61714,-0.045036040246486664,,,
24,61719,-0.04112567752599716,,,
24,61724,-0.03621910512447357,,,
24,61729,-0.024228638038039207,,,
24,61734,-0.04120183363556862,,,
24,61739,-0.020504899322986603,,,
24,61744,-0.022278089076280594,,,
24,61749,-0.04174196347594261,,,
24,61754,-0.04958228021860123,,,
24,61759,-0.01735026389360428,,,
24,61764,-0.052024956792593,,,
24,61769,-0.06261178851127625,,,
24,61774,-0.03812785446643829,,,
24,61779,-0.05639500916004181,,,
24,61784,-0.04592050611972809,,,
24,61789,-0.03716985881328583,,,
24,61794,-0.032649919390678406,,,
24,61799,-0.02564290352165699,,,
24,61804,-0.04751438647508621,,,
24,61809,-0.015250816941261292,,,
24,61814,-0.04576549306511879,,,
24,61819,-0.04105624556541443,,,
24,61824,-0.038159359246492386,,,
24,61829,-0.04472998157143593,,,
24,61834,-0.03954806178808212,,,
24,61839,-0.02588607184588909,,,
24,61844,-0.05786135420203209,,,
24,61849,-0.0720512866973877,,,
24,61854,-0.043040357530117035,,,
24,61859,-0.04044541344046593,,,
24,61864,-0.03355313092470169,,,
24,61869,-0.019294150173664093,,,
24,61874,-0.037077270448207855,,,
24,61879,-0.02537163905799389,,,
24,61884,-0.036722876131534576,,,
24,61889,-0.029416337609291077,,,
24,61894,-0.02661859430372715,,,
24,61899,-0.043045271188020706,,,
24,61904,-0.0315752848982811,,,
24,61909,-0.02433127909898758,,,
24,61914,-0.05743971839547157,,,
24,61919,-0.04708269238471985,,,
24,61924,-0.04820655286312103,,,
24,61929,-0.06748418509960175,,,
24,61934,-0.032165106385946274,,,
24,61939,-0.032219164073467255,,,
24,61944,-0.029530130326747894,,,
24,61949,-0.05123525485396385,,,
24,61954,-0.04299115017056465,,,
24,61959,-0.0361025407910347,,,
24,61964,-0.03139301389455795,,,
24,61969,-0.04723743349313736,,,
24,61974,-0.040473535656929016,,,
24,61979,-0.06046382337808609,,,
24,61984,-0.033864863216876984,,,
24,61989,-0.031947456300258636,,,
24,61994,-0.027249079197645187,,,
24,61999,-0.029981274157762527,,,
24,62004,-0.04162383824586868,,,
24,62009,-0.03335101902484894,,,
24,62014,-0.059475574642419815,,,
24,62019,-0.05082916468381882,,,
24,62024,-0.0395573154091835,,,
24,62029,-0.03768546134233475,,,
24,62034,-0.029822001233696938,,,
24,62039,-0.04467041790485382,,,
24,62044,-0.054025810211896896,,,
24,62049,-0.04213950037956238,,,
24,62054,-0.049743056297302246,,,
24,62059,-0.029743319377303123,,,
24,62064,-0.035670291632413864,,,
24,62069,-0.033868566155433655,,,
24,62074,-0.016856109723448753,,,
24,62079,-0.024584226310253143,,,
24,62084,-0.03710611164569855,,,
24,62089,-0.022776741534471512,,,
24,62094,-0.03664011508226395,,,
24,62099,-0.024464521557092667,,,
24,62104,-0.02757709100842476,,,
24,62109,-0.04786385968327522,,,
24,62114,-0.05023288354277611,,,
24,62119,-0.0385146290063858,,,
24,62124,-0.03009253367781639,,,
24,62129,-0.04061439633369446,,,
24,62134,-0.04053207486867905,,,
24,62139,-0.030093444511294365,,,
24,62144,-0.035778455436229706,,,
24,62149,-0.0427267886698246,,,
24,62154,-0.057037435472011566,,,
24,62159,-0.03871363773941994,,,
24,62164,-0.06106658652424812,,,
24,62169,-0.0408637560904026,,,
24,62174,-0.05780164524912834,,,
24,62179,-0.02156691998243332,,,
24,62184,-0.01411318127065897,,,
24,62189,-0.033399637788534164,,,
24,62194,-0.03777015209197998,,,
24,62199,-0.025630269199609756,,,
24,62204,-0.058478012681007385,,,
24,62209,-0.03364529460668564,,,
24,62214,-0.06412488222122192,,,
24,62219,-0.050153784453868866,,,
24,62224,-0.04527772217988968,,,
24,62229,-0.0437522754073143,,,
24,62234,-0.039017241448163986,,,
24,62239,-0.03997877985239029,,,
24,62244,-0.041708000004291534,,,
24,62249,-0.04610233008861542,,,
24,62254,-0.03738154470920563,,,
24,62259,-0.03632475435733795,,,
24,62264,-0.03560778871178627,,,
24,62269,-0.043458856642246246,,,
24,62274,-0.05177803337574005,,,
24,62279,-0.04343267157673836,,,
24,62284,-0.02756725251674652,,,
24,62289,-0.048311956226825714,,,
24,62294,-0.050742778927087784,,,
24,62299,-0.04702059179544449,,,
24,62304,-0.035218723118305206,,,
24,62309,-0.054668355733156204,,,
24,62314,-0.04029126465320587,,,
24,62319,-0.04485548287630081,,,
24,62324,-0.03899483382701874,,,
24,62329,-0.061826564371585846,,,
24,62334,-0.029445523396134377,,,
24,62339,-0.046189919114112854,,,
24,62344,-0.030163835734128952,,,
24,62349,-0.04585578292608261,,,
24,62354,-0.033399198204278946,,,
24,62359,-0.04221653193235397,,,
24,62364,-0.048794716596603394,,,
24,62369,-0.03462836891412735,,,
24,62374,-0.04685598239302635,,,
24,62379,-0.04210498929023743,,,
24,62384,-0.03392934054136276,,,
24,62389,-0.02857835218310356,,,
24,62394,-0.03241690993309021,,,
24,62399,-0.03624189645051956,,,
24,62404,-0.03448983281850815,,,
24,62409,-0.02753913402557373,,,
24,62414,-0.02768653817474842,,,
24,62419,-0.05875948444008827,,,
24,62424,-0.058057479560375214,,,
24,62429,-0.0307963564991951,,,
24,62434,-0.04418199509382248,,,
24,62439,-0.021250823512673378,,,
24,62444,-0.04503873735666275,,,
24,62449,-0.04845959320664406,,,
24,62454,-0.056186776608228683,,,
24,62459,-0.04474331811070442,,,
24,62464,-0.053486503660678864,,,
24,62469,-0.046575069427490234,,,
24,62474,-0.03698808327317238,,,
24,62479,-0.03305967152118683,,,
24,62484,-0.04419401288032532,,,
24,62489,-0.02473815530538559,,,
24,62494,-0.05007971078157425,,,
24,62499,-0.03578717261552811,,,
24,62499,,-0.033347804099321365,0.29179999232292175,0.5911006927490234
25,62504,-0.04214349389076233,,,
25,62509,-0.0422675795853138,,,
25,62514,-0.022421041503548622,,,
25,62519,-0.0441841185092926,,,
25,62524,-0.05515247583389282,,,
25,62529,-0.024713631719350815,,,
25,62534,-0.033726416528224945,,,
25,62539,-0.028808001428842545,,,
25,62544,-0.05703984573483467,,,
25,62549,-0.04373635724186897,,,
25,62554,-0.04271567612886429,,,
25,62559,-0.04790106415748596,,,
25,62564,-0.04140395298600197,,,
25,62569,-0.032413363456726074,,,
25,62574,-0.050288330763578415,,,
25,62579,-0.02620249055325985,,,
25,62584,-0.035246241837739944,,,
25,62589,-0.03731157258152962,,,
25,62594,-0.04201159253716469,,,
25,62599,-0.041580699384212494,,,
25,62604,-0.04425182193517685,,,
25,62609,-0.03580591082572937,,,
25,62614,-0.04122922942042351,,,
25,62619,-0.028004754334688187,,,
25,62624,-0.04383871331810951,,,
25,62629,-0.03668105602264404,,,
25,62634,-0.02476944774389267,,,
25,62639,-0.04083942621946335,,,
25,62644,-0.03579874709248543,,,
25,62649,-0.011432231403887272,,,
25,62654,-0.054176293313503265,,,
25,62659,-0.041554857045412064,,,
25,62664,-0.040645699948072433,,,
25,62669,-0.038442306220531464,,,
25,62674,-0.05149983614683151,,,
25,62679,-0.041838277131319046,,,
25,62684,-0.04442637041211128,,,
25,62689,-0.030036943033337593,,,
25,62694,-0.04623723775148392,,,
25,62699,-0.020101070404052734,,,
25,62704,-0.045115381479263306,,,
25,62709,-0.01827140524983406,,,
25,62714,-0.02570173889398575,,,
25,62719,-0.03017665445804596,,,
25,62724,-0.024684321135282516,,,
25,62729,-0.021207312121987343,,,
25,62734,-0.03436271846294403,,,
25,62739,-0.038880374282598495,,,
25,62744,-0.03400722146034241,,,
25,62749,-0.05581038445234299,,,
25,62754,-0.04412323236465454,,,
25,62759,-0.03242085501551628,,,
25,62764,-0.035787515342235565,,,
25,62769,-0.03289712965488434,,,
25,62774,-0.04348134621977806,,,
25,62779,-0.051625728607177734,,,
25,62784,-0.03437843918800354,,,
25,62789,-0.03425219655036926,,,
25,62794,-0.02897794544696808,,,
25,62799,-0.024017032235860825,,,
25,62804,-0.03877447172999382,,,
25,62809,-0.04230993986129761,,,
25,62814,-0.04420382156968117,,,
25,62819,-0.04413624852895737,,,
25,62824,-0.027652431279420853,,,
25,62829,-0.0452042855322361,,,
25,62834,-0.037039466202259064,,,
25,62839,-0.05918106436729431,,,
25,62844,-0.027863718569278717,,,
25,62849,-0.050115589052438736,,,
25,62854,-0.03426981717348099,,,
25,62859,-0.03722406178712845,,,
25,62864,-0.041906390339136124,,,
25,62869,-0.035969771444797516,,,
25,62874,-0.04350768402218819,,,
25,62879,0.00032903440296649933,,,
25,62884,-0.06050144135951996,,,
25,62889,-0.03603123873472214,,,
25,62894,-0.037580057978630066,,,
25,62899,-0.03872282803058624,,,
25,62904,-0.042952731251716614,,,
25,62909,-0.044746506959199905,,,
25,62914,-0.03779434412717819,,,
25,62919,-0.03306295722723007,,,
25,62924,-0.04821684956550598,,,
25,62929,-0.05212358385324478,,,
25,62934,-0.04472342133522034,,,
25,62939,-0.04750152304768562,,,
25,62944,-0.036304108798503876,,,
25,62949,-0.046941909939050674,,,
25,62954,-0.03280545398592949,,,
25,62959,-0.036487869918346405,,,
25,62964,-0.04244830459356308,,,
25,62969,-0.033983826637268066,,,
25,62974,-0.012972090393304825,,,
25,62979,-0.023487571626901627,,,
25,62984,-0.0052170539274811745,,,
25,62989,-0.0438428558409214,,,
25,62994,-0.05828167498111725,,,
25,62999,-0.03683646023273468,,,
25,63004,-0.004119612276554108,,,
25,63009,-0.018763700500130653,,,
25,63014,-0.04729670658707619,,,
25,63019,-0.013572163879871368,,,
25,63024,-0.04024263471364975,,,
25,63029,-0.043637219816446304,,,
25,63034,-0.049150142818689346,,,
25,63039,-0.06468988209962845,,,
25,63044,-0.048102885484695435,,,
25,63049,-0.010591506958007812,,,
25,63054,-0.04697117954492569,,,
25,63059,-0.039139918982982635,,,
25,63064,-0.009937544353306293,,,
25,63069,-0.03690972924232483,,,
25,63074,-0.023812487721443176,,,
25,63079,-0.026028942316770554,,,
25,63084,-0.027106748893857002,,,
25,63089,-0.06258639693260193,,,
25,63094,-0.036539673805236816,,,
25,63099,-0.04756006598472595,,,
25,63104,-0.037628717720508575,,,
25,63109,-0.007281314581632614,,,
25,63114,-0.02305290289223194,,,
25,63119,-0.040837839245796204,,,
25,63124,-0.034074217081069946,,,
25,63129,-0.049620360136032104,,,
25,63134,-0.041552674025297165,,,
25,63139,-0.038336753845214844,,,
25,63144,-0.024437090381979942,,,
25,63149,-0.05712571740150452,,,
25,63154,-0.046219564974308014,,,
25,63159,-0.019497308880090714,,,
25,63164,0.005882637575268745,,,
25,63169,-0.04708363860845566,,,
25,63174,-0.03794104978442192,,,
25,63179,-0.04235631972551346,,,
25,63184,-0.032412782311439514,,,
25,63189,-0.05102181062102318,,,
25,63194,-0.030581384897232056,,,
25,63199,-0.04651280492544174,,,
25,63204,-0.028965361416339874,,,
25,63209,-0.027727767825126648,,,
25,63214,-0.04088481888175011,,,
25,63219,-0.03380975127220154,,,
25,63224,-0.038597866892814636,,,
25,63229,-0.05570515990257263,,,
25,63234,-0.041156649589538574,,,
25,63239,-0.03885367512702942,,,
25,63244,-0.05287308245897293,,,
25,63249,-0.04937643185257912,,,
25,63254,-0.009260909631848335,,,
25,63259,-0.028866149485111237,,,
25,63264,-0.03059927187860012,,,
25,63269,-0.036518245935440063,,,
25,63274,-0.042290594428777695,,,
25,63279,-0.04663451015949249,,,
25,63284,-0.05805724859237671,,,
25,63289,-0.04726099222898483,,,
25,63294,-0.03475631773471832,,,
25,63299,-0.04847978428006172,,,
25,63304,-0.014467409811913967,,,
25,63309,-0.036331966519355774,,,
25,63314,-0.03999714180827141,,,
25,63319,-0.01943998597562313,,,
25,63324,-0.05220240354537964,,,
25,63329,-0.047767892479896545,,,
25,63334,-0.026733696460723877,,,
25,63339,-0.037076883018016815,,,
25,63344,-0.034005142748355865,,,
25,63349,-0.03971622884273529,,,
25,63354,-0.05222166329622269,,,
25,63359,-0.04866671562194824,,,
25,63364,-0.02053355798125267,,,
25,63369,-0.022528989240527153,,,
25,63374,-0.03486166521906853,,,
25,63379,-0.04229126125574112,,,
25,63384,-0.039068348705768585,,,
25,63389,-0.03805937245488167,,,
25,63394,-0.023894933983683586,,,
25,63399,-0.04565715417265892,,,
25,63404,-0.04551692306995392,,,
25,63409,-0.03120989352464676,,,
25,63414,-0.0281735397875309,,,
25,63419,-0.02356799878180027,,,
25,63424,-0.04397588595747948,,,
25,63429,-0.031199660152196884,,,
25,63434,-0.04430266097187996,,,
25,63439,-0.03561447560787201,,,
25,63444,-0.02221139892935753,,,
25,63449,-0.015197589993476868,,,
25,63454,-0.043692123144865036,,,
25,63459,-0.0010095867328345776,,,
25,63464,-0.032248564064502716,,,
25,63469,-0.06165595352649689,,,
25,63474,-0.036484502255916595,,,
25,63479,-0.03825046122074127,,,
25,63484,-0.037333399057388306,,,
25,63489,-0.03497844189405441,,,
25,63494,-0.02228434756398201,,,
25,63499,-0.02010253444314003,,,
25,63504,-0.035213544964790344,,,
25,63509,-0.0394824743270874,,,
25,63514,-0.029080208390951157,,,
25,63519,-0.034225791692733765,,,
25,63524,-0.053162675350904465,,,
25,63529,-0.05927054584026337,,,
25,63534,-0.046136923134326935,,,
25,63539,-0.054372191429138184,,,
25,63544,-0.04929588735103607,,,
25,63549,-0.042720746248960495,,,
25,63554,-0.037554290145635605,,,
25,63559,-0.04780413955450058,,,
25,63564,-0.04436217248439789,,,
25,63569,-0.054001472890377045,,,
25,63574,-0.037703875452280045,,,
25,63579,-0.0481392964720726,,,
25,63584,-0.034899141639471054,,,
25,63589,-0.03870741277933121,,,
25,63594,-0.03956920653581619,,,
25,63599,-0.03617618605494499,,,
25,63604,-0.041881460696458817,,,
25,63609,-0.014630163088440895,,,
25,63614,-0.038321904838085175,,,
25,63619,-0.036628469824790955,,,
25,63624,-0.03281114250421524,,,
25,63629,-0.032325781881809235,,,
25,63634,-0.040488868951797485,,,
25,63639,-0.03367381915450096,,,
25,63644,-0.038847021758556366,,,
25,63649,-0.05266215652227402,,,
25,63654,-0.0419432558119297,,,
25,63659,-0.049747224897146225,,,
25,63664,-0.04337817057967186,,,
25,63669,-0.036903075873851776,,,
25,63674,-0.04015730321407318,,,
25,63679,-0.041859522461891174,,,
25,63684,-0.03889709711074829,,,
25,63689,-0.014817068353295326,,,
25,63694,-0.052563056349754333,,,
25,63699,-0.038007162511348724,,,
25,63704,-0.02809780277311802,,,
25,63709,-0.043265268206596375,,,
25,63714,-0.04118698835372925,,,
25,63719,-0.029735498130321503,,,
25,63724,-0.04466050863265991,,,
25,63729,-0.009848533198237419,,,
25,63734,-0.037628695368766785,,,
25,63739,-0.055820807814598083,,,
25,63744,-0.03955066204071045,,,
25,63749,-0.026261072605848312,,,
25,63754,-0.0419406034052372,,,
25,63759,-0.037503160536289215,,,
25,63764,-0.031217161566019058,,,
25,63769,-0.03365735709667206,,,
25,63774,-0.04658110439777374,,,
25,63779,-0.02316264435648918,,,
25,63784,-0.043431349098682404,,,
25,63789,-0.03201828896999359,,,
25,63794,-0.04162325710058212,,,
25,63799,-0.04980705678462982,,,
25,63804,-0.058546267449855804,,,
25,63809,-0.03507433459162712,,,
25,63814,-0.039391420781612396,,,
25,63819,-0.02617417462170124,,,
25,63824,-0.0462103895843029,,,
25,63829,-0.030305400490760803,,,
25,63834,-0.05586976557970047,,,
25,63839,-0.049179576337337494,,,
25,63844,-0.0391300767660141,,,
25,63849,-0.04010110720992088,,,
25,63854,-0.03304065391421318,,,
25,63859,-0.04327654838562012,,,
25,63864,-0.051206283271312714,,,
25,63869,-0.030648555606603622,,,
25,63874,-0.032386548817157745,,,
25,63879,-0.03668634220957756,,,
25,63884,-0.04238002747297287,,,
25,63889,-0.017364099621772766,,,
25,63894,-0.03957369178533554,,,
25,63899,-0.04772629588842392,,,
25,63904,-0.04888904094696045,,,
25,63909,-0.030311811715364456,,,
25,63914,-0.02680935710668564,,,
25,63919,-0.05298727750778198,,,
25,63924,0.0026727085933089256,,,
25,63929,-0.04064476490020752,,,
25,63934,-0.041191451251506805,,,
25,63939,-0.03950459510087967,,,
25,63944,-0.04167506843805313,,,
25,63949,-0.052250511944293976,,,
25,63954,-0.05785786733031273,,,
25,63959,-0.025490619242191315,,,
25,63964,-0.03596286103129387,,,
25,63969,-0.052007440477609634,,,
25,63974,-0.03276970237493515,,,
25,63979,-0.02511829137802124,,,
25,63984,-0.04729923605918884,,,
25,63989,-0.04867997020483017,,,
25,63994,-0.042518675327301025,,,
25,63999,-0.04628727212548256,,,
25,64004,-0.02384554222226143,,,
25,64009,-0.05702168121933937,,,
25,64014,-0.03595741093158722,,,
25,64019,-0.029918044805526733,,,
25,64024,-0.04392782598733902,,,
25,64029,-0.04210105910897255,,,
25,64034,-0.04320855438709259,,,
25,64039,-0.03233899548649788,,,
25,64044,-0.004821116104722023,,,
25,64049,-0.0174102820456028,,,
25,64054,-0.0422205775976181,,,
25,64059,-0.046649813652038574,,,
25,64064,-0.02713918127119541,,,
25,64069,-0.0377371609210968,,,
25,64074,-0.023909101262688637,,,
25,64079,-0.05379953980445862,,,
25,64084,-0.05589113384485245,,,
25,64089,-0.05843670293688774,,,
25,64094,-0.05435817688703537,,,
25,64099,-0.050358667969703674,,,
25,64104,-0.04085834324359894,,,
25,64109,-0.04814641550183296,,,
25,64114,-0.02885795198380947,,,
25,64119,-0.0331435427069664,,,
25,64124,-0.02805955335497856,,,
25,64129,-0.02865181490778923,,,
25,64134,-0.053373921662569046,,,
25,64139,-0.04261542856693268,,,
25,64144,-0.016610397025942802,,,
25,64149,-0.03902555629611015,,,
25,64154,-0.03598811477422714,,,
25,64159,-0.02657022327184677,,,
25,64164,-0.030975066125392914,,,
25,64169,-0.03607906401157379,,,
25,64174,-0.058124326169490814,,,
25,64179,-0.04450386390089989,,,
25,64184,-0.03827860951423645,,,
25,64189,-0.04128533601760864,,,
25,64194,-0.03422921895980835,,,
25,64199,-0.04454570636153221,,,
25,64204,-0.050410255789756775,,,
25,64209,-0.05285400524735451,,,
25,64214,-0.0500602051615715,,,
25,64219,-0.03551848232746124,,,
25,64224,-0.046504419296979904,,,
25,64229,-0.06424026936292648,,,
25,64234,-0.04272709786891937,,,
25,64239,-0.04477055370807648,,,
25,64244,-0.033025212585926056,,,
25,64249,-0.02469652146100998,,,
25,64254,-0.03684370964765549,,,
25,64259,-0.04781627655029297,,,
25,64264,-0.042125776410102844,,,
25,64269,-0.03704003989696503,,,
25,64274,-0.04685480147600174,,,
25,64279,-0.03862893953919411,,,
25,64284,-0.049244701862335205,,,
25,64289,-0.02262873202562332,,,
25,64294,-0.02927340194582939,,,
25,64299,-0.029114332050085068,,,
25,64304,-0.047678157687187195,,,
25,64309,-0.035748813301324844,,,
25,64314,-0.05099612474441528,,,
25,64319,-0.0350152812898159,,,
25,64324,-0.040349774062633514,,,
25,64329,-0.02816668152809143,,,
25,64334,-0.023427331820130348,,,
25,64339,-0.046994708478450775,,,
25,64344,-0.031555257737636566,,,
25,64349,-0.031523242592811584,,,
25,64354,-0.040253669023513794,,,
25,64359,-0.05071335658431053,,,
25,64364,-0.04045334458351135,,,
25,64369,-0.038729362189769745,,,
25,64374,-0.0087893670424819,,,
25,64379,-0.01889696717262268,,,
25,64384,-0.024581678211688995,,,
25,64389,-0.048395201563835144,,,
25,64394,-0.03536519408226013,,,
25,64399,-0.0433213897049427,,,
25,64404,-0.024867933243513107,,,
25,64409,-0.04191382974386215,,,
25,64414,-0.03687325119972229,,,
25,64419,-0.032064106315374374,,,
25,64424,-0.023077217862010002,,,
25,64429,-0.05536714941263199,,,
25,64434,-0.0376400351524353,,,
25,64439,-0.04707641899585724,,,
25,64444,-0.04163661599159241,,,
25,64449,-0.03640815615653992,,,
25,64454,-0.027208443731069565,,,
25,64459,-0.04734782874584198,,,
25,64464,-0.03446150943636894,,,
25,64469,-0.04654774069786072,,,
25,64474,-0.05054106563329697,,,
25,64479,-0.044832393527030945,,,
25,64484,-0.02910710871219635,,,
25,64489,-0.04876982420682907,,,
25,64494,-0.042559463530778885,,,
25,64499,-0.019062720239162445,,,
25,64504,-0.04746063053607941,,,
25,64509,-0.032695017755031586,,,
25,64514,-0.05206795036792755,,,
25,64519,-0.051776543259620667,,,
25,64524,-0.028505757451057434,,,
25,64529,-0.04832850769162178,,,
25,64534,-0.03747224435210228,,,
25,64539,-0.04229583218693733,,,
25,64544,-0.008185179904103279,,,
25,64549,-0.02346106246113777,,,
25,64554,0.01062740758061409,,,
25,64559,-0.04536283761262894,,,
25,64564,-0.047710053622722626,,,
25,64569,-0.042740512639284134,,,
25,64574,-0.0529652014374733,,,
25,64579,-0.02255476638674736,,,
25,64584,-0.05541909858584404,,,
25,64589,-0.041337188333272934,,,
25,64594,-0.03482862934470177,,,
25,64599,0.0045054759830236435,,,
25,64604,-0.0313253328204155,,,
25,64609,-0.0336601585149765,,,
25,64614,-0.046728238463401794,,,
25,64619,-0.04126187413930893,,,
25,64624,-0.05438566207885742,,,
25,64629,-0.030069343745708466,,,
25,64634,-0.0564691461622715,,,
25,64639,-0.03581615537405014,,,
25,64644,-0.02273196168243885,,,
25,64649,-0.04049515724182129,,,
25,64654,-0.04343675822019577,,,
25,64659,-0.040693946182727814,,,
25,64664,-0.008953572250902653,,,
25,64669,-0.04053740203380585,,,
25,64674,-0.02628326043486595,,,
25,64679,-0.052607133984565735,,,
25,64684,-0.0573902428150177,,,
25,64689,-0.04870539903640747,,,
25,64694,-0.04249703884124756,,,
25,64699,-0.03303985297679901,,,
25,64704,-0.04161489009857178,,,
25,64709,-0.039843663573265076,,,
25,64714,-0.03890102356672287,,,
25,64719,-0.05501462146639824,,,
25,64724,-0.03831265866756439,,,
25,64729,-0.02966935932636261,,,
25,64734,-0.03005094826221466,,,
25,64739,-0.03710824251174927,,,
25,64744,-0.010969417169690132,,,
25,64749,-0.05667112022638321,,,
25,64754,-0.04593741148710251,,,
25,64759,-0.041428934782743454,,,
25,64764,-0.03854241967201233,,,
25,64769,-0.03005022369325161,,,
25,64774,-0.04798564314842224,,,
25,64779,-0.030733739957213402,,,
25,64784,-0.038487646728754044,,,
25,64789,-0.008388200774788857,,,
25,64794,-0.04876293987035751,,,
25,64799,-0.02447945810854435,,,
25,64804,-0.04319152608513832,,,
25,64809,-0.021137643605470657,,,
25,64814,-0.032367270439863205,,,
25,64819,-0.04386882111430168,,,
25,64824,-0.06255389750003815,,,
25,64829,-0.05671532452106476,,,
25,64834,-0.035452812910079956,,,
25,64839,-0.05521172285079956,,,
25,64844,-0.023992551490664482,,,
25,64849,-0.04498932510614395,,,
25,64854,-0.009892030619084835,,,
25,64859,-0.047781240195035934,,,
25,64864,-0.05839851498603821,,,
25,64869,-0.05836746469140053,,,
25,64874,-0.06808223575353622,,,
25,64879,-0.029417309910058975,,,
25,64884,-0.04486564174294472,,,
25,64889,-0.028059108182787895,,,
25,64894,-0.015323249623179436,,,
25,64899,-0.04739654064178467,,,
25,64904,-0.03705751150846481,,,
25,64909,-0.02478424459695816,,,
25,64914,-0.04196002334356308,,,
25,64919,-0.04824577271938324,,,
25,64924,-0.05523461848497391,,,
25,64929,-0.02225494757294655,,,
25,64934,-0.0533570870757103,,,
25,64939,-0.030362926423549652,,,
25,64944,-0.01681247167289257,,,
25,64949,-0.03311871737241745,,,
25,64954,-0.02802078239619732,,,
25,64959,-0.035805150866508484,,,
25,64964,-0.02581661008298397,,,
25,64969,-0.047112174332141876,,,
25,64974,-0.04998563230037689,,,
25,64979,-0.05362670123577118,,,
25,64984,-0.03814150393009186,,,
25,64989,-0.041442617774009705,,,
25,64994,-0.04385833069682121,,,
25,64999,-0.01113372202962637,,,
25,64999,,-0.02791615016758442,0.30379998683929443,0.5919459462165833
26,65004,-0.0301054697483778,,,
26,65009,-0.027190161868929863,,,
26,65014,-0.030712727457284927,,,
26,65019,-0.04290442913770676,,,
26,65024,-0.03789934515953064,,,
26,65029,-0.027335520833730698,,,
26,65034,-0.03591449186205864,,,
26,65039,-0.02845456637442112,,,
26,65044,-0.05051805078983307,,,
26,65049,-0.03780036047101021,,,
26,65054,-0.03564216196537018,,,
26,65059,-0.01086957473307848,,,
26,65064,-0.02946471981704235,,,
26,65069,-0.03910398110747337,,,
26,65074,-0.02977091073989868,,,
26,65079,-0.020065337419509888,,,
26,65084,-0.027120791375637054,,,
26,65089,-0.04188942536711693,,,
26,65094,-0.0397498682141304,,,
26,65099,-0.028689058497548103,,,
26,65104,-0.024942679330706596,,,
26,65109,-0.04203195124864578,,,
26,65114,-0.02443072386085987,,,
26,65119,-0.035370081663131714,,,
26,65124,-0.04408096894621849,,,
26,65129,-0.036600612103939056,,,
26,65134,-0.05816954746842384,,,
26,65139,-0.02980167791247368,,,
26,65144,-0.057871464639902115,,,
26,65149,-0.04527337849140167,,,
26,65154,-0.0387568324804306,,,
26,65159,-0.048794448375701904,,,
26,65164,-0.02534663677215576,,,
26,65169,-0.03970653563737869,,,
26,65174,-0.028379498049616814,,,
26,65179,-0.03680429980158806,,,
26,65184,-0.03094908967614174,,,
26,65189,-0.042901262640953064,,,
26,65194,-0.04943875968456268,,,
26,65199,-0.04812531918287277,,,
26,65204,-0.034755222499370575,,,
26,65209,-0.03431001305580139,,,
26,65214,-0.051634520292282104,,,
26,65219,-0.024907376617193222,,,
26,65224,-0.036577142775058746,,,
26,65229,-0.04103967547416687,,,
26,65234,-0.03686871379613876,,,
26,65239,-0.03408501669764519,,,
26,65244,-0.045395299792289734,,,
26,65249,-0.04476120322942734,,,
26,65254,-0.014569204300642014,,,
26,65259,-0.03206377476453781,,,
26,65264,-0.03282216191291809,,,
26,65269,-0.019583826884627342,,,
26,65274,-0.044904209673404694,,,
26,65279,-0.05068158730864525,,,
26,65284,-0.034355491399765015,,,
26,65289,-0.001904880627989769,,,
26,65294,-0.01385907456278801,,,
26,65299,-0.04910806193947792,,,
26,65304,-0.039221107959747314,,,
26,65309,-0.03620853275060654,,,
26,65314,-0.0017803441733121872,,,
26,65319,-0.0555993989109993,,,
26,65324,-0.03960321843624115,,,
26,65329,-0.01874028891324997,,,
26,65334,-0.02016487345099449,,,
26,65339,-0.04801231622695923,,,
26,65344,-0.051239073276519775,,,
26,65349,-0.03427473455667496,,,
26,65354,-0.035204216837882996,,,
26,65359,-0.044759754091501236,,,
26,65364,-0.03690166771411896,,,
26,65369,-0.045034974813461304,,,
26,65374,-0.02522210404276848,,,
26,65379,-0.02081958018243313,,,
26,65384,-0.03804050385951996,,,
26,65389,-0.037285394966602325,,,
26,65394,-0.02481985092163086,,,
26,65399,-0.0502227358520031,,,
26,65404,-0.07092267274856567,,,
26,65409,-0.032703857868909836,,,
26,65414,-0.03596348688006401,,,
26,65419,-0.04483667016029358,,,
26,65424,-0.052556391805410385,,,
26,65429,-0.02544337883591652,,,
26,65434,-0.03306509181857109,,,
26,65439,-0.0476183146238327,,,
26,65444,-0.041132375597953796,,,
26,65449,-0.04033730924129486,,,
26,65454,-0.03617413341999054,,,
26,65459,-0.03850236535072327,,,
26,65464,-0.025507695972919464,,,
26,65469,-0.03237282857298851,,,
26,65474,-0.04037008807063103,,,
26,65479,-0.041745901107788086,,,
26,65484,-0.02912934310734272,,,
26,65489,-0.03779890015721321,,,
26,65494,-0.040189869701862335,,,
26,65499,-0.02631353586912155,,,
26,65504,-0.05234457179903984,,,
26,65509,-0.04779312014579773,,,
26,65514,-0.027997072786092758,,,
26,65519,-0.037442777305841446,,,
26,65524,-0.041184742003679276,,,
26,65529,-0.034223027527332306,,,
26,65534,-0.04716630280017853,,,
26,65539,-0.03684424236416817,,,
26,65544,-0.04272783547639847,,,
26,65549,-0.033126361668109894,,,
26,65554,-0.05252336710691452,,,
26,65559,-0.03563377261161804,,,
26,65564,-0.021909141913056374,,,
26,65569,-0.0345848985016346,,,
26,65574,-0.03939792886376381,,,
26,65579,-0.03459574282169342,,,
26,65584,-0.04176086187362671,,,
26,65589,-0.035942818969488144,,,
26,65594,-0.04883520305156708,,,
26,65599,-0.03359251096844673,,,
26,65604,-0.05275510251522064,,,
26,65609,-0.050512976944446564,,,
26,65614,-0.038823142647743225,,,
26,65619,-0.03570760041475296,,,
26,65624,-0.030634738504886627,,,
26,65629,-0.04090503603219986,,,
26,65634,-0.03527701646089554,,,
26,65639,-0.036390677094459534,,,
26,65644,-0.02866268716752529,,,
26,65649,-0.037732820957899094,,,
26,65654,-0.035135332494974136,,,
26,65659,-0.026941539719700813,,,
26,65664,-0.03616044670343399,,,
26,65669,-0.03781280666589737,,,
26,65674,-0.03485070541501045,,,
26,65679,-0.023975860327482224,,,
26,65684,-0.027963027358055115,,,
26,65689,-0.038970012217760086,,,
26,65694,-0.0427691712975502,,,
26,65699,-0.03778892382979393,,,
26,65704,-0.053980614989995956,,,
26,65709,-0.035598304122686386,,,
26,65714,-0.04231967777013779,,,
26,65719,-0.028417453169822693,,,
26,65724,-0.045363254845142365,,,
26,65729,-0.043462418019771576,,,
26,65734,-0.0414273701608181,,,
26,65739,-0.05198332294821739,,,
26,65744,-0.0315253883600235,,,
26,65749,-0.03501076623797417,,,
26,65754,-0.03291647136211395,,,
26,65759,-0.03260062262415886,,,
26,65764,-0.030125528573989868,,,
26,65769,-0.04178985580801964,,,
26,65774,-0.03219679743051529,,,
26,65779,-0.04460994154214859,,,
26,65784,-0.05363798141479492,,,
26,65789,-0.031131194904446602,,,
26,65794,-0.045196160674095154,,,
26,65799,-0.025089526548981667,,,
26,65804,-0.051313888281583786,,,
26,65809,-0.031764570623636246,,,
26,65814,-0.03443946689367294,,,
26,65819,-0.05229707062244415,,,
26,65824,-0.030737441033124924,,,
26,65829,-0.05124211311340332,,,
26,65834,-0.04670121148228645,,,
26,65839,-0.033561352640390396,,,
26,65844,-0.04570277780294418,,,
26,65849,-0.04652976989746094,,,
26,65854,-0.03627154231071472,,,
26,65859,-0.03502887114882469,,,
26,65864,-0.045687928795814514,,,
26,65869,-0.03794066607952118,,,
26,65874,-0.03714685142040253,,,
26,65879,-0.05080141872167587,,,
26,65884,-0.04888042062520981,,,
26,65889,-0.06293295323848724,,,
26,65894,-0.04713931307196617,,,
26,65899,-0.027944987639784813,,,
26,65904,-0.031748950481414795,,,
26,65909,-0.03354661166667938,,,
26,65914,-0.03532002866268158,,,
26,65919,-0.03761813044548035,,,
26,65924,-0.06012199819087982,,,
26,65929,-0.034135714173316956,,,
26,65934,-0.030513495206832886,,,
26,65939,-0.0149080790579319,,,
26,65944,-0.044887688010931015,,,
26,65949,-0.042275238782167435,,,
26,65954,-0.038157060742378235,,,
26,65959,-0.03799235820770264,,,
26,65964,-0.03287673741579056,,,
26,65969,-0.024210181087255478,,,
26,65974,-0.040899038314819336,,,
26,65979,-0.028870131820440292,,,
26,65984,-0.044352661818265915,,,
26,65989,-0.030282162129878998,,,
26,65994,-0.033726245164871216,,,
26,65999,-0.029984131455421448,,,
26,66004,-0.027209952473640442,,,
26,66009,-0.047218818217515945,,,
26,66014,-0.0490252748131752,,,
26,66019,-0.04427631199359894,,,
26,66024,-0.04120110720396042,,,
26,66029,-0.01669977977871895,,,
26,66034,-0.019865820184350014,,,
26,66039,-0.03819897398352623,,,
26,66044,-0.05371226370334625,,,
26,66049,-0.04375288635492325,,,
26,66054,-0.03792020305991173,,,
26,66059,-0.04806068539619446,,,
26,66064,-0.04273270443081856,,,
26,66069,-0.04431955888867378,,,
26,66074,-0.03295747935771942,,,
26,66079,-0.04705420508980751,,,
26,66084,-0.030890129506587982,,,
26,66089,-0.05698932707309723,,,
26,66094,-0.03871502727270126,,,
26,66099,-0.03609975054860115,,,
26,66104,-0.03901166468858719,,,
26,66109,-0.020631268620491028,,,
26,66114,-0.022945785894989967,,,
26,66119,-0.022342070937156677,,,
26,66124,-0.045220743864774704,,,
26,66129,-0.045630328357219696,,,
26,66134,-0.03456306457519531,,,
26,66139,-0.028643667697906494,,,
26,66144,-0.04514975845813751,,,
26,66149,-0.03437865898013115,,,
26,66154,-0.03858982026576996,,,
26,66159,-0.03624826669692993,,,
26,66164,-0.05885704606771469,,,
26,66169,-0.039013613015413284,,,
26,66174,-0.03920954838395119,,,
26,66179,-0.027315039187669754,,,
26,66184,-0.038664594292640686,,,
26,66189,-0.01957981288433075,,,
26,66194,-0.045744888484478,,,
26,66199,-0.03453337028622627,,,
26,66204,-0.04303932189941406,,,
26,66209,-0.03582239896059036,,,
26,66214,-0.05040093511343002,,,
26,66219,-0.03961294889450073,,,
26,66224,-0.04457264393568039,,,
26,66229,-0.04636199772357941,,,
26,66234,-0.03259991109371185,,,
26,66239,-0.04332410544157028,,,
26,66244,-0.026249997317790985,,,
26,66249,-0.03867450729012489,,,
26,66254,-0.037939608097076416,,,
26,66259,-0.015447109937667847,,,
26,66264,-0.009480105713009834,,,
26,66269,-0.05309801176190376,,,
26,66274,-0.05427701026201248,,,
26,66279,-0.052289918065071106,,,
26,66284,-0.04380239173769951,,,
26,66289,-0.04088393971323967,,,
26,66294,-0.05098659545183182,,,
26,66299,-0.04377322271466255,,,
26,66304,-0.03941918909549713,,,
26,66309,-0.03276970237493515,,,
26,66314,-0.02334853634238243,,,
26,66319,-0.04384768009185791,,,
26,66324,-0.03309989720582962,,,
26,66329,-0.02762424759566784,,,
26,66334,-0.037246596068143845,,,
26,66339,-0.030679557472467422,,,
26,66344,-0.04090103507041931,,,
26,66349,-0.03932829946279526,,,
26,66354,-0.04182092845439911,,,
26,66359,-0.03559979796409607,,,
26,66364,-0.04745147377252579,,,
26,66369,-0.029823383316397667,,,
26,66374,-0.04093167930841446,,,
26,66379,-0.05373257398605347,,,
26,66384,-0.060773931443691254,,,
26,66389,-0.03914526104927063,,,
26,66394,-0.03433476760983467,,,
26,66399,-0.04302539303898811,,,
26,66404,-0.057639844715595245,,,
26,66409,-0.04547732323408127,,,
26,66414,-0.03451016545295715,,,
26,66419,-0.03594372794032097,,,
26,66424,-0.049253158271312714,,,
26,66429,-0.027694549411535263,,,
26,66434,-0.056115806102752686,,,
26,66439,-0.04799843207001686,,,
26,66444,-0.038753364235162735,,,
26,66449,-0.03205230087041855,,,
26,66454,-0.03921463340520859,,,
26,66459,-0.03040500171482563,,,
26,66464,-0.017077870666980743,,,
26,66469,-0.008083758875727654,,,
26,66474,-0.040574584156274796,,,
26,66479,-0.035423874855041504,,,
26,66484,-0.05418222397565842,,,
26,66489,-0.04051966965198517,,,
26,66494,-0.04723573476076126,,,
26,66499,-0.037573911249637604,,,
26,66504,-0.04430672153830528,,,
26,66509,-0.02470993436872959,,,
26,66514,-0.0591130331158638,,,
26,66519,-0.04630881920456886,,,
26,66524,-0.04653536528348923,,,
26,66529,-0.04584847390651703,,,
26,66534,-0.0376095250248909,,,
26,66539,-0.054266780614852905,,,
26,66544,-0.04623022675514221,,,
26,66549,-0.045310646295547485,,,
26,66554,-0.052718162536621094,,,
26,66559,-0.04786108434200287,,,
26,66564,-0.0057831862941384315,,,
26,66569,-0.04090799018740654,,,
26,66574,-0.032171450555324554,,,
26,66579,-0.013171263039112091,,,
26,66584,-0.02787276729941368,,,
26,66589,-0.016670066863298416,,,
26,66594,-0.019071321934461594,,,
26,66599,-0.03937799111008644,,,
26,66604,-0.02861086279153824,,,
26,66609,-0.04500707983970642,,,
26,66614,-0.04503621160984039,,,
26,66619,-0.0373251810669899,,,
26,66624,-0.048473868519067764,,,
26,66629,-0.03535876423120499,,,
26,66634,-0.03617987036705017,,,
26,66639,-0.040313415229320526,,,
26,66644,-0.020872540771961212,,,
26,66649,-0.04355059936642647,,,
26,66654,-0.03913809359073639,,,
26,66659,-0.049736388027668,,,
26,66664,-0.0418030247092247,,,
26,66669,-0.04511179402470589,,,
26,66674,-0.048853956162929535,,,
26,66679,-0.04164692386984825,,,
26,66684,-0.004954960197210312,,,
26,66689,-0.03749949485063553,,,
26,66694,-0.039966780692338943,,,
26,66699,-0.05402315407991409,,,
26,66704,-0.036096371710300446,,,
26,66709,-0.045609958469867706,,,
26,66714,-0.04597935825586319,,,
26,66719,-0.03955341875553131,,,
26,66724,-0.042053792625665665,,,
26,66729,-0.02912251278758049,,,
26,66734,-0.040336236357688904,,,
26,66739,-0.0316401869058609,,,
26,66744,-0.04126761108636856,,,
26,66749,-0.043213456869125366,,,
26,66754,-0.03922168165445328,,,
26,66759,-0.04609212279319763,,,
26,66764,-0.042653489857912064,,,
26,66769,-0.02988298609852791,,,
26,66774,-0.029560429975390434,,,
26,66779,-0.03490586578845978,,,
26,66784,-0.0292402021586895,,,
26,66789,-0.04648400843143463,,,
26,66794,-0.026713211089372635,,,
26,66799,-0.03976009786128998,,,
26,66804,-0.055945441126823425,,,
26,66809,-0.042647406458854675,,,
26,66814,-0.037637822329998016,,,
26,66819,-0.030476026237010956,,,
26,66824,-0.033158235251903534,,,
26,66829,-0.039355337619781494,,,
26,66834,-0.027629775926470757,,,
26,66839,-0.03640437498688698,,,
26,66844,-0.028887618333101273,,,
26,66849,-0.03087548352777958,,,
26,66854,-0.04416259750723839,,,
26,66859,-0.045821305364370346,,,
26,66864,-0.030353019014000893,,,
26,66869,-0.026270564645528793,,,
26,66874,-0.03277204930782318,,,
26,66879,-0.033584821969270706,,,
26,66884,-0.032732777297496796,,,
26,66889,-0.040494225919246674,,,
26,66894,-0.05156058073043823,,,
26,66899,-0.03316952660679817,,,
26,66904,-0.049477674067020416,,,
26,66909,-0.010774561204016209,,,
26,66914,-0.06189914047718048,,,
26,66919,-0.03398507088422775,,,
26,66924,-0.020972326397895813,,,
26,66929,-0.035232678055763245,,,
26,66934,0.0016931085847318172,,,
26,66939,-0.026520680636167526,,,
26,66944,-0.04495277255773544,,,
26,66949,-0.06042785197496414,,,
26,66954,-0.04804141819477081,,,
26,66959,-0.048499785363674164,,,
26,66964,-0.046270404011011124,,,
26,66969,-0.04761127382516861,,,
26,66974,-0.024324148893356323,,,
26,66979,-0.04719565063714981,,,
26,66984,-0.04305386543273926,,,
26,66989,-0.019954552873969078,,,
26,66994,-0.041188571602106094,,,
26,66999,-0.009206310845911503,,,
26,67004,-0.03677162528038025,,,
26,67009,-0.0615525022149086,,,
26,67014,-0.044897448271512985,,,
26,67019,-0.041661087423563004,,,
26,67024,-0.027849670499563217,,,
26,67029,-0.023247022181749344,,,
26,67034,-0.04296213388442993,,,
26,67039,-0.03605794534087181,,,
26,67044,-0.02916916087269783,,,
26,67049,-0.03846007212996483,,,
26,67054,-0.04526325687766075,,,
26,67059,-0.04170180857181549,,,
26,67064,-0.004091725684702396,,,
26,67069,-0.043259382247924805,,,
26,67074,-0.04400637745857239,,,
26,67079,-0.029458237811923027,,,
26,67084,-0.04497519135475159,,,
26,67089,-0.026476025581359863,,,
26,67094,-0.02442682348191738,,,
26,67099,-0.03543078526854515,,,
26,67104,-0.05037020519375801,,,
26,67109,-0.060720257461071014,,,
26,67114,-0.04462393745779991,,,
26,67119,-0.04392402991652489,,,
26,67124,-0.016630753874778748,,,
26,67129,-0.02475421503186226,,,
26,67134,-0.038538891822099686,,,
26,67139,-0.04768262803554535,,,
26,67144,-0.026670217514038086,,,
26,67149,-0.0587715320289135,,,
26,67154,-0.05176354944705963,,,
26,67159,-0.050788551568984985,,,
26,67164,-0.042385805398225784,,,
26,67169,-0.04000738263130188,,,
26,67174,-0.042588971555233,,,
26,67179,-0.03433172404766083,,,
26,67184,-0.04729925096035004,,,
26,67189,-0.03611768037080765,,,
26,67194,-0.047380656003952026,,,
26,67199,-0.032290972769260406,,,
26,67204,0.002754686400294304,,,
26,67209,-0.05924797058105469,,,
26,67214,-0.04908323660492897,,,
26,67219,-0.03946160525083542,,,
26,67224,-0.041398417204618454,,,
26,67229,-0.03989878669381142,,,
26,67234,-0.027805063873529434,,,
26,67239,-0.0324668362736702,,,
26,67244,-0.03601553291082382,,,
26,67249,-0.042888086289167404,,,
26,67254,-0.05569939315319061,,,
26,67259,-0.03385563939809799,,,
26,67264,-0.03799150884151459,,,
26,67269,-0.050514597445726395,,,
26,67274,-0.041401781141757965,,,
26,67279,-0.033063121140003204,,,
26,67284,-0.022516269236803055,,,
26,67289,-0.04123040288686752,,,
26,67294,-0.03731551766395569,,,
26,67299,0.0023293038830161095,,,
26,67304,-0.039848096668720245,,,
26,67309,-0.049500513821840286,,,
26,67314,-0.04517628252506256,,,
26,67319,-0.031733229756355286,,,
26,67324,-0.025532610714435577,,,
26,67329,-0.040488794445991516,,,
26,67334,-0.029336700215935707,,,
26,67339,-0.03942057490348816,,,
26,67344,-0.03604399785399437,,,
26,67349,-0.02975967526435852,,,
26,67354,-0.04263940453529358,,,
26,67359,-0.029437702149152756,,,
26,67364,-0.040108367800712585,,,
26,67369,-0.03534359112381935,,,
26,67374,-0.054961588233709335,,,
26,67379,-0.01890181191265583,,,
26,67384,-0.024636071175336838,,,
26,67389,-0.040094949305057526,,,
26,67394,-0.04405384883284569,,,
26,67399,-0.04553483426570892,,,
26,67404,-0.049043070524930954,,,
26,67409,-0.008442685939371586,,,
26,67414,-0.018237214535474777,,,
26,67419,-0.05275750160217285,,,
26,67424,-0.046661362051963806,,,
26,67429,-0.04431275278329849,,,
26,67434,-0.0442146360874176,,,
26,67439,-0.04654175043106079,,,
26,67444,-0.025773460045456886,,,
26,67449,-0.03377728909254074,,,
26,67454,-0.037595488131046295,,,
26,67459,-0.04075704514980316,,,
26,67464,-0.025998543947935104,,,
26,67469,-0.04349493235349655,,,
26,67474,-0.04083721712231636,,,
26,67479,-0.05230262875556946,,,
26,67484,-0.044775865972042084,,,
26,67489,-0.043068721890449524,,,
26,67494,-0.04502391815185547,,,
26,67499,-0.029040753841400146,,,
26,67499,,-0.030374862253665924,0.30469998717308044,0.606052815914154
27,67504,-0.043426793068647385,,,
27,67509,-0.04422815144062042,,,
27,67514,-0.045421238988637924,,,
27,67519,-0.037078455090522766,,,
27,67524,-0.031560104340314865,,,
27,67529,-0.04204632714390755,,,
27,67534,-0.041636813431978226,,,
27,67539,-0.05437035113573074,,,
27,67544,-0.033765822649002075,,,
27,67549,-0.02982524037361145,,,
27,67554,-0.0327768474817276,,,
27,67559,-0.028008978813886642,,,
27,67564,-0.038794998079538345,,,
27,67569,-0.047020718455314636,,,
27,67574,-0.015458203852176666,,,
27,67579,-0.04309207573533058,,,
27,67584,-0.05481882020831108,,,
27,67589,-0.034238673746585846,,,
27,67594,-0.047672420740127563,,,
27,67599,-0.03555798530578613,,,
27,67604,-0.029749197885394096,,,
27,67609,-0.046174727380275726,,,
27,67614,-0.03592924028635025,,,
27,67619,-0.040021926164627075,,,
27,67624,-0.04237761348485947,,,
27,67629,-0.03447708487510681,,,
27,67634,-0.0366615429520607,,,
27,67639,-0.05400078371167183,,,
27,67644,-0.020765360444784164,,,
27,67649,-0.04212883859872818,,,
27,67654,-0.03514562547206879,,,
27,67659,-0.03320062533020973,,,
27,67664,-0.052950501441955566,,,
27,67669,-0.04178386554121971,,,
27,67674,-0.037296734750270844,,,
27,67679,-0.030876949429512024,,,
27,67684,-0.04394000396132469,,,
27,67689,-0.04752117767930031,,,
27,67694,-0.025958720594644547,,,
27,67699,-0.03437090665102005,,,
27,67704,-0.04068436101078987,,,
27,67709,-0.04702833294868469,,,
27,67714,-0.047965504229068756,,,
27,67719,-0.0355568453669548,,,
27,67724,-0.029199952259659767,,,
27,67729,-0.021521173417568207,,,
27,67734,-0.02655242756009102,,,
27,67739,-0.03843959793448448,,,
27,67744,-0.04467868432402611,,,
27,67749,-0.047374747693538666,,,
27,67754,-0.04390599951148033,,,
27,67759,-0.051031917333602905,,,
27,67764,-0.03005218505859375,,,
27,67769,-0.050782136619091034,,,
27,67774,-0.02870892360806465,,,
27,67779,-0.042281828820705414,,,
27,67784,-0.03772631287574768,,,
27,67789,-0.04421139508485794,,,
27,67794,-0.042377129197120667,,,
27,67799,-0.03022179938852787,,,
27,67804,-0.01238769106566906,,,
27,67809,-0.024419764056801796,,,
27,67814,-0.03242262080311775,,,
27,67819,-0.03346334770321846,,,
27,67824,-0.03640215843915939,,,
27,67829,-0.04505109786987305,,,
27,67834,-0.044005636125802994,,,
27,67839,-0.04690108448266983,,,
27,67844,-0.038125962018966675,,,
27,67849,-0.034470636397600174,,,
27,67854,-0.031227342784404755,,,
27,67859,-0.03394366800785065,,,
27,67864,-0.04391123354434967,,,
27,67869,-0.039614900946617126,,,
27,67874,-0.04126913100481033,,,
27,67879,-0.028990846127271652,,,
27,67884,-0.03649548441171646,,,
27,67889,-0.03353121876716614,,,
27,67894,-0.04963473603129387,,,
27,67899,-0.035210926085710526,,,
27,67904,-0.055882085114717484,,,
27,67909,-0.047089725732803345,,,
27,67914,-0.04345763474702835,,,
27,67919,-0.03675699234008789,,,
27,67924,-0.04325340688228607,,,
27,67929,-0.020654665306210518,,,
27,67934,-0.02476297691464424,,,
27,67939,-0.048877447843551636,,,
27,67944,-0.03941274434328079,,,
27,67949,-0.05155991017818451,,,
27,67954,-0.03999718651175499,,,
27,67959,-0.03453803062438965,,,
27,67964,-0.03774841129779816,,,
27,67969,-0.025733590126037598,,,
27,67974,-0.03473132103681564,,,
27,67979,-0.03965084254741669,,,
27,67984,-0.039039235562086105,,,
27,67989,-0.03337675333023071,,,
27,67994,-0.044567592442035675,,,
27,67999,-0.04126141220331192,,,
27,68004,-0.05608779937028885,,,
27,68009,-0.044042009860277176,,,
27,68014,-0.03535434231162071,,,
27,68019,-0.03878956288099289,,,
27,68024,-0.04821645841002464,,,
27,68029,-0.006471838802099228,,,
27,68034,-0.054107487201690674,,,
27,68039,-0.03412337973713875,,,
27,68044,-0.05274419113993645,,,
27,68049,-0.028539879247546196,,,
27,68054,-0.02236168086528778,,,
27,68059,-0.04702616482973099,,,
27,68064,-0.04175258427858353,,,
27,68069,-0.03082999959588051,,,
27,68074,0.011687684804201126,,,
27,68079,-0.0375671461224556,,,
27,68084,-0.043271780014038086,,,
27,68089,-0.03572982922196388,,,
27,68094,-0.038464225828647614,,,
27,68099,-0.014361908659338951,,,
27,68104,-0.026867292821407318,,,
27,68109,-0.024572061374783516,,,
27,68114,-0.034397490322589874,,,
27,68119,-0.011109605431556702,,,
27,68124,-0.0431632399559021,,,
27,68129,-0.05092693120241165,,,
27,68134,-0.052602168172597885,,,
27,68139,-0.029810918495059013,,,
27,68144,-0.04086107015609741,,,
27,68149,-0.046248406171798706,,,
27,68154,-0.03695199638605118,,,
27,68159,-0.03252193331718445,,,
27,68164,-0.04808983951807022,,,
27,68169,-0.027496103197336197,,,
27,68174,-0.051165733486413956,,,
27,68179,-0.051712386310100555,,,
27,68184,-0.024389326572418213,,,
27,68189,-0.0383547767996788,,,
27,68194,-0.04992746561765671,,,
27,68199,-0.05536317080259323,,,
27,68204,-0.0490293875336647,,,
27,68209,-0.03885969519615173,,,
27,68214,-0.02927325665950775,,,
27,68219,-0.03644216060638428,,,
27,68224,-0.044588036835193634,,,
27,68229,-0.03555675968527794,,,
27,68234,-0.037134237587451935,,,
27,68239,-0.05539444461464882,,,
27,68244,-0.0194214079529047,,,
27,68249,-0.027034059166908264,,,
27,68254,-0.041702888906002045,,,
27,68259,-0.03649599105119705,,,
27,68264,-0.01660778373479843,,,
27,68269,-0.03038838319480419,,,
27,68274,-0.04930741712450981,,,
27,68279,-0.05169254541397095,,,
27,68284,-0.053652629256248474,,,
27,68289,-0.05083300545811653,,,
27,68294,-0.0465555265545845,,,
27,68299,-0.014458699151873589,,,
27,68304,-0.04568585753440857,,,
27,68309,-0.039675045758485794,,,
27,68314,-0.021063517779111862,,,
27,68319,-0.04766857624053955,,,
27,68324,-0.0337403267621994,,,
27,68329,-0.04106172174215317,,,
27,68334,-0.029212620109319687,,,
27,68339,-0.04423527419567108,,,
27,68344,-0.04346925765275955,,,
27,68349,-0.04739117622375488,,,
27,68354,-0.03952336683869362,,,
27,68359,-0.03394380584359169,,,
27,68364,-0.0470113605260849,,,
27,68369,-0.04441951587796211,,,
27,68374,-0.03650536388158798,,,
27,68379,-0.03592900559306145,,,
27,68384,-0.03774644434452057,,,
27,68389,-0.038140833377838135,,,
27,68394,-0.04950848966836929,,,
27,68399,-0.025054264813661575,,,
27,68404,-0.016954142600297928,,,
27,68409,-0.05034949630498886,,,
27,68414,-0.03758586198091507,,,
27,68419,-0.037425026297569275,,,
27,68424,-0.04134746640920639,,,
27,68429,-0.04735496640205383,,,
27,68434,-0.05184940993785858,,,
27,68439,-0.023409223183989525,,,
27,68444,-0.038045305758714676,,,
27,68449,-0.036279819905757904,,,
27,68454,-0.027974601835012436,,,
27,68459,-0.04122668132185936,,,
27,68464,-0.04831512272357941,,,
27,68469,-0.039633288979530334,,,
27,68474,-0.06000111252069473,,,
27,68479,-0.05296165123581886,,,
27,68484,-0.052027102559804916,,,
27,68489,-0.048009417951107025,,,
27,68494,-0.03085908107459545,,,
27,68499,-0.0378531888127327,,,
27,68504,-0.04912964999675751,,,
27,68509,-0.03647062927484512,,,
27,68514,-0.05146940425038338,,,
27,68519,-0.035448022186756134,,,
27,68524,-0.052463073283433914,,,
27,68529,-0.03256966918706894,,,
27,68534,-0.03975957632064819,,,
27,68539,-0.030133016407489777,,,
27,68544,-0.03984852135181427,,,
27,68549,-0.0366816520690918,,,
27,68554,-0.04332849755883217,,,
27,68559,-0.03828464448451996,,,
27,68564,-0.025335025042295456,,,
27,68569,-0.03622683137655258,,,
27,68574,-0.056596044450998306,,,
27,68579,-0.05548147112131119,,,
27,68584,-0.04213087260723114,,,
27,68589,-0.04963942617177963,,,
27,68594,-0.04398733377456665,,,
27,68599,-0.014270944520831108,,,
27,68604,-0.028395719826221466,,,
27,68609,-0.05331086367368698,,,
27,68614,-0.035505447536706924,,,
27,68619,-0.04281981289386749,,,
27,68624,-0.03130525350570679,,,
27,68629,-0.042362652719020844,,,
27,68634,-0.04617508500814438,,,
27,68639,-0.03821514546871185,,,
27,68644,-0.03354641795158386,,,
27,68649,-0.05165262520313263,,,
27,68654,-0.02332833595573902,,,
27,68659,-0.01984363980591297,,,
27,68664,-0.033806826919317245,,,
27,68669,-0.04568174108862877,,,
27,68674,-0.04846601560711861,,,
27,68679,-0.03301636874675751,,,
27,68684,-0.035471975803375244,,,
27,68689,-0.04484660178422928,,,
27,68694,-0.04050268232822418,,,
27,68699,-0.05252477526664734,,,
27,68704,-0.0380941703915596,,,
27,68709,-0.02567954920232296,,,
27,68714,-0.04919237270951271,,,
27,68719,-0.03036312386393547,,,
27,68724,-0.02982538938522339,,,
27,68729,-0.03046729415655136,,,
27,68734,-0.03411158174276352,,,
27,68739,-0.045725539326667786,,,
27,68744,-0.05862880498170853,,,
27,68749,-0.03795245289802551,,,
27,68754,-0.04002978280186653,,,
27,68759,-0.042332448065280914,,,
27,68764,-0.05241633206605911,,,
27,68769,-0.04044947773218155,,,
27,68774,-0.013065957464277744,,,
27,68779,-0.044588979333639145,,,
27,68784,-0.03936810791492462,,,
27,68789,-0.0302372258156538,,,
27,68794,-0.029049953445792198,,,
27,68799,-0.037439197301864624,,,
27,68804,-0.03960781916975975,,,
27,68809,-0.03532308340072632,,,
27,68814,-0.03231039643287659,,,
27,68819,-0.04717092216014862,,,
27,68824,-0.035824257880449295,,,
27,68829,-0.02323586866259575,,,
27,68834,-0.02755741775035858,,,
27,68839,-0.04319925233721733,,,
27,68844,-0.04262420907616615,,,
27,68849,-0.03535639867186546,,,
27,68854,-0.03448563814163208,,,
27,68859,-0.06133228540420532,,,
27,68864,-0.04337211698293686,,,
27,68869,-0.04480467736721039,,,
27,68874,-0.03890230506658554,,,
27,68879,-0.017299404367804527,,,
27,68884,-0.041730500757694244,,,
27,68889,-0.040032707154750824,,,
27,68894,-0.04469941928982735,,,
27,68899,-0.032871585339307785,,,
27,68904,-0.038917478173971176,,,
27,68909,-0.04420715570449829,,,
27,68914,-0.03015620820224285,,,
27,68919,-0.02626623958349228,,,
27,68924,-0.0405346043407917,,,
27,68929,-0.04587775096297264,,,
27,68934,-0.040873829275369644,,,
27,68939,-0.049685295671224594,,,
27,68944,-0.03416430205106735,,,
27,68949,-0.046315498650074005,,,
27,68954,-0.02019413188099861,,,
27,68959,-0.03853604942560196,,,
27,68964,-0.03551503270864487,,,
27,68969,-0.042499057948589325,,,
27,68974,-0.026963965967297554,,,
27,68979,-0.02038130722939968,,,
27,68984,-0.03776898607611656,,,
27,68989,-0.04495269060134888,,,
27,68994,-0.041678596287965775,,,
27,68999,-0.02539551630616188,,,
27,69004,-0.03393041342496872,,,
27,69009,-0.059595800936222076,,,
27,69014,-0.04842384159564972,,,
27,69019,-0.06131555885076523,,,
27,69024,-0.04490220546722412,,,
27,69029,-0.03288070857524872,,,
27,69034,-0.048105984926223755,,,
27,69039,-0.03478921204805374,,,
27,69044,-0.04551704227924347,,,
27,69049,0.0030656233429908752,,,
27,69054,-0.028871063143014908,,,
27,69059,-0.046314265578985214,,,
27,69064,-0.03805091604590416,,,
27,69069,-0.04018976539373398,,,
27,69074,-0.0441480353474617,,,
27,69079,-0.03427349403500557,,,
27,69084,-0.04824865236878395,,,
27,69089,-0.029447734355926514,,,
27,69094,-0.04021358862519264,,,
27,69099,-0.033737413585186005,,,
27,69104,-0.035339806228876114,,,
27,69109,-0.034835800528526306,,,
27,69114,-0.028496669605374336,,,
27,69119,-0.03864394873380661,,,
27,69124,-0.05720765143632889,,,
27,69129,-0.028899379074573517,,,
27,69134,-0.052817635238170624,,,
27,69139,-0.038806214928627014,,,
27,69144,-0.05761946737766266,,,
27,69149,-0.035897087305784225,,,
27,69154,-0.03362289443612099,,,
27,69159,-0.03547858074307442,,,
27,69164,-0.036154381930828094,,,
27,69169,-0.054503247141838074,,,
27,69174,-0.04364036023616791,,,
27,69179,-0.047396451234817505,,,
27,69184,-0.035381801426410675,,,
27,69189,-0.0301485788077116,,,
27,69194,-0.032578371465206146,,,
27,69199,-0.03485848009586334,,,
27,69204,-0.03016563504934311,,,
27,69209,-0.04558522254228592,,,
27,69214,-0.032303910702466965,,,
27,69219,-0.06055309250950813,,,
27,69224,-0.037990108132362366,,,
27,69229,-0.02759150229394436,,,
27,69234,-0.0153773482888937,,,
27,69239,-0.04355738312005997,,,
27,69244,-0.050311893224716187,,,
27,69249,-0.04726272448897362,,,
27,69254,-0.04232872277498245,,,
27,69259,-0.035114262253046036,,,
27,69264,0.00022210925817489624,,,
27,69269,-0.030251968652009964,,,
27,69274,-0.015394166111946106,,,
27,69279,-0.0279352106153965,,,
27,69284,-0.04374134540557861,,,
27,69289,-0.03158484026789665,,,
27,69294,-0.029390111565589905,,,
27,69299,-0.03710116446018219,,,
27,69304,-0.032681483775377274,,,
27,69309,-0.04063322767615318,,,
27,69314,-0.049980372190475464,,,
27,69319,-0.03955291211605072,,,
27,69324,-0.04762553796172142,,,
27,69329,-0.045547015964984894,,,
27,69334,-0.02775738202035427,,,
27,69339,-0.05399276316165924,,,
27,69344,-0.028955157846212387,,,
27,69349,-0.060037873685359955,,,
27,69354,-0.03816676139831543,,,
27,69359,-0.04761895909905434,,,
27,69364,-0.05154408514499664,,,
27,69369,-0.04943777620792389,,,
27,69374,-0.055741216987371445,,,
27,69379,-0.04036129266023636,,,
27,69384,-0.037942156195640564,,,
27,69389,-0.03964819759130478,,,
27,69394,-0.0465518943965435,,,
27,69399,-0.04936080425977707,,,
27,69404,-0.03801795095205307,,,
27,69409,-0.058363936841487885,,,
27,69414,-0.026944948360323906,,,
27,69419,-0.026631509885191917,,,
27,69424,-0.03487987816333771,,,
27,69429,-0.029692236334085464,,,
27,69434,-0.02996944636106491,,,
27,69439,-0.014956575818359852,,,
27,69444,-0.054669544100761414,,,
27,69449,-0.03740619122982025,,,
27,69454,-0.040913619101047516,,,
27,69459,-0.039450883865356445,,,
27,69464,-0.03022020310163498,,,
27,69469,-0.05438442528247833,,,
27,69474,-0.03516366705298424,,,
27,69479,-0.02664360962808132,,,
27,69484,-0.009229198098182678,,,
27,69489,-0.043689243495464325,,,
27,69494,-0.018368477001786232,,,
27,69499,-0.05065237730741501,,,
27,69504,-0.04895208775997162,,,
27,69509,-0.040778998285532,,,
27,69514,-0.03633977100253105,,,
27,69519,-0.05302352458238602,,,
27,69524,-0.03772362321615219,,,
27,69529,-0.04051079973578453,,,
27,69534,-0.04393234848976135,,,
27,69539,-0.03659931197762489,,,
27,69544,-0.028811302036046982,,,
27,69549,-0.04482533782720566,,,
27,69554,-0.046485014259815216,,,
27,69559,-0.039238251745700836,,,
27,69564,-0.04474494978785515,,,
27,69569,-0.021959055215120316,,,
27,69574,-0.025154143571853638,,,
27,69579,-0.022113420069217682,,,
27,69584,-0.042064398527145386,,,
27,69589,-0.033699024468660355,,,
27,69594,-0.035547174513339996,,,
27,69599,-0.018532652407884598,,,
27,69604,-0.04785964637994766,,,
27,69609,-0.03162994235754013,,,
27,69614,-0.042204126715660095,,,
27,69619,-0.04911335930228233,,,
27,69624,-0.04895536229014397,,,
27,69629,-0.0409756600856781,,,
27,69634,-0.01904148794710636,,,
27,69639,-0.03327777981758118,,,
27,69644,-0.058788686990737915,,,
27,69649,-0.035957783460617065,,,
27,69654,-0.04909660667181015,,,
27,69659,-0.005219860002398491,,,
27,69664,-0.039784714579582214,,,
27,69669,-0.031461119651794434,,,
27,69674,-0.029604151844978333,,,
27,69679,-0.015034154057502747,,,
27,69684,-0.05318151414394379,,,
27,69689,-0.03712662309408188,,,
27,69694,-0.040740832686424255,,,
27,69699,-0.05431578680872917,,,
27,69704,-0.022453611716628075,,,
27,69709,-0.02533705160021782,,,
27,69714,-0.05222523957490921,,,
27,69719,-0.04654999077320099,,,
27,69724,-0.03688425570726395,,,
27,69729,-0.05558300018310547,,,
27,69734,-0.05292286351323128,,,
27,69739,-0.03648994117975235,,,
27,69744,-0.04390015825629234,,,
27,69749,-0.02206367999315262,,,
27,69754,-0.038665153086185455,,,
27,69759,-0.038857780396938324,,,
27,69764,-0.00815669447183609,,,
27,69769,-0.033509157598018646,,,
27,69774,-0.03616099804639816,,,
27,69779,-0.027208074927330017,,,
27,69784,-0.0485040619969368,,,
27,69789,-0.061279233545064926,,,
27,69794,-0.04382128641009331,,,
27,69799,-0.03891415521502495,,,
27,69804,-0.03275186941027641,,,
27,69809,-0.031327180564403534,,,
27,69814,-0.04273497313261032,,,
27,69819,-0.025858379900455475,,,
27,69824,-0.020672887563705444,,,
27,69829,-0.0184674933552742,,,
27,69834,-0.04407389089465141,,,
27,69839,-0.038645096123218536,,,
27,69844,-0.04316678270697594,,,
27,69849,-0.038133714348077774,,,
27,69854,-0.03505682200193405,,,
27,69859,-0.02767316624522209,,,
27,69864,-0.042390160262584686,,,
27,69869,-0.05183681473135948,,,
27,69874,-0.026479672640562057,,,
27,69879,-0.033494800329208374,,,
27,69884,-0.038264937698841095,,,
27,69889,-0.0448656901717186,,,
27,69894,-0.022250352427363396,,,
27,69899,-0.031230442225933075,,,
27,69904,-0.02777152881026268,,,
27,69909,-0.012483930215239525,,,
27,69914,-0.050938427448272705,,,
27,69919,-0.031242303550243378,,,
27,69924,-0.03787218779325485,,,
27,69929,-0.05476797744631767,,,
27,69934,-0.057226650416851044,,,
27,69939,-0.03782910853624344,,,
27,69944,-0.04831494390964508,,,
27,69949,-0.03578312695026398,,,
27,69954,-0.05054198578000069,,,
27,69959,-0.036543868482112885,,,
27,69964,-0.0365695096552372,,,
27,69969,-0.03459962084889412,,,
27,69974,-0.03580506145954132,,,
27,69979,-0.036590687930583954,,,
27,69984,-0.03683014214038849,,,
27,69989,-0.03102559968829155,,,
27,69994,-0.035024259239435196,,,
27,69999,-0.05347130075097084,,,
27,69999,,-0.03127405419945717,0.2944999933242798,0.5947268605232239
28,70004,-0.02064402773976326,,,
28,70009,-0.042532987892627716,,,
28,70014,-0.029651939868927002,,,
28,70019,-0.03599458187818527,,,
28,70024,-0.04283629357814789,,,
28,70029,-0.053647685796022415,,,
28,70034,-0.044315651059150696,,,
28,70039,-0.03158307820558548,,,
28,70044,-0.04105561971664429,,,
28,70049,-0.033344052731990814,,,
28,70054,-0.05115320533514023,,,
28,70059,-0.038086358457803726,,,
28,70064,-0.038846470415592194,,,
28,70069,-0.03218139708042145,,,
28,70074,-0.026299238204956055,,,
28,70079,-0.035940151661634445,,,
28,70084,-0.034900445491075516,,,
28,70089,-0.05398884043097496,,,
28,70094,-0.045694105327129364,,,
28,70099,-0.034837059676647186,,,
28,70104,-0.028014635667204857,,,
28,70109,-0.03909949213266373,,,
28,70114,-0.02957765758037567,,,
28,70119,-0.03023410402238369,,,
28,70124,-0.026302415877580643,,,
28,70129,-0.03512123227119446,,,
28,70134,-0.045160554349422455,,,
28,70139,-0.03350457549095154,,,
28,70144,-0.0490279421210289,,,
28,70149,-0.0421428382396698,,,
28,70154,-0.048662908375263214,,,
28,70159,-0.03715145215392113,,,
28,70164,-0.03614841774106026,,,
28,70169,-0.020124711096286774,,,
28,70174,-0.03931222856044769,,,
28,70179,-0.030063502490520477,,,
28,70184,-0.04293166846036911,,,
28,70189,-0.03728019446134567,,,
28,70194,-0.05662987753748894,,,
28,70199,-0.03817477449774742,,,
28,70204,-0.03784751147031784,,,
28,70209,-0.03249713033437729,,,
28,70214,-0.046843793243169785,,,
28,70219,-0.04828342795372009,,,
28,70224,-0.05303846299648285,,,
28,70229,-0.03606562688946724,,,
28,70234,-0.053553417325019836,,,
28,70239,-0.0337604358792305,,,
28,70244,-0.037714242935180664,,,
28,70249,-0.04593566060066223,,,
28,70254,-0.029987530782818794,,,
28,70259,-0.030328793451189995,,,
28,70264,-0.03170769661664963,,,
28,70269,-0.0454813577234745,,,
28,70274,-0.036250822246074677,,,
28,70279,-0.02461964078247547,,,
28,70284,-0.03898993507027626,,,
28,70289,-0.04358437657356262,,,
28,70294,-0.031084030866622925,,,
28,70299,-0.02497360110282898,,,
28,70304,-0.03815002739429474,,,
28,70309,-0.037927381694316864,,,
28,70314,-0.02889520302414894,,,
28,70319,-0.0534600168466568,,,
28,70324,-0.04953508824110031,,,
28,70329,-0.0412779226899147,,,
28,70334,-0.02913402020931244,,,
28,70339,-0.049900155514478683,,,
28,70344,-0.04339669644832611,,,
28,70349,-0.03864913806319237,,,
28,70354,-0.029497409239411354,,,
28,70359,-0.030226385220885277,,,
28,70364,-0.041029565036296844,,,
28,70369,-0.04243669658899307,,,
28,70374,-0.049223922193050385,,,
28,70379,-0.03534802421927452,,,
28,70384,-0.033648595213890076,,,
28,70389,-0.016132313758134842,,,
28,70394,-0.018437931314110756,,,
28,70399,-0.027775881811976433,,,
28,70404,-0.046409688889980316,,,
28,70409,-0.04672565311193466,,,
28,70414,-0.038859542459249496,,,
28,70419,-0.0413789339363575,,,
28,70424,-0.04669039696455002,,,
28,70429,-0.026425164192914963,,,
28,70434,-0.03183567523956299,,,
28,70439,-0.040362294763326645,,,
28,70444,-0.04559954255819321,,,
28,70449,-0.040580760687589645,,,
28,70454,-0.03345397114753723,,,
28,70459,-0.02986796200275421,,,
28,70464,-0.04201817885041237,,,
28,70469,-0.029291706159710884,,,
28,70474,-0.030866654589772224,,,
28,70479,-0.04276663064956665,,,
28,70484,-0.03298765420913696,,,
28,70489,-0.020103463903069496,,,
28,70494,-0.04536394774913788,,,
28,70499,-0.03415066376328468,,,
28,70504,-0.0417676717042923,,,
28,70509,-0.025761572644114494,,,
28,70514,-0.048849888145923615,,,
28,70519,-0.04562415927648544,,,
28,70524,-0.028177516534924507,,,
28,70529,-0.048026688396930695,,,
28,70534,-0.033060722053050995,,,
28,70539,-0.05457037314772606,,,
28,70544,-0.03904533013701439,,,
28,70549,-0.02266087755560875,,,
28,70554,-0.02173183672130108,,,
28,70559,-0.0347600020468235,,,
28,70564,-0.027111876755952835,,,
28,70569,-0.03996317833662033,,,
28,70574,-0.02586372196674347,,,
28,70579,-0.035786498337984085,,,
28,70584,-0.026763852685689926,,,
28,70589,-0.04123808443546295,,,
28,70594,-0.04102186858654022,,,
28,70599,-0.03227509558200836,,,
28,70604,-0.03759950399398804,,,
28,70609,-0.03036925010383129,,,
28,70614,-0.04635128006339073,,,
28,70619,-0.03967498987913132,,,
28,70624,-0.034650206565856934,,,
28,70629,-0.03456714004278183,,,
28,70634,-0.04496125131845474,,,
28,70639,-0.039607271552085876,,,
28,70644,-0.044609569013118744,,,
28,70649,-0.04048347473144531,,,
28,70654,-0.03862873837351799,,,
28,70659,-0.036523036658763885,,,
28,70664,-0.04168945923447609,,,
28,70669,-0.03861437365412712,,,
28,70674,-0.026919715106487274,,,
28,70679,-0.03849141672253609,,,
28,70684,-0.04519665986299515,,,
28,70689,-0.03767853602766991,,,
28,70694,-0.04049728065729141,,,
28,70699,-0.04429197311401367,,,
28,70704,-0.06104033440351486,,,
28,70709,-0.049081750214099884,,,
28,70714,-0.044876307249069214,,,
28,70719,-0.02367565780878067,,,
28,70724,-0.0318579338490963,,,
28,70729,-0.027886711061000824,,,
28,70734,-0.036714859306812286,,,
28,70739,-0.0213959701359272,,,
28,70744,-0.03149225562810898,,,
28,70749,-0.03147224709391594,,,
28,70754,-0.04896749183535576,,,
28,70759,-0.04154568165540695,,,
28,70764,-0.04497583210468292,,,
28,70769,-0.05670083314180374,,,
28,70774,-0.04073125869035721,,,
28,70779,-0.04320239648222923,,,
28,70784,-0.040521204471588135,,,
28,70789,-0.049538709223270416,,,
28,70794,-0.05429757386445999,,,
28,70799,-0.04337833821773529,,,
28,70804,-0.04029075801372528,,,
28,70809,-0.033039383590221405,,,
28,70814,-0.0526076965034008,,,
28,70819,-0.021746966987848282,,,
28,70824,-0.047731928527355194,,,
28,70829,-0.03462834656238556,,,
28,70834,-0.05253549665212631,,,
28,70839,-0.03690550848841667,,,
28,70844,-0.04466376453638077,,,
28,70849,-0.04683530330657959,,,
28,70854,-0.04518763720989227,,,
28,70859,-0.0324222557246685,,,
28,70864,-0.045635197311639786,,,
28,70869,-0.03494865074753761,,,
28,70874,-0.03442267328500748,,,
28,70879,-0.05997423082590103,,,
28,70884,-0.05966896563768387,,,
28,70889,-0.0477851927280426,,,
28,70894,-0.03917334973812103,,,
28,70899,-0.041772983968257904,,,
28,70904,-0.032294414937496185,,,
28,70909,-0.044333040714263916,,,
28,70914,-0.021106131374835968,,,
28,70919,-0.04490894451737404,,,
28,70924,-0.02844485267996788,,,
28,70929,-0.052147261798381805,,,
28,70934,-0.046590596437454224,,,
28,70939,-0.04336312413215637,,,
28,70944,-0.05842261761426926,,,
28,70949,-0.04191296547651291,,,
28,70954,-0.0396309494972229,,,
28,70959,-0.027093663811683655,,,
28,70964,-0.02587854489684105,,,
28,70969,-0.04160814732313156,,,
28,70974,-0.0411389134824276,,,
28,70979,-0.03610408678650856,,,
28,70984,-0.04624130576848984,,,
28,70989,-0.045255355536937714,,,
28,70994,-0.04551216587424278,,,
28,70999,-0.04447492957115173,,,
28,71004,-0.03842560201883316,,,
28,71009,-0.05388019233942032,,,
28,71014,-0.04824464023113251,,,
28,71019,-0.023183759301900864,,,
28,71024,-0.03684641420841217,,,
28,71029,-0.04460830241441727,,,
28,71034,-0.017928192391991615,,,
28,71039,-0.03776034712791443,,,
28,71044,-0.01683623716235161,,,
28,71049,-0.04863044247031212,,,
28,71054,-0.05249381810426712,,,
28,71059,-0.052236612886190414,,,
28,71064,-0.044269248843193054,,,
28,71069,-0.030237842351198196,,,
28,71074,-0.05439765751361847,,,
28,71079,-0.03450997918844223,,,
28,71084,-0.03277187794446945,,,
28,71089,-0.03958901762962341,,,
28,71094,-0.03691559284925461,,,
28,71099,-0.03308910131454468,,,
28,71104,-0.046238012611866,,,
28,71109,-0.03625728189945221,,,
28,71114,-0.04932248592376709,,,
28,71119,-0.039331965148448944,,,
28,71124,-0.050417210906744,,,
28,71129,-0.04338452219963074,,,
28,71134,-0.0338960625231266,,,
28,71139,-0.036887966096401215,,,
28,71144,-0.030459130182862282,,,
28,71149,-0.04872595891356468,,,
28,71154,-0.03240057826042175,,,
28,71159,-0.037150707095861435,,,
28,71164,-0.03471570461988449,,,
28,71169,-0.019078901037573814,,,
28,71174,-0.04013738036155701,,,
28,71179,-0.03156810253858566,,,
28,71184,-0.04833149164915085,,,
28,71189,-0.03479048237204552,,,
28,71194,-0.03763739764690399,,,
28,71199,-0.03092310018837452,,,
28,71204,-0.034317269921302795,,,
28,71209,-0.0384950265288353,,,
28,71214,-0.04743952304124832,,,
28,71219,-0.04515097290277481,,,
28,71224,-0.029828747734427452,,,
28,71229,-0.04649117588996887,,,
28,71234,-0.034493133425712585,,,
28,71239,-0.020646952092647552,,,
28,71244,-0.048305198550224304,,,
28,71249,0.002052370458841324,,,
28,71254,-0.05782325938344002,,,
28,71259,-0.038919996470212936,,,
28,71264,-0.028714973479509354,,,
28,71269,-0.04613235965371132,,,
28,71274,-0.04178851097822189,,,
28,71279,-0.036041803658008575,,,
28,71284,-0.03846335411071777,,,
28,71289,-0.03481797128915787,,,
28,71294,-0.025872528553009033,,,
28,71299,-0.026894215494394302,,,
28,71304,-0.027484700083732605,,,
28,71309,-0.023562369868159294,,,
28,71314,-0.047461509704589844,,,
28,71319,-0.030392013490200043,,,
28,71324,-0.03378414362668991,,,
28,71329,-0.03551716357469559,,,
28,71334,-0.04414746165275574,,,
28,71339,-0.019669251516461372,,,
28,71344,-0.030103038996458054,,,
28,71349,-0.049215979874134064,,,
28,71354,-0.03205040097236633,,,
28,71359,-0.046219803392887115,,,
28,71364,-0.06422720104455948,,,
28,71369,-0.029169324785470963,,,
28,71374,-0.02854473888874054,,,
28,71379,-0.03918161988258362,,,
28,71384,-0.04678574204444885,,,
28,71389,-0.031087294220924377,,,
28,71394,-0.02432115562260151,,,
28,71399,-0.027761122211813927,,,
28,71404,-0.045232631266117096,,,
28,71409,-0.04771065711975098,,,
28,71414,-0.0460800863802433,,,
28,71419,-0.034268371760845184,,,
28,71424,-0.03861423581838608,,,
28,71429,-0.032797470688819885,,,
28,71434,-0.0557280033826828,,,
28,71439,-0.052304260432720184,,,
28,71444,-0.046229735016822815,,,
28,71449,-0.03662591427564621,,,
28,71454,-0.033128831535577774,,,
28,71459,-0.0076575069688260555,,,
28,71464,-0.03147663176059723,,,
28,71469,-0.01541932113468647,,,
28,71474,-0.03857758641242981,,,
28,71479,-0.04783786088228226,,,
28,71484,-0.04353442043066025,,,
28,71489,-0.040461890399456024,,,
28,71494,-0.04801343381404877,,,
28,71499,-0.050090305507183075,,,
28,71504,-0.031179439276456833,,,
28,71509,-0.029175398871302605,,,
28,71514,-0.059433139860630035,,,
28,71519,-0.03297324478626251,,,
28,71524,-0.009892592206597328,,,
28,71529,-0.038077205419540405,,,
28,71534,-0.03700946271419525,,,
28,71539,-0.0370747335255146,,,
28,71544,-0.0472380630671978,,,
28,71549,-0.035530488938093185,,,
28,71554,-0.025862647220492363,,,
28,71559,-0.030433055013418198,,,
28,71564,-0.048622146248817444,,,
28,71569,-0.025971900671720505,,,
28,71574,-0.05229245871305466,,,
28,71579,-0.04935932531952858,,,
28,71584,-0.04814974591135979,,,
28,71589,-0.0467725470662117,,,
28,71594,-0.04142095893621445,,,
28,71599,-0.026767238974571228,,,
28,71604,-0.03960181027650833,,,
28,71609,-0.03553488850593567,,,
28,71614,-0.03528868407011032,,,
28,71619,-0.0298616886138916,,,
28,71624,-0.03688669949769974,,,
28,71629,-0.046397216618061066,,,
28,71634,-0.025362759828567505,,,
28,71639,-0.03371623903512955,,,
28,71644,-0.040158338844776154,,,
28,71649,-0.04053416848182678,,,
28,71654,-0.04839234799146652,,,
28,71659,-0.038316164165735245,,,
28,71664,-0.028368093073368073,,,
28,71669,-0.02565615624189377,,,
28,71674,-0.030736831948161125,,,
28,71679,-0.04988040030002594,,,
28,71684,-0.03997370973229408,,,
28,71689,-0.05083059147000313,,,
28,71694,-0.029178518801927567,,,
28,71699,-0.04186328873038292,,,
28,71704,-0.03809979930520058,,,
28,71709,-0.03297249600291252,,,
28,71714,-0.044307101517915726,,,
28,71719,-0.04738315939903259,,,
28,71724,-0.034709617495536804,,,
28,71729,-0.04271351173520088,,,
28,71734,-0.03448093682527542,,,
28,71739,-0.04268249124288559,,,
28,71744,-0.02959081530570984,,,
28,71749,-0.040285564959049225,,,
28,71754,-0.03954721614718437,,,
28,71759,-0.045761898159980774,,,
28,71764,-0.0381614975631237,,,
28,71769,-0.025296267122030258,,,
28,71774,-0.032492853701114655,,,
28,71779,-0.04478733241558075,,,
28,71784,-0.03219802305102348,,,
28,71789,-0.021965477615594864,,,
28,71794,-0.02788783237338066,,,
28,71799,-0.049469105899333954,,,
28,71804,-0.028574783354997635,,,
28,71809,-0.04388746619224548,,,
28,71814,-0.05248622968792915,,,
28,71819,-0.05380573868751526,,,
28,71824,-0.04552111402153969,,,
28,71829,-0.04084149748086929,,,
28,71834,-0.021378211677074432,,,
28,71839,-0.03102106600999832,,,
28,71844,-0.0344419851899147,,,
28,71849,-0.045695703476667404,,,
28,71854,-0.0383245088160038,,,
28,71859,-0.025878343731164932,,,
28,71864,-0.015470698475837708,,,
28,71869,-0.05405896157026291,,,
28,71874,-0.024095602333545685,,,
28,71879,-0.03110203519463539,,,
28,71884,-0.03455645591020584,,,
28,71889,-0.03784561529755592,,,
28,71894,-0.046305589377880096,,,
28,71899,-0.031235314905643463,,,
28,71904,-0.03951641172170639,,,
28,71909,-0.038231268525123596,,,
28,71914,-0.05827365815639496,,,
28,71919,-0.05204419046640396,,,
28,71924,-0.058599092066287994,,,
28,71929,-0.035319842398166656,,,
28,71934,-0.04520289599895477,,,
28,71939,-0.05373819172382355,,,
28,71944,-0.03237021714448929,,,
28,71949,-0.04031679034233093,,,
28,71954,-0.03560091555118561,,,
28,71959,-0.040289897471666336,,,
28,71964,-0.049278296530246735,,,
28,71969,-0.04440770298242569,,,
28,71974,-0.03388599306344986,,,
28,71979,-0.03021782822906971,,,
28,71984,-0.07019756734371185,,,
28,71989,-0.029360715299844742,,,
28,71994,-0.032018862664699554,,,
28,71999,-0.042195841670036316,,,
28,72004,-0.0483720488846302,,,
28,72009,-0.02519567310810089,,,
28,72014,-0.049403682351112366,,,
28,72019,-0.031494252383708954,,,
28,72024,-0.005842544138431549,,,
28,72029,-0.03591400384902954,,,
28,72034,-0.0516146719455719,,,
28,72039,-0.0651632696390152,,,
28,72044,-0.04566240310668945,,,
28,72049,-0.04343906044960022,,,
28,72054,-0.04383818432688713,,,
28,72059,-0.04561982676386833,,,
28,72064,-0.03436636924743652,,,
28,72069,-0.03708849102258682,,,
28,72074,-0.01364261843264103,,,
28,72079,-0.03624052554368973,,,
28,72084,-0.024702072143554688,,,
28,72089,-0.03520261123776436,,,
28,72094,-0.04772859811782837,,,
28,72099,-0.04997023195028305,,,
28,72104,-0.019637633115053177,,,
28,72109,-0.041354987770318985,,,
28,72114,-0.026387441903352737,,,
28,72119,-0.049957193434238434,,,
28,72124,-0.03806660324335098,,,
28,72129,-0.03748316690325737,,,
28,72134,-0.041572265326976776,,,
28,72139,-0.04397273063659668,,,
28,72144,-0.03291965276002884,,,
28,72149,-0.03969220444560051,,,
28,72154,-0.052751243114471436,,,
28,72159,-0.05489030480384827,,,
28,72164,-0.013245505280792713,,,
28,72169,-0.04080094397068024,,,
28,72174,-0.031079232692718506,,,
28,72179,-0.03980207443237305,,,
28,72184,-0.049078505486249924,,,
28,72189,-0.04434145241975784,,,
28,72194,-0.06874341517686844,,,
28,72199,-0.026396408677101135,,,
28,72204,-0.04162529110908508,,,
28,72209,-0.031811170279979706,,,
28,72214,-0.04324132204055786,,,
28,72219,-0.027477137744426727,,,
28,72224,-0.043541014194488525,,,
28,72229,-0.03688140586018562,,,
28,72234,-0.029037095606327057,,,
28,72239,-0.03481485694646835,,,
28,72244,-0.030549243092536926,,,
28,72249,-0.03899344801902771,,,
28,72254,-0.039860211312770844,,,
28,72259,-0.04908245801925659,,,
28,72264,-0.05030708760023117,,,
28,72269,-0.04065212234854698,,,
28,72274,-0.04675205051898956,,,
28,72279,-0.046990767121315,,,
28,72284,-0.014970737509429455,,,
28,72289,-0.03169610723853111,,,
28,72294,-0.03469965234398842,,,
28,72299,-0.046369023621082306,,,
28,72304,-0.03531450033187866,,,
28,72309,-0.04189787060022354,,,
28,72314,-0.041286639869213104,,,
28,72319,-0.047910310328006744,,,
28,72324,-0.03629335016012192,,,
28,72329,-0.028918974101543427,,,
28,72334,-0.03833179175853729,,,
28,72339,-0.04657839983701706,,,
28,72344,-0.040354084223508835,,,
28,72349,-0.05465313419699669,,,
28,72354,-0.04284123331308365,,,
28,72359,-0.049087043851614,,,
28,72364,-0.02727835439145565,,,
28,72369,-0.035984188318252563,,,
28,72374,-0.03734759986400604,,,
28,72379,-0.04024079814553261,,,
28,72384,-0.030857130885124207,,,
28,72389,-0.01685616746544838,,,
28,72394,-0.04433543607592583,,,
28,72399,-0.027589282020926476,,,
28,72404,-0.039580680429935455,,,
28,72409,-0.052032388746738434,,,
28,72414,-0.05148604139685631,,,
28,72419,-0.04367243871092796,,,
28,72424,-0.04702651500701904,,,
28,72429,-0.03201306611299515,,,
28,72434,-0.04281646013259888,,,
28,72439,-0.03606119006872177,,,
28,72444,-0.022110724821686745,,,
28,72449,-0.04594873636960983,,,
28,72454,-0.020605050027370453,,,
28,72459,-0.04804137349128723,,,
28,72464,-0.03629346191883087,,,
28,72469,-0.01979345642030239,,,
28,72474,-0.04719451814889908,,,
28,72479,-0.035564079880714417,,,
28,72484,-0.038762275129556656,,,
28,72489,-0.042508289217948914,,,
28,72494,-0.030798224732279778,,,
28,72499,-0.025846535339951515,,,
28,72499,,-0.02574455551803112,0.29100000858306885,0.5803447365760803
29,72504,-0.0411154180765152,,,
29,72509,-0.038335930556058884,,,
29,72514,-0.04483231157064438,,,
29,72519,-0.029397737234830856,,,
29,72524,-0.035497039556503296,,,
29,72529,-0.03788311406970024,,,
29,72534,-0.047471314668655396,,,
29,72539,-0.02558233216404915,,,
29,72544,-0.04478331655263901,,,
29,72549,-0.027703505009412766,,,
29,72554,-0.026660578325390816,,,
29,72559,-0.03989328071475029,,,
29,72564,-0.044340379536151886,,,
29,72569,-0.035320818424224854,,,
29,72574,-0.04018077626824379,,,
29,72579,-0.04433045536279678,,,
29,72584,-0.034657422453165054,,,
29,72589,-0.02954082190990448,,,
29,72594,-0.037379100918769836,,,
29,72599,-0.03543583303689957,,,
29,72604,-0.03952653706073761,,,
29,72609,-0.03350350260734558,,,
29,72614,-0.053819477558135986,,,
29,72619,-0.03243256360292435,,,
29,72624,-0.03841439634561539,,,
29,72629,-0.02930477261543274,,,
29,72634,-0.04127759113907814,,,
29,72639,-0.04860606789588928,,,
29,72644,-0.048125166445970535,,,
29,72649,-0.04434734955430031,,,
29,72654,-0.03394771367311478,,,
29,72659,-0.04101607948541641,,,
29,72664,-0.05080030858516693,,,
29,72669,-0.04744483530521393,,,
29,72674,-0.04551251605153084,,,
29,72679,-0.04358356446027756,,,
29,72684,-0.03378361463546753,,,
29,72689,-0.022629164159297943,,,
29,72694,-0.0288234855979681,,,
29,72699,-0.020699579268693924,,,
29,72704,-0.05379508435726166,,,
29,72709,-0.046692878007888794,,,
29,72714,-0.0331246554851532,,,
29,72719,-0.03772572800517082,,,
29,72724,-0.04479900002479553,,,
29,72729,-0.03724488243460655,,,
29,72734,-0.04095561057329178,,,
29,72739,-0.03602205216884613,,,
29,72744,-0.02819063887000084,,,
29,72749,-0.05146104097366333,,,
29,72754,-0.047673046588897705,,,
29,72759,-0.03264761343598366,,,
29,72764,-0.01135089248418808,,,
29,72769,-0.021169142797589302,,,
29,72774,-0.040037043392658234,,,
29,72779,-0.026898086071014404,,,
29,72784,-0.03781565651297569,,,
29,72789,-0.034346550703048706,,,
29,72794,-0.030430834740400314,,,
29,72799,-0.030209550634026527,,,
29,72804,-0.04612811654806137,,,
29,72809,-0.018651563674211502,,,
29,72814,-0.030057311058044434,,,
29,72819,-0.054734207689762115,,,
29,72824,-0.05121574550867081,,,
29,72829,-0.04952950030565262,,,
29,72834,-0.0400141179561615,,,
29,72839,-0.052982769906520844,,,
29,72844,-0.034669555723667145,,,
29,72849,-0.04217233881354332,,,
29,72854,-0.037859708070755005,,,
29,72859,-0.06695747375488281,,,
29,72864,-0.02881377376616001,,,
29,72869,-0.032489512115716934,,,
29,72874,-0.04625147581100464,,,
29,72879,-0.023130204528570175,,,
29,72884,-0.04195187985897064,,,
29,72889,-0.03916696459054947,,,
29,72894,-0.020628351718187332,,,
29,72899,-0.030908454209566116,,,
29,72904,-0.0357421450316906,,,
29,72909,-0.03365384042263031,,,
29,72914,-0.04889429733157158,,,
29,72919,-0.04345691204071045,,,
29,72924,-0.035773199051618576,,,
29,72929,-0.04191102087497711,,,
29,72934,-0.04808192700147629,,,
29,72939,-0.029951531440019608,,,
29,72944,-0.028510376811027527,,,
29,72949,-0.03680570423603058,,,
29,72954,-0.027019493281841278,,,
29,72959,-0.04047572612762451,,,
29,72964,-0.03722439706325531,,,
29,72969,-0.03791732341051102,,,
29,72974,-0.022247495129704475,,,
29,72979,-0.02570660039782524,,,
29,72984,-0.03471285104751587,,,
29,72989,-0.04597637057304382,,,
29,72994,-0.03423280268907547,,,
29,72999,-0.040790922939777374,,,
29,73004,-0.033887919038534164,,,
29,73009,-0.04353097081184387,,,
29,73014,-0.040955111384391785,,,
29,73019,-0.03816968947649002,,,
29,73024,-0.05508088693022728,,,
29,73029,-0.02065170928835869,,,
29,73034,-0.03493518382310867,,,
29,73039,-0.025830328464508057,,,
29,73044,-0.04098435863852501,,,
29,73049,-0.017912551760673523,,,
29,73054,-0.051174357533454895,,,
29,73059,-0.04659939557313919,,,
29,73064,-0.0614686943590641,,,
29,73069,-0.05086517333984375,,,
29,73074,-0.05108633637428284,,,
29,73079,-0.028281159698963165,,,
29,73084,-0.04755312204360962,,,
29,73089,-0.04148790240287781,,,
29,73094,-0.03653779625892639,,,
29,73099,-0.04499345272779465,,,
29,73104,-0.04181385785341263,,,
29,73109,-0.02746342122554779,,,
29,73114,-0.03733323886990547,,,
29,73119,-0.040109820663928986,,,
29,73124,-0.04356677830219269,,,
29,73129,-0.044961925595998764,,,
29,73134,-0.03361013904213905,,,
29,73139,-0.03231671825051308,,,
29,73144,-0.033079106360673904,,,
29,73149,-0.03768538683652878,,,
29,73154,-0.05396397039294243,,,
29,73159,-0.03277957811951637,,,
29,73164,-0.03090178221464157,,,
29,73169,-0.04704134166240692,,,
29,73174,-0.05981023609638214,,,
29,73179,-0.02499297820031643,,,
29,73184,-0.02423577755689621,,,
29,73189,-0.02761567384004593,,,
29,73194,-0.016964353621006012,,,
29,73199,-0.034732453525066376,,,
29,73204,-0.0441097617149353,,,
29,73209,-0.0447666235268116,,,
29,73214,-0.048328179866075516,,,
29,73219,-0.049675893038511276,,,
29,73224,-0.026928424835205078,,,
29,73229,-0.04122215509414673,,,
29,73234,-0.038547806441783905,,,
29,73239,-0.04033553600311279,,,
29,73244,-0.031025966629385948,,,
29,73249,-0.04389514774084091,,,
29,73254,-0.032143790274858475,,,
29,73259,-0.050621114671230316,,,
29,73264,-0.03219493478536606,,,
29,73269,-0.05590980499982834,,,
29,73274,-0.038121312856674194,,,
29,73279,-0.03977881744503975,,,
29,73284,-0.047866761684417725,,,
29,73289,-0.03600982204079628,,,
29,73294,-0.0436997264623642,,,
29,73299,-0.04928988963365555,,,
29,73304,-0.03259368985891342,,,
29,73309,-0.05908236652612686,,,
29,73314,-0.06572289019823074,,,
29,73319,-0.0521087683737278,,,
29,73324,-0.037460748106241226,,,
29,73329,-0.044101931154727936,,,
29,73334,-0.014642642810940742,,,
29,73339,-0.031387075781822205,,,
29,73344,-0.03664204478263855,,,
29,73349,-0.029044609516859055,,,
29,73354,-0.03312896192073822,,,
29,73359,-0.03600403293967247,,,
29,73364,-0.02770424820482731,,,
29,73369,-0.05913620814681053,,,
29,73374,-0.044611141085624695,,,
29,73379,-0.047195956110954285,,,
29,73384,-0.05551087111234665,,,
29,73389,-0.05573856458067894,,,
29,73394,-0.038155585527420044,,,
29,73399,-0.044353947043418884,,,
29,73404,-0.03294547647237778,,,
29,73409,-0.033079590648412704,,,
29,73414,-0.042058415710926056,,,
29,73419,-0.026614325121045113,,,
29,73424,-0.02420879527926445,,,
29,73429,-0.01687985472381115,,,
29,73434,-0.03645751252770424,,,
29,73439,-0.046548325568437576,,,
29,73444,-0.033683329820632935,,,
29,73449,-0.050735656172037125,,,
29,73454,-0.04776144027709961,,,
29,73459,-0.04833681881427765,,,
29,73464,-0.026023030281066895,,,
29,73469,-0.03540351986885071,,,
29,73474,-0.03747054189443588,,,
29,73479,-0.036128878593444824,,,
29,73484,-0.026512648910284042,,,
29,73489,-0.04874195158481598,,,
29,73494,-0.024424925446510315,,,
29,73499,-0.04746825248003006,,,
29,73504,-0.037530314177274704,,,
29,73509,-0.049527816474437714,,,
29,73514,-0.026895463466644287,,,
29,73519,-0.03430284559726715,,,
29,73524,-0.01635730266571045,,,
29,73529,-0.047634780406951904,,,
29,73534,-0.03523600101470947,,,
29,73539,-0.05681193247437477,,,
29,73544,-0.037562672048807144,,,
29,73549,-0.05505315214395523,,,
29,73554,-0.04238364100456238,,,
29,73559,-0.03951364755630493,,,
29,73564,-0.04498334974050522,,,
29,73569,-0.043120380491018295,,,
29,73574,-0.038404449820518494,,,
29,73579,-0.03649289533495903,,,
29,73584,-0.04196879640221596,,,
29,73589,-0.03513696789741516,,,
29,73594,-0.017264913767576218,,,
29,73599,-0.021363165229558945,,,
29,73604,-0.04032135754823685,,,
29,73609,-0.043100081384181976,,,
29,73614,-0.031310368329286575,,,
29,73619,-0.06168302148580551,,,
29,73624,-0.041758276522159576,,,
29,73629,-0.03962375223636627,,,
29,73634,-0.03172514587640762,,,
29,73639,-0.036215879023075104,,,
29,73644,-0.048700373619794846,,,
29,73649,-0.021745987236499786,,,
29,73654,-0.038581326603889465,,,
29,73659,-0.01745035871863365,,,
29,73664,-0.02713734656572342,,,
29,73669,-0.03742826730012894,,,
29,73674,-0.05392468720674515,,,
29,73679,-0.032265447080135345,,,
29,73684,-0.05285772308707237,,,
29,73689,-0.034264370799064636,,,
29,73694,-0.020022965967655182,,,
29,73699,-0.03977750614285469,,,
29,73704,-0.053226009011268616,,,
29,73709,-0.03874606639146805,,,
29,73714,-0.02565932646393776,,,
29,73719,-0.05343039333820343,,,
29,73724,-0.032232578843832016,,,
29,73729,-0.04865003004670143,,,
29,73734,-0.037826187908649445,,,
29,73739,-0.025720462203025818,,,
29,73744,-0.03935947269201279,,,
29,73749,-0.04027978330850601,,,
29,73754,-0.03128936141729355,,,
29,73759,-0.04230259358882904,,,
29,73764,-0.03604455292224884,,,
29,73769,-0.0263350959867239,,,
29,73774,-0.036320820450782776,,,
29,73779,-0.03397330641746521,,,
29,73784,-0.041710950434207916,,,
29,73789,-0.035643383860588074,,,
29,73794,-0.03793809935450554,,,
29,73799,-0.01782960444688797,,,
29,73804,-0.03541391342878342,,,
29,73809,-0.04566477611660957,,,
29,73814,-0.05162037909030914,,,
29,73819,-0.03705236315727234,,,
29,73824,-0.04088103771209717,,,
29,73829,-0.03604254871606827,,,
29,73834,-0.03723964840173721,,,
29,73839,-0.03673182427883148,,,
29,73844,-0.04266626387834549,,,
29,73849,-0.043535683304071426,,,
29,73854,-0.03209514170885086,,,
29,73859,-0.0309566892683506,,,
29,73864,-0.047013312578201294,,,
29,73869,-0.044799696654081345,,,
29,73874,-0.04472963511943817,,,
29,73879,-0.05220641940832138,,,
29,73884,-0.05316578596830368,,,
29,73889,-0.023516792804002762,,,
29,73894,-0.04957041144371033,,,
29,73899,-0.056043900549411774,,,
29,73904,-0.042908720672130585,,,
29,73909,-0.04177737608551979,,,
29,73914,-0.036867279559373856,,,
29,73919,-0.025311121717095375,,,
29,73924,-0.026874728500843048,,,
29,73929,-0.027149725705385208,,,
29,73934,-0.0359795019030571,,,
29,73939,-0.023672766983509064,,,
29,73944,-0.05731959640979767,,,
29,73949,-0.04428054019808769,,,
29,73954,-0.05678635463118553,,,
29,73959,-0.041268810629844666,,,
29,73964,-0.03027338907122612,,,
29,73969,-0.030547233298420906,,,
29,73974,-0.035099197179079056,,,
29,73979,-0.03908461332321167,,,
29,73984,-0.04706743359565735,,,
29,73989,-0.046839743852615356,,,
29,73994,-0.0313432440161705,,,
29,73999,-0.04796936362981796,,,
29,74004,-0.051497653126716614,,,
29,74009,-0.04200325161218643,,,
29,74014,-0.03998073190450668,,,
29,74019,-0.0264621302485466,,,
29,74024,-0.03833996132016182,,,
29,74029,-0.030998345464468002,,,
29,74034,-0.03999723866581917,,,
29,74039,-0.047677576541900635,,,
29,74044,-0.040614500641822815,,,
29,74049,-0.05886150896549225,,,
29,74054,-0.023960931226611137,,,
29,74059,-0.04236438870429993,,,
29,74064,-0.03356814384460449,,,
29,74069,-0.026189077645540237,,,
29,74074,-0.02255268394947052,,,
29,74079,-0.04426489770412445,,,
29,74084,-0.04748912155628204,,,
29,74089,-0.03459557518362999,,,
29,74094,-0.012224763631820679,,,
29,74099,-0.03225865215063095,,,
29,74104,-0.022424370050430298,,,
29,74109,-0.04479452222585678,,,
29,74114,-0.05021992325782776,,,
29,74119,-0.04324918985366821,,,
29,74124,-0.0150289386510849,,,
29,74129,-0.005552288144826889,,,
29,74134,-0.008804639801383018,,,
29,74139,-0.04243182763457298,,,
29,74144,-0.05360174924135208,,,
29,74149,-0.04668589308857918,,,
29,74154,-0.0297923032194376,,,
29,74159,-0.053235556930303574,,,
29,74164,-0.058280277997255325,,,
29,74169,-0.027560023590922356,,,
29,74174,-0.04087254777550697,,,
29,74179,-0.04273443669080734,,,
29,74184,-0.040675800293684006,,,
29,74189,-0.026459351181983948,,,
29,74194,-0.05125437676906586,,,
29,74199,-0.04223054274916649,,,
29,74204,-0.027205411344766617,,,
29,74209,-0.03873475641012192,,,
29,74214,-0.03665732592344284,,,
29,74219,-0.0510675385594368,,,
29,74224,-0.036295510828495026,,,
29,74229,-0.04010171443223953,,,
29,74234,-0.03072330914437771,,,
29,74239,-0.04481503367424011,,,
29,74244,-0.03217941150069237,,,
29,74249,-0.053762633353471756,,,
29,74254,-0.03965411335229874,,,
29,74259,-0.03145437315106392,,,
29,74264,-0.039335064589977264,,,
29,74269,-0.03577898070216179,,,
29,74274,-0.04461732506752014,,,
29,74279,-0.034570660442113876,,,
29,74284,-0.03447457775473595,,,
29,74289,-0.038244180381298065,,,
29,74294,-0.03170658275485039,,,
29,74299,-0.043549612164497375,,,
29,74304,-0.04759916290640831,,,
29,74309,-0.049331922084093094,,,
29,74314,-0.008039241656661034,,,
29,74319,-0.036791689693927765,,,
29,74324,-0.02150716632604599,,,
29,74329,-0.0047438861802220345,,,
29,74334,-0.03804642707109451,,,
29,74339,-0.05038157105445862,,,
29,74344,-0.04683917760848999,,,
29,74349,-0.0173339806497097,,,
29,74354,-0.035666175186634064,,,
29,74359,-0.02944134548306465,,,
29,74364,-0.05650276318192482,,,
29,74369,-0.024007858708500862,,,
29,74374,-0.04551941901445389,,,
29,74379,-0.05599789321422577,,,
29,74384,-0.03617171198129654,,,
29,74389,-0.05945881828665733,,,
29,74394,-0.04057556763291359,,,
29,74399,-0.038547586649656296,,,
29,74404,-0.05132857710123062,,,
29,74409,-0.04282263666391373,,,
29,74414,-0.03679366409778595,,,
29,74419,-0.02754039689898491,,,
29,74424,-0.04210549592971802,,,
29,74429,-0.060227759182453156,,,
29,74434,-0.04731558635830879,,,
29,74439,-0.049063678830862045,,,
29,74444,-0.03674132749438286,,,
29,74449,-0.0333690419793129,,,
29,74454,-0.05018267035484314,,,
29,74459,-0.05083690211176872,,,
29,74464,-0.043084003031253815,,,
29,74469,-0.02171911485493183,,,
29,74474,-0.05226418748497963,,,
29,74479,-0.04047679156064987,,,
29,74484,-0.025615086778998375,,,
29,74489,-0.04307714104652405,,,
29,74494,-0.037330903112888336,,,
29,74499,-0.035795994102954865,,,
29,74504,-0.02758266031742096,,,
29,74509,-0.03589513152837753,,,
29,74514,-0.04819706082344055,,,
29,74519,-0.043312933295965195,,,
29,74524,-0.04184796288609505,,,
29,74529,-0.047161251306533813,,,
29,74534,-0.0504114106297493,,,
29,74539,-0.027712853625416756,,,
29,74544,-0.032112203538417816,,,
29,74549,-0.02853880263864994,,,
29,74554,-0.035683631896972656,,,
29,74559,-0.04005635902285576,,,
29,74564,-0.01924232766032219,,,
29,74569,-0.02626526728272438,,,
29,74574,-0.03492426872253418,,,
29,74579,-0.056634169071912766,,,
29,74584,-0.03500025346875191,,,
29,74589,-0.04932412505149841,,,
29,74594,-0.01039125956594944,,,
29,74599,-0.03934762626886368,,,
29,74604,-0.04341227561235428,,,
29,74609,-0.05084981024265289,,,
29,74614,-0.038724273443222046,,,
29,74619,-0.043496694415807724,,,
29,74624,-0.03263338655233383,,,
29,74629,-0.023211851716041565,,,
29,74634,-0.035746291279792786,,,
29,74639,-0.04176657646894455,,,
29,74644,-0.03861260414123535,,,
29,74649,-0.03871891275048256,,,
29,74654,-0.04367842897772789,,,
29,74659,-0.05014803633093834,,,
29,74664,-0.04546743631362915,,,
29,74669,-0.04233785346150398,,,
29,74674,-0.029900342226028442,,,
29,74679,0.0012890612706542015,,,
29,74684,-0.04435461387038231,,,
29,74689,-0.036307014524936676,,,
29,74694,-0.03330082818865776,,,
29,74699,-0.028559140861034393,,,
29,74704,-0.050045426934957504,,,
29,74709,-0.04720063507556915,,,
29,74714,-0.045206718146800995,,,
29,74719,-0.04336867853999138,,,
29,74724,-0.053820181638002396,,,
29,74729,-0.042969778180122375,,,
29,74734,-0.06246655434370041,,,
29,74739,-0.03621269762516022,,,
29,74744,-0.03171142190694809,,,
29,74749,-0.04086960107088089,,,
29,74754,0.0003233412280678749,,,
29,74759,-0.035891830921173096,,,
29,74764,-0.0013928133994340897,,,
29,74769,-0.039376094937324524,,,
29,74774,-0.05334821343421936,,,
29,74779,-0.0385785847902298,,,
29,74784,-0.05064834654331207,,,
29,74789,-0.06534784287214279,,,
29,74794,-0.04541737586259842,,,
29,74799,-0.03394639492034912,,,
29,74804,-0.0461483895778656,,,
29,74809,-0.02562599442899227,,,
29,74814,-0.01717786304652691,,,
29,74819,-0.030119597911834717,,,
29,74824,-0.04631371796131134,,,
29,74829,-0.042372770607471466,,,
29,74834,-0.042697206139564514,,,
29,74839,-0.04752027243375778,,,
29,74844,-0.019473042339086533,,,
29,74849,-0.03682658076286316,,,
29,74854,-0.038986172527074814,,,
29,74859,-0.04330068081617355,,,
29,74864,-0.048646628856658936,,,
29,74869,-0.02822037786245346,,,
29,74874,-0.030187081545591354,,,
29,74879,-0.019855407997965813,,,
29,74884,-0.044969938695430756,,,
29,74889,-0.013771811500191689,,,
29,74894,-0.03408447280526161,,,
29,74899,-0.013470406644046307,,,
29,74904,-0.02539687044918537,,,
29,74909,-0.045774661004543304,,,
29,74914,-0.04828491806983948,,,
29,74919,-0.03838878124952316,,,
29,74924,-0.044126346707344055,,,
29,74929,-0.042196884751319885,,,
29,74934,-0.05940740555524826,,,
29,74939,-0.03341127932071686,,,
29,74944,-0.04670367389917374,,,
29,74949,-0.0366482250392437,,,
29,74954,-0.03789013624191284,,,
29,74959,-0.04602298140525818,,,
29,74964,-0.0457444041967392,,,
29,74969,-0.031458377838134766,,,
29,74974,-0.022999724373221397,,,
29,74979,-0.04085605964064598,,,
29,74984,-0.02753966674208641,,,
29,74989,-0.0437488779425621,,,
29,74994,-0.038448937237262726,,,
29,74999,-0.03534245118498802,,,
29,74999,,-0.030777722597122192,0.3050999939441681,0.609343945980072
30,75004,-0.03958864510059357,,,
30,75009,-0.05248545855283737,,,
30,75014,-0.04601850360631943,,,
30,75019,-0.04461749643087387,,,
30,75024,-0.03432255983352661,,,
30,75029,-0.020071467384696007,,,
30,75034,-0.036831941455602646,,,
30,75039,-0.0466168187558651,,,
30,75044,-0.03341953828930855,,,
30,75049,-0.04602215439081192,,,
30,75054,-0.035919882357120514,,,
30,75059,-0.02380739152431488,,,
30,75064,-0.024605385959148407,,,
30,75069,-0.034024059772491455,,,
30,75074,-0.03701068460941315,,,
30,75079,-0.04089229553937912,,,
30,75084,-0.032066769897937775,,,
30,75089,-0.04006784409284592,,,
30,75094,-0.0499446839094162,,,
30,75099,-0.046243585646152496,,,
30,75104,-0.032476864755153656,,,
30,75109,-0.038240112364292145,,,
30,75114,-0.006170741282403469,,,
30,75119,-0.04732564464211464,,,
30,75124,-0.037564098834991455,,,
30,75129,-0.049887266010046005,,,
30,75134,-0.03853214904665947,,,
30,75139,-0.04363211244344711,,,
30,75144,-0.027786308899521828,,,
30,75149,-0.04447405785322189,,,
30,75154,-0.026721803471446037,,,
30,75159,-0.04404890909790993,,,
30,75164,-0.0493973046541214,,,
30,75169,-0.04625524580478668,,,
30,75174,-0.03607141599059105,,,
30,75179,-0.048354372382164,,,
30,75184,-0.04550585150718689,,,
30,75189,-0.022160612046718597,,,
30,75194,-0.04199918359518051,,,
30,75199,-0.04896179586648941,,,
30,75204,-0.04705515503883362,,,
30,75209,-0.05291184037923813,,,
30,75214,-0.032116085290908813,,,
30,75219,-0.041436515748500824,,,
30,75224,-0.03302048519253731,,,
30,75229,-0.033455990254879,,,
30,75234,-0.049577221274375916,,,
30,75239,-0.04938690364360809,,,
30,75244,-0.03493451327085495,,,
30,75249,-0.05071336030960083,,,
30,75254,-0.04053662717342377,,,
30,75259,-0.029113294556736946,,,
30,75264,-0.04678569361567497,,,
30,75269,-0.048366792500019073,,,
30,75274,-0.03667185828089714,,,
30,75279,-0.03790930658578873,,,
30,75284,-0.04066680744290352,,,
30,75289,-0.04482343792915344,,,
30,75294,-0.041644223034381866,,,
30,75299,-0.028638098388910294,,,
30,75304,-0.039679672569036484,,,
30,75309,-0.0430971160531044,,,
30,75314,-0.01856871135532856,,,
30,75319,-0.04810494929552078,,,
30,75324,-0.05302019417285919,,,
30,75329,-0.0453009232878685,,,
30,75334,-0.03312106430530548,,,
30,75339,-0.04572109133005142,,,
30,75344,-0.040017761290073395,,,
30,75349,-0.024162624031305313,,,
30,75354,-0.027324967086315155,,,
30,75359,-0.04039992019534111,,,
30,75364,-0.031214460730552673,,,
30,75369,-0.03603096678853035,,,
30,75374,-0.029470181092619896,,,
30,75379,-0.031079145148396492,,,
30,75384,-0.034287143498659134,,,
30,75389,-0.02069391869008541,,,
30,75394,-0.04823364317417145,,,
30,75399,-0.026930956169962883,,,
30,75404,-0.019088352099061012,,,
30,75409,-0.04380431026220322,,,
30,75414,-0.04405434429645538,,,
30,75419,-0.034422069787979126,,,
30,75424,-0.03590875491499901,,,
30,75429,-0.026534490287303925,,,
30,75434,-0.038077663630247116,,,
30,75439,-0.03840634599328041,,,
30,75444,-0.041287533938884735,,,
30,75449,-0.02940608747303486,,,
30,75454,-0.046715330332517624,,,
30,75459,-0.02579829841852188,,,
30,75464,-0.019893672317266464,,,
30,75469,-0.048591066151857376,,,
30,75474,-0.026970935985445976,,,
30,75479,-0.03037199378013611,,,
30,75484,-0.047249577939510345,,,
30,75489,-0.022013137117028236,,,
30,75494,-0.03732878714799881,,,
30,75499,-0.04543108493089676,,,
30,75504,-0.037532318383455276,,,
30,75509,-0.0456351637840271,,,
30,75514,-0.03224259614944458,,,
30,75519,-0.02956901490688324,,,
30,75524,-0.0035454221069812775,,,
30,75529,-0.03785722330212593,,,
30,75534,-0.03305583447217941,,,
30,75539,-0.023090612143278122,,,
30,75544,-0.035408660769462585,,,
30,75549,-0.04593686759471893,,,
30,75554,-0.04154735803604126,,,
30,75559,-0.03892732039093971,,,
30,75564,-0.05953596532344818,,,
30,75569,-0.037566978484392166,,,
30,75574,-0.04199174419045448,,,
30,75579,-0.03226499259471893,,,
30,75584,-0.04035406559705734,,,
30,75589,-0.03425509110093117,,,
30,75594,-0.040939394384622574,,,
30,75599,-0.04068524390459061,,,
30,75604,-0.03195728361606598,,,
30,75609,-0.04482691362500191,,,
30,75614,-0.03668004274368286,,,
30,75619,-0.013876090757548809,,,
30,75624,-0.035717979073524475,,,
30,75629,-0.03838343545794487,,,
30,75634,-0.03537062928080559,,,
30,75639,-0.022913603112101555,,,
30,75644,-0.038133956491947174,,,
30,75649,-0.04253119230270386,,,
30,75654,-0.03718820959329605,,,
30,75659,-0.023381587117910385,,,
30,75664,-0.04468744993209839,,,
30,75669,-0.03493840992450714,,,
30,75674,-0.034219104796648026,,,
30,75679,-0.02336796186864376,,,
30,75684,-0.057604316622018814,,,
30,75689,-0.0486571341753006,,,
30,75694,-0.03994673117995262,,,
30,75699,-0.04085369408130646,,,
30,75704,-0.03433182090520859,,,
30,75709,-0.027786435559391975,,,
30,75714,-0.05243910476565361,,,
30,75719,-0.032697685062885284,,,
30,75724,-0.03432735428214073,,,
30,75729,-0.015954067930579185,,,
30,75734,-0.04692442715167999,,,
30,75739,-0.03140772134065628,,,
30,75744,-0.043606095016002655,,,
30,75749,-0.0011735372245311737,,,
30,75754,-0.022244945168495178,,,
30,75759,-0.025989897549152374,,,
30,75764,-0.032223090529441833,,,
30,75769,-0.02319858968257904,,,
30,75774,-0.037981390953063965,,,
30,75779,-0.03428032621741295,,,
30,75784,-0.04023415222764015,,,
30,75789,-0.0469164103269577,,,
30,75794,-0.0446988046169281,,,
30,75799,-0.04905332624912262,,,
30,75804,-0.03628652170300484,,,
30,75809,-0.018468443304300308,,,
30,75814,-0.04611752927303314,,,
30,75819,-0.0462796613574028,,,
30,75824,-0.02559439092874527,,,
30,75829,-0.04966215044260025,,,
30,75834,-0.034771788865327835,,,
30,75839,-0.05284268409013748,,,
30,75844,-0.039746105670928955,,,
30,75849,-0.02020431123673916,,,
30,75854,-0.0014490708708763123,,,
30,75859,-0.0077651385217905045,,,
30,75864,-0.013293261639773846,,,
30,75869,-0.03143925219774246,,,
30,75874,-0.04572620987892151,,,
30,75879,-0.033931903541088104,,,
30,75884,-0.03358353674411774,,,
30,75889,-0.04178948327898979,,,
30,75894,-0.03276805207133293,,,
30,75899,-0.04110610485076904,,,
30,75904,-0.038397639989852905,,,
30,75909,-0.027811184525489807,,,
30,75914,-0.002380319871008396,,,
30,75919,-0.04914901405572891,,,
30,75924,-0.01823735237121582,,,
30,75929,-0.025449570268392563,,,
30,75934,-0.03692770004272461,,,
30,75939,-0.01774854212999344,,,
30,75944,-0.03699358552694321,,,
30,75949,-0.06767310202121735,,,
30,75954,-0.04578879475593567,,,
30,75959,-0.04551953449845314,,,
30,75964,-0.04237377643585205,,,
30,75969,-0.03257748484611511,,,
30,75974,-0.03121991641819477,,,
30,75979,-0.03526018187403679,,,
30,75984,-0.04875935986638069,,,
30,75989,-0.03386244177818298,,,
30,75994,-0.0435873344540596,,,
30,75999,-0.04596709460020065,,,
30,76004,-0.03628883510828018,,,
30,76009,-0.034449610859155655,,,
30,76014,-0.04666867479681969,,,
30,76019,-0.015577382408082485,,,
30,76024,-0.047998689115047455,,,
30,76029,-0.049327217042446136,,,
30,76034,-0.018083397299051285,,,
30,76039,-0.04918378219008446,,,
30,76044,-0.0367904007434845,,,
30,76049,-0.04196976125240326,,,
30,76054,-0.04749978333711624,,,
30,76059,-0.059322938323020935,,,
30,76064,-0.03949334844946861,,,
30,76069,-0.04339165240526199,,,
30,76074,-0.054962679743766785,,,
30,76079,-0.017663363367319107,,,
30,76084,-0.018568139523267746,,,
30,76089,-0.02798493206501007,,,
30,76094,-0.041807085275650024,,,
30,76099,-0.030888304114341736,,,
30,76104,-0.0459190271794796,,,
30,76109,-0.04374608397483826,,,
30,76114,-0.04563005641102791,,,
30,76119,-0.04642549157142639,,,
30,76124,-0.049099989235401154,,,
30,76129,-0.0352477952837944,,,
30,76134,-0.05891423672437668,,,
30,76139,-0.03364933282136917,,,
30,76144,-0.06929220259189606,,,
30,76149,-0.054923757910728455,,,
30,76154,-0.03179026022553444,,,
30,76159,-0.03513753414154053,,,
30,76164,-0.04475460574030876,,,
30,76169,-0.05155233293771744,,,
30,76174,-0.03175854682922363,,,
30,76179,-0.044955674558877945,,,
30,76184,-0.04421856254339218,,,
30,76189,-0.015294978395104408,,,
30,76194,-0.022305499762296677,,,
30,76199,-0.050120074301958084,,,
30,76204,-0.02860035002231598,,,
30,76209,-0.04200351983308792,,,
30,76214,-0.03279343247413635,,,
30,76219,-0.03181491792201996,,,
30,76224,-0.04773738980293274,,,
30,76229,-0.04738452285528183,,,
30,76234,-0.04645146429538727,,,
30,76239,-0.036127105355262756,,,
30,76244,-0.04049208015203476,,,
30,76249,-0.035768166184425354,,,
30,76254,-0.03344301879405975,,,
30,76259,-0.020233921706676483,,,
30,76264,-0.04343341290950775,,,
30,76269,-0.021655824035406113,,,
30,76274,-0.052596256136894226,,,
30,76279,-0.03220207989215851,,,
30,76284,-0.038144927471876144,,,
30,76289,-0.038259103894233704,,,
30,76294,-0.03066171519458294,,,
30,76299,-0.03281959146261215,,,
30,76304,-0.050365008413791656,,,
30,76309,-0.044130899012088776,,,
30,76314,-0.026961244642734528,,,
30,76319,-0.03841607645153999,,,
30,76324,-0.03444399684667587,,,
30,76329,-0.03434525430202484,,,
30,76334,-0.0383305549621582,,,
30,76339,-0.0358232706785202,,,
30,76344,-0.020345205441117287,,,
30,76349,-0.04471787065267563,,,
30,76354,-0.032538771629333496,,,
30,76359,-0.03938726335763931,,,
30,76364,-0.028674783185124397,,,
30,76369,-0.049007803201675415,,,
30,76374,-0.04299610108137131,,,
30,76379,-0.05156264826655388,,,
30,76384,-0.020927511155605316,,,
30,76389,-0.035951726138591766,,,
30,76394,-0.03511061519384384,,,
30,76399,-0.03704812377691269,,,
30,76404,-0.040379445999860764,,,
30,76409,-0.01855013519525528,,,
30,76414,-0.050379954278469086,,,
30,76419,-0.052250467240810394,,,
30,76424,-0.050364211201667786,,,
30,76429,-0.03512219339609146,,,
30,76434,-0.03391866758465767,,,
30,76439,-0.045821480453014374,,,
30,76444,-0.04750664532184601,,,
30,76449,-0.050835464149713516,,,
30,76454,-0.03293321654200554,,,
30,76459,-0.04400917515158653,,,
30,76464,-0.03840821608901024,,,
30,76469,-0.03108111023902893,,,
30,76474,-0.03904600441455841,,,
30,76479,-0.031169991940259933,,,
30,76484,-0.022438695654273033,,,
30,76489,-0.036177799105644226,,,
30,76494,-0.039240289479494095,,,
30,76499,-0.0387999601662159,,,
30,76504,-0.035476215183734894,,,
30,76509,-0.0168908704072237,,,
30,76514,-0.03041785955429077,,,
30,76519,-0.041870564222335815,,,
30,76524,-0.03844437003135681,,,
30,76529,-0.059823643416166306,,,
30,76534,-0.06330036371946335,,,
30,76539,-0.028286796063184738,,,
30,76544,-0.03266245871782303,,,
30,76549,-0.036693181842565536,,,
30,76554,-0.03326460346579552,,,
30,76559,-0.04320872202515602,,,
30,76564,-0.042579807341098785,,,
30,76569,-0.03159024938941002,,,
30,76574,-0.03276961296796799,,,
30,76579,-0.026074465364217758,,,
30,76584,-0.04796618968248367,,,
30,76589,-0.04046544432640076,,,
30,76594,-0.03521621972322464,,,
30,76599,-0.038018226623535156,,,
30,76604,-0.03881634399294853,,,
30,76609,-0.016269652172923088,,,
30,76614,-0.03389226645231247,,,
30,76619,-0.029446452856063843,,,
30,76624,-0.04723689332604408,,,
30,76629,-0.04978397488594055,,,
30,76634,-0.05086158961057663,,,
30,76639,-0.04515678808093071,,,
30,76644,-0.03558354824781418,,,
30,76649,-0.036464281380176544,,,
30,76654,-0.03342988342046738,,,
30,76659,-0.034871265292167664,,,
30,76664,-0.03835759311914444,,,
30,76669,-0.04614261910319328,,,
30,76674,-0.04476325586438179,,,
30,76679,-0.04482962191104889,,,
30,76684,-0.05193958804011345,,,
30,76689,-0.059087470173835754,,,
30,76694,-0.057456985116004944,,,
30,76699,-0.03369825333356857,,,
30,76704,-0.05620703101158142,,,
30,76709,-0.026281431317329407,,,
30,76714,-0.03933994099497795,,,
30,76719,-0.02323414385318756,,,
30,76724,-0.03504449874162674,,,
30,76729,-0.024593930691480637,,,
30,76734,-0.04456865414977074,,,
30,76739,-0.04635677859187126,,,
30,76744,-0.05571867898106575,,,
30,76749,-0.03912495821714401,,,
30,76754,-0.05089665576815605,,,
30,76759,-0.03689078986644745,,,
30,76764,-0.049549732357263565,,,
30,76769,-0.04765559732913971,,,
30,76774,-0.04455333948135376,,,
30,76779,-0.0497007742524147,,,
30,76784,-0.03836362808942795,,,
30,76789,-0.04037422686815262,,,
30,76794,-0.04194328561425209,,,
30,76799,-0.03968501091003418,,,
30,76804,-0.027940809726715088,,,
30,76809,-0.033979400992393494,,,
30,76814,-0.044569455087184906,,,
30,76819,-0.03637814521789551,,,
30,76824,-0.034737735986709595,,,
30,76829,-0.01788138970732689,,,
30,76834,-0.02864481881260872,,,
30,76839,-0.039811037480831146,,,
30,76844,-0.049980528652668,,,
30,76849,-0.027120646089315414,,,
30,76854,-0.05108717828989029,,,
30,76859,-0.027414625510573387,,,
30,76864,-0.03702006861567497,,,
30,76869,-0.04956351965665817,,,
30,76874,-0.037225641310214996,,,
30,76879,-0.03814953938126564,,,
30,76884,-0.04619894176721573,,,
30,76889,-0.03547787293791771,,,
30,76894,-0.05725255608558655,,,
30,76899,-0.03671398386359215,,,
30,76904,-0.039710547775030136,,,
30,76909,-0.04973268508911133,,,
30,76914,-0.02525923401117325,,,
30,76919,-0.032313719391822815,,,
30,76924,-0.03406078368425369,,,
30,76929,-0.026336830109357834,,,
30,76934,-0.028857693076133728,,,
30,76939,-0.04925486817955971,,,
30,76944,-0.03492587059736252,,,
30,76949,-0.05290479212999344,,,
30,76954,-0.05102015659213066,,,
30,76959,-0.030426770448684692,,,
30,76964,-0.03708130866289139,,,
30,76969,-0.03815743327140808,,,
30,76974,-0.028579922392964363,,,
30,76979,-0.036993321031332016,,,
30,76984,-0.0363459587097168,,,
30,76989,-0.04987375810742378,,,
30,76994,-0.03762902319431305,,,
30,76999,-0.036622487008571625,,,
30,77004,-0.03801342472434044,,,
30,77009,-0.023089274764060974,,,
30,77014,-0.04100487381219864,,,
30,77019,-0.043054476380348206,,,
30,77024,-0.03179404139518738,,,
30,77029,-0.031596019864082336,,,
30,77034,-0.04946746677160263,,,
30,77039,-0.02938557043671608,,,
30,77044,-0.037479549646377563,,,
30,77049,-0.0321076437830925,,,
30,77054,-0.052421100437641144,,,
30,77059,-0.029851410537958145,,,
30,77064,-0.045119509100914,,,
30,77069,-0.02891172096133232,,,
30,77074,-0.028008854016661644,,,
30,77079,-0.011521643958985806,,,
30,77084,-0.033471543341875076,,,
30,77089,-0.04327495023608208,,,
30,77094,-0.03227241709828377,,,
30,77099,-0.039318233728408813,,,
30,77104,-0.0463440977036953,,,
30,77109,-0.030080530792474747,,,
30,77114,-0.042318668216466904,,,
30,77119,-0.05012692138552666,,,
30,77124,-0.04153095930814743,,,
30,77129,-0.05760817974805832,,,
30,77134,-0.050069231539964676,,,
30,77139,-0.019845066592097282,,,
30,77144,-0.04286475107073784,,,
30,77149,-0.03709815815091133,,,
30,77154,-0.0508573055267334,,,
30,77159,-0.04365905001759529,,,
30,77164,-0.04273821413516998,,,
30,77169,-0.03168436512351036,,,
30,77174,-0.04309799522161484,,,
30,77179,-0.03202451765537262,,,
30,77184,-0.030116688460111618,,,
30,77189,-0.028499148786067963,,,
30,77194,-0.0455663800239563,,,
30,77199,-0.02674102783203125,,,
30,77204,-0.04024892300367355,,,
30,77209,-0.027386486530303955,,,
30,77214,-0.03886141628026962,,,
30,77219,-0.051184192299842834,,,
30,77224,-0.0365569107234478,,,
30,77229,-0.03376869484782219,,,
30,77234,-0.030220726504921913,,,
30,77239,-0.034054234623909,,,
30,77244,-0.04769190773367882,,,
30,77249,-0.04073314368724823,,,
30,77254,-0.03861863166093826,,,
30,77259,-0.02800128236413002,,,
30,77264,-0.040974363684654236,,,
30,77269,-0.02987583540380001,,,
30,77274,-0.050670325756073,,,
30,77279,-0.03826767951250076,,,
30,77284,-0.016870621591806412,,,
30,77289,-0.04819996654987335,,,
30,77294,-0.026969745755195618,,,
30,77299,-0.051996394991874695,,,
30,77304,-0.02271171845495701,,,
30,77309,-0.03544842451810837,,,
30,77314,-0.04626744985580444,,,
30,77319,-0.03487234190106392,,,
30,77324,-0.03675307705998421,,,
30,77329,-0.04073977842926979,,,
30,77334,-0.019086692482233047,,,
30,77339,-0.043949488550424576,,,
30,77344,-0.04292815923690796,,,
30,77349,-0.019749924540519714,,,
30,77354,-0.03541889786720276,,,
30,77359,-0.03965060040354729,,,
30,77364,-0.04234815388917923,,,
30,77369,-0.058106839656829834,,,
30,77374,-0.04755697399377823,,,
30,77379,-0.052103880792856216,,,
30,77384,-0.0293140672147274,,,
30,77389,-0.057579416781663895,,,
30,77394,-0.04177440330386162,,,
30,77399,-0.03342869505286217,,,
30,77404,-0.03677770495414734,,,
30,77409,-0.05202988162636757,,,
30,77414,-0.038565121591091156,,,
30,77419,-0.029228173196315765,,,
30,77424,-0.036410361528396606,,,
30,77429,-0.03443155437707901,,,
30,77434,-0.0253780335187912,,,
30,77439,-0.028105411678552628,,,
30,77444,-0.048648715019226074,,,
30,77449,-0.0429503433406353,,,
30,77454,-0.052364371716976166,,,
30,77459,-0.04341425746679306,,,
30,77464,-0.056892551481723785,,,
30,77469,-0.02634124457836151,,,
30,77474,-0.017402775585651398,,,
30,77479,-0.02988257072865963,,,
30,77484,-0.07225699722766876,,,
30,77489,-0.048932600766420364,,,
30,77494,-0.043434374034404755,,,
30,77499,-0.057147569954395294,,,
30,77499,,-0.0379350408911705,0.29409998655319214,0.5866003632545471
31,77504,-0.07197878509759903,,,
31,77509,-0.04508109390735626,,,
31,77514,-0.05265432223677635,,,
31,77519,-0.04157130420207977,,,
31,77524,-0.015213442966341972,,,
31,77529,-0.037080034613609314,,,
31,77534,-0.0235309861600399,,,
31,77539,-0.021865403279662132,,,
31,77544,-0.034683823585510254,,,
31,77549,-0.02759130299091339,,,
31,77554,-0.045442692935466766,,,
31,77559,-0.03301127627491951,,,
31,77564,-0.03646153211593628,,,
31,77569,-0.033879540860652924,,,
31,77574,-0.03478531539440155,,,
31,77579,-0.03786112740635872,,,
31,77584,-0.04620560258626938,,,
31,77589,-0.033113956451416016,,,
31,77594,-0.03463538736104965,,,
31,77599,-0.03228521719574928,,,
31,77604,-0.032815977931022644,,,
31,77609,-0.02914891391992569,,,
31,77614,-0.04130611568689346,,,
31,77619,-0.023489780724048615,,,
31,77624,-0.045114677399396896,,,
31,77629,-0.036801815032958984,,,
31,77634,-0.02886083535850048,,,
31,77639,-0.03868522122502327,,,
31,77644,-0.032515231519937515,,,
31,77649,-0.039675384759902954,,,
31,77654,-0.03096947632730007,,,
31,77659,-0.03918074071407318,,,
31,77664,-0.011402660980820656,,,
31,77669,-0.0345684215426445,,,
31,77674,-0.031855322420597076,,,
31,77679,-0.022382549941539764,,,
31,77684,-0.041759490966796875,,,
31,77689,-0.04384931921958923,,,
31,77694,-0.03098400868475437,,,
31,77699,-0.04295653477311134,,,
31,77704,-0.04064870998263359,,,
31,77709,-0.03898407518863678,,,
31,77714,-0.052535898983478546,,,
31,77719,-0.056089453399181366,,,
31,77724,-0.008321420289576054,,,
31,77729,-0.012307129800319672,,,
31,77734,-0.02752925083041191,,,
31,77739,-0.033430781215429306,,,
31,77744,-0.02941303141415119,,,
31,77749,-0.028428461402654648,,,
31,77754,-0.0357641875743866,,,
31,77759,-0.05060463398694992,,,
31,77764,-0.0401013046503067,,,
31,77769,-0.033287130296230316,,,
31,77774,0.012888092547655106,,,
31,77779,-0.046321600675582886,,,
31,77784,-0.03644893318414688,,,
31,77789,-0.027876555919647217,,,
31,77794,-0.04776107892394066,,,
31,77799,-0.03286581486463547,,,
31,77804,-0.033127311617136,,,
31,77809,-0.017474453896284103,,,
31,77814,-0.04496823251247406,,,
31,77819,-0.044919803738594055,,,
31,77824,-0.025581005960702896,,,
31,77829,-0.035310160368680954,,,
31,77834,-0.03673843666911125,,,
31,77839,-0.024517912417650223,,,
31,77844,-0.036271773278713226,,,
31,77849,-0.023699872195720673,,,
31,77854,-0.04528743028640747,,,
31,77859,-0.046432703733444214,,,
31,77864,-0.05729154869914055,,,
31,77869,-0.02769884280860424,,,
31,77874,-0.03904438763856888,,,
31,77879,-0.023815471678972244,,,
31,77884,-0.0527871809899807,,,
31,77889,-0.03656751662492752,,,
31,77894,-0.03989144414663315,,,
31,77899,-0.0322876013815403,,,
31,77904,-0.04521157220005989,,,
31,77909,-0.0313652828335762,,,
31,77914,-0.03208464756608009,,,
31,77919,-0.023819584399461746,,,
31,77924,-0.015853606164455414,,,
31,77929,0.0031202395912259817,,,
31,77934,-0.04436440393328667,,,
31,77939,-0.05494093894958496,,,
31,77944,-0.04882677644491196,,,
31,77949,-0.03467913717031479,,,
31,77954,-0.03141827508807182,,,
31,77959,-0.034890759736299515,,,
31,77964,-0.040843021124601364,,,
31,77969,-0.031217152252793312,,,
31,77974,-0.0323210246860981,,,
31,77979,-0.024340854957699776,,,
31,77984,-0.03507014364004135,,,
31,77989,-0.020395997911691666,,,
31,77994,-0.02999170310795307,,,
31,77999,-0.05122463405132294,,,
31,78004,-0.029480043798685074,,,
31,78009,-0.02482827752828598,,,
31,78014,-0.028487838804721832,,,
31,78019,-0.03359818086028099,,,
31,78024,-0.031200839206576347,,,
31,78029,-0.045573972165584564,,,
31,78034,-0.04741441830992699,,,
31,78039,-0.03173060715198517,,,
31,78044,-0.04018528014421463,,,
31,78049,-0.04133448749780655,,,
31,78054,-0.052583273500204086,,,
31,78059,-0.04211168736219406,,,
31,78064,-0.038678091019392014,,,
31,78069,-0.033833760768175125,,,
31,78074,-0.03946780413389206,,,
31,78079,-0.02220616117119789,,,
31,78084,-0.037481922656297684,,,
31,78089,-0.04308313876390457,,,
31,78094,-0.03349996358156204,,,
31,78099,-0.031159719452261925,,,
31,78104,-0.03630547598004341,,,
31,78109,-0.039212021976709366,,,
31,78114,-0.03288585692644119,,,
31,78119,-0.043386828154325485,,,
31,78124,-0.028016135096549988,,,
31,78129,-0.04369568079710007,,,
31,78134,-0.026685059070587158,,,
31,78139,-0.03399469703435898,,,
31,78144,-0.03507748246192932,,,
31,78149,-0.03571866452693939,,,
31,78154,-0.023052524775266647,,,
31,78159,-0.024249853566288948,,,
31,78164,-0.04636336863040924,,,
31,78169,-0.025751681998372078,,,
31,78174,-0.03639240562915802,,,
31,78179,-0.054300203919410706,,,
31,78184,-0.02755352109670639,,,
31,78189,-0.029956087470054626,,,
31,78194,-0.04214547574520111,,,
31,78199,-0.04491271823644638,,,
31,78204,-0.03390023857355118,,,
31,78209,-0.03039790689945221,,,
31,78214,-0.02335909754037857,,,
31,78219,-0.06297963112592697,,,
31,78224,-0.052054230123758316,,,
31,78229,-0.032269008457660675,,,
31,78234,-0.04128923639655113,,,
31,78239,-0.028847549110651016,,,
31,78244,-0.05240706354379654,,,
31,78249,-0.03840486332774162,,,
31,78254,-0.04757211357355118,,,
31,78259,-0.03468654677271843,,,
31,78264,-0.03020597994327545,,,
31,78269,-0.05483920872211456,,,
31,78274,-0.0326126329600811,,,
31,78279,-0.029034456238150597,,,
31,78284,-0.04357670992612839,,,
31,78289,-0.04284719377756119,,,
31,78294,-0.026215702295303345,,,
31,78299,-0.017437325790524483,,,
31,78304,-0.049738749861717224,,,
31,78309,-0.049450986087322235,,,
31,78314,-0.03586997091770172,,,
31,78319,-0.05109445005655289,,,
31,78324,-0.03725748881697655,,,
31,78329,-0.028960295021533966,,,
31,78334,-0.04723097011446953,,,
31,78339,-0.05535459890961647,,,
31,78344,-0.03504514694213867,,,
31,78349,-0.04297676309943199,,,
31,78354,-0.0301629900932312,,,
31,78359,-0.03759697824716568,,,
31,78364,-0.05493803694844246,,,
31,78369,-0.04297488182783127,,,
31,78374,-0.03705936297774315,,,
31,78379,-0.04038956016302109,,,
31,78384,-0.034011632204055786,,,
31,78389,-0.03958837315440178,,,
31,78394,-0.031523872166872025,,,
31,78399,-0.03304608538746834,,,
31,78404,-0.032189324498176575,,,
31,78409,-0.031550273299217224,,,
31,78414,-0.03407664597034454,,,
31,78419,-0.042325764894485474,,,
31,78424,-0.029344342648983,,,
31,78429,-0.04190647602081299,,,
31,78434,-0.03797738254070282,,,
31,78439,-0.054238609969615936,,,
31,78444,-0.04781170189380646,,,
31,78449,-0.04755913466215134,,,
31,78454,-0.0500330775976181,,,
31,78459,-0.020660974085330963,,,
31,78464,-0.02933482639491558,,,
31,78469,-0.03702361881732941,,,
31,78474,-0.041971467435359955,,,
31,78479,-0.030751701444387436,,,
31,78484,-0.034801214933395386,,,
31,78489,-0.042016103863716125,,,
31,78494,-0.015193179249763489,,,
31,78499,-0.027581404894590378,,,
31,78504,-0.048550378531217575,,,
31,78509,-0.032539207488298416,,,
31,78514,-0.04764352738857269,,,
31,78519,-0.04930971562862396,,,
31,78524,-0.028409289196133614,,,
31,78529,-0.03448563069105148,,,
31,78534,-0.0373939573764801,,,
31,78539,-0.04160308092832565,,,
31,78544,-0.029004009440541267,,,
31,78549,-0.05519586801528931,,,
31,78554,-0.040532343089580536,,,
31,78559,-0.04774861037731171,,,
31,78564,-0.0433599054813385,,,
31,78569,-0.03953272104263306,,,
31,78574,-0.04479105770587921,,,
31,78579,-0.04907809570431709,,,
31,78584,-0.02169845998287201,,,
31,78589,-0.04794821888208389,,,
31,78594,-0.04474160075187683,,,
31,78599,-0.0422278568148613,,,
31,78604,-0.024308931082487106,,,
31,78609,-0.03856953978538513,,,
31,78614,-0.043642558157444,,,
31,78619,-0.03307860344648361,,,
31,78624,-0.03013339638710022,,,
31,78629,-0.024817101657390594,,,
31,78634,-0.019355300813913345,,,
31,78639,-0.05317951738834381,,,
31,78644,-0.041323043406009674,,,
31,78649,-0.034193988889455795,,,
31,78654,-0.04922042787075043,,,
31,78659,-0.04366777464747429,,,
31,78664,-0.035985417664051056,,,
31,78669,-0.05002131313085556,,,
31,78674,-0.03267466276884079,,,
31,78679,-0.042523033916950226,,,
31,78684,-0.03749915957450867,,,
31,78689,-0.022616654634475708,,,
31,78694,-0.030011679977178574,,,
31,78699,-0.03041766583919525,,,
31,78704,-0.022494511678814888,,,
31,78709,-0.0429910309612751,,,
31,78714,-0.04743348807096481,,,
31,78719,-0.03571242094039917,,,
31,78724,-0.05021156370639801,,,
31,78729,-0.04146641492843628,,,
31,78734,-0.04368041828274727,,,
31,78739,-0.03672545403242111,,,
31,78744,-0.04421604424715042,,,
31,78749,-0.040649838745594025,,,
31,78754,-0.03732186555862427,,,
31,78759,-0.03460777923464775,,,
31,78764,-0.03198695927858353,,,
31,78769,-0.04396484047174454,,,
31,78774,-0.03929571434855461,,,
31,78779,-0.026339216157794,,,
31,78784,-0.0482182502746582,,,
31,78789,-0.03904242068529129,,,
31,78794,-0.03163016214966774,,,
31,78799,-0.03926415741443634,,,
31,78804,-0.030687984079122543,,,
31,78809,-0.034528233110904694,,,
31,78814,-0.04684542492032051,,,
31,78819,-0.047673679888248444,,,
31,78824,-0.021965526044368744,,,
31,78829,-0.045026250183582306,,,
31,78834,-0.03571910038590431,,,
31,78839,-0.033580221235752106,,,
31,78844,-0.03368665650486946,,,
31,78849,-0.023472895845770836,,,
31,78854,-0.038718339055776596,,,
31,78859,-0.03595401346683502,,,
31,78864,-0.04227425903081894,,,
31,78869,-0.046757638454437256,,,
31,78874,-0.05820651352405548,,,
31,78879,-0.015678664669394493,,,
31,78884,-0.03873224928975105,,,
31,78889,-0.03027869015932083,,,
31,78894,-0.040542326867580414,,,
31,78899,-0.03997176140546799,,,
31,78904,-0.021501963958144188,,,
31,78909,-0.017905596643686295,,,
31,78914,-0.04195030778646469,,,
31,78919,-0.028698250651359558,,,
31,78924,-0.027309566736221313,,,
31,78929,-0.031381119042634964,,,
31,78934,-0.04555409401655197,,,
31,78939,-0.027564819902181625,,,
31,78944,-0.02956809662282467,,,
31,78949,-0.0356484055519104,,,
31,78954,-0.031215060502290726,,,
31,78959,-0.03657812252640724,,,
31,78964,-0.04442284256219864,,,
31,78969,-0.04323970526456833,,,
31,78974,-0.043299637734889984,,,
31,78979,-0.04835202544927597,,,
31,78984,-0.034524571150541306,,,
31,78989,-0.03823380172252655,,,
31,78994,-0.04297991842031479,,,
31,78999,-0.04211759567260742,,,
31,79004,-0.03416157886385918,,,
31,79009,-0.028294648975133896,,,
31,79014,-0.05318198353052139,,,
31,79019,-0.02734978124499321,,,
31,79024,-0.018968278542160988,,,
31,79029,-0.04856155067682266,,,
31,79034,-0.037578701972961426,,,
31,79039,-0.028039351105690002,,,
31,79044,-0.04636014997959137,,,
31,79049,-0.04520620033144951,,,
31,79054,-0.05201125890016556,,,
31,79059,-0.02760380506515503,,,
31,79064,-0.03792428597807884,,,
31,79069,-0.01989002525806427,,,
31,79074,-0.0420159175992012,,,
31,79079,-0.03462381660938263,,,
31,79084,-0.03570502996444702,,,
31,79089,-0.04479001834988594,,,
31,79094,-0.028307974338531494,,,
31,79099,-0.0445842519402504,,,
31,79104,-0.03639773279428482,,,
31,79109,-0.03580529987812042,,,
31,79114,-0.05107578635215759,,,
31,79119,-0.029529999941587448,,,
31,79124,-0.01893567107617855,,,
31,79129,-0.02333327941596508,,,
31,79134,-0.053823646157979965,,,
31,79139,-0.04307708144187927,,,
31,79144,-0.04807054251432419,,,
31,79149,-0.03786924481391907,,,
31,79154,-0.03732071444392204,,,
31,79159,-0.0451061874628067,,,
31,79164,-0.054005056619644165,,,
31,79169,-0.04844289645552635,,,
31,79174,-0.04358889162540436,,,
31,79179,-0.03965465724468231,,,
31,79184,-0.03315596655011177,,,
31,79189,-0.024786293506622314,,,
31,79194,-0.04548279941082001,,,
31,79199,-0.02216554433107376,,,
31,79204,-0.033283572643995285,,,
31,79209,-0.05120749771595001,,,
31,79214,-0.04728623107075691,,,
31,79219,-0.03384338691830635,,,
31,79224,-0.039131179451942444,,,
31,79229,-0.016747530549764633,,,
31,79234,-0.03497578948736191,,,
31,79239,-0.04773595929145813,,,
31,79244,-0.03962092846632004,,,
31,79249,-0.04133683070540428,,,
31,79254,-0.05093914270401001,,,
31,79259,-0.045506298542022705,,,
31,79264,-0.0437375083565712,,,
31,79269,-0.04213977977633476,,,
31,79274,-0.03058583289384842,,,
31,79279,-0.009167006239295006,,,
31,79284,-0.045401472598314285,,,
31,79289,-0.05041954666376114,,,
31,79294,-0.04159199446439743,,,
31,79299,-0.032251644879579544,,,
31,79304,-0.03580694645643234,,,
31,79309,-0.02665122039616108,,,
31,79314,-0.045305170118808746,,,
31,79319,-0.03957240283489227,,,
31,79324,-0.048020049929618835,,,
31,79329,-0.03145474195480347,,,
31,79334,-0.0570111982524395,,,
31,79339,-0.05691371113061905,,,
31,79344,-0.0357092060148716,,,
31,79349,-0.04662303626537323,,,
31,79354,-0.0328059196472168,,,
31,79359,-0.03896588087081909,,,
31,79364,-0.03775152564048767,,,
31,79369,-0.039528921246528625,,,
31,79374,-0.04765009135007858,,,
31,79379,-0.048162899911403656,,,
31,79384,-0.03696434199810028,,,
31,79389,-0.028696488589048386,,,
31,79394,-0.0319230780005455,,,
31,79399,-0.022618237882852554,,,
31,79404,-0.045559532940387726,,,
31,79409,-0.030707785859704018,,,
31,79414,-0.02371136285364628,,,
31,79419,-0.04785821959376335,,,
31,79424,-0.03305927664041519,,,
31,79429,-0.04491431266069412,,,
31,79434,-0.0315205454826355,,,
31,79439,-0.03541014343500137,,,
31,79444,-0.03275959566235542,,,
31,79449,-0.037259045988321304,,,
31,79454,-0.02741677314043045,,,
31,79459,-0.05319041758775711,,,
31,79464,-0.0424208901822567,,,
31,79469,-0.038278888911008835,,,
31,79474,-0.04751046374440193,,,
31,79479,-0.04944415017962456,,,
31,79484,-0.031818971037864685,,,
31,79489,-0.030492249876260757,,,
31,79494,-0.02994804084300995,,,
31,79499,-0.04175785928964615,,,
31,79504,-0.05074543133378029,,,
31,79509,-0.047576211392879486,,,
31,79514,-0.04888276010751724,,,
31,79519,-0.013970575295388699,,,
31,79524,-0.04700814560055733,,,
31,79529,-0.032054975628852844,,,
31,79534,-0.038886331021785736,,,
31,79539,-0.028292816132307053,,,
31,79544,-0.04695681482553482,,,
31,79549,-0.03835005313158035,,,
31,79554,-0.038610056042671204,,,
31,79559,-0.04802299290895462,,,
31,79564,-0.029915593564510345,,,
31,79569,-0.039659179747104645,,,
31,79574,-0.05323067680001259,,,
31,79579,-0.02828831411898136,,,
31,79584,-0.017733393236994743,,,
31,79589,-0.0365678146481514,,,
31,79594,-0.04042409360408783,,,
31,79599,-0.03103114478290081,,,
31,79604,-0.03915276378393173,,,
31,79609,-0.03780622407793999,,,
31,79614,-0.05609505623579025,,,
31,79619,-0.041942279785871506,,,
31,79624,-0.039661988615989685,,,
31,79629,-0.03223124146461487,,,
31,79634,-0.04376339912414551,,,
31,79639,-0.046210698783397675,,,
31,79644,-0.03567581996321678,,,
31,79649,-0.03485222905874252,,,
31,79654,-0.038681671023368835,,,
31,79659,-0.040024787187576294,,,
31,79664,-0.043421484529972076,,,
31,79669,-0.04503671079874039,,,
31,79674,-0.03748462721705437,,,
31,79679,-0.022637980058789253,,,
31,79684,-0.023789148777723312,,,
31,79689,-0.028463860973715782,,,
31,79694,-0.033965859562158585,,,
31,79699,-0.03230052441358566,,,
31,79704,-0.033497631549835205,,,
31,79709,-0.05070459470152855,,,
31,79714,-0.04106716811656952,,,
31,79719,-0.05179348587989807,,,
31,79724,-0.046213313937187195,,,
31,79729,-0.04306924343109131,,,
31,79734,-0.04873373359441757,,,
31,79739,-0.03517730534076691,,,
31,79744,-0.025930166244506836,,,
31,79749,-0.014913974329829216,,,
31,79754,-0.026499537751078606,,,
31,79759,-0.04140353575348854,,,
31,79764,0.011733314022421837,,,
31,79769,-0.02924097701907158,,,
31,79774,-0.03832042217254639,,,
31,79779,-0.04465372860431671,,,
31,79784,-0.05207466706633568,,,
31,79789,-0.023158034309744835,,,
31,79794,-0.038514383137226105,,,
31,79799,-0.039815500378608704,,,
31,79804,-0.04133306443691254,,,
31,79809,-0.03019101545214653,,,
31,79814,-0.028503645211458206,,,
31,79819,-0.03361818194389343,,,
31,79824,-0.03867243975400925,,,
31,79829,-0.039768531918525696,,,
31,79834,-0.03824000060558319,,,
31,79839,-0.038146231323480606,,,
31,79844,-0.042164064943790436,,,
31,79849,-0.043927159160375595,,,
31,79854,-0.05083024874329567,,,
31,79859,-0.04174288362264633,,,
31,79864,-0.023191485553979874,,,
31,79869,-0.04283282160758972,,,
31,79874,-0.0437004491686821,,,
31,79879,-0.038870133459568024,,,
31,79884,-0.027321085333824158,,,
31,79889,-0.046010375022888184,,,
31,79894,-0.05781613290309906,,,
31,79899,-0.042252104729413986,,,
31,79904,-0.04604026675224304,,,
31,79909,-0.039461396634578705,,,
31,79914,-0.011479446664452553,,,
31,79919,-0.031327635049819946,,,
31,79924,-0.03557247668504715,,,
31,79929,-0.04204894229769707,,,
31,79934,-0.037562593817710876,,,
31,79939,-0.023476984351873398,,,
31,79944,-0.04041064530611038,,,
31,79949,-0.01619645394384861,,,
31,79954,-0.03527381271123886,,,
31,79959,-0.05252857506275177,,,
31,79964,-0.018153967335820198,,,
31,79969,-0.038619816303253174,,,
31,79974,-0.03919226676225662,,,
31,79979,-0.01822619140148163,,,
31,79984,-0.047231510281562805,,,
31,79989,-0.050492383539676666,,,
31,79994,-0.03945033997297287,,,
31,79999,-0.04380413144826889,,,
31,79999,,-0.026729434728622437,0.2937000095844269,0.5916925072669983
32,80004,-0.04557105153799057,,,
32,80009,-0.034653548151254654,,,
32,80014,-0.050728581845760345,,,
32,80019,-0.027206849306821823,,,
32,80024,-0.03838476911187172,,,
32,80029,-0.02167663723230362,,,
32,80034,-0.04391208663582802,,,
32,80039,-0.032516561448574066,,,
32,80044,-0.037189781665802,,,
32,80049,-0.04631902649998665,,,
32,80054,-0.0327446386218071,,,
32,80059,-0.04019244387745857,,,
32,80064,-0.02283107116818428,,,
32,80069,-0.0291484072804451,,,
32,80074,-0.06128617376089096,,,
32,80079,-0.03312347084283829,,,
32,80084,-0.0399521067738533,,,
32,80089,-0.04157186672091484,,,
32,80094,-0.05207822471857071,,,
32,80099,-0.03443627059459686,,,
32,80104,-0.03848603740334511,,,
32,80109,-0.03266485407948494,,,
32,80114,-0.04574776068329811,,,
32,80119,-0.0436430387198925,,,
32,80124,-0.050125714391469955,,,
32,80129,-0.027500346302986145,,,
32,80134,-0.03390839695930481,,,
32,80139,-0.02976761758327484,,,
32,80144,-0.027429969981312752,,,
32,80149,-0.03790152445435524,,,
32,80154,-0.02824142947793007,,,
32,80159,-0.042098645120859146,,,
32,80164,-0.043135832995176315,,,
32,80169,-0.05194203555583954,,,
32,80174,-0.048099152743816376,,,
32,80179,-0.037519730627536774,,,
32,80184,-0.046901509165763855,,,
32,80189,-0.027233123779296875,,,
32,80194,-0.03713421896100044,,,
32,80199,-0.01599637232720852,,,
32,80204,-0.003031748114153743,,,
32,80209,-0.03661626577377319,,,
32,80214,-0.041215598583221436,,,
32,80219,-0.0322297066450119,,,
32,80224,-0.04119448363780975,,,
32,80229,-0.0351313017308712,,,
32,80234,-0.03598356992006302,,,
32,80239,-0.043137189000844955,,,
32,80244,-0.009064200334250927,,,
32,80249,-0.03342817723751068,,,
32,80254,-0.03835323080420494,,,
32,80259,-0.023016609251499176,,,
32,80264,-0.049818255007267,,,
32,80269,-0.01364654116332531,,,
32,80274,-0.04360705614089966,,,
32,80279,-0.04186319187283516,,,
32,80284,-0.03562907129526138,,,
32,80289,-0.03686872869729996,,,
32,80294,-0.028752192854881287,,,
32,80299,-0.05113990604877472,,,
32,80304,-0.04865027219057083,,,
32,80309,-0.02756541222333908,,,
32,80314,-0.03676123917102814,,,
32,80319,-0.040849845856428146,,,
32,80324,-0.013787899166345596,,,
32,80329,-0.033494047820568085,,,
32,80334,-0.03773125633597374,,,
32,80339,-0.02987588755786419,,,
32,80344,-0.04557286575436592,,,
32,80349,-0.024326257407665253,,,
32,80354,-0.03327629715204239,,,
32,80359,-0.024443509057164192,,,
32,80364,-0.029085155576467514,,,
32,80369,-0.03708605840802193,,,
32,80374,-0.039558131247758865,,,
32,80379,-0.04118847846984863,,,
32,80384,-0.029129600152373314,,,
32,80389,-0.03490925207734108,,,
32,80394,-0.051069099456071854,,,
32,80399,-0.016132647171616554,,,
32,80404,-0.04518362134695053,,,
32,80409,-0.022557197138667107,,,
32,80414,-0.04783976078033447,,,
32,80419,-0.0343330055475235,,,
32,80424,-0.021945027634501457,,,
32,80429,-0.04896017163991928,,,
32,80434,-0.053787656128406525,,,
32,80439,-0.044475749135017395,,,
32,80444,-0.0199039988219738,,,
32,80449,-0.03830062225461006,,,
32,80454,-0.0436018668115139,,,
32,80459,-0.0339704304933548,,,
32,80464,-0.02789214812219143,,,
32,80469,-0.039823271334171295,,,
32,80474,-0.019188908860087395,,,
32,80479,-0.03812360018491745,,,
32,80484,-0.031886398792266846,,,
32,80489,-0.03935059532523155,,,
32,80494,-0.04290308058261871,,,
32,80499,-0.05703868344426155,,,
32,80504,-0.06346554309129715,,,
32,80509,-0.02336093597114086,,,
32,80514,-0.0326090045273304,,,
32,80519,-0.05421821400523186,,,
32,80524,-0.041904836893081665,,,
32,80529,-0.047045767307281494,,,
32,80534,-0.05407378822565079,,,
32,80539,-0.04145943000912666,,,
32,80544,-0.03435530886054039,,,
32,80549,-0.04723324254155159,,,
32,80554,-0.050728388130664825,,,
32,80559,-0.0224175825715065,,,
32,80564,-0.013557851314544678,,,
32,80569,-0.0487990528345108,,,
32,80574,-0.04557119309902191,,,
32,80579,-0.033628638833761215,,,
32,80584,-0.035491377115249634,,,
32,80589,-0.03441745042800903,,,
32,80594,-0.04565197974443436,,,
32,80599,-0.03329954296350479,,,
32,80604,-0.03620313107967377,,,
32,80609,-0.04083005338907242,,,
32,80614,-0.02310754917562008,,,
32,80619,-0.0372866690158844,,,
32,80624,-0.041165903210639954,,,
32,80629,-0.04547987878322601,,,
32,80634,-0.034428127110004425,,,
32,80639,-0.04075923189520836,,,
32,80644,-0.03901926055550575,,,
32,80649,-0.04263777658343315,,,
32,80654,-0.041776664555072784,,,
32,80659,-0.027754701673984528,,,
32,80664,-0.03604266047477722,,,
32,80669,-0.028151746839284897,,,
32,80674,-0.04205584153532982,,,
32,80679,-0.03402111679315567,,,
32,80684,-0.03815757483243942,,,
32,80689,-0.044529028236866,,,
32,80694,-0.04736213758587837,,,
32,80699,-0.04527565464377403,,,
32,80704,-0.04425559192895889,,,
32,80709,-0.02682243101298809,,,
32,80714,-0.03673207014799118,,,
32,80719,-0.06238351762294769,,,
32,80724,-0.048660680651664734,,,
32,80729,-0.038687996566295624,,,
32,80734,-0.05567248538136482,,,
32,80739,-0.005726378411054611,,,
32,80744,-0.037258733063936234,,,
32,80749,-0.02687346376478672,,,
32,80754,-0.04077906906604767,,,
32,80759,-0.036620132625103,,,
32,80764,-0.02705908939242363,,,
32,80769,-0.03726913779973984,,,
32,80774,-0.03855982422828674,,,
32,80779,-0.0488065704703331,,,
32,80784,-0.01634107530117035,,,
32,80789,-0.047830455005168915,,,
32,80794,-0.041160523891448975,,,
32,80799,-0.0391884483397007,,,
32,80804,-0.04911797493696213,,,
32,80809,-0.03376802057027817,,,
32,80814,-0.038562990725040436,,,
32,80819,-0.029766853898763657,,,
32,80824,-0.0444750115275383,,,
32,80829,-0.035304609686136246,,,
32,80834,-0.04388931021094322,,,
32,80839,-0.031052017584443092,,,
32,80844,-0.03046370856463909,,,
32,80849,-0.03511089086532593,,,
32,80854,-0.02678081765770912,,,
32,80859,-0.031992457807064056,,,
32,80864,-0.03939531743526459,,,
32,80869,-0.02066459134221077,,,
32,80874,-0.052339401096105576,,,
32,80879,-0.04400453716516495,,,
32,80884,-0.044015102088451385,,,
32,80889,-0.039805859327316284,,,
32,80894,-0.04710019379854202,,,
32,80899,-0.03766197711229324,,,
32,80904,-0.025220196694135666,,,
32,80909,-0.02070128358900547,,,
32,80914,-0.01748845726251602,,,
32,80919,-0.026706233620643616,,,
32,80924,-0.021570108830928802,,,
32,80929,-0.04991687461733818,,,
32,80934,-0.059528522193431854,,,
32,80939,-0.03129490092396736,,,
32,80944,-0.026912419125437737,,,
32,80949,-0.03236420452594757,,,
32,80954,-0.04408179968595505,,,
32,80959,-0.01935252919793129,,,
32,80964,-0.04544394463300705,,,
32,80969,-0.043187469244003296,,,
32,80974,-0.04633238911628723,,,
32,80979,-0.03461255505681038,,,
32,80984,-0.012457665055990219,,,
32,80989,-0.04788830131292343,,,
32,80994,-0.03682940453290939,,,
32,80999,-0.04590393602848053,,,
32,81004,-0.0444936603307724,,,
32,81009,-0.03167341649532318,,,
32,81014,-0.022737354040145874,,,
32,81019,-0.03328773379325867,,,
32,81024,-0.034442540258169174,,,
32,81029,-0.028343651443719864,,,
32,81034,-0.048226431012153625,,,
32,81039,-0.04995959252119064,,,
32,81044,-0.04036453366279602,,,
32,81049,-0.029423842206597328,,,
32,81054,-0.0005157515406608582,,,
32,81059,-0.02085007354617119,,,
32,81064,-0.028031054884195328,,,
32,81069,-0.041075628250837326,,,
32,81074,-0.035526126623153687,,,
32,81079,-0.03451178967952728,,,
32,81084,-0.02636084333062172,,,
32,81089,-0.04764462634921074,,,
32,81094,-0.04947216808795929,,,
32,81099,-0.03522612527012825,,,
32,81104,-0.045148815959692,,,
32,81109,-0.0226836446672678,,,
32,81114,-0.03364742547273636,,,
32,81119,-0.023108437657356262,,,
32,81124,-0.039465658366680145,,,
32,81129,-0.03956533968448639,,,
32,81134,-0.04373087361454964,,,
32,81139,-0.042320627719163895,,,
32,81144,-0.03260110691189766,,,
32,81149,-0.032541535794734955,,,
32,81154,-0.04410848766565323,,,
32,81159,-0.03250239044427872,,,
32,81164,-0.029472941532731056,,,
32,81169,-0.03262798860669136,,,
32,81174,-0.04134824126958847,,,
32,81179,-0.03889508545398712,,,
32,81184,-0.047942258417606354,,,
32,81189,-0.048139527440071106,,,
32,81194,-0.030702702701091766,,,
32,81199,-0.03732398524880409,,,
32,81204,-0.04387360066175461,,,
32,81209,-0.036298297345638275,,,
32,81214,-0.03503525257110596,,,
32,81219,-0.04350413754582405,,,
32,81224,-0.014322200790047646,,,
32,81229,-0.05130399391055107,,,
32,81234,-0.030535345897078514,,,
32,81239,-0.017862025648355484,,,
32,81244,-0.030656281858682632,,,
32,81249,-0.010538153350353241,,,
32,81254,-0.03439711779356003,,,
32,81259,-0.04660666733980179,,,
32,81264,-0.04056624323129654,,,
32,81269,-0.04753944277763367,,,
32,81274,-0.04174303263425827,,,
32,81279,-0.03687555342912674,,,
32,81284,-0.03700976073741913,,,
32,81289,-0.0449349582195282,,,
32,81294,-0.03902387619018555,,,
32,81299,-0.04420418664813042,,,
32,81304,-0.030318863689899445,,,
32,81309,-0.04456331580877304,,,
32,81314,-0.03717353194952011,,,
32,81319,-0.04827259108424187,,,
32,81324,-0.04233261197805405,,,
32,81329,-0.04226008802652359,,,
32,81334,-0.033945340663194656,,,
32,81339,-0.04937325790524483,,,
32,81344,-0.04184727370738983,,,
32,81349,-0.048193324357271194,,,
32,81354,-0.020273787900805473,,,
32,81359,-0.03155769780278206,,,
32,81364,-0.040856558829545975,,,
32,81369,-0.038567621260881424,,,
32,81374,-0.03261541575193405,,,
32,81379,-0.019708210602402687,,,
32,81384,-0.022166451439261436,,,
32,81389,-0.025651121512055397,,,
32,81394,-0.039167486131191254,,,
32,81399,-0.04293801635503769,,,
32,81404,-0.038364309817552567,,,
32,81409,-0.03331529349088669,,,
32,81414,-0.03874249756336212,,,
32,81419,-0.02200462482869625,,,
32,81424,-0.03718990832567215,,,
32,81429,-0.015596630983054638,,,
32,81434,-0.04008444398641586,,,
32,81439,-0.004516636021435261,,,
32,81444,-0.04044225066900253,,,
32,81449,-0.042113907635211945,,,
32,81454,-0.0322197750210762,,,
32,81459,-0.019720353186130524,,,
32,81464,-0.03103577345609665,,,
32,81469,-0.05691884830594063,,,
32,81474,-0.04083021730184555,,,
32,81479,-0.031007489189505577,,,
32,81484,-0.04571668803691864,,,
32,81489,-0.030424626544117928,,,
32,81494,-0.02410278655588627,,,
32,81499,-0.04062816500663757,,,
32,81504,-0.050534043461084366,,,
32,81509,-0.04625431448221207,,,
32,81514,-0.04510137811303139,,,
32,81519,-0.032012939453125,,,
32,81524,-0.05025652050971985,,,
32,81529,-0.04660338535904884,,,
32,81534,-0.04695757478475571,,,
32,81539,-0.04708198457956314,,,
32,81544,-0.03330808877944946,,,
32,81549,-0.023744165897369385,,,
32,81554,-0.016975784674286842,,,
32,81559,-0.03203083202242851,,,
32,81564,-0.018995162099599838,,,
32,81569,-0.028424210846424103,,,
32,81574,-0.044861599802970886,,,
32,81579,-0.04979553073644638,,,
32,81584,-0.019275588914752007,,,
32,81589,-0.047331303358078,,,
32,81594,-0.04000674933195114,,,
32,81599,-0.04003339633345604,,,
32,81604,-0.025690793991088867,,,
32,81609,-0.049356766045093536,,,
32,81614,-0.043705035001039505,,,
32,81619,-0.03967117890715599,,,
32,81624,-0.038601621985435486,,,
32,81629,-0.044469453394412994,,,
32,81634,-0.03431220352649689,,,
32,81639,-0.025495562702417374,,,
32,81644,-0.011313577182590961,,,
32,81649,-0.03566576540470123,,,
32,81654,-0.035838376730680466,,,
32,81659,-0.03855103999376297,,,
32,81664,-0.040150001645088196,,,
32,81669,-0.040370263159275055,,,
32,81674,-0.03586503118276596,,,
32,81679,-0.03704892098903656,,,
32,81684,-0.025556471198797226,,,
32,81689,-0.052530739456415176,,,
32,81694,-0.03137889504432678,,,
32,81699,-0.044978946447372437,,,
32,81704,-0.012659542262554169,,,
32,81709,-0.03186698257923126,,,
32,81714,-0.03326980024576187,,,
32,81719,-0.04701267182826996,,,
32,81724,-0.05215083435177803,,,
32,81729,-0.043419040739536285,,,
32,81734,-0.042832911014556885,,,
32,81739,-0.03885304182767868,,,
32,81744,-0.04251562058925629,,,
32,81749,-0.030153200030326843,,,
32,81754,-0.03135285899043083,,,
32,81759,-0.018740514293313026,,,
32,81764,-0.03296993300318718,,,
32,81769,-0.046662360429763794,,,
32,81774,-0.05166717618703842,,,
32,81779,-0.04548688977956772,,,
32,81784,-0.036313220858573914,,,
32,81789,-0.022158481180667877,,,
32,81794,-0.01815209910273552,,,
32,81799,-0.04022359848022461,,,
32,81804,-0.04341685026884079,,,
32,81809,-0.011018341407179832,,,
32,81814,-0.03022279217839241,,,
32,81819,-0.05543095991015434,,,
32,81824,-0.05020977556705475,,,
32,81829,-0.022684171795845032,,,
32,81834,-0.03871157765388489,,,
32,81839,-0.018354814499616623,,,
32,81844,-0.03239317238330841,,,
32,81849,-0.0506870374083519,,,
32,81854,-0.0359656997025013,,,
32,81859,-0.027983155101537704,,,
32,81864,-0.03628592565655708,,,
32,81869,-0.02510189451277256,,,
32,81874,-0.034119948744773865,,,
32,81879,-0.022447720170021057,,,
32,81884,-0.05610010772943497,,,
32,81889,-0.05281496047973633,,,
32,81894,-0.031550176441669464,,,
32,81899,-0.04379842430353165,,,
32,81904,-0.021513763815164566,,,
32,81909,-0.049353696405887604,,,
32,81914,-0.0533665269613266,,,
32,81919,-0.05201724171638489,,,
32,81924,-0.053449682891368866,,,
32,81929,-0.03709859400987625,,,
32,81934,-0.03724861145019531,,,
32,81939,-0.04899486154317856,,,
32,81944,-0.05020685866475105,,,
32,81949,-0.0473712794482708,,,
32,81954,-0.030715173110365868,,,
32,81959,-0.03504502400755882,,,
32,81964,-0.04349967837333679,,,
32,81969,-0.03399886190891266,,,
32,81974,-0.03177431970834732,,,
32,81979,-0.03481921926140785,,,
32,81984,-0.048372067511081696,,,
32,81989,-0.05140789598226547,,,
32,81994,-0.043914053589105606,,,
32,81999,-0.03155145421624184,,,
32,82004,-0.03770855441689491,,,
32,82009,-0.035829149186611176,,,
32,82014,-0.03398625925183296,,,
32,82019,-0.03702090308070183,,,
32,82024,-0.038029760122299194,,,
32,82029,-0.025239313021302223,,,
32,82034,-0.028053948655724525,,,
32,82039,-0.041736092418432236,,,
32,82044,-0.03143861144781113,,,
32,82049,-0.04156951978802681,,,
32,82054,-0.03882163017988205,,,
32,82059,-0.035181161016225815,,,
32,82064,-0.03836136683821678,,,
32,82069,-0.03450281545519829,,,
32,82074,-0.022902455180883408,,,
32,82079,-0.05333436280488968,,,
32,82084,-0.04615643993020058,,,
32,82089,-0.024302583187818527,,,
32,82094,-0.03123621642589569,,,
32,82099,-0.03433592617511749,,,
32,82104,-0.041284896433353424,,,
32,82109,-0.05751154571771622,,,
32,82114,-0.03102804347872734,,,
32,82119,-0.02665458619594574,,,
32,82124,-0.050061844289302826,,,
32,82129,-0.031085550785064697,,,
32,82134,-0.033681776374578476,,,
32,82139,-0.03781645745038986,,,
32,82144,-0.04298993945121765,,,
32,82149,-0.03384613245725632,,,
32,82154,-0.0336376428604126,,,
32,82159,-0.0424191914498806,,,
32,82164,-0.024187922477722168,,,
32,82169,-0.039852019399404526,,,
32,82174,-0.05644139647483826,,,
32,82179,-0.0302480049431324,,,
32,82184,-0.04141920432448387,,,
32,82189,-0.040760815143585205,,,
32,82194,-0.038645125925540924,,,
32,82199,-0.03063642978668213,,,
32,82204,-0.040694594383239746,,,
32,82209,-0.04649285227060318,,,
32,82214,-0.04260795935988426,,,
32,82219,-0.03137767314910889,,,
32,82224,-0.04374750703573227,,,
32,82229,-0.031961116939783096,,,
32,82234,-0.029090311378240585,,,
32,82239,-0.03255264833569527,,,
32,82244,-0.03349962830543518,,,
32,82249,-0.05667824670672417,,,
32,82254,-0.03331807255744934,,,
32,82259,-0.03589746356010437,,,
32,82264,-0.027021676301956177,,,
32,82269,-0.01678999699652195,,,
32,82274,-0.04732644557952881,,,
32,82279,-0.029415618628263474,,,
32,82284,-0.036439813673496246,,,
32,82289,-0.04371785745024681,,,
32,82294,-0.05861014127731323,,,
32,82299,-0.041314803063869476,,,
32,82304,-0.024129297584295273,,,
32,82309,-0.034620463848114014,,,
32,82314,-0.03250688314437866,,,
32,82319,-0.052166834473609924,,,
32,82324,-0.03899924457073212,,,
32,82329,-0.04018726572394371,,,
32,82334,-0.033228904008865356,,,
32,82339,-0.02574227936565876,,,
32,82344,-0.04305097833275795,,,
32,82349,-0.024059515446424484,,,
32,82354,-0.030365239828824997,,,
32,82359,-0.034788526594638824,,,
32,82364,-0.05046915262937546,,,
32,82369,-0.03310446813702583,,,
32,82374,-0.04366539046168327,,,
32,82379,-0.04007551446557045,,,
32,82384,-0.0362277552485466,,,
32,82389,-0.047652341425418854,,,
32,82394,-0.031193366274237633,,,
32,82399,-0.02856907621026039,,,
32,82404,-0.030015306547284126,,,
32,82409,-0.025987453758716583,,,
32,82414,-0.03347787633538246,,,
32,82419,-0.04807848483324051,,,
32,82424,-0.05360215902328491,,,
32,82429,-0.03747391700744629,,,
32,82434,-0.02944069355726242,,,
32,82439,-0.030337663367390633,,,
32,82444,-0.03304552286863327,,,
32,82449,-0.043608058243989944,,,
32,82454,-0.03412596881389618,,,
32,82459,-0.029232926666736603,,,
32,82464,-0.044649895280599594,,,
32,82469,-0.03808848559856415,,,
32,82474,-0.04680908843874931,,,
32,82479,-0.04513043910264969,,,
32,82484,-0.02313276380300522,,,
32,82489,-0.024375148117542267,,,
32,82494,-0.047670211642980576,,,
32,82499,-0.047647036612033844,,,
32,82499,,-0.0284788366407156,0.29679998755455017,0.6018305420875549
33,82504,-0.04300985485315323,,,
33,82509,-0.033490825444459915,,,
33,82514,-0.04225336015224457,,,
33,82519,-0.024197068065404892,,,
33,82524,-0.035420969128608704,,,
33,82529,-0.041534144431352615,,,
33,82534,-0.03524976968765259,,,
33,82539,-0.035488374531269073,,,
33,82544,-0.030470458790659904,,,
33,82549,-0.05133385956287384,,,
33,82554,-0.03616265207529068,,,
33,82559,-0.030164122581481934,,,
33,82564,-0.03926687687635422,,,
33,82569,-0.04127097502350807,,,
33,82574,-0.028102731332182884,,,
33,82579,-0.050151124596595764,,,
33,82584,-0.043571390211582184,,,
33,82589,-0.03607215732336044,,,
33,82594,-0.042541444301605225,,,
33,82599,-0.04336358606815338,,,
33,82604,-0.032887741923332214,,,
33,82609,-0.029070734977722168,,,
33,82614,-0.02195611782371998,,,
33,82619,-0.02521975338459015,,,
33,82624,-0.02131052128970623,,,
33,82629,-0.03590815141797066,,,
33,82634,-0.041004300117492676,,,
33,82639,-0.017182832583785057,,,
33,82644,-0.04435146972537041,,,
33,82649,-0.02781113237142563,,,
33,82654,-0.020641762763261795,,,
33,82659,-0.040892548859119415,,,
33,82664,-0.03888348117470741,,,
33,82669,-0.04375056177377701,,,
33,82674,-0.028071507811546326,,,
33,82679,-0.0467400997877121,,,
33,82684,-0.028845105320215225,,,
33,82689,-0.038698919117450714,,,
33,82694,-0.024166617542505264,,,
33,82699,-0.046210937201976776,,,
33,82704,-0.026402972638607025,,,
33,82709,-0.04820084944367409,,,
33,82714,-0.04802999645471573,,,
33,82719,-0.028885643929243088,,,
33,82724,-0.04383901506662369,,,
33,82729,-0.03927435725927353,,,
33,82734,-0.02973099611699581,,,
33,82739,-0.040609557181596756,,,
33,82744,-0.013929762877523899,,,
33,82749,-0.023470673710107803,,,
33,82754,-0.042980220168828964,,,
33,82759,-0.03910241276025772,,,
33,82764,-0.030907386913895607,,,
33,82769,-0.04285048320889473,,,
33,82774,-0.031353190541267395,,,
33,82779,-0.05243976414203644,,,
33,82784,-0.039700254797935486,,,
33,82789,-0.03428235277533531,,,
33,82794,-0.012701728381216526,,,
33,82799,-0.04193364456295967,,,
33,82804,-0.04756387323141098,,,
33,82809,-0.04192227125167847,,,
33,82814,-0.043133340775966644,,,
33,82819,-0.0497356653213501,,,
33,82824,-0.03336996212601662,,,
33,82829,-0.04402584210038185,,,
33,82834,-0.03648938238620758,,,
33,82839,-0.03398047387599945,,,
33,82844,-0.04847622662782669,,,
33,82849,-0.03565255552530289,,,
33,82854,-0.0485425740480423,,,
33,82859,-0.030939459800720215,,,
33,82864,-0.040655121207237244,,,
33,82869,-0.0390898734331131,,,
33,82874,-0.0470874086022377,,,
33,82879,-0.01610923744738102,,,
33,82884,-0.042477697134017944,,,
33,82889,-0.02849605493247509,,,
33,82894,-0.02609904855489731,,,
33,82899,-0.04337658733129501,,,
33,82904,-0.023731835186481476,,,
33,82909,-0.04401847720146179,,,
33,82914,-0.0219332966953516,,,
33,82919,-0.053513702005147934,,,
33,82924,-0.020638085901737213,,,
33,82929,-0.04325505346059799,,,
33,82934,-0.05130094289779663,,,
33,82939,-0.04164556413888931,,,
33,82944,-0.061617858707904816,,,
33,82949,-0.03468666970729828,,,
33,82954,-0.031763963401317596,,,
33,82959,-0.045712120831012726,,,
33,82964,-0.03373773768544197,,,
33,82969,-0.008611500263214111,,,
33,82974,-0.03734738752245903,,,
33,82979,-0.04871433228254318,,,
33,82984,-0.03559080883860588,,,
33,82989,-0.03591674566268921,,,
33,82994,-0.046758219599723816,,,
33,82999,-0.04528979957103729,,,
33,83004,-0.023181771859526634,,,
33,83009,-0.045342035591602325,,,
33,83014,-0.030037999153137207,,,
33,83019,-0.016583096235990524,,,
33,83024,-0.046657364815473557,,,
33,83029,-0.027406055480241776,,,
33,83034,-0.03683609515428543,,,
33,83039,-0.012990104034543037,,,
33,83044,-0.04195282235741615,,,
33,83049,-0.029010124504566193,,,
33,83054,-0.02188872918486595,,,
33,83059,-0.05419595539569855,,,
33,83064,-0.048176124691963196,,,
33,83069,0.0014423890970647335,,,
33,83074,-0.0347171276807785,,,
33,83079,-0.037977248430252075,,,
33,83084,-0.04938409850001335,,,
33,83089,-0.043672580271959305,,,
33,83094,-0.0462045893073082,,,
33,83099,-0.037979889661073685,,,
33,83104,-0.027404572814702988,,,
33,83109,-0.038393549621105194,,,
33,83114,-0.028348878026008606,,,
33,83119,-0.02442408725619316,,,
33,83124,-0.03409026935696602,,,
33,83129,-0.045070093125104904,,,
33,83134,-0.026733405888080597,,,
33,83139,-0.03322409465909004,,,
33,83144,-0.056602511554956436,,,
33,83149,-0.04076581820845604,,,
33,83154,-0.015958815813064575,,,
33,83159,-0.02575971931219101,,,
33,83164,-0.04306807368993759,,,
33,83169,-0.0391203910112381,,,
33,83174,-0.04546773433685303,,,
33,83179,-0.034025952219963074,,,
33,83184,-0.040739696472883224,,,
33,83189,-0.028697852045297623,,,
33,83194,-0.04188809543848038,,,
33,83199,-0.0368194654583931,,,
33,83204,-0.037099048495292664,,,
33,83209,-0.031696490943431854,,,
33,83214,-0.038149602711200714,,,
33,83219,-0.03695755451917648,,,
33,83224,-0.05178409442305565,,,
33,83229,-0.028088605031371117,,,
33,83234,-0.015411622822284698,,,
33,83239,-0.026183126494288445,,,
33,83244,-0.05022760480642319,,,
33,83249,-0.024945048615336418,,,
33,83254,-0.03513861447572708,,,
33,83259,-0.037295155227184296,,,
33,83264,-0.03882625699043274,,,
33,83269,-0.03284771740436554,,,
33,83274,-0.025221068412065506,,,
33,83279,-0.01976611837744713,,,
33,83284,-0.03181503340601921,,,
33,83289,-0.040886640548706055,,,
33,83294,-0.04174666479229927,,,
33,83299,-0.005410515703260899,,,
33,83304,-0.029486244544386864,,,
33,83309,-0.03938284143805504,,,
33,83314,-0.05037323012948036,,,
33,83319,-0.0459723025560379,,,
33,83324,-0.024841755628585815,,,
33,83329,-0.03278086334466934,,,
33,83334,-0.03308017551898956,,,
33,83339,-0.04699856787919998,,,
33,83344,-0.030139440670609474,,,
33,83349,-0.051331594586372375,,,
33,83354,-0.05101778358221054,,,
33,83359,-0.03987571597099304,,,
33,83364,-0.030983859673142433,,,
33,83369,-0.0486278310418129,,,
33,83374,-0.03477409482002258,,,
33,83379,-0.031222237274050713,,,
33,83384,-0.05420811474323273,,,
33,83389,-0.0239320807158947,,,
33,83394,-0.03763118013739586,,,
33,83399,-0.02744876965880394,,,
33,83404,-0.04483823478221893,,,
33,83409,-0.04185596853494644,,,
33,83414,-0.030422860756516457,,,
33,83419,-0.04104757308959961,,,
33,83424,-0.02461976744234562,,,
33,83429,-0.03581031784415245,,,
33,83434,-0.05258021876215935,,,
33,83439,-0.046725668013095856,,,
33,83444,-0.02621707133948803,,,
33,83449,-0.03622160106897354,,,
33,83454,-0.027738749980926514,,,
33,83459,-0.026282258331775665,,,
33,83464,-0.04397633671760559,,,
33,83469,-0.04224511981010437,,,
33,83474,-0.037428855895996094,,,
33,83479,-0.03760664537549019,,,
33,83484,-0.034976210445165634,,,
33,83489,-0.03687189891934395,,,
33,83494,-0.04202938452363014,,,
33,83499,-0.03396083042025566,,,
33,83504,-0.043565452098846436,,,
33,83509,-0.03436414897441864,,,
33,83514,-0.0449473112821579,,,
33,83519,-0.03325049206614494,,,
33,83524,-0.02964695915579796,,,
33,83529,-0.043116435408592224,,,
33,83534,-0.018024388700723648,,,
33,83539,-0.02901623398065567,,,
33,83544,-0.0257918369024992,,,
33,83549,-0.04491724818944931,,,
33,83554,-0.05217493325471878,,,
33,83559,-0.0315360352396965,,,
33,83564,-0.03306812047958374,,,
33,83569,-0.05358092486858368,,,
33,83574,-0.02195853553712368,,,
33,83579,-0.044294774532318115,,,
33,83584,-0.046793341636657715,,,
33,83589,-0.048777297139167786,,,
33,83594,-0.033166687935590744,,,
33,83599,-0.02537459507584572,,,
33,83604,-0.04012850672006607,,,
33,83609,-0.017917675897479057,,,
33,83614,-0.045288920402526855,,,
33,83619,-0.03636380285024643,,,
33,83624,-0.03398142755031586,,,
33,83629,-0.05205726996064186,,,
33,83634,-0.03952214866876602,,,
33,83639,-0.03415856882929802,,,
33,83644,-0.024927634745836258,,,
33,83649,-0.030935395509004593,,,
33,83654,-0.03298525512218475,,,
33,83659,-0.032998792827129364,,,
33,83664,-0.02744068019092083,,,
33,83669,-0.03393072262406349,,,
33,83674,-0.043458662927150726,,,
33,83679,-0.033030133694410324,,,
33,83684,-0.011140871793031693,,,
33,83689,-0.05280177295207977,,,
33,83694,-0.039322901517152786,,,
33,83699,-0.03667100891470909,,,
33,83704,-0.04322070628404617,,,
33,83709,-0.018418990075588226,,,
33,83714,-0.02747592329978943,,,
33,83719,-0.046911463141441345,,,
33,83724,-0.045457277446985245,,,
33,83729,-0.05510585010051727,,,
33,83734,-0.0331556499004364,,,
33,83739,-0.0316011905670166,,,
33,83744,-0.0328792929649353,,,
33,83749,-0.04914035648107529,,,
33,83754,-0.040784209966659546,,,
33,83759,-0.020662423223257065,,,
33,83764,-0.042510922998189926,,,
33,83769,-0.03553270548582077,,,
33,83774,-0.036235980689525604,,,
33,83779,-0.025866154581308365,,,
33,83784,-0.03398331254720688,,,
33,83789,-0.034762684255838394,,,
33,83794,-0.045493096113204956,,,
33,83799,-0.049071043729782104,,,
33,83804,-0.04725822061300278,,,
33,83809,-0.020684873685240746,,,
33,83814,-0.03923135995864868,,,
33,83819,-0.04134085029363632,,,
33,83824,-0.043829988688230515,,,
33,83829,-0.04086361452937126,,,
33,83834,-0.02497066743671894,,,
33,83839,-0.03934262692928314,,,
33,83844,-0.05861189588904381,,,
33,83849,-0.0322117805480957,,,
33,83854,-0.020253635942935944,,,
33,83859,-0.04255643114447594,,,
33,83864,-0.02879561111330986,,,
33,83869,-0.03892236202955246,,,
33,83874,-0.04815656319260597,,,
33,83879,-0.04739891737699509,,,
33,83884,-0.04048755019903183,,,
33,83889,-0.0321585088968277,,,
33,83894,-0.04429911822080612,,,
33,83899,-0.03718668594956398,,,
33,83904,-0.03181088715791702,,,
33,83909,-0.03459551930427551,,,
33,83914,-0.052491143345832825,,,
33,83919,-0.0314202755689621,,,
33,83924,-0.03674546256661415,,,
33,83929,-0.0420217365026474,,,
33,83934,-0.03211675584316254,,,
33,83939,-0.027647212147712708,,,
33,83944,-0.033976469188928604,,,
33,83949,-0.04689254239201546,,,
33,83954,-0.042710080742836,,,
33,83959,-0.02218662202358246,,,
33,83964,-0.024250896647572517,,,
33,83969,-0.03476016968488693,,,
33,83974,-0.03499891981482506,,,
33,83979,-0.04348807781934738,,,
33,83984,-0.03590596094727516,,,
33,83989,-0.03311101347208023,,,
33,83994,-0.036115843802690506,,,
33,83999,-0.02395337074995041,,,
33,84004,-0.022781316190958023,,,
33,84009,-0.03807123750448227,,,
33,84014,-0.04067341983318329,,,
33,84019,-0.051269810646772385,,,
33,84024,-0.04039810597896576,,,
33,84029,-0.03827407956123352,,,
33,84034,-0.05043604224920273,,,
33,84039,-0.035168081521987915,,,
33,84044,-0.02650165557861328,,,
33,84049,-0.037130504846572876,,,
33,84054,-0.054437920451164246,,,
33,84059,-0.040376726537942886,,,
33,84064,-0.03816793113946915,,,
33,84069,-0.04946783185005188,,,
33,84074,-0.03782642260193825,,,
33,84079,-0.04418935999274254,,,
33,84084,-0.03856667876243591,,,
33,84089,-0.049546852707862854,,,
33,84094,-0.03224722295999527,,,
33,84099,-0.04326431453227997,,,
33,84104,-0.043440259993076324,,,
33,84109,-0.04231191426515579,,,
33,84114,-0.04315897077322006,,,
33,84119,-0.05533885955810547,,,
33,84124,-0.020828815177083015,,,
33,84129,-0.03652139753103256,,,
33,84134,-0.02586081065237522,,,
33,84139,-0.03131355345249176,,,
33,84144,-0.060243669897317886,,,
33,84149,-0.04461521655321121,,,
33,84154,-0.00568744633346796,,,
33,84159,-0.022481419146060944,,,
33,84164,-0.04559478163719177,,,
33,84169,-0.007744998671114445,,,
33,84174,-0.031107604503631592,,,
33,84179,-0.033681176602840424,,,
33,84184,-0.04536312073469162,,,
33,84189,-0.053626373410224915,,,
33,84194,-0.03801202028989792,,,
33,84199,-0.028395455330610275,,,
33,84204,-0.03601702302694321,,,
33,84209,-0.03863275423645973,,,
33,84214,-0.0363931730389595,,,
33,84219,-0.026792405173182487,,,
33,84224,-0.04968799650669098,,,
33,84229,-0.05153505504131317,,,
33,84234,-0.026539456099271774,,,
33,84239,-0.03237014636397362,,,
33,84244,-0.01849740371108055,,,
33,84249,-0.02959536761045456,,,
33,84254,-0.032219961285591125,,,
33,84259,-0.036817409098148346,,,
33,84264,-0.033565402030944824,,,
33,84269,-0.039383772760629654,,,
33,84274,-0.04175180941820145,,,
33,84279,-0.04032980650663376,,,
33,84284,-0.0341799259185791,,,
33,84289,-0.03991197422146797,,,
33,84294,-0.03539402782917023,,,
33,84299,-0.034702397882938385,,,
33,84304,-0.04583154618740082,,,
33,84309,-0.03603009879589081,,,
33,84314,-0.026856549084186554,,,
33,84319,-0.04068366438150406,,,
33,84324,-0.024661067873239517,,,
33,84329,-0.04165288060903549,,,
33,84334,-0.04733339324593544,,,
33,84339,-0.04622534662485123,,,
33,84344,-0.0447394959628582,,,
33,84349,-0.030901143327355385,,,
33,84354,-0.03965161740779877,,,
33,84359,-0.04225236177444458,,,
33,84364,-0.04638540372252464,,,
33,84369,-0.018717952072620392,,,
33,84374,-0.04575873166322708,,,
33,84379,-0.021629948168992996,,,
33,84384,-0.01853150688111782,,,
33,84389,-0.016729995608329773,,,
33,84394,-0.047160424292087555,,,
33,84399,-0.05645829439163208,,,
33,84404,-0.03859329968690872,,,
33,84409,-0.03589107468724251,,,
33,84414,-0.05538996309041977,,,
33,84419,-0.04455586522817612,,,
33,84424,-0.056840453296899796,,,
33,84429,-0.02931060455739498,,,
33,84434,-0.034809410572052,,,
33,84439,-0.018361568450927734,,,
33,84444,-0.04554496333003044,,,
33,84449,-0.016796674579381943,,,
33,84454,-0.04519050568342209,,,
33,84459,-0.045442454516887665,,,
33,84464,-0.029496781527996063,,,
33,84469,-0.039320871233940125,,,
33,84474,-0.05293690040707588,,,
33,84479,-0.05036231130361557,,,
33,84484,-0.04705220088362694,,,
33,84489,-0.04066309332847595,,,
33,84494,-0.028693433851003647,,,
33,84499,-0.033464834094047546,,,
33,84504,-0.032884858548641205,,,
33,84509,-0.0409252755343914,,,
33,84514,-0.0465908981859684,,,
33,84519,-0.03828305006027222,,,
33,84524,-0.04874483495950699,,,
33,84529,-0.025478975847363472,,,
33,84534,-0.03740270435810089,,,
33,84539,-0.024643730372190475,,,
33,84544,-0.03556390479207039,,,
33,84549,-0.033814460039138794,,,
33,84554,-0.03293431177735329,,,
33,84559,-0.03370823711156845,,,
33,84564,-0.029912438243627548,,,
33,84569,-0.039523590356111526,,,
33,84574,-0.04454335570335388,,,
33,84579,-0.03655727207660675,,,
33,84584,-0.04750070720911026,,,
33,84589,-0.02907577157020569,,,
33,84594,-0.031071189790964127,,,
33,84599,-0.03068583458662033,,,
33,84604,-0.037232812494039536,,,
33,84609,-0.0514817051589489,,,
33,84614,-0.0454828143119812,,,
33,84619,0.004278313368558884,,,
33,84624,-0.05779478698968887,,,
33,84629,-0.03266855701804161,,,
33,84634,-0.0249116662889719,,,
33,84639,-0.05436202511191368,,,
33,84644,-0.04519541561603546,,,
33,84649,-0.027091654017567635,,,
33,84654,-0.05236237123608589,,,
33,84659,-0.03735200688242912,,,
33,84664,-0.03877926990389824,,,
33,84669,-0.037508949637413025,,,
33,84674,-0.04796478897333145,,,
33,84679,-0.03557073324918747,,,
33,84684,-0.03928990662097931,,,
33,84689,-0.04621156305074692,,,
33,84694,-0.040372416377067566,,,
33,84699,-0.032718200236558914,,,
33,84704,-0.03929031267762184,,,
33,84709,-0.03191357105970383,,,
33,84714,-0.026309773325920105,,,
33,84719,-0.02927960455417633,,,
33,84724,-0.04029209166765213,,,
33,84729,-0.04605558514595032,,,
33,84734,-0.055221881717443466,,,
33,84739,-0.027934592217206955,,,
33,84744,-0.04722219705581665,,,
33,84749,-0.020983323454856873,,,
33,84754,-0.0362497940659523,,,
33,84759,-0.046306442469358444,,,
33,84764,-0.045910581946372986,,,
33,84769,-0.044648054987192154,,,
33,84774,-0.040899984538555145,,,
33,84779,-0.028541199862957,,,
33,84784,-0.04857870936393738,,,
33,84789,-0.029112333431839943,,,
33,84794,-0.04716887325048447,,,
33,84799,-0.03181029483675957,,,
33,84804,-0.051684439182281494,,,
33,84809,-0.045044295489788055,,,
33,84814,-0.046341706067323685,,,
33,84819,-0.04826315492391586,,,
33,84824,-0.05249730870127678,,,
33,84829,-0.03831343352794647,,,
33,84834,-0.05868715047836304,,,
33,84839,-0.029617780819535255,,,
33,84844,-0.03800945729017258,,,
33,84849,-0.02032581903040409,,,
33,84854,-0.020832378417253494,,,
33,84859,-0.03626830875873566,,,
33,84864,-0.05924517661333084,,,
33,84869,-0.01844913884997368,,,
33,84874,-0.0538807287812233,,,
33,84879,-0.030676299706101418,,,
33,84884,-0.043729107826948166,,,
33,84889,-0.03557192161679268,,,
33,84894,-0.034046970307826996,,,
33,84899,-0.053912192583084106,,,
33,84904,-0.04805712774395943,,,
33,84909,-0.04529329016804695,,,
33,84914,-0.03032097965478897,,,
33,84919,-0.015635192394256592,,,
33,84924,-0.038126785308122635,,,
33,84929,-0.041573021560907364,,,
33,84934,-0.0396604910492897,,,
33,84939,-0.04841327667236328,,,
33,84944,-0.046832531690597534,,,
33,84949,-0.029795397073030472,,,
33,84954,-0.046118006110191345,,,
33,84959,-0.04147489368915558,,,
33,84964,-0.05849983170628548,,,
33,84969,-0.010114802047610283,,,
33,84974,-0.048403315246105194,,,
33,84979,-0.0314338281750679,,,
33,84984,-0.04981748387217522,,,
33,84989,-0.04570319503545761,,,
33,84994,-0.04916544258594513,,,
33,84999,-0.04134674742817879,,,
33,84999,,-0.02902388945221901,0.30230000615119934,0.5962381958961487
34,85004,-0.03970201686024666,,,
34,85009,-0.04426155611872673,,,
34,85014,-0.02565564587712288,,,
34,85019,-0.027743572369217873,,,
34,85024,-0.02545342594385147,,,
34,85029,-0.026575550436973572,,,
34,85034,-0.040771372616291046,,,
34,85039,-0.03562629222869873,,,
34,85044,-0.03245747089385986,,,
34,85049,-0.030237626284360886,,,
34,85054,-0.02021639049053192,,,
34,85059,-0.03520675748586655,,,
34,85064,-0.022336548194289207,,,
34,85069,-0.015851780772209167,,,
34,85074,-0.0466201975941658,,,
34,85079,-0.03373100608587265,,,
34,85084,-0.031249530613422394,,,
34,85089,-0.0374838188290596,,,
34,85094,-0.04570864140987396,,,
34,85099,-0.03653769940137863,,,
34,85104,-0.02113264799118042,,,
34,85109,-0.031691402196884155,,,
34,85114,-0.04509086161851883,,,
34,85119,-0.04063095524907112,,,
34,85124,-0.02725505828857422,,,
34,85129,-0.03368998318910599,,,
34,85134,-0.01985820010304451,,,
34,85139,-0.03013332560658455,,,
34,85144,-0.030228236690163612,,,
34,85149,-0.033420734107494354,,,
34,85154,-0.03253931924700737,,,
34,85159,-0.03152504190802574,,,
34,85164,-0.030886977910995483,,,
34,85169,-0.03644885867834091,,,
34,85174,-0.03343759477138519,,,
34,85179,-0.04471002519130707,,,
34,85184,-0.03178729861974716,,,
34,85189,-0.04074815660715103,,,
34,85194,-0.03900600224733353,,,
34,85199,-0.04553700610995293,,,
34,85204,-0.037147749215364456,,,
34,85209,-0.027350399643182755,,,
34,85214,-0.03137018531560898,,,
34,85219,-0.0319756418466568,,,
34,85224,-0.048536259680986404,,,
34,85229,-0.04019724950194359,,,
34,85234,-0.03258733078837395,,,
34,85239,-0.04534933716058731,,,
34,85244,-0.04375750944018364,,,
34,85249,-0.02819669432938099,,,
34,85254,-0.033503927290439606,,,
34,85259,-0.02534361183643341,,,
34,85264,-0.04253694415092468,,,
34,85269,-0.04366962984204292,,,
34,85274,-0.03146287426352501,,,
34,85279,-0.02466806024312973,,,
34,85284,-0.03823127597570419,,,
34,85289,-0.034566730260849,,,
34,85294,-0.039843734353780746,,,
34,85299,-0.03494046628475189,,,
34,85304,-0.04164344072341919,,,
34,85309,-0.024202648550271988,,,
34,85314,-0.04445841908454895,,,
34,85319,-0.04344348609447479,,,
34,85324,-0.01977495662868023,,,
34,85329,-0.042934518307447433,,,
34,85334,-0.037410035729408264,,,
34,85339,-0.03720531985163689,,,
34,85344,-0.03053230606019497,,,
34,85349,-0.03325524553656578,,,
34,85354,-0.04685113579034805,,,
34,85359,-0.024358579888939857,,,
34,85364,-0.03339475020766258,,,
34,85369,-0.042551763355731964,,,
34,85374,-0.02877647429704666,,,
34,85379,-0.03330589830875397,,,
34,85384,-0.040226709097623825,,,
34,85389,-0.03220319002866745,,,
34,85394,-0.04749372601509094,,,
34,85399,-0.045416779816150665,,,
34,85404,-0.039616428315639496,,,
34,85409,-0.025083880871534348,,,
34,85414,-0.04283484071493149,,,
34,85419,-0.023130957037210464,,,
34,85424,-0.034519046545028687,,,
34,85429,-0.02427278459072113,,,
34,85434,-0.0363200381398201,,,
34,85439,-0.0143610630184412,,,
34,85444,-0.01630025915801525,,,
34,85449,-0.03414138779044151,,,
34,85454,-0.02594681829214096,,,
34,85459,-0.042436666786670685,,,
34,85464,-0.03179694712162018,,,
34,85469,-0.0434991791844368,,,
34,85474,-0.03579346090555191,,,
34,85479,-0.04145806282758713,,,
34,85484,-0.036054931581020355,,,
34,85489,-0.03342282772064209,,,
34,85494,-0.04245323687791824,,,
34,85499,-0.021027730777859688,,,
34,85504,-0.04369329661130905,,,
34,85509,-0.03391987830400467,,,
34,85514,-0.049909237772226334,,,
34,85519,-0.030604351311922073,,,
34,85524,-0.04229377210140228,,,
34,85529,-0.016696959733963013,,,
34,85534,-0.041966576129198074,,,
34,85539,-0.05434615910053253,,,
34,85544,-0.05285529047250748,,,
34,85549,-0.027810709550976753,,,
34,85554,-0.03449910879135132,,,
34,85559,-0.042091891169548035,,,
34,85564,-0.01841401495039463,,,
34,85569,-0.027814950793981552,,,
34,85574,-0.04918665438890457,,,
34,85579,-0.031387776136398315,,,
34,85584,-0.049419157207012177,,,
34,85589,-0.029745586216449738,,,
34,85594,-0.04874279350042343,,,
34,85599,-0.042341411113739014,,,
34,85604,-0.03194969892501831,,,
34,85609,-0.027683904394507408,,,
34,85614,-0.03713485226035118,,,
34,85619,-0.029912786558270454,,,
34,85624,-0.05328940227627754,,,
34,85629,-0.043287910521030426,,,
34,85634,-0.049786485731601715,,,
34,85639,-0.035677675157785416,,,
34,85644,-0.03602985292673111,,,
34,85649,-0.04575980082154274,,,
34,85654,-0.02086316980421543,,,
34,85659,-0.033430665731430054,,,
34,85664,-0.02784585766494274,,,
34,85669,-0.04245031997561455,,,
34,85674,-0.04281654208898544,,,
34,85679,-0.011790381744503975,,,
34,85684,-0.039399608969688416,,,
34,85689,-0.035263143479824066,,,
34,85694,-0.043480344116687775,,,
34,85699,-0.035112857818603516,,,
34,85704,-0.04541493207216263,,,
34,85709,-0.02786148339509964,,,
34,85714,-0.036630094051361084,,,
34,85719,-0.042571596801280975,,,
34,85724,-0.032810039818286896,,,
34,85729,-0.03206373378634453,,,
34,85734,-0.037100084125995636,,,
34,85739,-0.013095134869217873,,,
34,85744,-0.04686865210533142,,,
34,85749,-0.04376347362995148,,,
34,85754,-0.04730828106403351,,,
34,85759,-0.04688316583633423,,,
34,85764,-0.04211181402206421,,,
34,85769,-0.03861137479543686,,,
34,85774,-0.029018517583608627,,,
34,85779,-0.03996444493532181,,,
34,85784,-0.03293503075838089,,,
34,85789,-0.031709350645542145,,,
34,85794,-0.04282951354980469,,,
34,85799,-0.037653952836990356,,,
34,85804,-0.0368458554148674,,,
34,85809,-0.036062564700841904,,,
34,85814,-0.029961533844470978,,,
34,85819,-0.02882067672908306,,,
34,85824,-0.05473603308200836,,,
34,85829,-0.04310618340969086,,,
34,85834,-0.018272466957569122,,,
34,85839,-0.03904833644628525,,,
34,85844,-0.04737023264169693,,,
34,85849,-0.03945193812251091,,,
34,85854,-0.039147086441516876,,,
34,85859,-0.01538596861064434,,,
34,85864,-0.03550286218523979,,,
34,85869,-0.029537463560700417,,,
34,85874,-0.02813822031021118,,,
34,85879,-0.03822311758995056,,,
34,85884,-0.029191095381975174,,,
34,85889,-0.028075478971004486,,,
34,85894,-0.044069670140743256,,,
34,85899,-0.04396454989910126,,,
34,85904,-0.04359280318021774,,,
34,85909,-0.05044553428888321,,,
34,85914,-0.05215581879019737,,,
34,85919,-0.024463392794132233,,,
34,85924,-0.03453677147626877,,,
34,85929,-0.01900593377649784,,,
34,85934,-0.05593469366431236,,,
34,85939,-0.025529641658067703,,,
34,85944,-0.03742923215031624,,,
34,85949,-0.048245497047901154,,,
34,85954,-0.013613038696348667,,,
34,85959,-0.01658575050532818,,,
34,85964,-0.03198830038309097,,,
34,85969,-0.04333333671092987,,,
34,85974,-0.03398200869560242,,,
34,85979,-0.04444900527596474,,,
34,85984,-0.036993276327848434,,,
34,85989,-0.02526129223406315,,,
34,85994,-0.031201843172311783,,,
34,85999,-0.037469010800123215,,,
34,86004,-0.06505876779556274,,,
34,86009,-0.03381425887346268,,,
34,86014,-0.04832589626312256,,,
34,86019,0.00709020160138607,,,
34,86024,-0.03219933062791824,,,
34,86029,-0.02232252061367035,,,
34,86034,-0.026510965079069138,,,
34,86039,-0.04053188115358353,,,
34,86044,-0.038652580231428146,,,
34,86049,-0.03445953130722046,,,
34,86054,-0.02316725067794323,,,
34,86059,-0.023623596876859665,,,
34,86064,-0.027920646592974663,,,
34,86069,-0.043234650045633316,,,
34,86074,-0.043376374989748,,,
34,86079,-0.037616461515426636,,,
34,86084,-0.014464281499385834,,,
34,86089,-0.039266277104616165,,,
34,86094,-0.06779018044471741,,,
34,86099,-0.05831700935959816,,,
34,86104,-0.024473408237099648,,,
34,86109,-0.023338429629802704,,,
34,86114,-0.038755133748054504,,,
34,86119,-0.03503156080842018,,,
34,86124,-0.04474510997533798,,,
34,86129,-0.042735062539577484,,,
34,86134,-0.03754553571343422,,,
34,86139,-0.018367819488048553,,,
34,86144,-0.027082733809947968,,,
34,86149,-0.04215199500322342,,,
34,86154,-0.03799421712756157,,,
34,86159,-0.02977406606078148,,,
34,86164,-0.029028188437223434,,,
34,86169,-0.030929405242204666,,,
34,86174,-0.04803300276398659,,,
34,86179,-0.040580280125141144,,,
34,86184,-0.03571131080389023,,,
34,86189,-0.03232660889625549,,,
34,86194,-0.03568122163414955,,,
34,86199,-0.04286430776119232,,,
34,86204,-0.0328541100025177,,,
34,86209,-0.020595960319042206,,,
34,86214,-0.025018364191055298,,,
34,86219,-0.019813816994428635,,,
34,86224,-0.051463156938552856,,,
34,86229,-0.037269845604896545,,,
34,86234,-0.042572021484375,,,
34,86239,-0.05741506069898605,,,
34,86244,-0.016216974705457687,,,
34,86249,-0.034749411046504974,,,
34,86254,-0.05213599652051926,,,
34,86259,-0.0403362438082695,,,
34,86264,-0.05978549271821976,,,
34,86269,-0.02344686910510063,,,
34,86274,-0.05852006748318672,,,
34,86279,-0.03670918941497803,,,
34,86284,-0.04435310512781143,,,
34,86289,-0.03543807938694954,,,
34,86294,-0.029280606657266617,,,
34,86299,-0.039459843188524246,,,
34,86304,-0.03276469185948372,,,
34,86309,-0.02705170214176178,,,
34,86314,-0.01673789508640766,,,
34,86319,-0.02917986363172531,,,
34,86324,-0.036990657448768616,,,
34,86329,-0.036626845598220825,,,
34,86334,-0.04558418691158295,,,
34,86339,-0.03478987514972687,,,
34,86344,-0.027674922719597816,,,
34,86349,-0.029994510114192963,,,
34,86354,-0.03742260858416557,,,
34,86359,-0.039849407970905304,,,
34,86364,-0.042031414806842804,,,
34,86369,-0.03420723229646683,,,
34,86374,-0.049765534698963165,,,
34,86379,-0.04126198589801788,,,
34,86384,-0.0442781001329422,,,
34,86389,-0.028059925884008408,,,
34,86394,-0.0458650067448616,,,
34,86399,-0.032751888036727905,,,
34,86404,-0.04151292145252228,,,
34,86409,-0.04102126881480217,,,
34,86414,-0.04839877411723137,,,
34,86419,-0.029926367104053497,,,
34,86424,-0.0516505166888237,,,
34,86429,-0.04163990169763565,,,
34,86434,-0.0503716915845871,,,
34,86439,-0.035095810890197754,,,
34,86444,-0.03886951506137848,,,
34,86449,-0.024783017113804817,,,
34,86454,-0.017678124830126762,,,
34,86459,-0.037071824073791504,,,
34,86464,-0.03906168043613434,,,
34,86469,-0.015202289447188377,,,
34,86474,-0.03481907770037651,,,
34,86479,-0.04934205859899521,,,
34,86484,-0.03572304919362068,,,
34,86489,-0.04387138783931732,,,
34,86494,-0.036476969718933105,,,
34,86499,-0.031840384006500244,,,
34,86504,-0.029035404324531555,,,
34,86509,-0.02592233568429947,,,
34,86514,-0.05239909887313843,,,
34,86519,-0.056371383368968964,,,
34,86524,-0.03946042060852051,,,
34,86529,-0.03190344199538231,,,
34,86534,-0.02331225760281086,,,
34,86539,-0.023887768387794495,,,
34,86544,-0.041095055639743805,,,
34,86549,-0.028434209525585175,,,
34,86554,-0.04379866272211075,,,
34,86559,-0.05646353214979172,,,
34,86564,-0.04177762567996979,,,
34,86569,-0.03995143249630928,,,
34,86574,-0.047234464436769485,,,
34,86579,-0.026895126327872276,,,
34,86584,-0.03407753258943558,,,
34,86589,-0.04260101914405823,,,
34,86594,-0.0474412739276886,,,
34,86599,-0.029731016606092453,,,
34,86604,-0.041915424168109894,,,
34,86609,-0.01833948865532875,,,
34,86614,-0.03771119937300682,,,
34,86619,-0.045557089149951935,,,
34,86624,-0.04041368141770363,,,
34,86629,-0.036341503262519836,,,
34,86634,-0.03556706756353378,,,
34,86639,-0.04994779825210571,,,
34,86644,-0.043957047164440155,,,
34,86649,-0.042955271899700165,,,
34,86654,-0.050735365599393845,,,
34,86659,-0.028551051393151283,,,
34,86664,-0.031879860907793045,,,
34,86669,-0.023760557174682617,,,
34,86674,-0.03118647076189518,,,
34,86679,-0.049301840364933014,,,
34,86684,-0.03391840308904648,,,
34,86689,-0.02226417139172554,,,
34,86694,-0.04100099205970764,,,
34,86699,-0.046538881957530975,,,
34,86704,-0.02132040075957775,,,
34,86709,-0.0326291099190712,,,
34,86714,-0.02705036848783493,,,
34,86719,-0.02426004409790039,,,
34,86724,-0.039786677807569504,,,
34,86729,-0.04429285228252411,,,
34,86734,-0.04067009687423706,,,
34,86739,-0.0303793977946043,,,
34,86744,-0.035937100648880005,,,
34,86749,-0.04683626815676689,,,
34,86754,-0.03936021775007248,,,
34,86759,-0.04146689921617508,,,
34,86764,-0.02894207090139389,,,
34,86769,-0.02987520582973957,,,
34,86774,-0.04823105037212372,,,
34,86779,-0.030186712741851807,,,
34,86784,-0.03922543674707413,,,
34,86789,-0.030224531888961792,,,
34,86794,-0.04364290460944176,,,
34,86799,-0.030829455703496933,,,
34,86804,-0.03388926759362221,,,
34,86809,-0.027077293023467064,,,
34,86814,-0.048338621854782104,,,
34,86819,-0.04779898375272751,,,
34,86824,-0.040554650127887726,,,
34,86829,-0.027680158615112305,,,
34,86834,-0.02949504740536213,,,
34,86839,-0.029276221990585327,,,
34,86844,-0.03768881410360336,,,
34,86849,-0.02679796703159809,,,
34,86854,-0.038674674928188324,,,
34,86859,-0.041542425751686096,,,
34,86864,-0.0428367480635643,,,
34,86869,-0.03732830286026001,,,
34,86874,-0.0408574640750885,,,
34,86879,-0.03555997461080551,,,
34,86884,-0.04078182578086853,,,
34,86889,-0.0445014089345932,,,
34,86894,-0.0335003063082695,,,
34,86899,-0.03639577701687813,,,
34,86904,-0.0372922420501709,,,
34,86909,-0.04404192790389061,,,
34,86914,-0.029608402401208878,,,
34,86919,-0.045617908239364624,,,
34,86924,-0.041949350386857986,,,
34,86929,-0.02425101026892662,,,
34,86934,-0.03217631205916405,,,
34,86939,-0.04915160313248634,,,
34,86944,-0.03508543595671654,,,
34,86949,-0.04499738663434982,,,
34,86954,-0.027509821578860283,,,
34,86959,-0.011656505055725574,,,
34,86964,-0.04649047553539276,,,
34,86969,-0.04715298116207123,,,
34,86974,-0.03829674422740936,,,
34,86979,-0.03803309053182602,,,
34,86984,-0.002040133811533451,,,
34,86989,-0.04102340340614319,,,
34,86994,-0.03918914124369621,,,
34,86999,-0.03302348032593727,,,
34,87004,-0.036212775856256485,,,
34,87009,-0.028687138110399246,,,
34,87014,-0.03497717157006264,,,
34,87019,-0.03775522857904434,,,
34,87024,-0.031923793256282806,,,
34,87029,-0.032500237226486206,,,
34,87034,-0.03910478949546814,,,
34,87039,-0.026866286993026733,,,
34,87044,-0.035765405744314194,,,
34,87049,-0.03533026576042175,,,
34,87054,-0.0696135014295578,,,
34,87059,-0.040642186999320984,,,
34,87064,-0.026283569633960724,,,
34,87069,-0.04489411786198616,,,
34,87074,-0.04472832381725311,,,
34,87079,-0.04016353562474251,,,
34,87084,-0.03194690868258476,,,
34,87089,-0.04424167796969414,,,
34,87094,-0.03228061646223068,,,
34,87099,-0.04309840500354767,,,
34,87104,-0.04024052992463112,,,
34,87109,-0.04521932080388069,,,
34,87114,-0.027194645255804062,,,
34,87119,-0.039571136236190796,,,
34,87124,-0.04093910753726959,,,
34,87129,-0.043416935950517654,,,
34,87134,-0.04937255382537842,,,
34,87139,-0.04050212353467941,,,
34,87144,-0.057862989604473114,,,
34,87149,-0.04469188675284386,,,
34,87154,-0.05120421573519707,,,
34,87159,-0.03037651814520359,,,
34,87164,-0.054443635046482086,,,
34,87169,-0.03623973950743675,,,
34,87174,-0.029248716309666634,,,
34,87179,-0.01776851713657379,,,
34,87184,-0.03912995755672455,,,
34,87189,-0.0246451273560524,,,
34,87194,-0.04561635106801987,,,
34,87199,-0.05142264440655708,,,
34,87204,-0.021354414522647858,,,
34,87209,-0.03487720713019371,,,
34,87214,-0.04928860440850258,,,
34,87219,-0.03014574758708477,,,
34,87224,-0.02933286502957344,,,
34,87229,-0.04058444872498512,,,
34,87234,-0.047164253890514374,,,
34,87239,-0.02930476889014244,,,
34,87244,-0.04549132287502289,,,
34,87249,-0.042210839688777924,,,
34,87254,-0.03197880834341049,,,
34,87259,-0.029526982456445694,,,
34,87264,-0.044573694467544556,,,
34,87269,-0.03152580186724663,,,
34,87274,-0.034017302095890045,,,
34,87279,-0.03392945975065231,,,
34,87284,-0.03674517571926117,,,
34,87289,-0.03648829460144043,,,
34,87294,-0.042340196669101715,,,
34,87299,-0.02151130512356758,,,
34,87304,-0.0352809838950634,,,
34,87309,-0.03476937115192413,,,
34,87314,-0.03533047437667847,,,
34,87319,-0.018517807126045227,,,
34,87324,-0.031379617750644684,,,
34,87329,-0.034561797976493835,,,
34,87334,-0.025738665834069252,,,
34,87339,-0.04665590077638626,,,
34,87344,-0.03211100772023201,,,
34,87349,-0.05241074413061142,,,
34,87354,-0.024292204529047012,,,
34,87359,-0.06084547936916351,,,
34,87364,-0.052412692457437515,,,
34,87369,-0.034166861325502396,,,
34,87374,-0.028215356171131134,,,
34,87379,-0.039172396063804626,,,
34,87384,-0.02887348085641861,,,
34,87389,-0.04248637706041336,,,
34,87394,-0.048078447580337524,,,
34,87399,-0.04005696251988411,,,
34,87404,-0.03251298516988754,,,
34,87409,-0.044802483171224594,,,
34,87414,-0.046728234738111496,,,
34,87419,-0.0362592414021492,,,
34,87424,-0.05227458477020264,,,
34,87429,-0.05489553138613701,,,
34,87434,-0.03713853284716606,,,
34,87439,-0.033814042806625366,,,
34,87444,-0.046740468591451645,,,
34,87449,-0.021963752806186676,,,
34,87454,-0.03978780657052994,,,
34,87459,-0.0438431017100811,,,
34,87464,-0.0499233677983284,,,
34,87469,-0.05185096338391304,,,
34,87474,-0.029271384701132774,,,
34,87479,-0.034536197781562805,,,
34,87484,-0.05036153271794319,,,
34,87489,-0.04001735895872116,,,
34,87494,-0.043687500059604645,,,
34,87499,-0.030699264258146286,,,
34,87499,,-0.025669801980257034,0.29170000553131104,0.5901694893836975
35,87504,-0.03402843698859215,,,
35,87509,-0.031007984653115273,,,
35,87514,-0.0319509282708168,,,
35,87519,-0.027148425579071045,,,
35,87524,-0.017161330208182335,,,
35,87529,-0.04738674312829971,,,
35,87534,-0.03194509446620941,,,
35,87539,-0.049070000648498535,,,
35,87544,-0.04103000834584236,,,
35,87549,-0.03420016169548035,,,
35,87554,-0.04851497709751129,,,
35,87559,-0.04821813106536865,,,
35,87564,-0.04480703920125961,,,
35,87569,-0.0338897705078125,,,
35,87574,-0.03490661457180977,,,
35,87579,-0.022374503314495087,,,
35,87584,-0.015643633902072906,,,
35,87589,-0.05016928166151047,,,
35,87594,-0.039445213973522186,,,
35,87599,-0.041230641305446625,,,
35,87604,-0.03864220157265663,,,
35,87609,-0.03674118593335152,,,
35,87614,-0.03242158889770508,,,
35,87619,-0.04578771814703941,,,
35,87624,-0.01735449582338333,,,
35,87629,-0.04688428342342377,,,
35,87634,-0.04125945642590523,,,
35,87639,-0.04429638758301735,,,
35,87644,-0.0511353574693203,,,
35,87649,-0.04572002589702606,,,
35,87654,-0.03904309123754501,,,
35,87659,-0.04278137534856796,,,
35,87664,-0.054548364132642746,,,
35,87669,-0.027606699615716934,,,
35,87674,-0.046294379979372025,,,
35,87679,-0.03324178606271744,,,
35,87684,-0.023254409432411194,,,
35,87689,-0.057855501770973206,,,
35,87694,-0.03281286731362343,,,
35,87699,-0.03430601954460144,,,
35,87704,-0.04086479917168617,,,
35,87709,-0.039175741374492645,,,
35,87714,-0.037963055074214935,,,
35,87719,-0.036195024847984314,,,
35,87724,-0.03906598687171936,,,
35,87729,-0.030735347419977188,,,
35,87734,-0.027653386816382408,,,
35,87739,-0.02996703051030636,,,
35,87744,-0.038050077855587006,,,
35,87749,-0.028643708676099777,,,
35,87754,-0.03446795046329498,,,
35,87759,-0.03378109261393547,,,
35,87764,-0.029669921845197678,,,
35,87769,-0.042808860540390015,,,
35,87774,-0.021925415843725204,,,
35,87779,-0.05299748480319977,,,
35,87784,-0.05076471343636513,,,
35,87789,-0.028713099658489227,,,
35,87794,-0.0348624587059021,,,
35,87799,-0.03351330757141113,,,
35,87804,-0.02901637554168701,,,
35,87809,-0.035645000636577606,,,
35,87814,-0.032169464975595474,,,
35,87819,-0.03986392915248871,,,
35,87824,-0.03391503915190697,,,
35,87829,-0.024042397737503052,,,
35,87834,-0.028675626963377,,,
35,87839,-0.026804858818650246,,,
35,87844,-0.03709042817354202,,,
35,87849,-0.04525529220700264,,,
35,87854,-0.030531272292137146,,,
35,87859,-0.03898201137781143,,,
35,87864,-0.052527546882629395,,,
35,87869,-0.002393081784248352,,,
35,87874,-0.05018458515405655,,,
35,87879,-0.01983596757054329,,,
35,87884,-0.018434222787618637,,,
35,87889,-0.032416507601737976,,,
35,87894,-0.0447913259267807,,,
35,87899,-0.015119118615984917,,,
35,87904,-0.03703013435006142,,,
35,87909,-0.04864433407783508,,,
35,87914,-0.02208854816854,,,
35,87919,-0.0332629419863224,,,
35,87924,-0.04687481373548508,,,
35,87929,-0.04074150696396828,,,
35,87934,-0.02417200431227684,,,
35,87939,-0.03984258323907852,,,
35,87944,-0.0502772182226181,,,
35,87949,-0.03672993928194046,,,
35,87954,-0.027384813874959946,,,
35,87959,-0.047007374465465546,,,
35,87964,-0.02895774133503437,,,
35,87969,-0.04368223994970322,,,
35,87974,-0.030601471662521362,,,
35,87979,-0.06293289363384247,,,
35,87984,-0.03980080038309097,,,
35,87989,-0.02663360722362995,,,
35,87994,-0.04413382709026337,,,
35,87999,-0.03436339646577835,,,
35,88004,-0.0398249626159668,,,
35,88009,-0.05859968438744545,,,
35,88014,-0.027332769706845284,,,
35,88019,-0.04468061774969101,,,
35,88024,-0.04228658601641655,,,
35,88029,-0.03842691332101822,,,
35,88034,-0.03525855764746666,,,
35,88039,-0.01684943214058876,,,
35,88044,-0.034878019243478775,,,
35,88049,-0.03606530651450157,,,
35,88054,-0.009578196331858635,,,
35,88059,-0.04856815189123154,,,
35,88064,-0.03701862692832947,,,
35,88069,-0.05407001078128815,,,
35,88074,-0.05425143241882324,,,
35,88079,-0.039547331631183624,,,
35,88084,-0.038146309554576874,,,
35,88089,-0.022717881947755814,,,
35,88094,-0.027767200022935867,,,
35,88099,-0.014975388534367085,,,
35,88104,-0.03101583756506443,,,
35,88109,-0.028290271759033203,,,
35,88114,-0.014824163168668747,,,
35,88119,-0.015380386263132095,,,
35,88124,-0.048701848834753036,,,
35,88129,-0.0395265631377697,,,
35,88134,-0.04974592477083206,,,
35,88139,-0.055291544646024704,,,
35,88144,-0.04696843400597572,,,
35,88149,-0.023938702419400215,,,
35,88154,-0.03898179158568382,,,
35,88159,-0.03544648364186287,,,
35,88164,-0.02928348444402218,,,
35,88169,-0.04579953849315643,,,
35,88174,-0.05270880088210106,,,
35,88179,-0.04111243784427643,,,
35,88184,-0.037536706775426865,,,
35,88189,-0.05717816948890686,,,
35,88194,-0.04133140295743942,,,
35,88199,-0.03241768479347229,,,
35,88204,-0.030990902334451675,,,
35,88209,-0.041938573122024536,,,
35,88214,-0.04794537276029587,,,
35,88219,-0.03425213322043419,,,
35,88224,-0.031014129519462585,,,
35,88229,-0.029873589053750038,,,
35,88234,-0.03609153628349304,,,
35,88239,-0.030322425067424774,,,
35,88244,-0.045675694942474365,,,
35,88249,-0.04214070737361908,,,
35,88254,-0.018222272396087646,,,
35,88259,-0.03776153177022934,,,
35,88264,-0.028868036344647408,,,
35,88269,-0.04678048938512802,,,
35,88274,-0.05356089025735855,,,
35,88279,-0.04591105133295059,,,
35,88284,-0.04551452770829201,,,
35,88289,-0.03894033282995224,,,
35,88294,-0.019444061443209648,,,
35,88299,-0.02839472144842148,,,
35,88304,-0.02559179812669754,,,
35,88309,-0.03473072499036789,,,
35,88314,-0.027854830026626587,,,
35,88319,-0.02543818950653076,,,
35,88324,-0.046939462423324585,,,
35,88329,-0.04003126174211502,,,
35,88334,-0.039043210446834564,,,
35,88339,-0.02328573167324066,,,
35,88344,-0.04587135463953018,,,
35,88349,-0.04210533946752548,,,
35,88354,-0.03510572388768196,,,
35,88359,-0.036120422184467316,,,
35,88364,-0.021782010793685913,,,
35,88369,-0.0381741002202034,,,
35,88374,-0.032012078911066055,,,
35,88379,-0.03417152538895607,,,
35,88384,-0.026795916259288788,,,
35,88389,-0.04205428063869476,,,
35,88394,-0.03203539550304413,,,
35,88399,-0.02911875769495964,,,
35,88404,-0.037557631731033325,,,
35,88409,-0.041382405906915665,,,
35,88414,-0.0385008379817009,,,
35,88419,-0.03540933504700661,,,
35,88424,-0.03093077801167965,,,
35,88429,-0.029013779014348984,,,
35,88434,-0.026879848912358284,,,
35,88439,-0.03775171935558319,,,
35,88444,-0.029381055384874344,,,
35,88449,-0.047953441739082336,,,
35,88454,-0.023076504468917847,,,
35,88459,-0.04158666729927063,,,
35,88464,-0.036123380064964294,,,
35,88469,-0.024207372218370438,,,
35,88474,-0.03241930156946182,,,
35,88479,-0.02427327260375023,,,
35,88484,-0.0380401685833931,,,
35,88489,-0.029131032526493073,,,
35,88494,-0.0421554259955883,,,
35,88499,-0.03199037164449692,,,
35,88504,-0.04981248453259468,,,
35,88509,-0.03954613208770752,,,
35,88514,-0.03748542070388794,,,
35,88519,-0.03710828348994255,,,
35,88524,-0.034592002630233765,,,
35,88529,-0.04149739444255829,,,
35,88534,-0.05275798588991165,,,
35,88539,-0.04405077546834946,,,
35,88544,-0.043046433478593826,,,
35,88549,-0.03135383874177933,,,
35,88554,-0.03955860063433647,,,
35,88559,-0.028064530342817307,,,
35,88564,-0.04704643040895462,,,
35,88569,-0.059297166764736176,,,
35,88574,-0.04733659327030182,,,
35,88579,-0.027975518256425858,,,
35,88584,-0.038580477237701416,,,
35,88589,-0.020801635459065437,,,
35,88594,-0.029202204197645187,,,
35,88599,-0.026454605162143707,,,
35,88604,-0.039939217269420624,,,
35,88609,-0.04282413050532341,,,
35,88614,-0.03296039253473282,,,
35,88619,-0.0337679460644722,,,
35,88624,-0.04448721930384636,,,
35,88629,-0.03322674334049225,,,
35,88634,-0.008467967621982098,,,
35,88639,-0.03622926026582718,,,
35,88644,-0.035701923072338104,,,
35,88649,-0.0536024384200573,,,
35,88654,-0.04527776315808296,,,
35,88659,-0.02763638086616993,,,
35,88664,-0.05581914633512497,,,
35,88669,-0.03717851638793945,,,
35,88674,-0.05784264951944351,,,
35,88679,-0.04464345425367355,,,
35,88684,-0.04112459346652031,,,
35,88689,-0.054641708731651306,,,
35,88694,-0.03460434079170227,,,
35,88699,-0.025784458965063095,,,
35,88704,-0.027057945728302002,,,
35,88709,-0.03223270922899246,,,
35,88714,-0.027899056673049927,,,
35,88719,-0.03668513894081116,,,
35,88724,-0.0312967374920845,,,
35,88729,-0.0256518442183733,,,
35,88734,-0.0210905522108078,,,
35,88739,-0.038285914808511734,,,
35,88744,-0.03644900768995285,,,
35,88749,-0.04949973523616791,,,
35,88754,-0.028910204768180847,,,
35,88759,-0.03696126490831375,,,
35,88764,-0.03984037786722183,,,
35,88769,-0.04073188826441765,,,
35,88774,-0.02963179722428322,,,
35,88779,-0.05085257440805435,,,
35,88784,-0.020505256950855255,,,
35,88789,-0.033632390201091766,,,
35,88794,-0.036179348826408386,,,
35,88799,-0.04483667016029358,,,
35,88804,-0.02335800789296627,,,
35,88809,-0.042112525552511215,,,
35,88814,-0.051966406404972076,,,
35,88819,-0.04422079771757126,,,
35,88824,-0.042518243193626404,,,
35,88829,-0.04398087039589882,,,
35,88834,-0.023347577080130577,,,
35,88839,-0.04010603576898575,,,
35,88844,-0.03657691553235054,,,
35,88849,-0.050771959125995636,,,
35,88854,-0.04271247610449791,,,
35,88859,-0.03982601314783096,,,
35,88864,-0.024250619113445282,,,
35,88869,-0.03714068606495857,,,
35,88874,-0.030180674046278,,,
35,88879,-0.030592478811740875,,,
35,88884,-0.02357429638504982,,,
35,88889,-0.054579611867666245,,,
35,88894,-0.030788017436861992,,,
35,88899,-0.012290965765714645,,,
35,88904,-0.017250437289476395,,,
35,88909,-0.019148897379636765,,,
35,88914,-0.016592063009738922,,,
35,88919,-0.03892304748296738,,,
35,88924,-0.02502664178609848,,,
35,88929,-0.03993498533964157,,,
35,88934,-0.031564876437187195,,,
35,88939,-0.037462592124938965,,,
35,88944,-0.051024921238422394,,,
35,88949,-0.042715609073638916,,,
35,88954,-0.04958614706993103,,,
35,88959,-0.030014296993613243,,,
35,88964,-0.04566335678100586,,,
35,88969,-0.026642367243766785,,,
35,88974,-0.02890564501285553,,,
35,88979,-0.04529022425413132,,,
35,88984,-0.022656217217445374,,,
35,88989,-0.05232273042201996,,,
35,88994,-0.04824750870466232,,,
35,88999,-0.03598760813474655,,,
35,89004,-0.048053331673145294,,,
35,89009,-0.025856662541627884,,,
35,89014,-0.022442054003477097,,,
35,89019,-0.04665407910943031,,,
35,89024,-0.04274872690439224,,,
35,89029,-0.04573105648159981,,,
35,89034,-0.03538612648844719,,,
35,89039,-0.03593676537275314,,,
35,89044,-0.036585696041584015,,,
35,89049,-0.04208661988377571,,,
35,89054,-0.04278187453746796,,,
35,89059,-0.04243255779147148,,,
35,89064,-0.027964871376752853,,,
35,89069,-0.02792365849018097,,,
35,89074,-0.056547388434410095,,,
35,89079,-0.04401735961437225,,,
35,89084,-0.03435966745018959,,,
35,89089,-0.026949245482683182,,,
35,89094,-0.03852974623441696,,,
35,89099,-0.02785634621977806,,,
35,89104,-0.036745477467775345,,,
35,89109,-0.04291151091456413,,,
35,89114,-0.028892112895846367,,,
35,89119,-0.03158920258283615,,,
35,89124,-0.04397272318601608,,,
35,89129,-0.03497978299856186,,,
35,89134,-0.041570015251636505,,,
35,89139,-0.044343411922454834,,,
35,89144,-0.006358025595545769,,,
35,89149,-0.04271383583545685,,,
35,89154,-0.02456490509212017,,,
35,89159,-0.033714305609464645,,,
35,89164,-0.04064703732728958,,,
35,89169,-0.046478379517793655,,,
35,89174,-0.03577367961406708,,,
35,89179,-0.03924333304166794,,,
35,89184,-0.03448014706373215,,,
35,89189,-0.0354653038084507,,,
35,89194,-0.03465007245540619,,,
35,89199,-0.03216585889458656,,,
35,89204,-0.04897274821996689,,,
35,89209,-0.057192668318748474,,,
35,89214,-0.018431134521961212,,,
35,89219,-0.0393199697136879,,,
35,89224,-0.049407392740249634,,,
35,89229,-0.022421499714255333,,,
35,89234,-0.05275394767522812,,,
35,89239,-0.011066600680351257,,,
35,89244,-0.03986073657870293,,,
35,89249,-0.03127758204936981,,,
35,89254,-0.053024061024188995,,,
35,89259,-0.05483219772577286,,,
35,89264,-0.03948530554771423,,,
35,89269,-0.03919777274131775,,,
35,89274,-0.04007747024297714,,,
35,89279,-0.03716524317860603,,,
35,89284,-0.042510829865932465,,,
35,89289,-0.04139647260308266,,,
35,89294,-0.04957757145166397,,,
35,89299,-0.027928099036216736,,,
35,89304,-0.04992975294589996,,,
35,89309,-0.03234267234802246,,,
35,89314,-0.019444787874817848,,,
35,89319,-0.011457545682787895,,,
35,89324,-0.04196038842201233,,,
35,89329,-0.03331657126545906,,,
35,89334,-0.046814192086458206,,,
35,89339,-0.032969024032354355,,,
35,89344,-0.017092788591980934,,,
35,89349,-0.041418202221393585,,,
35,89354,-0.03873533755540848,,,
35,89359,-0.044552259147167206,,,
35,89364,-0.024324558675289154,,,
35,89369,-0.03708944842219353,,,
35,89374,-0.030241573229432106,,,
35,89379,-0.048739708960056305,,,
35,89384,-0.04708477854728699,,,
35,89389,-0.04537934064865112,,,
35,89394,-0.0451720729470253,,,
35,89399,-0.0484880730509758,,,
35,89404,-0.06232050806283951,,,
35,89409,-0.039498988538980484,,,
35,89414,-0.030654918402433395,,,
35,89419,-0.049903322011232376,,,
35,89424,-0.04334244877099991,,,
35,89429,-0.027079926803708076,,,
35,89434,-0.039074648171663284,,,
35,89439,-0.03172353282570839,,,
35,89444,-0.034458037465810776,,,
35,89449,-0.05267102271318436,,,
35,89454,-0.032389797270298004,,,
35,89459,-0.037617217749357224,,,
35,89464,-0.02135700359940529,,,
35,89469,-0.03779412433505058,,,
35,89474,-0.03956625238060951,,,
35,89479,-0.024388205260038376,,,
35,89484,-0.03132732957601547,,,
35,89489,-0.031545255333185196,,,
35,89494,-0.04103314131498337,,,
35,89499,-0.05248580127954483,,,
35,89504,-0.03845580667257309,,,
35,89509,-0.05409348011016846,,,
35,89514,-0.038719773292541504,,,
35,89519,-0.0525345578789711,,,
35,89524,-0.027495170012116432,,,
35,89529,-0.01711667701601982,,,
35,89534,-0.039285335689783096,,,
35,89539,-0.03008815087378025,,,
35,89544,-0.02983865700662136,,,
35,89549,-0.03446521610021591,,,
35,89554,-0.05517967790365219,,,
35,89559,-0.06241241842508316,,,
35,89564,-0.04367499798536301,,,
35,89569,-0.03173132240772247,,,
35,89574,-0.027344893664121628,,,
35,89579,-0.019961930811405182,,,
35,89584,-0.03309832513332367,,,
35,89589,-0.011338518932461739,,,
35,89594,-0.019437167793512344,,,
35,89599,-0.046402040868997574,,,
35,89604,-0.028795313090085983,,,
35,89609,-0.033996663987636566,,,
35,89614,-0.04782155156135559,,,
35,89619,-0.0342971533536911,,,
35,89624,-0.045569442212581635,,,
35,89629,-0.04108026996254921,,,
35,89634,-0.04965148866176605,,,
35,89639,-0.05988623946905136,,,
35,89644,-0.033625081181526184,,,
35,89649,-0.033412620425224304,,,
35,89654,-0.03523624688386917,,,
35,89659,-0.03413322567939758,,,
35,89664,-0.04389901086688042,,,
35,89669,-0.035228848457336426,,,
35,89674,-0.04925350844860077,,,
35,89679,-0.03750862926244736,,,
35,89684,-0.03015919029712677,,,
35,89689,-0.017102425917983055,,,
35,89694,-0.04083508625626564,,,
35,89699,-0.03873006999492645,,,
35,89704,-0.034813039004802704,,,
35,89709,-0.03354712575674057,,,
35,89714,-0.0314062237739563,,,
35,89719,-0.03242487460374832,,,
35,89724,-0.04778171330690384,,,
35,89729,-0.04397854954004288,,,
35,89734,-0.041689563542604446,,,
35,89739,-0.022432714700698853,,,
35,89744,-0.02440601773560047,,,
35,89749,-0.040460359305143356,,,
35,89754,-0.019958000630140305,,,
35,89759,-0.028559546917676926,,,
35,89764,-0.04612061381340027,,,
35,89769,-0.03300515562295914,,,
35,89774,-0.035825155675411224,,,
35,89779,-0.05502694845199585,,,
35,89784,-0.04981386661529541,,,
35,89789,-0.04899583011865616,,,
35,89794,-0.03903285041451454,,,
35,89799,-0.04273389279842377,,,
35,89804,-0.0426710769534111,,,
35,89809,-0.038391582667827606,,,
35,89814,-0.04641561210155487,,,
35,89819,-0.030030805617570877,,,
35,89824,-0.04786843806505203,,,
35,89829,-0.03263407200574875,,,
35,89834,-0.01806166023015976,,,
35,89839,-0.03449510037899017,,,
35,89844,-0.041204147040843964,,,
35,89849,-0.06125667318701744,,,
35,89854,-0.03717448562383652,,,
35,89859,-0.04345986992120743,,,
35,89864,-0.0373881459236145,,,
35,89869,-0.03839521482586861,,,
35,89874,-0.029714111238718033,,,
35,89879,-0.030762171372771263,,,
35,89884,-0.05762454494833946,,,
35,89889,-0.02845018357038498,,,
35,89894,-0.05191418528556824,,,
35,89899,-0.0430404357612133,,,
35,89904,-0.04264151677489281,,,
35,89909,-0.04155062139034271,,,
35,89914,-0.04150310903787613,,,
35,89919,-0.037387847900390625,,,
35,89924,-0.03948262333869934,,,
35,89929,-0.003770267590880394,,,
35,89934,-0.039698898792266846,,,
35,89939,-0.025597915053367615,,,
35,89944,-0.048866283148527145,,,
35,89949,-0.025896254926919937,,,
35,89954,-0.03210026025772095,,,
35,89959,-0.01609189808368683,,,
35,89964,-0.024798160418868065,,,
35,89969,-0.03296975791454315,,,
35,89974,-0.043145909905433655,,,
35,89979,-0.02846657857298851,,,
35,89984,-0.027433883398771286,,,
35,89989,-0.048152096569538116,,,
35,89994,-0.029312899336218834,,,
35,89999,-0.0342179499566555,,,
35,89999,,-0.025595974177122116,0.2883000075817108,0.5864298939704895
36,90004,-0.040468208491802216,,,
36,90009,-0.04093027114868164,,,
36,90014,-0.04684706777334213,,,
36,90019,-0.023302190005779266,,,
36,90024,-0.03656459599733353,,,
36,90029,-0.05338255316019058,,,
36,90034,-0.027728814631700516,,,
36,90039,-0.04178265482187271,,,
36,90044,-0.03719138726592064,,,
36,90049,-0.023397544398903847,,,
36,90054,-0.04266756772994995,,,
36,90059,-0.028603360056877136,,,
36,90064,-0.03489638492465019,,,
36,90069,-0.029468905180692673,,,
36,90074,-0.03470255434513092,,,
36,90079,-0.023641351610422134,,,
36,90084,-0.03657511621713638,,,
36,90089,-0.037222720682621,,,
36,90094,-0.018764369189739227,,,
36,90099,-0.024277977645397186,,,
36,90104,-0.03820031136274338,,,
36,90109,-0.055858463048934937,,,
36,90114,-0.054211970418691635,,,
36,90119,-0.03541211411356926,,,
36,90124,-0.02424771711230278,,,
36,90129,-0.02243908680975437,,,
36,90134,-0.039193280041217804,,,
36,90139,-0.02387343719601631,,,
36,90144,-0.029250063002109528,,,
36,90149,-0.036133307963609695,,,
36,90154,-0.016944285482168198,,,
36,90159,-0.03598235920071602,,,
36,90164,-0.04949824512004852,,,
36,90169,-0.030223112553358078,,,
36,90174,-0.015607217326760292,,,
36,90179,-0.025323182344436646,,,
36,90184,-0.02284720540046692,,,
36,90189,-0.04835132509469986,,,
36,90194,-0.027829356491565704,,,
36,90199,-0.027810029685497284,,,
36,90204,-0.038116443902254105,,,
36,90209,-0.047385744750499725,,,
36,90214,-0.0413874089717865,,,
36,90219,-0.0233448576182127,,,
36,90224,-0.04073941707611084,,,
36,90229,-0.03115386888384819,,,
36,90234,-0.03815430402755737,,,
36,90239,-0.041975319385528564,,,
36,90244,-0.024628333747386932,,,
36,90249,-0.031095784157514572,,,
36,90254,-0.029775425791740417,,,
36,90259,-0.04797990992665291,,,
36,90264,-0.04503897577524185,,,
36,90269,-0.03326388821005821,,,
36,90274,-0.04018532484769821,,,
36,90279,-0.021171361207962036,,,
36,90284,-0.042446233332157135,,,
36,90289,-0.02822236716747284,,,
36,90294,-0.03705532103776932,,,
36,90299,-0.042596325278282166,,,
36,90304,-0.05373084172606468,,,
36,90309,-0.03872111067175865,,,
36,90314,-0.030808620154857635,,,
36,90319,-0.03446748107671738,,,
36,90324,-0.022704558447003365,,,
36,90329,-0.03417344391345978,,,
36,90334,-0.03945360705256462,,,
36,90339,-0.03826455399394035,,,
36,90344,-0.048205628991127014,,,
36,90349,-0.0445069782435894,,,
36,90354,-0.04810747504234314,,,
36,90359,-0.04374438524246216,,,
36,90364,-0.037366680800914764,,,
36,90369,-0.03561893850564957,,,
36,90374,-0.030160363763570786,,,
36,90379,-0.05000073462724686,,,
36,90384,-0.03689876198768616,,,
36,90389,-0.036511220037937164,,,
36,90394,-0.044992681592702866,,,
36,90399,-0.032066382467746735,,,
36,90404,-0.026815850287675858,,,
36,90409,-0.041788652539253235,,,
36,90414,-0.039125025272369385,,,
36,90419,-0.02412545122206211,,,
36,90424,-0.030597945675253868,,,
36,90429,-0.04733877256512642,,,
36,90434,-0.03764738887548447,,,
36,90439,-0.031681567430496216,,,
36,90444,-0.04203704372048378,,,
36,90449,-0.015328273177146912,,,
36,90454,0.007673292420804501,,,
36,90459,-0.03414808213710785,,,
36,90464,-0.0335611030459404,,,
36,90469,-0.046937644481658936,,,
36,90474,-0.03970268368721008,,,
36,90479,-0.0413874015212059,,,
36,90484,-0.04437711462378502,,,
36,90489,-0.024699021130800247,,,
36,90494,-0.04024628922343254,,,
36,90499,-0.03721698373556137,,,
36,90504,-0.036835700273513794,,,
36,90509,-0.04358305782079697,,,
36,90514,-0.02151290886104107,,,
36,90519,-0.03193403035402298,,,
36,90524,-0.01934276521205902,,,
36,90529,-0.04271623492240906,,,
36,90534,-0.030033908784389496,,,
36,90539,-0.035830456763505936,,,
36,90544,-0.022042470052838326,,,
36,90549,-0.04740028455853462,,,
36,90554,-0.01343158446252346,,,
36,90559,-0.024459362030029297,,,
36,90564,-0.022616541013121605,,,
36,90569,-0.06151247397065163,,,
36,90574,-0.034663647413253784,,,
36,90579,-0.023048941045999527,,,
36,90584,-0.030109349638223648,,,
36,90589,-0.04295480251312256,,,
36,90594,-0.044121839106082916,,,
36,90599,-0.04197100177407265,,,
36,90604,-0.04219762980937958,,,
36,90609,-0.015765029937028885,,,
36,90614,-0.05305136740207672,,,
36,90619,-0.03140310198068619,,,
36,90624,-0.045280445367097855,,,
36,90629,-0.04320989549160004,,,
36,90634,-0.039363645017147064,,,
36,90639,-0.04979897662997246,,,
36,90644,-0.037408918142318726,,,
36,90649,-0.041095271706581116,,,
36,90654,-0.043251268565654755,,,
36,90659,-0.010380927473306656,,,
36,90664,-0.01704445108771324,,,
36,90669,-0.03754042834043503,,,
36,90674,-0.04771377146244049,,,
36,90679,-0.05201636999845505,,,
36,90684,-0.03782122582197189,,,
36,90689,-0.05122875049710274,,,
36,90694,-0.037548184394836426,,,
36,90699,-0.014198563992977142,,,
36,90704,-0.03499648720026016,,,
36,90709,-0.036007270216941833,,,
36,90714,-0.04578358680009842,,,
36,90719,-0.02838628739118576,,,
36,90724,-0.028323698788881302,,,
36,90729,-0.01784389838576317,,,
36,90734,-0.017945142462849617,,,
36,90739,-0.03291352838277817,,,
36,90744,-0.028972409665584564,,,
36,90749,-0.04619450122117996,,,
36,90754,-0.044271472841501236,,,
36,90759,-0.0522402860224247,,,
36,90764,-0.03505672514438629,,,
36,90769,-0.046955522149801254,,,
36,90774,-0.03380078077316284,,,
36,90779,-0.038476765155792236,,,
36,90784,-0.04137371480464935,,,
36,90789,-0.04785355180501938,,,
36,90794,-0.04756266623735428,,,
36,90799,-0.041366852819919586,,,
36,90804,-0.037369221448898315,,,
36,90809,-0.052511781454086304,,,
36,90814,-0.049161288887262344,,,
36,90819,-0.05439218878746033,,,
36,90824,-0.03572649508714676,,,
36,90829,-0.055343322455883026,,,
36,90834,-0.04656616598367691,,,
36,90839,-0.02132236585021019,,,
36,90844,-0.040641654282808304,,,
36,90849,-0.0360131673514843,,,
36,90854,-0.052991848438978195,,,
36,90859,-0.01644822210073471,,,
36,90864,-0.039662860333919525,,,
36,90869,-0.04024571180343628,,,
36,90874,-0.02908790111541748,,,
36,90879,-0.040344901382923126,,,
36,90884,-0.05158091336488724,,,
36,90889,-0.027982521802186966,,,
36,90894,-0.04136338084936142,,,
36,90899,-0.043026044964790344,,,
36,90904,-0.0162963904440403,,,
36,90909,-0.04500437527894974,,,
36,90914,-0.024266807362437248,,,
36,90919,-0.04855111986398697,,,
36,90924,-0.04130218178033829,,,
36,90929,-0.04602152854204178,,,
36,90934,-0.033563487231731415,,,
36,90939,-0.03881961852312088,,,
36,90944,-0.03132091090083122,,,
36,90949,-0.04238782078027725,,,
36,90954,-0.03446182608604431,,,
36,90959,-0.03649146854877472,,,
36,90964,-0.04754553735256195,,,
36,90969,-0.031750164926052094,,,
36,90974,-0.052888356149196625,,,
36,90979,-0.03461220860481262,,,
36,90984,-0.027687467634677887,,,
36,90989,-0.035557784140110016,,,
36,90994,-0.047320809215307236,,,
36,90999,-0.03151577711105347,,,
36,91004,-0.05281590297818184,,,
36,91009,-0.041292838752269745,,,
36,91014,-0.029782447963953018,,,
36,91019,-0.018763234838843346,,,
36,91024,-0.027888603508472443,,,
36,91029,-0.03589284420013428,,,
36,91034,-0.02460562437772751,,,
36,91039,-0.051694732159376144,,,
36,91044,-0.04218388348817825,,,
36,91049,-0.02662195824086666,,,
36,91054,-0.043763935565948486,,,
36,91059,-0.05300722271203995,,,
36,91064,-0.03294430300593376,,,
36,91069,-0.044354453682899475,,,
36,91074,-0.05807855352759361,,,
36,91079,-0.03388163447380066,,,
36,91084,-0.03985734283924103,,,
36,91089,-0.04035026952624321,,,
36,91094,-0.049622852355241776,,,
36,91099,-0.04576925188302994,,,
36,91104,-0.03762109577655792,,,
36,91109,-0.0358283668756485,,,
36,91114,-0.03609742969274521,,,
36,91119,-0.03704395890235901,,,
36,91124,-0.022421564906835556,,,
36,91129,-0.022616395726799965,,,
36,91134,-0.05082599073648453,,,
36,91139,-0.026181239634752274,,,
36,91144,-0.03713872283697128,,,
36,91149,-0.05501992255449295,,,
36,91154,-0.04109959676861763,,,
36,91159,-0.02437477931380272,,,
36,91164,-0.02577892132103443,,,
36,91169,-0.0385722741484642,,,
36,91174,-0.04917459934949875,,,
36,91179,-0.04188387095928192,,,
36,91184,-0.022450461983680725,,,
36,91189,-0.029912590980529785,,,
36,91194,-0.028772646561264992,,,
36,91199,-0.035497892647981644,,,
36,91204,-0.03471550717949867,,,
36,91209,-0.060011088848114014,,,
36,91214,-0.03915148973464966,,,
36,91219,-0.04162251576781273,,,
36,91224,-0.03555580973625183,,,
36,91229,-0.029889801517128944,,,
36,91234,-0.023264430463314056,,,
36,91239,-0.03854844719171524,,,
36,91244,-0.026538308709859848,,,
36,91249,-0.007589087821543217,,,
36,91254,-0.053781621158123016,,,
36,91259,-0.03616312891244888,,,
36,91264,-0.032348379492759705,,,
36,91269,-0.037817083299160004,,,
36,91274,-0.026850761845707893,,,
36,91279,-0.033660002052783966,,,
36,91284,-0.042115189135074615,,,
36,91289,-0.04432053118944168,,,
36,91294,-0.04056503623723984,,,
36,91299,-0.04065549373626709,,,
36,91304,-0.044714245945215225,,,
36,91309,-0.03452116250991821,,,
36,91314,-0.03180928900837898,,,
36,91319,-0.041541486978530884,,,
36,91324,-0.03898397088050842,,,
36,91329,-0.039100535213947296,,,
36,91334,-0.0206090547144413,,,
36,91339,-0.02418612129986286,,,
36,91344,-0.04041033238172531,,,
36,91349,-0.03617250174283981,,,
36,91354,-0.049440424889326096,,,
36,91359,-0.04925112798810005,,,
36,91364,-0.05332653224468231,,,
36,91369,-0.021868184208869934,,,
36,91374,-0.028548020869493484,,,
36,91379,-0.029764050617814064,,,
36,91384,-0.026857726275920868,,,
36,91389,-0.04207640141248703,,,
36,91394,-0.024052342399954796,,,
36,91399,-0.0415414422750473,,,
36,91404,-0.04840639978647232,,,
36,91409,-0.043758414685726166,,,
36,91414,-0.01866537146270275,,,
36,91419,-0.009051560424268246,,,
36,91424,-0.042265914380550385,,,
36,91429,-0.035571228712797165,,,
36,91434,-0.05253766477108002,,,
36,91439,-0.0424327477812767,,,
36,91444,-0.035485878586769104,,,
36,91449,-0.04687163233757019,,,
36,91454,-0.03453781455755234,,,
36,91459,-0.0401170551776886,,,
36,91464,-0.01867465302348137,,,
36,91469,-0.03969608619809151,,,
36,91474,-0.031016074120998383,,,
36,91479,-0.039400115609169006,,,
36,91484,-0.03064965456724167,,,
36,91489,-0.04027678817510605,,,
36,91494,-0.036750927567481995,,,
36,91499,-0.033065371215343475,,,
36,91504,-0.0293288491666317,,,
36,91509,-0.02054230123758316,,,
36,91514,-0.04224873334169388,,,
36,91519,-0.03747544437646866,,,
36,91524,-0.03725568950176239,,,
36,91529,-0.03380998224020004,,,
36,91534,-0.04410967230796814,,,
36,91539,-0.031925126910209656,,,
36,91544,-0.033025845885276794,,,
36,91549,-0.0366213321685791,,,
36,91554,-0.03351423516869545,,,
36,91559,-0.031916096806526184,,,
36,91564,-0.04421146214008331,,,
36,91569,-0.041616134345531464,,,
36,91574,-0.03435267508029938,,,
36,91579,-0.03756261616945267,,,
36,91584,-0.04752436652779579,,,
36,91589,-0.044990867376327515,,,
36,91594,-0.022692803293466568,,,
36,91599,-0.032337602227926254,,,
36,91604,-0.04512503743171692,,,
36,91609,-0.02398872748017311,,,
36,91614,-0.026256071403622627,,,
36,91619,-0.05379471182823181,,,
36,91624,-0.0363481231033802,,,
36,91629,-0.03756579011678696,,,
36,91634,-0.0570182129740715,,,
36,91639,-0.04740580916404724,,,
36,91644,-0.047258391976356506,,,
36,91649,-0.05802825465798378,,,
36,91654,-0.038188714534044266,,,
36,91659,-0.03280801326036453,,,
36,91664,-0.030744971707463264,,,
36,91669,-0.03620355948805809,,,
36,91674,-0.038206472992897034,,,
36,91679,-0.042248088866472244,,,
36,91684,-0.04749397188425064,,,
36,91689,-0.0337740033864975,,,
36,91694,-0.0395531989634037,,,
36,91699,-0.04028340429067612,,,
36,91704,-0.041225627064704895,,,
36,91709,-0.04141668975353241,,,
36,91714,-0.037904292345047,,,
36,91719,-0.043013960123062134,,,
36,91724,-0.03994893282651901,,,
36,91729,-0.041919659823179245,,,
36,91734,-0.04502648487687111,,,
36,91739,-0.018884412944316864,,,
36,91744,-0.03576207160949707,,,
36,91749,-0.02584058791399002,,,
36,91754,-0.0523265041410923,,,
36,91759,-0.04618964344263077,,,
36,91764,-0.045731451362371445,,,
36,91769,-0.03990854695439339,,,
36,91774,-0.0271984301507473,,,
36,91779,-0.019037744030356407,,,
36,91784,-0.043238915503025055,,,
36,91789,-0.03577175736427307,,,
36,91794,-0.039636027067899704,,,
36,91799,-0.03650199994444847,,,
36,91804,-0.034933097660541534,,,
36,91809,-0.032094866037368774,,,
36,91814,-0.023973964154720306,,,
36,91819,-0.049351565539836884,,,
36,91824,-0.043412018567323685,,,
36,91829,-0.056343547999858856,,,
36,91834,-0.005257326178252697,,,
36,91839,-0.036509595811367035,,,
36,91844,-0.0392056480050087,,,
36,91849,-0.047224320471286774,,,
36,91854,-0.03338322043418884,,,
36,91859,-0.0428040474653244,,,
36,91864,-0.05156426504254341,,,
36,91869,-0.03348739445209503,,,
36,91874,-0.03782620280981064,,,
36,91879,-0.030193738639354706,,,
36,91884,-0.041633397340774536,,,
36,91889,-0.03637415170669556,,,
36,91894,-0.015540877357125282,,,
36,91899,-0.023469094187021255,,,
36,91904,0.0008318051695823669,,,
36,91909,-0.05973338335752487,,,
36,91914,-0.05077102780342102,,,
36,91919,-0.03524106740951538,,,
36,91924,-0.029239054769277573,,,
36,91929,-0.03223336115479469,,,
36,91934,-0.03366778790950775,,,
36,91939,-0.028754211962223053,,,
36,91944,-0.04401512071490288,,,
36,91949,-0.03470082953572273,,,
36,91954,-0.03649473562836647,,,
36,91959,-0.02970496192574501,,,
36,91964,-0.03759685903787613,,,
36,91969,-0.017247144132852554,,,
36,91974,-0.022891778498888016,,,
36,91979,-0.023193787783384323,,,
36,91984,-0.03992895409464836,,,
36,91989,-0.017662707716226578,,,
36,91994,-0.03163161873817444,,,
36,91999,-0.04527447372674942,,,
36,92004,-0.05338885635137558,,,
36,92009,-0.046485308557748795,,,
36,92014,-0.048811569809913635,,,
36,92019,-0.03251973167061806,,,
36,92024,-0.01065991260111332,,,
36,92029,-0.03352873772382736,,,
36,92034,-0.02970542572438717,,,
36,92039,-0.03286726400256157,,,
36,92044,-0.04264933615922928,,,
36,92049,-0.026584099978208542,,,
36,92054,-0.03359820693731308,,,
36,92059,-0.033039167523384094,,,
36,92064,-0.04281005263328552,,,
36,92069,-0.037277065217494965,,,
36,92074,-0.0322871059179306,,,
36,92079,-0.023964498192071915,,,
36,92084,-0.03207891806960106,,,
36,92089,-0.03257210552692413,,,
36,92094,-0.020915351808071136,,,
36,92099,-0.054230254143476486,,,
36,92104,-0.043519526720047,,,
36,92109,-0.0512755922973156,,,
36,92114,-0.03481435403227806,,,
36,92119,-0.031840939074754715,,,
36,92124,-0.04029448330402374,,,
36,92129,-0.028743520379066467,,,
36,92134,-0.030747896060347557,,,
36,92139,-0.040826186537742615,,,
36,92144,-0.02506064996123314,,,
36,92149,-0.022505808621644974,,,
36,92154,-0.038271550089120865,,,
36,92159,-0.043332844972610474,,,
36,92164,-0.04055735468864441,,,
36,92169,-0.02441146783530712,,,
36,92174,-0.024774551391601562,,,
36,92179,-0.030237136408686638,,,
36,92184,-0.03417650982737541,,,
36,92189,-0.04476426541805267,,,
36,92194,-0.03325776010751724,,,
36,92199,-0.030698902904987335,,,
36,92204,-0.01762733981013298,,,
36,92209,-0.021570201963186264,,,
36,92214,-0.03937515616416931,,,
36,92219,-0.04265688359737396,,,
36,92224,-0.04334891587495804,,,
36,92229,-0.04807516187429428,,,
36,92234,-0.04886213317513466,,,
36,92239,-0.043023768812417984,,,
36,92244,-0.03082936443388462,,,
36,92249,-0.03572336956858635,,,
36,92254,-0.05744791775941849,,,
36,92259,-0.044112302362918854,,,
36,92264,-0.04122473672032356,,,
36,92269,-0.056731920689344406,,,
36,92274,-0.0369032546877861,,,
36,92279,-0.04607678949832916,,,
36,92284,-0.05518103390932083,,,
36,92289,-0.01646140217781067,,,
36,92294,-0.04752282053232193,,,
36,92299,-0.04438825696706772,,,
36,92304,-0.026314405724406242,,,
36,92309,-0.03350628912448883,,,
36,92314,-0.030545270070433617,,,
36,92319,-0.04653848335146904,,,
36,92324,-0.031750328838825226,,,
36,92329,-0.03507299721240997,,,
36,92334,-0.014112455770373344,,,
36,92339,-0.04615657031536102,,,
36,92344,-0.03863928094506264,,,
36,92349,-0.028502076864242554,,,
36,92354,-0.038299985229969025,,,
36,92359,-0.04407484829425812,,,
36,92364,-0.031502120196819305,,,
36,92369,-0.04997573047876358,,,
36,92374,-0.040444955229759216,,,
36,92379,-0.05485363304615021,,,
36,92384,-0.04139361158013344,,,
36,92389,-0.044187188148498535,,,
36,92394,-0.02311561442911625,,,
36,92399,-0.02892129495739937,,,
36,92404,-0.05283782631158829,,,
36,92409,-0.030978349968791008,,,
36,92414,-0.04061590135097504,,,
36,92419,-0.02397216111421585,,,
36,92424,-0.04096401482820511,,,
36,92429,-0.04550351947546005,,,
36,92434,-0.04684319347143173,,,
36,92439,-0.018680330365896225,,,
36,92444,-0.04382507875561714,,,
36,92449,-0.03242038935422897,,,
36,92454,-0.0444837361574173,,,
36,92459,-0.041619859635829926,,,
36,92464,-0.02979208715260029,,,
36,92469,-0.04327242821455002,,,
36,92474,-0.04390067607164383,,,
36,92479,-0.025449633598327637,,,
36,92484,-0.019104456529021263,,,
36,92489,-0.0167341697961092,,,
36,92494,0.02335335873067379,,,
36,92499,-0.045206181704998016,,,
36,92499,,-0.028417272493243217,0.28349998593330383,0.583695113658905
37,92504,-0.03512080758810043,,,
37,92509,-0.04053172469139099,,,
37,92514,-0.04178299009799957,,,
37,92519,-0.03463803604245186,,,
37,92524,-0.021481070667505264,,,
37,92529,-0.033225830644369125,,,
37,92534,-0.031146597117185593,,,
37,92539,-0.03608005493879318,,,
37,92544,-0.024673588573932648,,,
37,92549,-0.0356275737285614,,,
37,92554,-0.02332576923072338,,,
37,92559,-0.035775505006313324,,,
37,92564,-0.03877567499876022,,,
37,92569,-0.017536036670207977,,,
37,92574,-0.03463510423898697,,,
37,92579,-0.03871512413024902,,,
37,92584,-0.037017472088336945,,,
37,92589,-0.02575584501028061,,,
37,92594,-0.028778642416000366,,,
37,92599,-0.03139986842870712,,,
37,92604,-0.028632277622818947,,,
37,92609,-0.035212837159633636,,,
37,92614,-0.04827355593442917,,,
37,92619,-0.04146848991513252,,,
37,92624,-0.032571956515312195,,,
37,92629,-0.035353802144527435,,,
37,92634,-0.05206598341464996,,,
37,92639,-0.039237864315509796,,,
37,92644,-0.02833588421344757,,,
37,92649,-0.0362517386674881,,,
37,92654,-0.03647133335471153,,,
37,92659,-0.03468221798539162,,,
37,92664,-0.028906766325235367,,,
37,92669,-0.03798143193125725,,,
37,92674,-0.038266800343990326,,,
37,92679,-0.03424442559480667,,,
37,92684,-0.0425354465842247,,,
37,92689,-0.04294230788946152,,,
37,92694,-0.031442493200302124,,,
37,92699,-0.05679681897163391,,,
37,92704,-0.044596750289201736,,,
37,92709,-0.037130434066057205,,,
37,92714,-0.04593396186828613,,,
37,92719,-0.020903948694467545,,,
37,92724,-0.03816818445920944,,,
37,92729,-0.02334231697022915,,,
37,92734,-0.03528151288628578,,,
37,92739,-0.04140324518084526,,,
37,92744,-0.04714123159646988,,,
37,92749,-0.037619832903146744,,,
37,92754,-0.05119936913251877,,,
37,92759,-0.04343867301940918,,,
37,92764,-0.04062242805957794,,,
37,92769,-0.030983977019786835,,,
37,92774,-0.02763465978205204,,,
37,92779,-0.027242880314588547,,,
37,92784,-0.014602500014007092,,,
37,92789,-0.04193482920527458,,,
37,92794,-0.05363287031650543,,,
37,92799,-0.038241591304540634,,,
37,92804,-0.03239396587014198,,,
37,92809,-0.04043596237897873,,,
37,92814,-0.036968670785427094,,,
37,92819,-0.036059409379959106,,,
37,92824,-0.02679077535867691,,,
37,92829,-0.04452742636203766,,,
37,92834,-0.03716888278722763,,,
37,92839,-0.031684599816799164,,,
37,92844,-0.0299855787307024,,,
37,92849,-0.027593549340963364,,,
37,92854,-0.0335996188223362,,,
37,92859,-0.04060748219490051,,,
37,92864,-0.030126061290502548,,,
37,92869,-0.03612477332353592,,,
37,92874,-0.029283050447702408,,,
37,92879,-0.04285704717040062,,,
37,92884,-0.023374605923891068,,,
37,92889,-0.04408467561006546,,,
37,92894,-0.03364042937755585,,,
37,92899,-0.03790345788002014,,,
37,92904,-0.030941279605031013,,,
37,92909,-0.04226236417889595,,,
37,92914,-0.047295793890953064,,,
37,92919,-0.04058003053069115,,,
37,92924,-0.044944606721401215,,,
37,92929,-0.037415146827697754,,,
37,92934,-0.035056114196777344,,,
37,92939,-0.025012146681547165,,,
37,92944,-0.04095955938100815,,,
37,92949,-0.04085516184568405,,,
37,92954,-0.044065192341804504,,,
37,92959,-0.03534737229347229,,,
37,92964,-0.04774751141667366,,,
37,92969,-0.033583108335733414,,,
37,92974,-0.027428027242422104,,,
37,92979,-0.030705779790878296,,,
37,92984,-0.036362770944833755,,,
37,92989,-0.0376104861497879,,,
37,92994,-0.020820967853069305,,,
37,92999,-0.028603512793779373,,,
37,93004,-0.027409270405769348,,,
37,93009,-0.04199439659714699,,,
37,93014,-0.028614871203899384,,,
37,93019,-0.023505404591560364,,,
37,93024,-0.031288787722587585,,,
37,93029,-0.04133958742022514,,,
37,93034,-0.04196317493915558,,,
37,93039,-0.051250047981739044,,,
37,93044,-0.03598453849554062,,,
37,93049,-0.03809283673763275,,,
37,93054,-0.0221055056899786,,,
37,93059,-0.03486108034849167,,,
37,93064,-0.03466220945119858,,,
37,93069,-0.030243054032325745,,,
37,93074,-0.037879616022109985,,,
37,93079,-0.03182315453886986,,,
37,93084,-0.01954345591366291,,,
37,93089,-0.04503171518445015,,,
37,93094,-0.04578845947980881,,,
37,93099,-0.04895728826522827,,,
37,93104,-0.031125878915190697,,,
37,93109,-0.02909144014120102,,,
37,93114,-0.02157023921608925,,,
37,93119,-0.03252585977315903,,,
37,93124,-0.037422411143779755,,,
37,93129,-0.05016793683171272,,,
37,93134,-0.049098335206508636,,,
37,93139,-0.03573080897331238,,,
37,93144,-0.036969397217035294,,,
37,93149,-0.04309529811143875,,,
37,93154,-0.007001366466283798,,,
37,93159,-0.031352438032627106,,,
37,93164,-0.015292922966182232,,,
37,93169,-0.025905882939696312,,,
37,93174,-0.0404229536652565,,,
37,93179,-0.05332518741488457,,,
37,93184,-0.04618297517299652,,,
37,93189,-0.03639402613043785,,,
37,93194,-0.031880322843790054,,,
37,93199,-0.04203356057405472,,,
37,93204,-0.03426407277584076,,,
37,93209,-0.03695589303970337,,,
37,93214,-0.03848541900515556,,,
37,93219,-0.03406482934951782,,,
37,93224,-0.03393525630235672,,,
37,93229,-0.03774562105536461,,,
37,93234,-0.036483168601989746,,,
37,93239,-0.03760558366775513,,,
37,93244,-0.04453234001994133,,,
37,93249,-0.03336407616734505,,,
37,93254,-0.04337304085493088,,,
37,93259,-0.05879252403974533,,,
37,93264,-0.0464993491768837,,,
37,93269,-0.028324812650680542,,,
37,93274,-0.0427837148308754,,,
37,93279,-0.054696664214134216,,,
37,93284,-0.04722042381763458,,,
37,93289,-0.035601623356342316,,,
37,93294,-0.023777242749929428,,,
37,93299,-0.03173050656914711,,,
37,93304,-0.02648751251399517,,,
37,93309,-0.06079879775643349,,,
37,93314,-0.05608212202787399,,,
37,93319,-0.04326646029949188,,,
37,93324,-0.03199770301580429,,,
37,93329,-0.043268073350191116,,,
37,93334,-0.04433445632457733,,,
37,93339,-0.0380554273724556,,,
37,93344,-0.0322541669011116,,,
37,93349,-0.04404658451676369,,,
37,93354,-0.022960055619478226,,,
37,93359,-0.04916221648454666,,,
37,93364,-0.015707960352301598,,,
37,93369,-0.036695048213005066,,,
37,93374,-0.03675466030836105,,,
37,93379,-0.025819655507802963,,,
37,93384,-0.019879821687936783,,,
37,93389,-0.037380434572696686,,,
37,93394,-0.04087207093834877,,,
37,93399,-0.03967374563217163,,,
37,93404,-0.04049940034747124,,,
37,93409,-0.04287225753068924,,,
37,93414,-0.027015484869480133,,,
37,93419,-0.031072169542312622,,,
37,93424,-0.028553882613778114,,,
37,93429,-0.04538105055689812,,,
37,93434,-0.03393358737230301,,,
37,93439,-0.023853247985243797,,,
37,93444,-0.04462016373872757,,,
37,93449,-0.04892836511135101,,,
37,93454,-0.028697047382593155,,,
37,93459,-0.03669542819261551,,,
37,93464,-0.018186666071414948,,,
37,93469,-0.02536766231060028,,,
37,93474,-0.038182590156793594,,,
37,93479,-0.03246316686272621,,,
37,93484,-0.03646654263138771,,,
37,93489,-0.012456626631319523,,,
37,93494,-0.03054891526699066,,,
37,93499,-0.04104232043027878,,,
37,93504,-0.02950257435441017,,,
37,93509,-0.04573706537485123,,,
37,93514,-0.04182787984609604,,,
37,93519,-0.033813271671533585,,,
37,93524,-0.029591787606477737,,,
37,93529,-0.03956018388271332,,,
37,93534,-0.026094403117895126,,,
37,93539,-0.046580471098423004,,,
37,93544,-0.03382108733057976,,,
37,93549,-0.022489305585622787,,,
37,93554,-0.02887967973947525,,,
37,93559,-0.02530915103852749,,,
37,93564,-0.04552953690290451,,,
37,93569,-0.018937932327389717,,,
37,93574,-0.03847173601388931,,,
37,93579,-0.019977876916527748,,,
37,93584,-0.04239725321531296,,,
37,93589,-0.05030535161495209,,,
37,93594,-0.02805444225668907,,,
37,93599,-0.04719371721148491,,,
37,93604,-0.04564603418111801,,,
37,93609,-0.046779610216617584,,,
37,93614,-0.04219420254230499,,,
37,93619,-0.03842630237340927,,,
37,93624,-0.028901707381010056,,,
37,93629,-0.044921912252902985,,,
37,93634,-0.022486476227641106,,,
37,93639,-0.04327913373708725,,,
37,93644,-0.04864991083741188,,,
37,93649,-0.03563815355300903,,,
37,93654,-0.034635160118341446,,,
37,93659,-0.021669957786798477,,,
37,93664,-0.003926783800125122,,,
37,93669,-0.03540387377142906,,,
37,93674,-0.039332225918769836,,,
37,93679,-0.04058264568448067,,,
37,93684,-0.04256877303123474,,,
37,93689,-0.056145839393138885,,,
37,93694,-0.022375237196683884,,,
37,93699,-0.04728846251964569,,,
37,93704,-0.0033498022239655256,,,
37,93709,-0.040439631789922714,,,
37,93714,-0.048527657985687256,,,
37,93719,-0.04263049364089966,,,
37,93724,-0.031780414283275604,,,
37,93729,-0.041438281536102295,,,
37,93734,-0.03040304407477379,,,
37,93739,-0.043422192335128784,,,
37,93744,-0.04263037443161011,,,
37,93749,-0.033332668244838715,,,
37,93754,-0.03759042173624039,,,
37,93759,-0.03426726162433624,,,
37,93764,-0.0433502197265625,,,
37,93769,-0.027501564472913742,,,
37,93774,-0.03640061989426613,,,
37,93779,-0.03926374390721321,,,
37,93784,-0.020685406401753426,,,
37,93789,-0.04246550798416138,,,
37,93794,-0.048975154757499695,,,
37,93799,-0.03518015146255493,,,
37,93804,-0.048025697469711304,,,
37,93809,-0.05976152420043945,,,
37,93814,-0.04428444057703018,,,
37,93819,-0.035010453313589096,,,
37,93824,-0.023769835010170937,,,
37,93829,-0.03183162212371826,,,
37,93834,-0.04911922663450241,,,
37,93839,-0.038371048867702484,,,
37,93844,-0.03129948675632477,,,
37,93849,-0.03710731118917465,,,
37,93854,-0.027940848842263222,,,
37,93859,-0.01698831468820572,,,
37,93864,-0.04664541035890579,,,
37,93869,-0.04354504495859146,,,
37,93874,-0.04689749330282211,,,
37,93879,-0.0388348326086998,,,
37,93884,-0.02767680399119854,,,
37,93889,-0.04330550134181976,,,
37,93894,-0.0351744070649147,,,
37,93899,-0.04178847000002861,,,
37,93904,-0.033810220658779144,,,
37,93909,-0.03011772781610489,,,
37,93914,-0.048296235501766205,,,
37,93919,-0.04928719997406006,,,
37,93924,-0.0436248779296875,,,
37,93929,-0.050982262939214706,,,
37,93934,-0.04426918923854828,,,
37,93939,-0.0315682515501976,,,
37,93944,-0.02806856483221054,,,
37,93949,-0.041986510157585144,,,
37,93954,-0.03439312055706978,,,
37,93959,-0.04372166097164154,,,
37,93964,-0.04035363346338272,,,
37,93969,-0.041604988276958466,,,
37,93974,-0.03917013853788376,,,
37,93979,-0.03514512628316879,,,
37,93984,-0.045726221054792404,,,
37,93989,-0.04777487367391586,,,
37,93994,-0.040501102805137634,,,
37,93999,-0.04661164432764053,,,
37,94004,-0.04015512019395828,,,
37,94009,-0.03894982486963272,,,
37,94014,-0.0342160165309906,,,
37,94019,-0.04661180078983307,,,
37,94024,-0.0357300229370594,,,
37,94029,-0.0380629226565361,,,
37,94034,-0.026847373694181442,,,
37,94039,-0.02635764889419079,,,
37,94044,-0.025812212377786636,,,
37,94049,-0.028349680826067924,,,
37,94054,-0.05006004869937897,,,
37,94059,-0.0386175736784935,,,
37,94064,-0.037770722061395645,,,
37,94069,-0.007445608265697956,,,
37,94074,-0.033813223242759705,,,
37,94079,-0.04900641739368439,,,
37,94084,-0.03846980631351471,,,
37,94089,-0.06139909476041794,,,
37,94094,-0.051241032779216766,,,
37,94099,-0.033508747816085815,,,
37,94104,-0.03589322045445442,,,
37,94109,-0.03785339742898941,,,
37,94114,-0.03241351991891861,,,
37,94119,-0.04181196540594101,,,
37,94124,-0.05561567842960358,,,
37,94129,-0.055239930748939514,,,
37,94134,-0.03922741115093231,,,
37,94139,-0.05085751414299011,,,
37,94144,-0.039571404457092285,,,
37,94149,-0.04685661941766739,,,
37,94154,-0.05493174493312836,,,
37,94159,-0.03553098440170288,,,
37,94164,-0.038123976439237595,,,
37,94169,-0.03981181979179382,,,
37,94174,-0.03867819532752037,,,
37,94179,-0.029576385393738747,,,
37,94184,-0.04471375420689583,,,
37,94189,-0.037100162357091904,,,
37,94194,-0.050692178308963776,,,
37,94199,-0.046384312212467194,,,
37,94204,-0.052565451711416245,,,
37,94209,-0.042294397950172424,,,
37,94214,-0.03503254055976868,,,
37,94219,-0.05002777278423309,,,
37,94224,-0.037001945078372955,,,
37,94229,-0.04323359578847885,,,
37,94234,-0.03390432894229889,,,
37,94239,-0.04073311388492584,,,
37,94244,-0.034709226340055466,,,
37,94249,-0.052634190768003464,,,
37,94254,-0.0520380474627018,,,
37,94259,-0.04185718297958374,,,
37,94264,-0.043269164860248566,,,
37,94269,-0.03472399339079857,,,
37,94274,-0.04839099571108818,,,
37,94279,-0.04679431766271591,,,
37,94284,-0.039190005511045456,,,
37,94289,-0.05126594752073288,,,
37,94294,-0.035787519067525864,,,
37,94299,-0.03434271737933159,,,
37,94304,-0.013555662706494331,,,
37,94309,-0.048125360161066055,,,
37,94314,-0.03560832142829895,,,
37,94319,-0.052019067108631134,,,
37,94324,-0.061816226691007614,,,
37,94329,-0.027872979640960693,,,
37,94334,-0.021469134837388992,,,
37,94339,-0.037170715630054474,,,
37,94344,-0.02311951480805874,,,
37,94349,-0.02956249564886093,,,
37,94354,-0.03894209861755371,,,
37,94359,-0.048048533499240875,,,
37,94364,-0.017206300050020218,,,
37,94369,-0.03519996628165245,,,
37,94374,-0.034225739538669586,,,
37,94379,-0.03972885385155678,,,
37,94384,-0.012199333868920803,,,
37,94389,-0.03549125790596008,,,
37,94394,-0.04374752938747406,,,
37,94399,-0.029656900092959404,,,
37,94404,-0.05057944729924202,,,
37,94409,-0.03317055106163025,,,
37,94414,-0.039191290736198425,,,
37,94419,-0.018817594274878502,,,
37,94424,-0.046673484146595,,,
37,94429,-0.03889834135770798,,,
37,94434,-0.03643689304590225,,,
37,94439,-0.04044824838638306,,,
37,94444,-0.017195887863636017,,,
37,94449,-0.03384153172373772,,,
37,94454,-0.037094589322805405,,,
37,94459,-0.051804084330797195,,,
37,94464,-0.04791610687971115,,,
37,94469,-0.04198726639151573,,,
37,94474,-0.04706934839487076,,,
37,94479,-0.04648124426603317,,,
37,94484,-0.02491840347647667,,,
37,94489,-0.03318624943494797,,,
37,94494,-0.01943616010248661,,,
37,94499,-0.020673342049121857,,,
37,94504,-0.046105675399303436,,,
37,94509,-0.041250959038734436,,,
37,94514,-0.043339554220438004,,,
37,94519,-0.03767689689993858,,,
37,94524,-0.03747928887605667,,,
37,94529,-0.028143417090177536,,,
37,94534,-0.062224894762039185,,,
37,94539,-0.03206472843885422,,,
37,94544,-0.03233527019619942,,,
37,94549,-0.036328885704278946,,,
37,94554,-0.038321804255247116,,,
37,94559,-0.02696036361157894,,,
37,94564,-0.037188008427619934,,,
37,94569,-0.053115785121917725,,,
37,94574,-0.02268446609377861,,,
37,94579,-0.04676667973399162,,,
37,94584,-0.03324490413069725,,,
37,94589,-0.04036415368318558,,,
37,94594,-0.034584254026412964,,,
37,94599,-0.01836462877690792,,,
37,94604,-0.037204865366220474,,,
37,94609,-0.029141446575522423,,,
37,94614,-0.036204904317855835,,,
37,94619,-0.052561309188604355,,,
37,94624,-0.051190584897994995,,,
37,94629,-0.02519865520298481,,,
37,94634,-0.03498689457774162,,,
37,94639,-0.037433043122291565,,,
37,94644,-0.041581857949495316,,,
37,94649,-0.04202457517385483,,,
37,94654,-0.04376310110092163,,,
37,94659,-0.03175470978021622,,,
37,94664,-0.0354367196559906,,,
37,94669,-0.036716073751449585,,,
37,94674,-0.03953714296221733,,,
37,94679,-0.02853657677769661,,,
37,94684,-0.04452855885028839,,,
37,94689,-0.04668357968330383,,,
37,94694,-0.024794481694698334,,,
37,94699,-0.047033555805683136,,,
37,94704,-0.04244823753833771,,,
37,94709,-0.046271584928035736,,,
37,94714,-0.022841714322566986,,,
37,94719,-0.04079052805900574,,,
37,94724,-0.031610749661922455,,,
37,94729,-0.044342465698719025,,,
37,94734,-0.0375053733587265,,,
37,94739,-0.02767111361026764,,,
37,94744,-0.05503671243786812,,,
37,94749,-0.037127651274204254,,,
37,94754,-0.03717417269945145,,,
37,94759,-0.044301360845565796,,,
37,94764,-0.050298698246479034,,,
37,94769,-0.04641110450029373,,,
37,94774,-0.03299262374639511,,,
37,94779,-0.05413351207971573,,,
37,94784,-0.02845834195613861,,,
37,94789,-0.032836444675922394,,,
37,94794,-0.0459035187959671,,,
37,94799,-0.04174071177840233,,,
37,94804,-0.05298814922571182,,,
37,94809,-0.03699927031993866,,,
37,94814,-0.03648001700639725,,,
37,94819,-0.044397152960300446,,,
37,94824,-0.007156619802117348,,,
37,94829,-0.04046087712049484,,,
37,94834,-0.029336104169487953,,,
37,94839,-0.03792339563369751,,,
37,94844,-0.03393276780843735,,,
37,94849,-0.04391222074627876,,,
37,94854,-0.02771497704088688,,,
37,94859,-0.03111349791288376,,,
37,94864,-0.024142086505889893,,,
37,94869,-0.04393218457698822,,,
37,94874,-0.030509168282151222,,,
37,94879,-0.043294962495565414,,,
37,94884,-0.03258354589343071,,,
37,94889,-0.04735203832387924,,,
37,94894,-0.03193596750497818,,,
37,94899,-0.04259457811713219,,,
37,94904,-0.03045118786394596,,,
37,94909,-0.03517989069223404,,,
37,94914,-0.02789035066962242,,,
37,94919,-0.0012732511386275291,,,
37,94924,-0.01916217990219593,,,
37,94929,-0.04114393889904022,,,
37,94934,-0.04000856727361679,,,
37,94939,-0.031169066205620766,,,
37,94944,-0.026045896112918854,,,
37,94949,-0.04086722433567047,,,
37,94954,-0.045004673302173615,,,
37,94959,-0.0402773879468441,,,
37,94964,-0.03401554375886917,,,
37,94969,-0.041685741394758224,,,
37,94974,-0.04683513939380646,,,
37,94979,-0.022587109357118607,,,
37,94984,-0.05657695606350899,,,
37,94989,-0.042338356375694275,,,
37,94994,-0.04286947846412659,,,
37,94999,-0.03175230696797371,,,
37,94999,,-0.021493351086974144,0.3183000087738037,0.6171709895133972
38,95004,-0.04017037898302078,,,
38,95009,-0.030257977545261383,,,
38,95014,-0.030926469713449478,,,
38,95019,-0.05130840092897415,,,
38,95024,-0.030208446085453033,,,
38,95029,-0.038816630840301514,,,
38,95034,-0.04097411036491394,,,
38,95039,-0.05560535192489624,,,
38,95044,-0.02355913072824478,,,
38,95049,-0.031918831169605255,,,
38,95054,-0.03815632313489914,,,
38,95059,-0.01957068219780922,,,
38,95064,-0.044237636029720306,,,
38,95069,-0.03387731686234474,,,
38,95074,-0.03569013997912407,,,
38,95079,-0.03249268978834152,,,
38,95084,-0.04843179136514664,,,
38,95089,-0.027964022010564804,,,
38,95094,-0.0159559715539217,,,
38,95099,-0.036000605672597885,,,
38,95104,-0.036488570272922516,,,
38,95109,-0.03689117357134819,,,
38,95114,-0.04676895588636398,,,
38,95119,-0.023089706897735596,,,
38,95124,-0.03804846480488777,,,
38,95129,-0.04418696463108063,,,
38,95134,-0.038927026093006134,,,
38,95139,-0.010022341273725033,,,
38,95144,-0.025557853281497955,,,
38,95149,-0.03548003360629082,,,
38,95154,-0.0442509651184082,,,
38,95159,-0.017816057428717613,,,
38,95164,-0.03215888887643814,,,
38,95169,-0.04951566830277443,,,
38,95174,-0.03268364816904068,,,
38,95179,-0.029418615624308586,,,
38,95184,-0.021861201152205467,,,
38,95189,-0.054223038256168365,,,
38,95194,-0.04637560248374939,,,
38,95199,-0.03757049888372421,,,
38,95204,-0.03842834755778313,,,
38,95209,-0.034515440464019775,,,
38,95214,-0.0327446386218071,,,
38,95219,-0.0339885950088501,,,
38,95224,-0.03326445445418358,,,
38,95229,-0.02912174165248871,,,
38,95234,-0.03518056496977806,,,
38,95239,-0.03701292723417282,,,
38,95244,-0.0350947342813015,,,
38,95249,-0.03856327012181282,,,
38,95254,-0.04694833979010582,,,
38,95259,-0.04911908507347107,,,
38,95264,-0.044692620635032654,,,
38,95269,-0.044602565467357635,,,
38,95274,-0.045790791511535645,,,
38,95279,-0.032254256308078766,,,
38,95284,-0.049808479845523834,,,
38,95289,-0.028598982840776443,,,
38,95294,-0.03368891775608063,,,
38,95299,-0.03810812160372734,,,
38,95304,-0.03625340759754181,,,
38,95309,-0.03373366594314575,,,
38,95314,-0.02936597913503647,,,
38,95319,-0.017451487481594086,,,
38,95324,-0.03791677579283714,,,
38,95329,-0.03045179322361946,,,
38,95334,-0.027472954243421555,,,
38,95339,-0.030229682102799416,,,
38,95344,-0.04355170205235481,,,
38,95349,0.00394083745777607,,,
38,95354,-0.030090561136603355,,,
38,95359,-0.04068171977996826,,,
38,95364,-0.04424302652478218,,,
38,95369,-0.033296745270490646,,,
38,95374,-0.04109495133161545,,,
38,95379,-0.025303103029727936,,,
38,95384,-0.04954177141189575,,,
38,95389,-0.053200576454401016,,,
38,95394,-0.023505225777626038,,,
38,95399,-0.04525882378220558,,,
38,95404,-0.02548658847808838,,,
38,95409,-0.05242171511054039,,,
38,95414,-0.03877969831228256,,,
38,95419,-0.03889956697821617,,,
38,95424,-0.032829977571964264,,,
38,95429,-0.045530639588832855,,,
38,95434,-0.03643651679158211,,,
38,95439,-0.02798321098089218,,,
38,95444,-0.030595894902944565,,,
38,95449,-0.042180486023426056,,,
38,95454,-0.0339587926864624,,,
38,95459,-0.036778297275304794,,,
38,95464,-0.030057033523917198,,,
38,95469,-0.04076236113905907,,,
38,95474,-0.03936763107776642,,,
38,95479,-0.03491774946451187,,,
38,95484,-0.029430661350488663,,,
38,95489,-0.03330618888139725,,,
38,95494,-0.03628046438097954,,,
38,95499,-0.06112152338027954,,,
38,95504,-0.05531179904937744,,,
38,95509,-0.03967227786779404,,,
38,95514,-0.048740848898887634,,,
38,95519,-0.03485606610774994,,,
38,95524,-0.01891440711915493,,,
38,95529,-0.026104291900992393,,,
38,95534,-0.045280821621418,,,
38,95539,-0.0405392050743103,,,
38,95544,-0.02840074710547924,,,
38,95549,-0.04253067821264267,,,
38,95554,-0.03404245525598526,,,
38,95559,-0.03215508535504341,,,
38,95564,-0.035357363522052765,,,
38,95569,-0.027768732979893684,,,
38,95574,-0.04330366849899292,,,
38,95579,-0.04773183539509773,,,
38,95584,-0.034669503569602966,,,
38,95589,-0.020724009722471237,,,
38,95594,-0.03634459897875786,,,
38,95599,-0.031219791620969772,,,
38,95604,-0.049898240715265274,,,
38,95609,-0.024502214044332504,,,
38,95614,-0.03716019541025162,,,
38,95619,-0.03485321253538132,,,
38,95624,-0.03822825849056244,,,
38,95629,-0.040261927992105484,,,
38,95634,-0.04112465679645538,,,
38,95639,-0.02984893135726452,,,
38,95644,-0.033959273248910904,,,
38,95649,-0.04481419920921326,,,
38,95654,-0.032887205481529236,,,
38,95659,-0.04552122950553894,,,
38,95664,-0.037705615162849426,,,
38,95669,-0.03619341552257538,,,
38,95674,-0.026261335238814354,,,
38,95679,-0.045495614409446716,,,
38,95684,-0.0382520854473114,,,
38,95689,-0.034283291548490524,,,
38,95694,-0.031176138669252396,,,
38,95699,-0.03549214079976082,,,
38,95704,-0.035721540451049805,,,
38,95709,-0.018922558054327965,,,
38,95714,-0.04012186452746391,,,
38,95719,-0.03544025868177414,,,
38,95724,-0.03706613555550575,,,
38,95729,-0.03647928684949875,,,
38,95734,-0.03693854808807373,,,
38,95739,-0.03936784714460373,,,
38,95744,-0.03741232305765152,,,
38,95749,-0.03912656009197235,,,
38,95754,-0.034735508263111115,,,
38,95759,-0.05418558418750763,,,
38,95764,-0.04735986143350601,,,
38,95769,-0.0487457737326622,,,
38,95774,-0.04314393922686577,,,
38,95779,-0.028211768716573715,,,
38,95784,-0.032016586512327194,,,
38,95789,-0.03706150874495506,,,
38,95794,-0.03087794780731201,,,
38,95799,-0.059734199196100235,,,
38,95804,-0.034274518489837646,,,
38,95809,-0.02161773107945919,,,
38,95814,-0.040872395038604736,,,
38,95819,-0.03231259435415268,,,
38,95824,-0.03898943215608597,,,
38,95829,-0.039505090564489365,,,
38,95834,-0.024207312613725662,,,
38,95839,-0.031343504786491394,,,
38,95844,-0.05222223699092865,,,
38,95849,-0.04084746539592743,,,
38,95854,-0.0431726835668087,,,
38,95859,-0.04165709763765335,,,
38,95864,-0.020018097013235092,,,
38,95869,-0.03963402286171913,,,
38,95874,-0.04050837829709053,,,
38,95879,-0.03754837065935135,,,
38,95884,-0.033980466425418854,,,
38,95889,-0.042616572231054306,,,
38,95894,-0.02047746814787388,,,
38,95899,-0.029299333691596985,,,
38,95904,-0.039129260927438736,,,
38,95909,-0.036908410489559174,,,
38,95914,-0.046433039009571075,,,
38,95919,-0.039173346012830734,,,
38,95924,-0.03978573530912399,,,
38,95929,-0.02121303230524063,,,
38,95934,-0.036112260073423386,,,
38,95939,-0.03459034860134125,,,
38,95944,-0.0381891131401062,,,
38,95949,-0.028498245403170586,,,
38,95954,-0.024431917816400528,,,
38,95959,-0.038095295429229736,,,
38,95964,-0.04892653971910477,,,
38,95969,-0.03269042819738388,,,
38,95974,-0.05383371561765671,,,
38,95979,-0.039330944418907166,,,
38,95984,-0.02891288697719574,,,
38,95989,-0.03691375255584717,,,
38,95994,-0.03647717833518982,,,
38,95999,-0.03898395597934723,,,
38,96004,-0.043668024241924286,,,
38,96009,-0.03135001286864281,,,
38,96014,-0.03469499945640564,,,
38,96019,-0.03818004950881004,,,
38,96024,-0.041075438261032104,,,
38,96029,-0.017013387754559517,,,
38,96034,-0.04433952271938324,,,
38,96039,-0.0323893204331398,,,
38,96044,-0.038691598922014236,,,
38,96049,-0.013959944248199463,,,
38,96054,-0.016376659274101257,,,
38,96059,-0.03841058164834976,,,
38,96064,-0.029466653242707253,,,
38,96069,-0.024679653346538544,,,
38,96074,-0.03383403643965721,,,
38,96079,-0.05387801676988602,,,
38,96084,-0.05833542346954346,,,
38,96089,-0.04240535944700241,,,
38,96094,-0.04030178487300873,,,
38,96099,-0.04495881497859955,,,
38,96104,-0.03591696545481682,,,
38,96109,-0.038501109927892685,,,
38,96114,-0.039865754544734955,,,
38,96119,-0.03189128637313843,,,
38,96124,-0.03637133911252022,,,
38,96129,-0.04589834064245224,,,
38,96134,-0.021721135824918747,,,
38,96139,-0.04434638097882271,,,
38,96144,-0.02866332232952118,,,
38,96149,-0.004864361137151718,,,
38,96154,-0.0412195660173893,,,
38,96159,-0.06512685120105743,,,
38,96164,-0.033015090972185135,,,
38,96169,-0.025923259556293488,,,
38,96174,-0.035975027829408646,,,
38,96179,-0.03573238104581833,,,
38,96184,-0.03489656746387482,,,
38,96189,-0.047939710319042206,,,
38,96194,-0.04096380993723869,,,
38,96199,-0.03936315327882767,,,
38,96204,-0.03619057685136795,,,
38,96209,-0.03766459599137306,,,
38,96214,-0.02231484465301037,,,
38,96219,-0.03853614255785942,,,
38,96224,-0.02735389582812786,,,
38,96229,-0.04209164157509804,,,
38,96234,-0.03851301223039627,,,
38,96239,-0.03431671857833862,,,
38,96244,-0.04403141140937805,,,
38,96249,-0.030437398701906204,,,
38,96254,-0.05155182629823685,,,
38,96259,-0.02634202316403389,,,
38,96264,-0.04524119943380356,,,
38,96269,-0.04710924252867699,,,
38,96274,-0.0367136187851429,,,
38,96279,-0.038600269705057144,,,
38,96284,-0.04048790782690048,,,
38,96289,-0.04444710910320282,,,
38,96294,-0.024755235761404037,,,
38,96299,-0.023992283269762993,,,
38,96304,-0.028320778161287308,,,
38,96309,-0.04049088805913925,,,
38,96314,-0.03961518406867981,,,
38,96319,-0.034426525235176086,,,
38,96324,-0.03545139729976654,,,
38,96329,-0.04159654676914215,,,
38,96334,-0.01784384436905384,,,
38,96339,-0.0425628125667572,,,
38,96344,-0.0343380868434906,,,
38,96349,-0.03765750676393509,,,
38,96354,-0.06017538532614708,,,
38,96359,-0.03432150557637215,,,
38,96364,-0.030688848346471786,,,
38,96369,-0.03816645219922066,,,
38,96374,-0.033523254096508026,,,
38,96379,-0.028182797133922577,,,
38,96384,-0.028467077761888504,,,
38,96389,-0.03504398465156555,,,
38,96394,-0.030848616734147072,,,
38,96399,-0.038235634565353394,,,
38,96404,-0.04311435669660568,,,
38,96409,-0.03233213350176811,,,
38,96414,-0.02546757087111473,,,
38,96419,-0.045961711555719376,,,
38,96424,-0.04442650452256203,,,
38,96429,-0.006742507219314575,,,
38,96434,-0.05956665799021721,,,
38,96439,-0.04884319379925728,,,
38,96444,-0.04094647988677025,,,
38,96449,-0.02884514629840851,,,
38,96454,-0.04454422742128372,,,
38,96459,-0.02517397701740265,,,
38,96464,-0.03894209489226341,,,
38,96469,-0.03449804335832596,,,
38,96474,-0.04265359789133072,,,
38,96479,-0.046795621514320374,,,
38,96484,-0.03832720220088959,,,
38,96489,-0.04507777467370033,,,
38,96494,-0.04163505882024765,,,
38,96499,-0.03757290169596672,,,
38,96504,-0.04450672119855881,,,
38,96509,-0.05404188856482506,,,
38,96514,-0.036185503005981445,,,
38,96519,-0.035800687968730927,,,
38,96524,-0.04154109209775925,,,
38,96529,-0.03428668528795242,,,
38,96534,-0.05752997100353241,,,
38,96539,-0.0537373349070549,,,
38,96544,-0.03010547161102295,,,
38,96549,-0.035199254751205444,,,
38,96554,-0.043963029980659485,,,
38,96559,-0.016842715442180634,,,
38,96564,-0.025182578712701797,,,
38,96569,-0.02619907259941101,,,
38,96574,-0.025859616696834564,,,
38,96579,-0.02651406265795231,,,
38,96584,-0.01188240759074688,,,
38,96589,-0.03455032408237457,,,
38,96594,-0.0490846112370491,,,
38,96599,-0.04605019837617874,,,
38,96604,-0.0297122523188591,,,
38,96609,-0.05162092670798302,,,
38,96614,-0.037563882768154144,,,
38,96619,-0.026949558407068253,,,
38,96624,-0.027438122779130936,,,
38,96629,-0.029603134840726852,,,
38,96634,-0.043497730046510696,,,
38,96639,-0.050454698503017426,,,
38,96644,-0.06486950069665909,,,
38,96649,-0.02510889433324337,,,
38,96654,-0.031202776357531548,,,
38,96659,-0.03566936403512955,,,
38,96664,-0.043279439210891724,,,
38,96669,-0.03911403566598892,,,
38,96674,-0.03789285570383072,,,
38,96679,-0.031002845615148544,,,
38,96684,-0.01819193735718727,,,
38,96689,-0.042933303862810135,,,
38,96694,-0.05056912824511528,,,
38,96699,-0.041139088571071625,,,
38,96704,-0.034381985664367676,,,
38,96709,-0.03440617397427559,,,
38,96714,-0.0422244630753994,,,
38,96719,-0.04440447688102722,,,
38,96724,-0.05520905181765556,,,
38,96729,-0.04343040660023689,,,
38,96734,-0.045509662479162216,,,
38,96739,-0.03837417811155319,,,
38,96744,-0.03551741689443588,,,
38,96749,-0.03711749613285065,,,
38,96754,-0.03272014111280441,,,
38,96759,-0.04709101468324661,,,
38,96764,-0.02846328355371952,,,
38,96769,-0.03716167062520981,,,
38,96774,-0.05333004146814346,,,
38,96779,-0.004392637871205807,,,
38,96784,-0.04064693674445152,,,
38,96789,-0.035668883472681046,,,
38,96794,-0.0326809287071228,,,
38,96799,-0.04085696488618851,,,
38,96804,-0.04137083888053894,,,
38,96809,-0.03302956372499466,,,
38,96814,-0.046029459685087204,,,
38,96819,-0.05331595614552498,,,
38,96824,-0.020184345543384552,,,
38,96829,-0.03819665312767029,,,
38,96834,-0.038722194731235504,,,
38,96839,-0.033023543655872345,,,
38,96844,-0.04131010174751282,,,
38,96849,-0.037910573184490204,,,
38,96854,-0.03964938223361969,,,
38,96859,-0.030068209394812584,,,
38,96864,-0.0448058545589447,,,
38,96869,-0.03750911355018616,,,
38,96874,-0.030908890068531036,,,
38,96879,-0.02916441112756729,,,
38,96884,-0.007724384777247906,,,
38,96889,-0.02882320247590542,,,
38,96894,-0.046958841383457184,,,
38,96899,-0.03902691602706909,,,
38,96904,-0.04417004436254501,,,
38,96909,-0.03268500417470932,,,
38,96914,-0.04540389031171799,,,
38,96919,-0.04513279348611832,,,
38,96924,-0.051473528146743774,,,
38,96929,-0.02747771143913269,,,
38,96934,-0.03544740378856659,,,
38,96939,-0.039517901837825775,,,
38,96944,-0.04030877724289894,,,
38,96949,-0.038011353462934494,,,
38,96954,-0.03801877424120903,,,
38,96959,-0.04115612804889679,,,
38,96964,-0.034599848091602325,,,
38,96969,-0.03837016597390175,,,
38,96974,-0.03579575940966606,,,
38,96979,-0.0438397079706192,,,
38,96984,-0.03094455972313881,,,
38,96989,-0.034978050738573074,,,
38,96994,-0.04723404347896576,,,
38,96999,-0.04045462980866432,,,
38,97004,-0.030099134892225266,,,
38,97009,-0.03911140561103821,,,
38,97014,-0.03603287413716316,,,
38,97019,-0.03978729993104935,,,
38,97024,-0.04904686659574509,,,
38,97029,-0.033794403076171875,,,
38,97034,-0.03850927948951721,,,
38,97039,-0.050073470920324326,,,
38,97044,-0.02988642081618309,,,
38,97049,-0.04190903529524803,,,
38,97054,-0.03353690728545189,,,
38,97059,-0.03227339684963226,,,
38,97064,-0.043463144451379776,,,
38,97069,-0.036050841212272644,,,
38,97074,-0.03910016641020775,,,
38,97079,-0.04539481922984123,,,
38,97084,-0.03584905341267586,,,
38,97089,-0.04373839497566223,,,
38,97094,-0.03495665639638901,,,
38,97099,-0.042949128895998,,,
38,97104,-0.06148068979382515,,,
38,97109,-0.024744633585214615,,,
38,97114,-0.02757163718342781,,,
38,97119,-0.03841795027256012,,,
38,97124,-0.03939115256071091,,,
38,97129,-0.04941757768392563,,,
38,97134,-0.04829014837741852,,,
38,97139,-0.0570463091135025,,,
38,97144,-0.04809270799160004,,,
38,97149,-0.027200838550925255,,,
38,97154,-0.03591786324977875,,,
38,97159,-0.027726082131266594,,,
38,97164,-0.04365922510623932,,,
38,97169,-0.03424471616744995,,,
38,97174,-0.039091065526008606,,,
38,97179,-0.04106903076171875,,,
38,97184,-0.04007331281900406,,,
38,97189,-0.04700902849435806,,,
38,97194,-0.05184505879878998,,,
38,97199,-0.030283767729997635,,,
38,97204,-0.034426212310791016,,,
38,97209,-0.04051927849650383,,,
38,97214,-0.033845335245132446,,,
38,97219,-0.034300796687603,,,
38,97224,-0.034030381590127945,,,
38,97229,-0.025623127818107605,,,
38,97234,-0.031278789043426514,,,
38,97239,-0.027752557769417763,,,
38,97244,-0.03156333416700363,,,
38,97249,-0.03117648884654045,,,
38,97254,-0.019907856360077858,,,
38,97259,-0.039869725704193115,,,
38,97264,-0.041554637253284454,,,
38,97269,-0.025489697232842445,,,
38,97274,-0.04125910997390747,,,
38,97279,-0.041258614510297775,,,
38,97284,-0.039314255118370056,,,
38,97289,-0.0527559332549572,,,
38,97294,-0.04406534880399704,,,
38,97299,-0.02882077731192112,,,
38,97304,-0.04323391988873482,,,
38,97309,-0.029660755768418312,,,
38,97314,-0.03631066530942917,,,
38,97319,-0.03803357481956482,,,
38,97324,-0.046222202479839325,,,
38,97329,-0.04103261977434158,,,
38,97334,-0.03732781484723091,,,
38,97339,-0.029631078243255615,,,
38,97344,-0.021963519975543022,,,
38,97349,-0.035835303366184235,,,
38,97354,-0.04461760073900223,,,
38,97359,-0.01360413059592247,,,
38,97364,-0.04197632521390915,,,
38,97369,-0.03586190566420555,,,
38,97374,-0.037405453622341156,,,
38,97379,-0.04449653625488281,,,
38,97384,-0.031256310641765594,,,
38,97389,-0.030997086316347122,,,
38,97394,-0.036742646247148514,,,
38,97399,-0.014154454693198204,,,
38,97404,-0.04059944301843643,,,
38,97409,-0.029175858944654465,,,
38,97414,-0.023042917251586914,,,
38,97419,-0.04938840866088867,,,
38,97424,-0.04709228128194809,,,
38,97429,-0.029628358781337738,,,
38,97434,-0.02793385460972786,,,
38,97439,-0.05073799192905426,,,
38,97444,-0.029802292585372925,,,
38,97449,-0.04182671755552292,,,
38,97454,-0.041203804314136505,,,
38,97459,-0.02964596077799797,,,
38,97464,-0.03439412638545036,,,
38,97469,-0.03676288574934006,,,
38,97474,-0.04336266592144966,,,
38,97479,-0.05316933989524841,,,
38,97484,-0.05397697910666466,,,
38,97489,-0.046800509095191956,,,
38,97494,-0.0504002571105957,,,
38,97499,-0.03913714364171028,,,
38,97499,,-0.025452880188822746,0.2750000059604645,0.5748043060302734
39,97504,-0.02088860049843788,,,
39,97509,-0.04269743710756302,,,
39,97514,-0.04497980326414108,,,
39,97519,-0.029704907909035683,,,
39,97524,-0.029652290046215057,,,
39,97529,-0.025109149515628815,,,
39,97534,-0.023709628731012344,,,
39,97539,-0.011983480304479599,,,
39,97544,-0.035260412842035294,,,
39,97549,-0.03757229074835777,,,
39,97554,-0.037859052419662476,,,
39,97559,-0.028515461832284927,,,
39,97564,-0.03705774247646332,,,
39,97569,-0.03873050585389137,,,
39,97574,-0.02534860000014305,,,
39,97579,-0.023721912875771523,,,
39,97584,-0.03661181777715683,,,
39,97589,-0.039115116000175476,,,
39,97594,-0.03838025778532028,,,
39,97599,-0.03680824488401413,,,
39,97604,-0.02998446486890316,,,
39,97609,-0.03363923728466034,,,
39,97614,-0.04560699313879013,,,
39,97619,-0.033082276582717896,,,
39,97624,-0.03989201784133911,,,
39,97629,-0.033711597323417664,,,
39,97634,-0.025694213807582855,,,
39,97639,-0.0336185023188591,,,
39,97644,-0.038320086896419525,,,
39,97649,-0.05197543650865555,,,
39,97654,-0.034683190286159515,,,
39,97659,-0.046377554535865784,,,
39,97664,-0.03529112786054611,,,
39,97669,-0.03483675792813301,,,
39,97674,-0.03957471251487732,,,
39,97679,-0.0523524135351181,,,
39,97684,-0.026401177048683167,,,
39,97689,-0.02573547512292862,,,
39,97694,-0.021024949848651886,,,
39,97699,-0.024910463020205498,,,
39,97704,-0.023977993056178093,,,
39,97709,-0.0449800044298172,,,
39,97714,-0.04907890409231186,,,
39,97719,-0.053111087530851364,,,
39,97724,-0.05034225434064865,,,
39,97729,-0.04113912954926491,,,
39,97734,-0.04793214052915573,,,
39,97739,-0.03361228108406067,,,
39,97744,-0.03753142058849335,,,
39,97749,-0.03344422206282616,,,
39,97754,-0.04184592142701149,,,
39,97759,-0.03783273324370384,,,
39,97764,-0.028645087033510208,,,
39,97769,-0.025679972022771835,,,
39,97774,-0.037822429090738297,,,
39,97779,-0.035849954932928085,,,
39,97784,-0.04685003310441971,,,
39,97789,-0.03122429922223091,,,
39,97794,-0.02420705184340477,,,
39,97799,-0.04017283767461777,,,
39,97804,-0.035849958658218384,,,
39,97809,-0.026507968083024025,,,
39,97814,-0.029841337352991104,,,
39,97819,-0.033804427832365036,,,
39,97824,-0.028803281486034393,,,
39,97829,-0.031774573028087616,,,
39,97834,-0.03551851212978363,,,
39,97839,-0.041363075375556946,,,
39,97844,-0.044295839965343475,,,
39,97849,-0.025800369679927826,,,
39,97854,-0.04874330386519432,,,
39,97859,-0.04633013531565666,,,
39,97864,-0.049998778849840164,,,
39,97869,-0.02633325383067131,,,
39,97874,-0.03309876471757889,,,
39,97879,-0.040966421365737915,,,
39,97884,-0.051285214722156525,,,
39,97889,-0.039715737104415894,,,
39,97894,-0.04484567791223526,,,
39,97899,-0.03403207287192345,,,
39,97904,-0.031913988292217255,,,
39,97909,-0.03707614913582802,,,
39,97914,-0.03427515923976898,,,
39,97919,-0.047526709735393524,,,
39,97924,-0.032564450055360794,,,
39,97929,-0.03540162369608879,,,
39,97934,-0.03487345948815346,,,
39,97939,-0.03594594821333885,,,
39,97944,-0.01746542565524578,,,
39,97949,-0.03794199973344803,,,
39,97954,-0.04346359893679619,,,
39,97959,-0.03443610668182373,,,
39,97964,-0.043933119624853134,,,
39,97969,-0.021188702434301376,,,
39,97974,-0.038956768810749054,,,
39,97979,-0.04709646850824356,,,
39,97984,-0.0460236519575119,,,
39,97989,-0.033910878002643585,,,
39,97994,-0.03993971273303032,,,
39,97999,-0.04469740763306618,,,
39,98004,-0.028545111417770386,,,
39,98009,-0.03186546266078949,,,
39,98014,-0.04903421923518181,,,
39,98019,-0.029014013707637787,,,
39,98024,-0.031865231692790985,,,
39,98029,-0.03262312710285187,,,
39,98034,-0.024384576827287674,,,
39,98039,-0.032916110008955,,,
39,98044,-0.04638011008501053,,,
39,98049,-0.0420110747218132,,,
39,98054,-0.035765036940574646,,,
39,98059,-0.04673244059085846,,,
39,98064,-0.05602037534117699,,,
39,98069,-0.031207092106342316,,,
39,98074,-0.034104932099580765,,,
39,98079,-0.035462886095047,,,
39,98084,-0.051227521151304245,,,
39,98089,-0.026676135137677193,,,
39,98094,-0.04169424995779991,,,
39,98099,-0.02533954754471779,,,
39,98104,-0.018909377977252007,,,
39,98109,-0.030932771041989326,,,
39,98114,-0.023931987583637238,,,
39,98119,-0.044684745371341705,,,
39,98124,-0.04649639129638672,,,
39,98129,-0.027239877730607986,,,
39,98134,-0.020893320441246033,,,
39,98139,-0.03228429704904556,,,
39,98144,-0.031704504042863846,,,
39,98149,-0.036776985973119736,,,
39,98154,-0.04531680792570114,,,
39,98159,-0.012636292725801468,,,
39,98164,-0.032064203172922134,,,
39,98169,-0.04368004947900772,,,
39,98174,-0.03983535245060921,,,
39,98179,-0.037756942212581635,,,
39,98184,-0.026491641998291016,,,
39,98189,-0.025193210691213608,,,
39,98194,-0.04977162182331085,,,
39,98199,-0.035156384110450745,,,
39,98204,-0.03677673637866974,,,
39,98209,-0.03724092245101929,,,
39,98214,-0.03328554332256317,,,
39,98219,-0.040803276002407074,,,
39,98224,-0.04928389936685562,,,
39,98229,-0.05120810866355896,,,
39,98234,-0.027084730565547943,,,
39,98239,-0.026427097618579865,,,
39,98244,-0.033825475722551346,,,
39,98249,-0.03767906129360199,,,
39,98254,-0.04933749511837959,,,
39,98259,-0.03955803066492081,,,
39,98264,-0.05169299244880676,,,
39,98269,-0.03599664196372032,,,
39,98274,-0.020656976848840714,,,
39,98279,-0.03128988295793533,,,
39,98284,-0.030963830649852753,,,
39,98289,-0.02746526524424553,,,
39,98294,-0.03942570090293884,,,
39,98299,-0.03231925889849663,,,
39,98304,-0.03543262928724289,,,
39,98309,-0.009697875939309597,,,
39,98314,-0.03133334219455719,,,
39,98319,-0.030668560415506363,,,
39,98324,-0.03267357498407364,,,
39,98329,-0.037486374378204346,,,
39,98334,-0.03364270552992821,,,
39,98339,-0.03251773864030838,,,
39,98344,-0.020647823810577393,,,
39,98349,-0.010906829498708248,,,
39,98354,-0.04877692833542824,,,
39,98359,-0.04409901052713394,,,
39,98364,-0.054425887763500214,,,
39,98369,-0.02821892686188221,,,
39,98374,-0.021964410319924355,,,
39,98379,-0.0624205656349659,,,
39,98384,-0.03270196542143822,,,
39,98389,-0.03242410346865654,,,
39,98394,-0.04485765099525452,,,
39,98399,-0.02803029492497444,,,
39,98404,-0.020706387236714363,,,
39,98409,-0.03901948779821396,,,
39,98414,-0.016692813485860825,,,
39,98419,-0.03626153618097305,,,
39,98424,-0.037987057119607925,,,
39,98429,-0.03322713077068329,,,
39,98434,-0.02768828347325325,,,
39,98439,-0.033921871334314346,,,
39,98444,-0.025524940341711044,,,
39,98449,-0.035435959696769714,,,
39,98454,-0.03340829163789749,,,
39,98459,-0.042449988424777985,,,
39,98464,-0.03957754373550415,,,
39,98469,-0.03765500336885452,,,
39,98474,-0.031627535820007324,,,
39,98479,-0.043864406645298004,,,
39,98484,-0.023129180073738098,,,
39,98489,-0.04226745665073395,,,
39,98494,-0.047700248658657074,,,
39,98499,-0.04677141457796097,,,
39,98504,-0.03759223222732544,,,
39,98509,-0.042932234704494476,,,
39,98514,-0.0389896035194397,,,
39,98519,-0.03801637515425682,,,
39,98524,-0.044696908444166183,,,
39,98529,-0.036655180156230927,,,
39,98534,-0.025084558874368668,,,
39,98539,-0.04720759391784668,,,
39,98544,-0.028568139299750328,,,
39,98549,-0.03925436735153198,,,
39,98554,-0.044132061302661896,,,
39,98559,-0.03392159193754196,,,
39,98564,-0.02320145070552826,,,
39,98569,-0.033852703869342804,,,
39,98574,-0.03143173083662987,,,
39,98579,-0.004098487552255392,,,
39,98584,-0.014066849835216999,,,
39,98589,-0.04062550887465477,,,
39,98594,-0.04093215614557266,,,
39,98599,-0.036712728440761566,,,
39,98604,-0.04630148038268089,,,
39,98609,-0.03263270482420921,,,
39,98614,-0.02631782367825508,,,
39,98619,-0.02962813340127468,,,
39,98624,-0.03282982110977173,,,
39,98629,-0.03692857548594475,,,
39,98634,-0.039643775671720505,,,
39,98639,-0.037734709680080414,,,
39,98644,-0.022996027022600174,,,
39,98649,-0.05231723189353943,,,
39,98654,-0.032059770077466965,,,
39,98659,-0.005070210434496403,,,
39,98664,-0.04900955408811569,,,
39,98669,-0.05107549577951431,,,
39,98674,-0.050011731684207916,,,
39,98679,-0.0544419102370739,,,
39,98684,-0.04384167492389679,,,
39,98689,-0.03505918011069298,,,
39,98694,-0.028342515230178833,,,
39,98699,-0.024466540664434433,,,
39,98704,-0.03873589634895325,,,
39,98709,-0.03429413586854935,,,
39,98714,-0.03718835487961769,,,
39,98719,-0.04430880397558212,,,
39,98724,-0.03132956475019455,,,
39,98729,-0.035117827355861664,,,
39,98734,-0.03477977588772774,,,
39,98739,-0.027846485376358032,,,
39,98744,0.023969005793333054,,,
39,98749,-0.028207018971443176,,,
39,98754,-0.0384276807308197,,,
39,98759,-0.02407408505678177,,,
39,98764,-0.042187996208667755,,,
39,98769,-0.03800038993358612,,,
39,98774,-0.0434524342417717,,,
39,98779,-0.03892841562628746,,,
39,98784,-0.039280954748392105,,,
39,98789,-0.03336581587791443,,,
39,98794,-0.04155689477920532,,,
39,98799,-0.026215292513370514,,,
39,98804,-0.011944068595767021,,,
39,98809,-0.02955181710422039,,,
39,98814,-0.042600665241479874,,,
39,98819,-0.034113600850105286,,,
39,98824,-0.0358133539557457,,,
39,98829,-0.03213820606470108,,,
39,98834,-0.01793665811419487,,,
39,98839,-0.06131897121667862,,,
39,98844,-0.04894208163022995,,,
39,98849,-0.014233823865652084,,,
39,98854,-0.03845461085438728,,,
39,98859,-0.052309904247522354,,,
39,98864,-0.058086905628442764,,,
39,98869,-0.02803312987089157,,,
39,98874,-0.038676194846630096,,,
39,98879,-0.04235665500164032,,,
39,98884,-0.024762505665421486,,,
39,98889,-0.03819078952074051,,,
39,98894,-0.03208427503705025,,,
39,98899,-0.043839678168296814,,,
39,98904,-0.036180440336465836,,,
39,98909,-0.038634371012449265,,,
39,98914,-0.03904153034090996,,,
39,98919,-0.03791634738445282,,,
39,98924,-0.03564056009054184,,,
39,98929,-0.04091416671872139,,,
39,98934,-0.024944182485342026,,,
39,98939,-0.03641711175441742,,,
39,98944,-0.010764729231595993,,,
39,98949,-0.03425439074635506,,,
39,98954,-0.040299609303474426,,,
39,98959,-0.05605505779385567,,,
39,98964,-0.027662768959999084,,,
39,98969,-0.048586633056402206,,,
39,98974,-0.05086924880743027,,,
39,98979,-0.036069463938474655,,,
39,98984,-0.040082648396492004,,,
39,98989,-0.034755073487758636,,,
39,98994,-0.04452070593833923,,,
39,98999,-0.041606150567531586,,,
39,99004,-0.02367810532450676,,,
39,99009,-0.039344608783721924,,,
39,99014,-0.0367935486137867,,,
39,99019,-0.03037845343351364,,,
39,99024,-0.046200551092624664,,,
39,99029,-0.060986749827861786,,,
39,99034,-0.03730875253677368,,,
39,99039,-0.026846302673220634,,,
39,99044,-0.0399320013821125,,,
39,99049,-0.04407509043812752,,,
39,99054,-0.03171364963054657,,,
39,99059,-0.04279780387878418,,,
39,99064,-0.03514867275953293,,,
39,99069,-0.038406603038311005,,,
39,99074,-0.03912137448787689,,,
39,99079,-0.025378741323947906,,,
39,99084,-0.03710561990737915,,,
39,99089,-0.02400132641196251,,,
39,99094,-0.04428877681493759,,,
39,99099,-0.01978180557489395,,,
39,99104,-0.05179876834154129,,,
39,99109,-0.0536235049366951,,,
39,99114,-0.03332491219043732,,,
39,99119,-0.027967767789959908,,,
39,99124,-0.04559314250946045,,,
39,99129,-0.030992405489087105,,,
39,99134,-0.030506715178489685,,,
39,99139,-0.018266752362251282,,,
39,99144,-0.02556096576154232,,,
39,99149,-0.030788665637373924,,,
39,99154,-0.04201102256774902,,,
39,99159,-0.018989641219377518,,,
39,99164,-0.048825349658727646,,,
39,99169,-0.031748779118061066,,,
39,99174,-0.03243778645992279,,,
39,99179,-0.0268862321972847,,,
39,99184,-0.046988993883132935,,,
39,99189,-0.03168283402919769,,,
39,99194,-0.035238102078437805,,,
39,99199,-0.034677211195230484,,,
39,99204,-0.026986094191670418,,,
39,99209,-0.03626839816570282,,,
39,99214,-0.03995272517204285,,,
39,99219,-0.027608968317508698,,,
39,99224,-0.04796541482210159,,,
39,99229,-0.03579007834196091,,,
39,99234,-0.023373618721961975,,,
39,99239,-0.03961741551756859,,,
39,99244,-0.041650693863630295,,,
39,99249,-0.03314482420682907,,,
39,99254,-0.033633600920438766,,,
39,99259,-0.050502337515354156,,,
39,99264,-0.03183671832084656,,,
39,99269,-0.028720417991280556,,,
39,99274,-0.04145519435405731,,,
39,99279,-0.03149096295237541,,,
39,99284,-0.03245430812239647,,,
39,99289,-0.04500434920191765,,,
39,99294,-0.04651973396539688,,,
39,99299,-0.018824048340320587,,,
39,99304,-0.03256814181804657,,,
39,99309,-0.03639215603470802,,,
39,99314,-0.02452411688864231,,,
39,99319,-0.01727459207177162,,,
39,99324,-0.024232182651758194,,,
39,99329,-0.012101544998586178,,,
39,99334,-0.038299597799777985,,,
39,99339,-0.03879963979125023,,,
39,99344,-0.037969086319208145,,,
39,99349,-0.024784881621599197,,,
39,99354,-0.036340922117233276,,,
39,99359,-0.05041547119617462,,,
39,99364,-0.04766404628753662,,,
39,99369,-0.03650107607245445,,,
39,99374,-0.04111562296748161,,,
39,99379,-0.026414502412080765,,,
39,99384,-0.037028323858976364,,,
39,99389,-0.04105877876281738,,,
39,99394,-0.032580889761447906,,,
39,99399,-0.02235480025410652,,,
39,99404,-0.03331414610147476,,,
39,99409,-0.02790250815451145,,,
39,99414,-0.039584528654813766,,,
39,99419,-0.031606677919626236,,,
39,99424,-0.036778874695301056,,,
39,99429,-0.04543347656726837,,,
39,99434,-0.043708860874176025,,,
39,99439,-0.03411701321601868,,,
39,99444,-0.046425774693489075,,,
39,99449,-0.020897507667541504,,,
39,99454,-0.04154297336935997,,,
39,99459,-0.03720145672559738,,,
39,99464,-0.04361562430858612,,,
39,99469,-0.03488126024603844,,,
39,99474,-0.034645743668079376,,,
39,99479,-0.027607766911387444,,,
39,99484,-0.04849468916654587,,,
39,99489,-0.026944585144519806,,,
39,99494,-0.040996111929416656,,,
39,99499,-0.045216768980026245,,,
39,99504,-0.041963398456573486,,,
39,99509,-0.057727403938770294,,,
39,99514,-0.03084239363670349,,,
39,99519,-0.02933587320148945,,,
39,99524,-0.04215598106384277,,,
39,99529,-0.028741659596562386,,,
39,99534,-0.03133323788642883,,,
39,99539,-0.040710605680942535,,,
39,99544,-0.05004429817199707,,,
39,99549,-0.008012941107153893,,,
39,99554,-0.0360197052359581,,,
39,99559,-0.03764989227056503,,,
39,99564,-0.04010346531867981,,,
39,99569,-0.035656481981277466,,,
39,99574,-0.040618445724248886,,,
39,99579,-0.03671196103096008,,,
39,99584,-0.04245015233755112,,,
39,99589,-0.04175303876399994,,,
39,99594,-0.03504612296819687,,,
39,99599,-0.02690926194190979,,,
39,99604,-0.026567595079541206,,,
39,99609,-0.027835147455334663,,,
39,99614,-0.03591155260801315,,,
39,99619,-0.03823968023061752,,,
39,99624,-0.057354886084795,,,
39,99629,-0.02623683027923107,,,
39,99634,-0.03609398379921913,,,
39,99639,-0.034664254635572433,,,
39,99644,-0.04799037426710129,,,
39,99649,-0.04303482919931412,,,
39,99654,0.03370498865842819,,,
39,99659,-0.030024588108062744,,,
39,99664,-0.033113185316324234,,,
39,99669,-0.036999836564064026,,,
39,99674,-0.047460101544857025,,,
39,99679,-0.04813627153635025,,,
39,99684,-0.05162031948566437,,,
39,99689,-0.034899309277534485,,,
39,99694,-0.036206766963005066,,,
39,99699,-0.028483141213655472,,,
39,99704,-0.048124268651008606,,,
39,99709,-0.029403232038021088,,,
39,99714,-0.03965308889746666,,,
39,99719,-0.030470363795757294,,,
39,99724,-0.0353962741792202,,,
39,99729,-0.03462507575750351,,,
39,99734,-0.02157500758767128,,,
39,99739,-0.05345681682229042,,,
39,99744,-0.03257120028138161,,,
39,99749,-0.033823732286691666,,,
39,99754,-0.04569052904844284,,,
39,99759,-0.04096158593893051,,,
39,99764,-0.05084765702486038,,,
39,99769,-0.03292875736951828,,,
39,99774,-0.04129062220454216,,,
39,99779,-0.03443409875035286,,,
39,99784,-0.02717621624469757,,,
39,99789,-0.05563800781965256,,,
39,99794,-0.03546689450740814,,,
39,99799,-0.03217776119709015,,,
39,99804,-0.027328133583068848,,,
39,99809,-0.04333575814962387,,,
39,99814,-0.055366478860378265,,,
39,99819,-0.044379111379384995,,,
39,99824,-0.045089561492204666,,,
39,99829,-0.040840569883584976,,,
39,99834,-0.03512764722108841,,,
39,99839,-0.040819235146045685,,,
39,99844,-0.03393653780221939,,,
39,99849,-0.036061376333236694,,,
39,99854,-0.03654710203409195,,,
39,99859,-0.0509595051407814,,,
39,99864,-0.03622763231396675,,,
39,99869,-0.058232180774211884,,,
39,99874,-0.04870644956827164,,,
39,99879,-0.037791989743709564,,,
39,99884,-0.02952926978468895,,,
39,99889,-0.03507941588759422,,,
39,99894,-0.032591816037893295,,,
39,99899,-0.03087516501545906,,,
39,99904,-0.04736953228712082,,,
39,99909,-0.02473217248916626,,,
39,99914,-0.029930882155895233,,,
39,99919,-0.05130649730563164,,,
39,99924,-0.03413943201303482,,,
39,99929,-0.028595931828022003,,,
39,99934,-0.03693132847547531,,,
39,99939,-0.04437972605228424,,,
39,99944,-0.04533914476633072,,,
39,99949,-0.0456978902220726,,,
39,99954,-0.028586329892277718,,,
39,99959,-0.047789983451366425,,,
39,99964,-0.0491650253534317,,,
39,99969,-0.033487848937511444,,,
39,99974,-0.026023369282484055,,,
39,99979,-0.014126511290669441,,,
39,99984,-0.034808531403541565,,,
39,99989,-0.03624168783426285,,,
39,99994,-0.03487009555101395,,,
39,99999,-0.04055893048644066,,,
39,99999,,-0.026845065876841545,0.2838999927043915,0.5828378796577454
40,100004,-0.04705941677093506,,,
40,100009,-0.02747269719839096,,,
40,100014,-0.030356774106621742,,,
40,100019,-0.040036287158727646,,,
40,100024,-0.031663358211517334,,,
40,100029,-0.048395730555057526,,,
40,100034,-0.011820635758340359,,,
40,100039,-0.0476827472448349,,,
40,100044,-0.03159412369132042,,,
40,100049,-0.0458715483546257,,,
40,100054,-0.04919905960559845,,,
40,100059,-0.03939028084278107,,,
40,100064,-0.02771960012614727,,,
40,100069,-0.036369554698467255,,,
40,100074,-0.03702645003795624,,,
40,100079,-0.04601379483938217,,,
40,100084,-0.03802958130836487,,,
40,100089,-0.023275578394532204,,,
40,100094,-0.03410957381129265,,,
40,100099,-0.035646237432956696,,,
40,100104,-0.038248468190431595,,,
40,100109,-0.026944272220134735,,,
40,100114,-0.02994164079427719,,,
40,100119,-0.050395116209983826,,,
40,100124,-0.02760019712150097,,,
40,100129,-0.035262659192085266,,,
40,100134,-0.036587879061698914,,,
40,100139,-0.04188983142375946,,,
40,100144,-0.044129595160484314,,,
40,100149,-0.03793329373002052,,,
40,100154,-0.03850771486759186,,,
40,100159,-0.04200773686170578,,,
40,100164,-0.03190076723694801,,,
40,100169,-0.025370974093675613,,,
40,100174,-0.048544783145189285,,,
40,100179,-0.030279219150543213,,,
40,100184,-0.04912745952606201,,,
40,100189,-0.04227845370769501,,,
40,100194,-0.0479603111743927,,,
40,100199,-0.04572494328022003,,,
40,100204,-0.0333109125494957,,,
40,100209,-0.037732746452093124,,,
40,100214,-0.024958215653896332,,,
40,100219,-0.04175005853176117,,,
40,100224,-0.032340873032808304,,,
40,100229,-0.026837171986699104,,,
40,100234,-0.04126526787877083,,,
40,100239,-0.024542834609746933,,,
40,100244,-0.03728707879781723,,,
40,100249,-0.029501385986804962,,,
40,100254,-0.044622667133808136,,,
40,100259,-0.03997904434800148,,,
40,100264,-0.029359569773077965,,,
40,100269,-0.048303794115781784,,,
40,100274,-0.040119320154190063,,,
40,100279,-0.026603851467370987,,,
40,100284,-0.03553226590156555,,,
40,100289,-0.03368232771754265,,,
40,100294,-0.04524213820695877,,,
40,100299,-0.014366384595632553,,,
40,100304,-0.043849945068359375,,,
40,100309,-0.032630305737257004,,,
40,100314,-0.03519311174750328,,,
40,100319,-0.04137329012155533,,,
40,100324,-0.020324837416410446,,,
40,100329,-0.037485599517822266,,,
40,100334,-0.031008752062916756,,,
40,100339,-0.026773877441883087,,,
40,100344,-0.013268585316836834,,,
40,100349,-0.0381612703204155,,,
40,100354,-0.03147294372320175,,,
40,100359,-0.03676380589604378,,,
40,100364,-0.04779176041483879,,,
40,100369,-0.0358327180147171,,,
40,100374,-0.03101927973330021,,,
40,100379,-0.05079985037446022,,,
40,100384,-0.027559157460927963,,,
40,100389,-0.047044284641742706,,,
40,100394,-0.049836307764053345,,,
40,100399,-0.02737482637166977,,,
40,100404,-0.046034760773181915,,,
40,100409,-0.019993271678686142,,,
40,100414,-0.031183544546365738,,,
40,100419,-0.0341707207262516,,,
40,100424,-0.04887915402650833,,,
40,100429,-0.04225168749690056,,,
40,100434,-0.03454168885946274,,,
40,100439,-0.03436927869915962,,,
40,100444,-0.022313281893730164,,,
40,100449,-0.029886694625020027,,,
40,100454,-0.04424140602350235,,,
40,100459,-0.03752182424068451,,,
40,100464,-0.046403899788856506,,,
40,100469,-0.043160952627658844,,,
40,100474,-0.03561040759086609,,,
40,100479,-0.044609688222408295,,,
40,100484,-0.03379581868648529,,,
40,100489,-0.037778135389089584,,,
40,100494,-0.023310456424951553,,,
40,100499,-0.038105547428131104,,,
40,100504,-0.04416336119174957,,,
40,100509,-0.025238405913114548,,,
40,100514,-0.02478691190481186,,,
40,100519,-0.026225637644529343,,,
40,100524,-0.03613591566681862,,,
40,100529,-0.035566747188568115,,,
40,100534,-0.022501152008771896,,,
40,100539,-0.03916401043534279,,,
40,100544,-0.028198694810271263,,,
40,100549,-0.03889189288020134,,,
40,100554,-0.037083059549331665,,,
40,100559,-0.053229451179504395,,,
40,100564,-0.03369366377592087,,,
40,100569,-0.01202335488051176,,,
40,100574,-0.036316268146038055,,,
40,100579,-0.026523947715759277,,,
40,100584,-0.02907915972173214,,,
40,100589,-0.028920911252498627,,,
40,100594,-0.03951207920908928,,,
40,100599,-0.02887541428208351,,,
40,100604,-0.015213508158922195,,,
40,100609,-0.034811168909072876,,,
40,100614,-0.04901937395334244,,,
40,100619,-0.035990845412015915,,,
40,100624,-0.04019399732351303,,,
40,100629,-0.023999404162168503,,,
40,100634,-0.023476827889680862,,,
40,100639,-0.049657147377729416,,,
40,100644,-0.029443729668855667,,,
40,100649,-0.04320772737264633,,,
40,100654,-0.03866982460021973,,,
40,100659,-0.053007930517196655,,,
40,100664,-0.04468974843621254,,,
40,100669,-0.03873252123594284,,,
40,100674,-0.04035152867436409,,,
40,100679,-0.04453650489449501,,,
40,100684,-0.025587929412722588,,,
40,100689,-0.042837925255298615,,,
40,100694,-0.03920711949467659,,,
40,100699,-0.03538867458701134,,,
40,100704,-0.04704980552196503,,,
40,100709,-0.04345708340406418,,,
40,100714,-0.04247923940420151,,,
40,100719,-0.038808584213256836,,,
40,100724,-0.048096783459186554,,,
40,100729,-0.04164349287748337,,,
40,100734,-0.03303774818778038,,,
40,100739,-0.032895177602767944,,,
40,100744,-0.012852024286985397,,,
40,100749,-0.027251141145825386,,,
40,100754,-0.0275399312376976,,,
40,100759,-0.04175115376710892,,,
40,100764,-0.038026921451091766,,,
40,100769,-0.03499974310398102,,,
40,100774,-0.043699465692043304,,,
40,100779,-0.03287499397993088,,,
40,100784,-0.03691431134939194,,,
40,100789,-0.03488147258758545,,,
40,100794,-0.041284240782260895,,,
40,100799,-0.012801140546798706,,,
40,100804,-0.020926523953676224,,,
40,100809,-0.02631148137152195,,,
40,100814,-0.022533033043146133,,,
40,100819,-0.044041041284799576,,,
40,100824,-0.04209695756435394,,,
40,100829,-0.03657727688550949,,,
40,100834,-0.02720317803323269,,,
40,100839,-0.029055004939436913,,,
40,100844,0.007993925362825394,,,
40,100849,-0.02604025788605213,,,
40,100854,-0.04262241721153259,,,
40,100859,-0.03862997144460678,,,
40,100864,-0.034508220851421356,,,
40,100869,-0.042255133390426636,,,
40,100874,-0.03588121011853218,,,
40,100879,-0.03204377740621567,,,
40,100884,-0.04190186411142349,,,
40,100889,-0.0347200371325016,,,
40,100894,-0.028384312987327576,,,
40,100899,-0.03115926869213581,,,
40,100904,-0.04589742422103882,,,
40,100909,-0.06566433608531952,,,
40,100914,-0.048458270728588104,,,
40,100919,-0.04354315996170044,,,
40,100924,-0.037411272525787354,,,
40,100929,-0.03725036233663559,,,
40,100934,-0.04632701724767685,,,
40,100939,-0.04711145907640457,,,
40,100944,-0.033298738300800323,,,
40,100949,-0.02940913289785385,,,
40,100954,-0.027090322226285934,,,
40,100959,-0.020161986351013184,,,
40,100964,-0.03424321115016937,,,
40,100969,-0.039998602122068405,,,
40,100974,-0.04178709164261818,,,
40,100979,-0.04890439286828041,,,
40,100984,-0.03033996745944023,,,
40,100989,-0.04044727981090546,,,
40,100994,-0.03379710763692856,,,
40,100999,-0.0420398972928524,,,
40,101004,-0.03835203871130943,,,
40,101009,-0.04298604652285576,,,
40,101014,-0.039571940898895264,,,
40,101019,-0.03534916788339615,,,
40,101024,-0.049179092049598694,,,
40,101029,-0.041766487061977386,,,
40,101034,-0.028436332941055298,,,
40,101039,-0.046851254999637604,,,
40,101044,-0.0451226644217968,,,
40,101049,-0.043885551393032074,,,
40,101054,-0.029799018055200577,,,
40,101059,-0.017881065607070923,,,
40,101064,-0.03843789920210838,,,
40,101069,-0.0435856357216835,,,
40,101074,-0.05014302209019661,,,
40,101079,-0.03199224919080734,,,
40,101084,-0.0390213280916214,,,
40,101089,-0.023201679810881615,,,
40,101094,-0.04132082313299179,,,
40,101099,-0.044077396392822266,,,
40,101104,-0.03350336104631424,,,
40,101109,-0.026075197383761406,,,
40,101114,-0.040904249995946884,,,
40,101119,-0.025634346529841423,,,
40,101124,-0.03573886305093765,,,
40,101129,-0.03919977322220802,,,
40,101134,-0.04583359137177467,,,
40,101139,-0.03245820850133896,,,
40,101144,-0.04897265136241913,,,
40,101149,-0.051060885190963745,,,
40,101154,-0.028005030006170273,,,
40,101159,-0.043052129447460175,,,
40,101164,-0.03897023946046829,,,
40,101169,-0.04595288634300232,,,
40,101174,-0.026465898379683495,,,
40,101179,-0.04671189934015274,,,
40,101184,-0.04828023910522461,,,
40,101189,-0.041729606688022614,,,
40,101194,-0.044660672545433044,,,
40,101199,-0.028645966202020645,,,
40,101204,-0.027017321437597275,,,
40,101209,-0.026337262243032455,,,
40,101214,-0.03504539281129837,,,
40,101219,-0.03679676353931427,,,
40,101224,-0.0373135507106781,,,
40,101229,-0.04532112181186676,,,
40,101234,-0.02057509683072567,,,
40,101239,-0.04734092578291893,,,
40,101244,-0.047263793647289276,,,
40,101249,-0.04627504199743271,,,
40,101254,-0.027520012110471725,,,
40,101259,-0.04642963409423828,,,
40,101264,-0.0347263403236866,,,
40,101269,-0.04261597990989685,,,
40,101274,-0.03865119814872742,,,
40,101279,-0.0368930920958519,,,
40,101284,-0.04399389028549194,,,
40,101289,-0.020750777795910835,,,
40,101294,-0.03577089682221413,,,
40,101299,-0.030658943578600883,,,
40,101304,-0.0366191565990448,,,
40,101309,-0.03757400065660477,,,
40,101314,-0.03054649755358696,,,
40,101319,-0.0478459894657135,,,
40,101324,-0.019123155623674393,,,
40,101329,-0.030771858990192413,,,
40,101334,-0.025203334167599678,,,
40,101339,-0.02696659415960312,,,
40,101344,-0.037701040506362915,,,
40,101349,-0.04668409377336502,,,
40,101354,-0.026356738060712814,,,
40,101359,-0.045103710144758224,,,
40,101364,-0.030677612870931625,,,
40,101369,-0.03375474363565445,,,
40,101374,-0.029104264453053474,,,
40,101379,-0.03660033270716667,,,
40,101384,-0.03228672966361046,,,
40,101389,-0.031833238899707794,,,
40,101394,-0.03938823193311691,,,
40,101399,-0.046509288251399994,,,
40,101404,-0.04606759920716286,,,
40,101409,-0.02694627270102501,,,
40,101414,-0.049370571970939636,,,
40,101419,-0.03007582202553749,,,
40,101424,-0.01832384243607521,,,
40,101429,-0.024788154289126396,,,
40,101434,-0.03771241009235382,,,
40,101439,-0.02909834310412407,,,
40,101444,-0.04568101838231087,,,
40,101449,-0.029310066252946854,,,
40,101454,-0.023670494556427002,,,
40,101459,-0.04097974672913551,,,
40,101464,-0.028577938675880432,,,
40,101469,-0.040139131247997284,,,
40,101474,-0.0352226123213768,,,
40,101479,-0.036558639258146286,,,
40,101484,-0.03368615359067917,,,
40,101489,-0.038030289113521576,,,
40,101494,-0.04088734835386276,,,
40,101499,-0.04088186100125313,,,
40,101504,-0.03107094205915928,,,
40,101509,-0.04826044663786888,,,
40,101514,-0.03531816601753235,,,
40,101519,-0.03575960546731949,,,
40,101524,-0.040384016931056976,,,
40,101529,-0.04518846422433853,,,
40,101534,-0.0357755571603775,,,
40,101539,-0.04705948010087013,,,
40,101544,-0.045541755855083466,,,
40,101549,-0.029654473066329956,,,
40,101554,-0.055531956255435944,,,
40,101559,-0.026484550908207893,,,
40,101564,-0.04365019127726555,,,
40,101569,-0.040990881621837616,,,
40,101574,-0.020125865936279297,,,
40,101579,-0.04610292240977287,,,
40,101584,-0.0392637699842453,,,
40,101589,-0.03002522513270378,,,
40,101594,-0.024542126804590225,,,
40,101599,-0.014187950640916824,,,
40,101604,-0.041560787707567215,,,
40,101609,-0.039522308856248856,,,
40,101614,-0.044346921145915985,,,
40,101619,-0.025500265881419182,,,
40,101624,-0.026161136105656624,,,
40,101629,-0.019580401480197906,,,
40,101634,-0.05231030657887459,,,
40,101639,-0.04057799652218819,,,
40,101644,-0.04353846609592438,,,
40,101649,-0.03533754125237465,,,
40,101654,-0.04402073472738266,,,
40,101659,-0.040361568331718445,,,
40,101664,-0.034583475440740585,,,
40,101669,-0.04193967580795288,,,
40,101674,-0.026792895048856735,,,
40,101679,-0.03740197420120239,,,
40,101684,-0.034309111535549164,,,
40,101689,-0.04400560259819031,,,
40,101694,-0.035670265555381775,,,
40,101699,-0.05101337283849716,,,
40,101704,-0.0411173440515995,,,
40,101709,-0.040522582828998566,,,
40,101714,-0.042764242738485336,,,
40,101719,-0.05167049169540405,,,
40,101724,-0.030972406268119812,,,
40,101729,-0.049883440136909485,,,
40,101734,-0.03704501688480377,,,
40,101739,-0.04747982695698738,,,
40,101744,-0.03917448967695236,,,
40,101749,-0.042351990938186646,,,
40,101754,-0.0329522043466568,,,
40,101759,-0.026049265637993813,,,
40,101764,-0.03330568969249725,,,
40,101769,-0.045587655156850815,,,
40,101774,-0.03830187767744064,,,
40,101779,-0.0397651232779026,,,
40,101784,-0.032574769109487534,,,
40,101789,-0.030350573360919952,,,
40,101794,-0.045937031507492065,,,
40,101799,-0.056139469146728516,,,
40,101804,-0.0387309230864048,,,
40,101809,-0.04486093297600746,,,
40,101814,-0.05651101469993591,,,
40,101819,-0.024970194324851036,,,
40,101824,-0.02241213619709015,,,
40,101829,-0.03599940240383148,,,
40,101834,-0.045298170298337936,,,
40,101839,-0.04198573902249336,,,
40,101844,-0.050643377006053925,,,
40,101849,-0.03740064054727554,,,
40,101854,-0.04476684331893921,,,
40,101859,-0.039631448686122894,,,
40,101864,-0.0388808399438858,,,
40,101869,-0.04268831014633179,,,
40,101874,-0.04130588471889496,,,
40,101879,-0.03966469317674637,,,
40,101884,-0.02829897589981556,,,
40,101889,-0.037195708602666855,,,
40,101894,-0.023764219135046005,,,
40,101899,-0.031004689633846283,,,
40,101904,-0.03481065481901169,,,
40,101909,-0.02886340767145157,,,
40,101914,-0.04500718042254448,,,
40,101919,-0.024159178137779236,,,
40,101924,-0.03469786047935486,,,
40,101929,-0.020808836445212364,,,
40,101934,-0.028135303407907486,,,
40,101939,-0.04031050577759743,,,
40,101944,-0.029466789215803146,,,
40,101949,-0.04998880624771118,,,
40,101954,-0.03495720401406288,,,
40,101959,-0.03851316124200821,,,
40,101964,-0.0341276153922081,,,
40,101969,-0.03118220902979374,,,
40,101974,-0.04336123913526535,,,
40,101979,-0.0496673621237278,,,
40,101984,-0.029968533664941788,,,
40,101989,-0.043752945959568024,,,
40,101994,-0.04197573661804199,,,
40,101999,-0.04809612035751343,,,
40,102004,-0.038369569927453995,,,
40,102009,-0.020144596695899963,,,
40,102014,-0.04201700910925865,,,
40,102019,-0.037192679941654205,,,
40,102024,-0.03561710938811302,,,
40,102029,-0.044001705944538116,,,
40,102034,-0.01700517162680626,,,
40,102039,-0.0397835299372673,,,
40,102044,-0.03502003103494644,,,
40,102049,-0.0332895889878273,,,
40,102054,-0.03416070714592934,,,
40,102059,-0.027097009122371674,,,
40,102064,-0.03798277676105499,,,
40,102069,-0.04337787628173828,,,
40,102074,-0.032285504043102264,,,
40,102079,-0.03871456906199455,,,
40,102084,-0.009655509144067764,,,
40,102089,-0.032314736396074295,,,
40,102094,-0.03897252678871155,,,
40,102099,-0.02969175949692726,,,
40,102104,-0.04798973724246025,,,
40,102109,-0.03805319964885712,,,
40,102114,-0.036773309111595154,,,
40,102119,-0.04227466508746147,,,
40,102124,-0.03445570915937424,,,
40,102129,-0.03373890370130539,,,
40,102134,-0.0424976609647274,,,
40,102139,-0.04603420943021774,,,
40,102144,-0.03905835002660751,,,
40,102149,-0.0362873375415802,,,
40,102154,-0.04568291828036308,,,
40,102159,-0.023842688649892807,,,
40,102164,-0.03989783674478531,,,
40,102169,-0.040950216352939606,,,
40,102174,-0.033555857837200165,,,
40,102179,-0.04026246815919876,,,
40,102184,-0.037261463701725006,,,
40,102189,-0.03277488797903061,,,
40,102194,-0.04021374136209488,,,
40,102199,-0.043319981545209885,,,
40,102204,-0.01181205827742815,,,
40,102209,-0.04801969230175018,,,
40,102214,-0.022032475098967552,,,
40,102219,-0.030473671853542328,,,
40,102224,-0.03578256815671921,,,
40,102229,-0.04062044620513916,,,
40,102234,-0.03842771798372269,,,
40,102239,-0.01758362352848053,,,
40,102244,-0.04017084836959839,,,
40,102249,-0.02664455585181713,,,
40,102254,-0.043018367141485214,,,
40,102259,-0.03754846751689911,,,
40,102264,-0.05341152474284172,,,
40,102269,-0.039695512503385544,,,
40,102274,-0.048593372106552124,,,
40,102279,-0.03823292627930641,,,
40,102284,-0.036777593195438385,,,
40,102289,-0.02513011544942856,,,
40,102294,-0.04222311079502106,,,
40,102299,-0.040944136679172516,,,
40,102304,-0.040314093232154846,,,
40,102309,-0.00952084269374609,,,
40,102314,-0.03352364897727966,,,
40,102319,-0.03904419392347336,,,
40,102324,-0.02154444344341755,,,
40,102329,-0.03176378458738327,,,
40,102334,-0.04328550398349762,,,
40,102339,-0.0419129878282547,,,
40,102344,-0.02933415211737156,,,
40,102349,-0.047423847019672394,,,
40,102354,-0.04525226354598999,,,
40,102359,-0.011200672015547752,,,
40,102364,-0.033173225820064545,,,
40,102369,-0.03210847079753876,,,
40,102374,-0.03611879423260689,,,
40,102379,-0.035992369055747986,,,
40,102384,-0.04317302256822586,,,
40,102389,-0.035942208021879196,,,
40,102394,-0.02524080127477646,,,
40,102399,-0.03466205298900604,,,
40,102404,-0.04194992035627365,,,
40,102409,-0.03672243282198906,,,
40,102414,-0.03115222044289112,,,
40,102419,-0.028422100469470024,,,
40,102424,-0.028667209669947624,,,
40,102429,-0.04480408504605293,,,
40,102434,-0.024685068055987358,,,
40,102439,-0.011169166304171085,,,
40,102444,-0.041644006967544556,,,
40,102449,-0.051033031195402145,,,
40,102454,-0.04680653661489487,,,
40,102459,-0.02864810824394226,,,
40,102464,-0.04640311375260353,,,
40,102469,-0.024984853342175484,,,
40,102474,-0.036669038236141205,,,
40,102479,-0.04255271703004837,,,
40,102484,-0.04153989255428314,,,
40,102489,-0.02793506532907486,,,
40,102494,-0.03921143710613251,,,
40,102499,-0.03753884136676788,,,
40,102499,,-0.023557191714644432,0.2957000136375427,0.5881326198577881
41,102504,-0.056694306433200836,,,
41,102509,-0.04170392453670502,,,
41,102514,-0.04314105212688446,,,
41,102519,-0.03319120779633522,,,
41,102524,-0.039940282702445984,,,
41,102529,-0.033797238022089005,,,
41,102534,-0.04310157895088196,,,
41,102539,-0.03066648170351982,,,
41,102544,-0.01023157313466072,,,
41,102549,-0.03909287601709366,,,
41,102554,-0.03509606048464775,,,
41,102559,-0.03671078383922577,,,
41,102564,-0.02998887374997139,,,
41,102569,-0.025877587497234344,,,
41,102574,-0.018629685044288635,,,
41,102579,-0.037224180996418,,,
41,102584,-0.04978499934077263,,,
41,102589,-0.03016974776983261,,,
41,102594,-0.04847443848848343,,,
41,102599,-0.03807569295167923,,,
41,102604,-0.03891310840845108,,,
41,102609,-0.029499564319849014,,,
41,102614,-0.05446071922779083,,,
41,102619,-0.03713078796863556,,,
41,102624,-0.03073444962501526,,,
41,102629,-0.024613026529550552,,,
41,102634,-0.028531692922115326,,,
41,102639,-0.03982721269130707,,,
41,102644,-0.05179423838853836,,,
41,102649,-0.05042996257543564,,,
41,102654,-0.04842117056250572,,,
41,102659,-0.04731530696153641,,,
41,102664,-0.037746183574199677,,,
41,102669,-0.03316891938447952,,,
41,102674,-0.035992879420518875,,,
41,102679,-0.03389444947242737,,,
41,102684,-0.010605445131659508,,,
41,102689,-0.039576828479766846,,,
41,102694,-0.02882281318306923,,,
41,102699,-0.03892255946993828,,,
41,102704,-0.05551522597670555,,,
41,102709,-0.03082449361681938,,,
41,102714,-0.030533021315932274,,,
41,102719,-0.02303570881485939,,,
41,102724,-0.028966423124074936,,,
41,102729,-0.038186248391866684,,,
41,102734,-0.03681153431534767,,,
41,102739,-0.03697158768773079,,,
41,102744,-0.04494447261095047,,,
41,102749,-0.03757726773619652,,,
41,102754,-0.01617572084069252,,,
41,102759,-0.02540140226483345,,,
41,102764,-0.04307042062282562,,,
41,102769,-0.029726240783929825,,,
41,102774,-0.037380658090114594,,,
41,102779,-0.03614683076739311,,,
41,102784,-0.0344318225979805,,,
41,102789,-0.046900346875190735,,,
41,102794,-0.03019329160451889,,,
41,102799,-0.025970466434955597,,,
41,102804,-0.042117562144994736,,,
41,102809,-0.03689058497548103,,,
41,102814,-0.014440127648413181,,,
41,102819,-0.03481711074709892,,,
41,102824,-0.02553805336356163,,,
41,102829,-0.03411337360739708,,,
41,102834,-0.03266721963882446,,,
41,102839,-0.039866816252470016,,,
41,102844,-0.03185805678367615,,,
41,102849,-0.040820829570293427,,,
41,102854,-0.04212754964828491,,,
41,102859,-0.041239939630031586,,,
41,102864,-0.04228086397051811,,,
41,102869,-0.05143778771162033,,,
41,102874,-0.02577679604291916,,,
41,102879,-0.044611893594264984,,,
41,102884,-0.03775946423411369,,,
41,102889,-0.030615348368883133,,,
41,102894,-0.038102470338344574,,,
41,102899,-0.03918951004743576,,,
41,102904,-0.04556918516755104,,,
41,102909,-0.02943025901913643,,,
41,102914,-0.03003978356719017,,,
41,102919,-0.04124591499567032,,,
41,102924,-0.04173910617828369,,,
41,102929,-0.03779970109462738,,,
41,102934,-0.03260519355535507,,,
41,102939,-0.035294756293296814,,,
41,102944,-0.03197415918111801,,,
41,102949,-0.041290655732154846,,,
41,102954,-0.027966732159256935,,,
41,102959,-0.029455263167619705,,,
41,102964,-0.03205530717968941,,,
41,102969,-0.04864104092121124,,,
41,102974,-0.034151747822761536,,,
41,102979,-0.026871036738157272,,,
41,102984,-0.026515016332268715,,,
41,102989,-0.022673921659588814,,,
41,102994,-0.03675595670938492,,,
41,102999,-0.038942210376262665,,,
41,103004,-0.030269647017121315,,,
41,103009,-0.025731686502695084,,,
41,103014,-0.04085469990968704,,,
41,103019,-0.03879658132791519,,,
41,103024,-0.041219137609004974,,,
41,103029,-0.027621757239103317,,,
41,103034,-0.0435824915766716,,,
41,103039,-0.02330799400806427,,,
41,103044,-0.03663530945777893,,,
41,103049,-0.03504148870706558,,,
41,103054,-0.04110374301671982,,,
41,103059,-0.03538895025849342,,,
41,103064,-0.007640349678695202,,,
41,103069,-0.041743841022253036,,,
41,103074,-0.02631598711013794,,,
41,103079,-0.047312915325164795,,,
41,103084,-0.04338424280285835,,,
41,103089,-0.036398813128471375,,,
41,103094,-0.011753815226256847,,,
41,103099,-0.03573807328939438,,,
41,103104,-0.028646234422922134,,,
41,103109,-0.04206804186105728,,,
41,103114,-0.03567937761545181,,,
41,103119,-0.03660588711500168,,,
41,103124,-0.038095660507678986,,,
41,103129,-0.040840648114681244,,,
41,103134,-0.03344334289431572,,,
41,103139,-0.039016228169202805,,,
41,103144,-0.03446353226900101,,,
41,103149,-0.032762013375759125,,,
41,103154,-0.05010458081960678,,,
41,103159,-0.021968185901641846,,,
41,103164,-0.04805535078048706,,,
41,103169,-0.03050905652344227,,,
41,103174,-0.05100984498858452,,,
41,103179,-0.031583692878484726,,,
41,103184,-0.04590287059545517,,,
41,103189,-0.023399770259857178,,,
41,103194,-0.04306858777999878,,,
41,103199,-0.049806445837020874,,,
41,103204,-0.03502943366765976,,,
41,103209,-0.036417536437511444,,,
41,103214,-0.03763362765312195,,,
41,103219,-0.0546046681702137,,,
41,103224,-0.05293843150138855,,,
41,103229,-0.032982196658849716,,,
41,103234,-0.04074595868587494,,,
41,103239,-0.02899821847677231,,,
41,103244,-0.04248342663049698,,,
41,103249,-0.029453182592988014,,,
41,103254,-0.03951135277748108,,,
41,103259,-0.019821852445602417,,,
41,103264,-0.04545454680919647,,,
41,103269,-0.048291947692632675,,,
41,103274,-0.015524493530392647,,,
41,103279,-0.031886279582977295,,,
41,103284,-0.026859797537326813,,,
41,103289,-0.02883896604180336,,,
41,103294,-0.03290136903524399,,,
41,103299,-0.051174648106098175,,,
41,103304,-0.035373520106077194,,,
41,103309,-0.03547540679574013,,,
41,103314,-0.03045276366174221,,,
41,103319,-0.021061759442090988,,,
41,103324,-0.033243171870708466,,,
41,103329,-0.03296270966529846,,,
41,103334,-0.05042197182774544,,,
41,103339,-0.030932623893022537,,,
41,103344,-0.018008682876825333,,,
41,103349,-0.021199315786361694,,,
41,103354,-0.039599135518074036,,,
41,103359,-0.018632598221302032,,,
41,103364,-0.05992555245757103,,,
41,103369,-0.05243314057588577,,,
41,103374,-0.04518987983465195,,,
41,103379,-0.04130427911877632,,,
41,103384,-0.018581343814730644,,,
41,103389,-0.03907548263669014,,,
41,103394,-0.03993305191397667,,,
41,103399,-0.04353302717208862,,,
41,103404,-0.045037418603897095,,,
41,103409,-0.0438392236828804,,,
41,103414,-0.0351376086473465,,,
41,103419,-0.023921998217701912,,,
41,103424,-0.03336697071790695,,,
41,103429,-0.03992600366473198,,,
41,103434,-0.04714493453502655,,,
41,103439,-0.04876893013715744,,,
41,103444,-0.024212762713432312,,,
41,103449,-0.05187574028968811,,,
41,103454,-0.04655446112155914,,,
41,103459,-0.004357547033578157,,,
41,103464,-0.045002203434705734,,,
41,103469,-0.02956175059080124,,,
41,103474,-0.04114817827939987,,,
41,103479,-0.04538411274552345,,,
41,103484,-0.04663589596748352,,,
41,103489,-0.04009193927049637,,,
41,103494,-0.03171440213918686,,,
41,103499,-0.056930720806121826,,,
41,103504,-0.03989226371049881,,,
41,103509,-0.038699910044670105,,,
41,103514,-0.03452175855636597,,,
41,103519,-0.04656007140874863,,,
41,103524,-0.037194132804870605,,,
41,103529,-0.009467456489801407,,,
41,103534,-0.035476505756378174,,,
41,103539,-0.04959981143474579,,,
41,103544,-0.038920361548662186,,,
41,103549,-0.03623846918344498,,,
41,103554,-0.03742736577987671,,,
41,103559,-0.042675115168094635,,,
41,103564,-0.036491625010967255,,,
41,103569,-0.04353616014122963,,,
41,103574,-0.030565045773983,,,
41,103579,-0.034086987376213074,,,
41,103584,-0.03805943951010704,,,
41,103589,-0.0375676304101944,,,
41,103594,-0.0536414310336113,,,
41,103599,-0.03753897547721863,,,
41,103604,-0.03429100662469864,,,
41,103609,-0.03585124388337135,,,
41,103614,-0.025262875482439995,,,
41,103619,-0.044800691306591034,,,
41,103624,-0.04245459660887718,,,
41,103629,-0.0505308173596859,,,
41,103634,-0.033419229090213776,,,
41,103639,-0.04125146567821503,,,
41,103644,-0.03887742757797241,,,
41,103649,-0.024114666506648064,,,
41,103654,-0.022473972290754318,,,
41,103659,-0.03581959754228592,,,
41,103664,-0.03209275007247925,,,
41,103669,-0.03290758281946182,,,
41,103674,-0.03733294457197189,,,
41,103679,-0.04604138433933258,,,
41,103684,-0.03915068134665489,,,
41,103689,-0.03619232773780823,,,
41,103694,-0.027827924117445946,,,
41,103699,-0.04077315330505371,,,
41,103704,-0.028096914291381836,,,
41,103709,-0.02474198304116726,,,
41,103714,-0.03458628058433533,,,
41,103719,-0.03815949708223343,,,
41,103724,-0.022755149751901627,,,
41,103729,-0.036307960748672485,,,
41,103734,-0.04329686239361763,,,
41,103739,-0.04035191237926483,,,
41,103744,-0.037661924958229065,,,
41,103749,-0.04320594295859337,,,
41,103754,-0.04514344036579132,,,
41,103759,-0.056555889546871185,,,
41,103764,-0.03286385163664818,,,
41,103769,-0.050827108323574066,,,
41,103774,-0.041308894753456116,,,
41,103779,-0.04322485253214836,,,
41,103784,-0.05072162300348282,,,
41,103789,-0.04250619560480118,,,
41,103794,-0.020692579448223114,,,
41,103799,-0.01729690469801426,,,
41,103804,-0.037447988986968994,,,
41,103809,-0.03473164141178131,,,
41,103814,-0.02953607402741909,,,
41,103819,-0.03544609248638153,,,
41,103824,-0.03387231007218361,,,
41,103829,-0.041092049330472946,,,
41,103834,-0.042550962418317795,,,
41,103839,-0.05402640998363495,,,
41,103844,-0.035838041454553604,,,
41,103849,-0.04928441345691681,,,
41,103854,-0.017237655818462372,,,
41,103859,-0.05264341086149216,,,
41,103864,-0.030938221141695976,,,
41,103869,-0.042817823588848114,,,
41,103874,-0.056404948234558105,,,
41,103879,-0.02863170951604843,,,
41,103884,-0.02527603879570961,,,
41,103889,-0.046175193041563034,,,
41,103894,-0.036632999777793884,,,
41,103899,-0.04113096743822098,,,
41,103904,-0.043732527643442154,,,
41,103909,-0.03677945211529732,,,
41,103914,-0.04790264368057251,,,
41,103919,-0.032581865787506104,,,
41,103924,-0.050068121403455734,,,
41,103929,-0.02397511899471283,,,
41,103934,-0.04263850301504135,,,
41,103939,-0.0367765948176384,,,
41,103944,-0.03293926641345024,,,
41,103949,-0.03283343464136124,,,
41,103954,-0.04105749726295471,,,
41,103959,-0.04429681971669197,,,
41,103964,-0.03238304704427719,,,
41,103969,-0.010262788273394108,,,
41,103974,-0.019699353724718094,,,
41,103979,-0.03163141757249832,,,
41,103984,-0.04074684530496597,,,
41,103989,-0.0541137233376503,,,
41,103994,-0.023505520075559616,,,
41,103999,-0.03679564222693443,,,
41,104004,-0.04186513274908066,,,
41,104009,-0.032274216413497925,,,
41,104014,-0.029737401753664017,,,
41,104019,-0.027184084057807922,,,
41,104024,-0.04039159417152405,,,
41,104029,-0.038947634398937225,,,
41,104034,-0.04048490896821022,,,
41,104039,-0.038179490715265274,,,
41,104044,-0.045340389013290405,,,
41,104049,-0.051159974187612534,,,
41,104054,-0.04607342183589935,,,
41,104059,-0.03699895739555359,,,
41,104064,-0.03397948667407036,,,
41,104069,-0.047946732491254807,,,
41,104074,-0.03461872413754463,,,
41,104079,-0.028073148801922798,,,
41,104084,-0.04681730270385742,,,
41,104089,-0.03330879285931587,,,
41,104094,-0.025542935356497765,,,
41,104099,-0.03687456250190735,,,
41,104104,-0.028431694954633713,,,
41,104109,-0.040382008999586105,,,
41,104114,-0.02337782457470894,,,
41,104119,-0.04130144789814949,,,
41,104124,-0.03340525925159454,,,
41,104129,-0.007834074087440968,,,
41,104134,-0.044149164110422134,,,
41,104139,-0.0345739871263504,,,
41,104144,-0.024230560287833214,,,
41,104149,-0.03186934441328049,,,
41,104154,-0.031217120587825775,,,
41,104159,-0.026606619358062744,,,
41,104164,-0.030384842306375504,,,
41,104169,-0.041598059237003326,,,
41,104174,-0.042965203523635864,,,
41,104179,-0.02655087038874626,,,
41,104184,-0.02918544039130211,,,
41,104189,-0.032507237046957016,,,
41,104194,-0.037414390593767166,,,
41,104199,-0.05749905854463577,,,
41,104204,-0.04092840105295181,,,
41,104209,-0.03379122540354729,,,
41,104214,-0.022064626216888428,,,
41,104219,-0.029522979632019997,,,
41,104224,-0.043540798127651215,,,
41,104229,-0.02470383234322071,,,
41,104234,-0.03553023189306259,,,
41,104239,-0.0437086820602417,,,
41,104244,-0.04425957053899765,,,
41,104249,-0.03248823806643486,,,
41,104254,-0.04772251099348068,,,
41,104259,-0.037858907133340836,,,
41,104264,-0.04541773721575737,,,
41,104269,-0.029742572456598282,,,
41,104274,-0.039681293070316315,,,
41,104279,-0.04588213562965393,,,
41,104284,-0.032926980406045914,,,
41,104289,-0.05218645930290222,,,
41,104294,-0.03905689716339111,,,
41,104299,-0.043420981615781784,,,
41,104304,-0.032880570739507675,,,
41,104309,-0.018460383638739586,,,
41,104314,-0.036014851182699203,,,
41,104319,-0.03485240414738655,,,
41,104324,-0.021696290001273155,,,
41,104329,-0.04686949402093887,,,
41,104334,-0.04779118299484253,,,
41,104339,-0.027959898114204407,,,
41,104344,-0.05878685787320137,,,
41,104349,-0.028713582083582878,,,
41,104354,-0.033877093344926834,,,
41,104359,-0.03271464630961418,,,
41,104364,-0.027849949896335602,,,
41,104369,-0.02790769562125206,,,
41,104374,-0.03861657530069351,,,
41,104379,-0.03435192257165909,,,
41,104384,-0.0244516059756279,,,
41,104389,-0.04400458559393883,,,
41,104394,-0.03232228755950928,,,
41,104399,-0.03696782886981964,,,
41,104404,-0.06118776276707649,,,
41,104409,-0.002624685876071453,,,
41,104414,-0.01821267604827881,,,
41,104419,-0.031854283064603806,,,
41,104424,-0.018485834822058678,,,
41,104429,-0.046524301171302795,,,
41,104434,-0.04909529536962509,,,
41,104439,-0.04059937596321106,,,
41,104444,-0.029404068365693092,,,
41,104449,-0.031228311359882355,,,
41,104454,-0.0435875803232193,,,
41,104459,-0.03554409742355347,,,
41,104464,-0.04314873367547989,,,
41,104469,-0.04671432822942734,,,
41,104474,-0.04163040220737457,,,
41,104479,-0.022335631772875786,,,
41,104484,-0.04719770327210426,,,
41,104489,-0.0006379876285791397,,,
41,104494,-0.0416666641831398,,,
41,104499,-0.03704427182674408,,,
41,104504,-0.038089580833911896,,,
41,104509,-0.04124453291296959,,,
41,104514,-0.03226787596940994,,,
41,104519,-0.04201383888721466,,,
41,104524,-0.03571459650993347,,,
41,104529,-0.053356513381004333,,,
41,104534,-0.034149184823036194,,,
41,104539,-0.026896290481090546,,,
41,104544,-0.04603208974003792,,,
41,104549,-0.06431303173303604,,,
41,104554,-0.02584136463701725,,,
41,104559,-0.034054238349199295,,,
41,104564,-0.04362291470170021,,,
41,104569,-0.05414784699678421,,,
41,104574,-0.0291072316467762,,,
41,104579,-0.036171067506074905,,,
41,104584,-0.04337390512228012,,,
41,104589,-0.03893914818763733,,,
41,104594,-0.02808615192770958,,,
41,104599,-0.025718621909618378,,,
41,104604,-0.03546755760908127,,,
41,104609,-0.056293223053216934,,,
41,104614,-0.038676030933856964,,,
41,104619,-0.028621044009923935,,,
41,104624,-0.034539707005023956,,,
41,104629,-0.0495537593960762,,,
41,104634,-0.04629267752170563,,,
41,104639,-0.017496611922979355,,,
41,104644,-0.04301673173904419,,,
41,104649,-0.04132778197526932,,,
41,104654,-0.04570559412240982,,,
41,104659,-0.03900143876671791,,,
41,104664,-0.037594884634017944,,,
41,104669,-0.040625736117362976,,,
41,104674,-0.04391512647271156,,,
41,104679,-0.019322175532579422,,,
41,104684,-0.012742607854306698,,,
41,104689,-0.03355417028069496,,,
41,104694,-0.029437869787216187,,,
41,104699,-0.04872424900531769,,,
41,104704,-0.012501446530222893,,,
41,104709,-0.05292278155684471,,,
41,104714,-0.03837033361196518,,,
41,104719,-0.007324406877160072,,,
41,104724,-0.04141298681497574,,,
41,104729,-0.028507189825177193,,,
41,104734,-0.03616926074028015,,,
41,104739,-0.05201800912618637,,,
41,104744,-0.035544510930776596,,,
41,104749,-0.04401332139968872,,,
41,104754,-0.030482713133096695,,,
41,104759,-0.04532449692487717,,,
41,104764,-0.05436598137021065,,,
41,104769,-0.04227627441287041,,,
41,104774,-0.051082026213407516,,,
41,104779,-0.033974215388298035,,,
41,104784,-0.036007508635520935,,,
41,104789,-0.049009159207344055,,,
41,104794,-0.04377351701259613,,,
41,104799,-0.03614569455385208,,,
41,104804,-0.03765179216861725,,,
41,104809,-0.01814417541027069,,,
41,104814,-0.031072372570633888,,,
41,104819,-0.04677606746554375,,,
41,104824,-0.05200086534023285,,,
41,104829,-0.032239239662885666,,,
41,104834,0.012215636670589447,,,
41,104839,-0.040101874619722366,,,
41,104844,-0.008710326626896858,,,
41,104849,-0.040111057460308075,,,
41,104854,-0.03558871150016785,,,
41,104859,-0.04358319193124771,,,
41,104864,-0.050847481936216354,,,
41,104869,-0.04800166189670563,,,
41,104874,-0.04361853003501892,,,
41,104879,-0.04633960872888565,,,
41,104884,-0.04797704517841339,,,
41,104889,-0.046157579869031906,,,
41,104894,-0.02012046054005623,,,
41,104899,-0.03510560095310211,,,
41,104904,-0.03229644149541855,,,
41,104909,-0.022777210921049118,,,
41,104914,-0.038143984973430634,,,
41,104919,-0.027147095650434494,,,
41,104924,-0.031153330579400063,,,
41,104929,-0.05041123181581497,,,
41,104934,-0.041052307933568954,,,
41,104939,-0.05442209541797638,,,
41,104944,-0.04386255517601967,,,
41,104949,-0.038752518594264984,,,
41,104954,-0.030039053410291672,,,
41,104959,-0.027738306671380997,,,
41,104964,-0.04501400142908096,,,
41,104969,-0.021140705794095993,,,
41,104974,-0.0013421578332781792,,,
41,104979,-0.033296599984169006,,,
41,104984,-0.03464356064796448,,,
41,104989,-0.042945437133312225,,,
41,104994,-0.029322735965251923,,,
41,104999,-0.03580162301659584,,,
41,104999,,-0.02326802909374237,0.2892000079154968,0.6001666188240051
42,105004,-0.04091939330101013,,,
42,105009,-0.01908305659890175,,,
42,105014,-0.041479624807834625,,,
42,105019,-0.0402827113866806,,,
42,105024,-0.037189848721027374,,,
42,105029,-0.0454569086432457,,,
42,105034,-0.025338133797049522,,,
42,105039,-0.028994666412472725,,,
42,105044,-0.034924305975437164,,,
42,105049,-0.042986880987882614,,,
42,105054,-0.037927329540252686,,,
42,105059,-0.034695833921432495,,,
42,105064,-0.024394571781158447,,,
42,105069,-0.050425682216882706,,,
42,105074,-0.035939428955316544,,,
42,105079,-0.030873004347085953,,,
42,105084,-0.04375359043478966,,,
42,105089,-0.03388502448797226,,,
42,105094,-0.04640362039208412,,,
42,105099,-0.03386124223470688,,,
42,105104,-0.057175636291503906,,,
42,105109,-0.04071306437253952,,,
42,105114,-0.029652148485183716,,,
42,105119,-0.03343595564365387,,,
42,105124,-0.039003316313028336,,,
42,105129,-0.03495959937572479,,,
42,105134,-0.0330982580780983,,,
42,105139,-0.028327995911240578,,,
42,105144,-0.02477092854678631,,,
42,105149,-0.03895440697669983,,,
42,105154,-0.03959795832633972,,,
42,105159,-0.04479461908340454,,,
42,105164,0.05536842718720436,,,
42,105169,-0.04267973452806473,,,
42,105174,-0.03665032237768173,,,
42,105179,-0.03341133892536163,,,
42,105184,-0.05548901855945587,,,
42,105189,-0.039090000092983246,,,
42,105194,-0.031197618693113327,,,
42,105199,-0.030434317886829376,,,
42,105204,-0.02650686353445053,,,
42,105209,-0.03617040067911148,,,
42,105214,-0.03737310692667961,,,
42,105219,-0.03648454323410988,,,
42,105224,-0.031376034021377563,,,
42,105229,-0.0420585535466671,,,
42,105234,-0.019127847626805305,,,
42,105239,-0.0370137095451355,,,
42,105244,-0.0221841000020504,,,
42,105249,-0.0403834730386734,,,
42,105254,-0.01952992007136345,,,
42,105259,-0.04695770889520645,,,
42,105264,-0.04305464029312134,,,
42,105269,-0.016494549810886383,,,
42,105274,-0.03696635365486145,,,
42,105279,-0.038434725254774094,,,
42,105284,-0.03856403008103371,,,
42,105289,-0.03672906011343002,,,
42,105294,-0.041762515902519226,,,
42,105299,-0.027845259755849838,,,
42,105304,-0.033615246415138245,,,
42,105309,-0.014513524249196053,,,
42,105314,-0.03580489009618759,,,
42,105319,-0.045969076454639435,,,
42,105324,-0.02616894617676735,,,
42,105329,-0.0360332615673542,,,
42,105334,-0.015191201120615005,,,
42,105339,-0.04184238240122795,,,
42,105344,-0.046356379985809326,,,
42,105349,-0.043006934225559235,,,
42,105354,-0.04356319457292557,,,
42,105359,-0.04904469847679138,,,
42,105364,-0.05234598368406296,,,
42,105369,-0.04304613918066025,,,
42,105374,-0.03609444573521614,,,
42,105379,-0.03360293060541153,,,
42,105384,-0.02997058629989624,,,
42,105389,-0.03937561437487602,,,
42,105394,-0.0318446084856987,,,
42,105399,-0.029178287833929062,,,
42,105404,-0.03548504039645195,,,
42,105409,-0.024806607514619827,,,
42,105414,-0.04560774564743042,,,
42,105419,-0.04746630787849426,,,
42,105424,-0.04658741503953934,,,
42,105429,-0.0421135313808918,,,
42,105434,-0.03622322529554367,,,
42,105439,-0.027063027024269104,,,
42,105444,-0.04479658231139183,,,
42,105449,-0.02185862325131893,,,
42,105454,-0.02871011570096016,,,
42,105459,-0.028962649405002594,,,
42,105464,-0.035182494670152664,,,
42,105469,-0.043016694486141205,,,
42,105474,-0.040576014667749405,,,
42,105479,-0.04518113285303116,,,
42,105484,-0.043648913502693176,,,
42,105489,-0.02789534255862236,,,
42,105494,-0.04664495959877968,,,
42,105499,-0.028338439762592316,,,
42,105504,-0.018021875992417336,,,
42,105509,-0.04454377293586731,,,
42,105514,-0.029170453548431396,,,
42,105519,-0.044308654963970184,,,
42,105524,-0.0485236831009388,,,
42,105529,-0.05349289998412132,,,
42,105534,-0.026179717853665352,,,
42,105539,-0.03758915513753891,,,
42,105544,-0.031344007700681686,,,
42,105549,-0.023352056741714478,,,
42,105554,-0.043921902775764465,,,
42,105559,-0.030729718506336212,,,
42,105564,-0.0353209525346756,,,
42,105569,-0.03581758588552475,,,
42,105574,-0.026881739497184753,,,
42,105579,-0.033542439341545105,,,
42,105584,-0.031166519969701767,,,
42,105589,-0.03438986837863922,,,
42,105594,-0.02191997691988945,,,
42,105599,-0.04003411531448364,,,
42,105604,-0.02901393175125122,,,
42,105609,-0.027279352769255638,,,
42,105614,-0.042317867279052734,,,
42,105619,-0.04460957646369934,,,
42,105624,-0.026761211454868317,,,
42,105629,-0.025601986795663834,,,
42,105634,-0.04232560098171234,,,
42,105639,-0.04448986053466797,,,
42,105644,-0.03788074851036072,,,
42,105649,-0.025808611884713173,,,
42,105654,-0.02336854301393032,,,
42,105659,-0.030246516689658165,,,
42,105664,-0.03138428181409836,,,
42,105669,-0.05286282300949097,,,
42,105674,-0.04727265238761902,,,
42,105679,-0.043595828115940094,,,
42,105684,-0.0278562493622303,,,
42,105689,-0.04261722415685654,,,
42,105694,-0.021081749349832535,,,
42,105699,-0.019717339426279068,,,
42,105704,-0.03675110638141632,,,
42,105709,-0.04001796245574951,,,
42,105714,-0.03300147503614426,,,
42,105719,-0.04355711489915848,,,
42,105724,-0.04360292851924896,,,
42,105729,-0.03261089697480202,,,
42,105734,-0.025883015245199203,,,
42,105739,-0.026804178953170776,,,
42,105744,-0.038652144372463226,,,
42,105749,-0.02753152698278427,,,
42,105754,-0.035568829625844955,,,
42,105759,-0.03458213806152344,,,
42,105764,-0.030298598110675812,,,
42,105769,-0.031665291637182236,,,
42,105774,-0.011822095140814781,,,
42,105779,-0.03982009366154671,,,
42,105784,-0.04834651201963425,,,
42,105789,-0.037018097937107086,,,
42,105794,-0.04375835508108139,,,
42,105799,-0.035346221178770065,,,
42,105804,-0.04117511212825775,,,
42,105809,-0.04188987612724304,,,
42,105814,-0.03009386546909809,,,
42,105819,-0.03583216667175293,,,
42,105824,-0.039677783846855164,,,
42,105829,-0.019081292673945427,,,
42,105834,-0.04069411754608154,,,
42,105839,-0.03515414521098137,,,
42,105844,-0.045594777911901474,,,
42,105849,-0.04645007848739624,,,
42,105854,-0.024471109732985497,,,
42,105859,-0.034089088439941406,,,
42,105864,-0.023915022611618042,,,
42,105869,-0.04601416736841202,,,
42,105874,-0.03202139958739281,,,
42,105879,-0.01914006471633911,,,
42,105884,-0.04011343792080879,,,
42,105889,-0.058865368366241455,,,
42,105894,-0.037590235471725464,,,
42,105899,-0.04510257765650749,,,
42,105904,-0.058860525488853455,,,
42,105909,-0.046578310430049896,,,
42,105914,-0.04285329207777977,,,
42,105919,-0.05358192324638367,,,
42,105924,-0.04778825491666794,,,
42,105929,-0.0421471931040287,,,
42,105934,-0.03122848831117153,,,
42,105939,-0.05038890242576599,,,
42,105944,-0.034713394939899445,,,
42,105949,-0.033456239849328995,,,
42,105954,-0.01877491921186447,,,
42,105959,-0.03224565461277962,,,
42,105964,-0.03698471188545227,,,
42,105969,-0.032232191413640976,,,
42,105974,-0.043174128979444504,,,
42,105979,-0.02732737734913826,,,
42,105984,-0.03805536776781082,,,
42,105989,-0.04257112741470337,,,
42,105994,-0.035503990948200226,,,
42,105999,-0.04365186020731926,,,
42,106004,-0.0341549813747406,,,
42,106009,-0.03247174993157387,,,
42,106014,-0.03477419167757034,,,
42,106019,-0.014806370250880718,,,
42,106024,-0.04817228391766548,,,
42,106029,-0.042037270963191986,,,
42,106034,-0.020183052867650986,,,
42,106039,-0.04649278149008751,,,
42,106044,-0.028495576232671738,,,
42,106049,-0.0365554504096508,,,
42,106054,-0.011667134240269661,,,
42,106059,-0.03215686231851578,,,
42,106064,-0.022526755928993225,,,
42,106069,-0.04275071620941162,,,
42,106074,-0.03637789562344551,,,
42,106079,-0.033562250435352325,,,
42,106084,-0.03086869791150093,,,
42,106089,-0.014044087380170822,,,
42,106094,-0.04655515402555466,,,
42,106099,-0.04316798225045204,,,
42,106104,-0.05664162337779999,,,
42,106109,-0.05318089574575424,,,
42,106114,-0.03496465086936951,,,
42,106119,-0.045779354870319366,,,
42,106124,-0.031889475882053375,,,
42,106129,-0.036176614463329315,,,
42,106134,-0.0362296923995018,,,
42,106139,-0.025644149631261826,,,
42,106144,-0.038907602429389954,,,
42,106149,-0.030285796150565147,,,
42,106154,-0.04471629858016968,,,
42,106159,-0.04669761285185814,,,
42,106164,-0.02771269530057907,,,
42,106169,-0.0362740196287632,,,
42,106174,-0.040388450026512146,,,
42,106179,-0.04507247358560562,,,
42,106184,-0.02786623314023018,,,
42,106189,-0.03148171305656433,,,
42,106194,-0.025100434198975563,,,
42,106199,-0.054664239287376404,,,
42,106204,-0.027918845415115356,,,
42,106209,-0.03919229656457901,,,
42,106214,-0.04146517813205719,,,
42,106219,-0.02235632948577404,,,
42,106224,-0.023006176576018333,,,
42,106229,-0.02425541542470455,,,
42,106234,-0.026865597814321518,,,
42,106239,-0.03949033468961716,,,
42,106244,-0.027624960988759995,,,
42,106249,-0.03594718873500824,,,
42,106254,-0.03360024467110634,,,
42,106259,-0.035318274050951004,,,
42,106264,-0.03551297262310982,,,
42,106269,-0.03064432367682457,,,
42,106274,-0.03623421490192413,,,
42,106279,-0.028441036120057106,,,
42,106284,-0.017787231132388115,,,
42,106289,-0.03405433148145676,,,
42,106294,-0.032359518110752106,,,
42,106299,-0.04855211079120636,,,
42,106304,-0.043012622743844986,,,
42,106309,-0.03553326055407524,,,
42,106314,-0.008799707517027855,,,
42,106319,-0.01370224729180336,,,
42,106324,-0.04710890352725983,,,
42,106329,-0.044073402881622314,,,
42,106334,-0.026840196922421455,,,
42,106339,-0.03219855576753616,,,
42,106344,-0.03244347125291824,,,
42,106349,-0.028870465233922005,,,
42,106354,-0.036183807998895645,,,
42,106359,-0.032135091722011566,,,
42,106364,-0.04461628571152687,,,
42,106369,-0.040237993001937866,,,
42,106374,-0.04702148959040642,,,
42,106379,-0.031210316345095634,,,
42,106384,-0.018722545355558395,,,
42,106389,-0.027855461463332176,,,
42,106394,-0.03251325339078903,,,
42,106399,-0.019719593226909637,,,
42,106404,-0.04421539977192879,,,
42,106409,-0.03456840664148331,,,
42,106414,-0.035973213613033295,,,
42,106419,-0.030861428007483482,,,
42,106424,-0.05138047784566879,,,
42,106429,-0.026636114344000816,,,
42,106434,-0.013095641508698463,,,
42,106439,-0.055686578154563904,,,
42,106444,-0.025583971291780472,,,
42,106449,-0.04076753556728363,,,
42,106454,-0.03488306328654289,,,
42,106459,-0.01812250353395939,,,
42,106464,-0.054306551814079285,,,
42,106469,-0.04761851206421852,,,
42,106474,-0.046876173466444016,,,
42,106479,-0.040675364434719086,,,
42,106484,-0.05568622797727585,,,
42,106489,-0.036903999745845795,,,
42,106494,-0.04146479815244675,,,
42,106499,-0.051560647785663605,,,
42,106504,-0.03701919689774513,,,
42,106509,-0.040094032883644104,,,
42,106514,-0.03288838267326355,,,
42,106519,-0.04311390593647957,,,
42,106524,-0.03813549131155014,,,
42,106529,-0.02820000797510147,,,
42,106534,-0.03848890960216522,,,
42,106539,-0.03752958029508591,,,
42,106544,-0.03876463696360588,,,
42,106549,-0.046054936945438385,,,
42,106554,-0.04117395356297493,,,
42,106559,-0.026629867032170296,,,
42,106564,-0.041775234043598175,,,
42,106569,-0.029172493144869804,,,
42,106574,-0.03973006084561348,,,
42,106579,-0.03564254194498062,,,
42,106584,-0.037990495562553406,,,
42,106589,-0.03499532490968704,,,
42,106594,-0.04651113227009773,,,
42,106599,-0.020259417593479156,,,
42,106604,-0.02461940050125122,,,
42,106609,-0.012981950305402279,,,
42,106614,-0.020696310326457024,,,
42,106619,-0.0349983386695385,,,
42,106624,-0.02551375702023506,,,
42,106629,-0.04603895545005798,,,
42,106634,-0.040222473442554474,,,
42,106639,-0.04581970348954201,,,
42,106644,-0.023252636194229126,,,
42,106649,-0.03922584652900696,,,
42,106654,-0.04739607870578766,,,
42,106659,-0.04592438042163849,,,
42,106664,-0.028904493898153305,,,
42,106669,-0.03165171667933464,,,
42,106674,-0.046680983155965805,,,
42,106679,-0.03318113088607788,,,
42,106684,-0.03273216262459755,,,
42,106689,-0.042523402720689774,,,
42,106694,-0.03724975511431694,,,
42,106699,-0.0441141203045845,,,
42,106704,-0.03767089918255806,,,
42,106709,-0.03287500888109207,,,
42,106714,-0.04299422353506088,,,
42,106719,-0.03795310854911804,,,
42,106724,-0.04493432119488716,,,
42,106729,-0.044659920036792755,,,
42,106734,-0.03325086086988449,,,
42,106739,-0.03746112063527107,,,
42,106744,-0.026911072432994843,,,
42,106749,-0.029939042404294014,,,
42,106754,-0.050016384571790695,,,
42,106759,-0.027974987402558327,,,
42,106764,-0.043176691979169846,,,
42,106769,-0.039680950343608856,,,
42,106774,-0.0486752912402153,,,
42,106779,-0.03068653866648674,,,
42,106784,-0.03643953055143356,,,
42,106789,-0.02566145732998848,,,
42,106794,-0.05288755148649216,,,
42,106799,-0.02778628282248974,,,
42,106804,-0.022074878215789795,,,
42,106809,-0.051009781658649445,,,
42,106814,-0.04267572611570358,,,
42,106819,-0.03852364793419838,,,
42,106824,-0.028367048129439354,,,
42,106829,-0.04527217522263527,,,
42,106834,-0.023003779351711273,,,
42,106839,-0.03698372840881348,,,
42,106844,-0.022256355732679367,,,
42,106849,-0.02949347160756588,,,
42,106854,-0.034308262169361115,,,
42,106859,-0.039953187108039856,,,
42,106864,-0.04319702088832855,,,
42,106869,-0.048337846994400024,,,
42,106874,-0.04461009055376053,,,
42,106879,-0.04080422222614288,,,
42,106884,-0.03281350061297417,,,
42,106889,-0.03371145948767662,,,
42,106894,-0.04325006157159805,,,
42,106899,-0.040319863706827164,,,
42,106904,-0.03765364736318588,,,
42,106909,-0.02660091035068035,,,
42,106914,-0.05028180778026581,,,
42,106919,-0.043980859220027924,,,
42,106924,-0.04903371259570122,,,
42,106929,-0.04906465485692024,,,
42,106934,-0.03790902718901634,,,
42,106939,-0.04249987006187439,,,
42,106944,-0.025988267734646797,,,
42,106949,-0.04410668835043907,,,
42,106954,-0.05067267641425133,,,
42,106959,-0.021692225709557533,,,
42,106964,-0.02230345830321312,,,
42,106969,-0.03709779679775238,,,
42,106974,-0.027689356356859207,,,
42,106979,-0.04829053208231926,,,
42,106984,-0.04393710568547249,,,
42,106989,-0.01921728253364563,,,
42,106994,-0.043234601616859436,,,
42,106999,-0.032368019223213196,,,
42,107004,-0.021782392635941505,,,
42,107009,-0.04426468163728714,,,
42,107014,-0.03533977270126343,,,
42,107019,-0.06418254971504211,,,
42,107024,-0.03747764974832535,,,
42,107029,-0.037685245275497437,,,
42,107034,-0.036745212972164154,,,
42,107039,-0.03893744945526123,,,
42,107044,-0.029926329851150513,,,
42,107049,-0.0266164131462574,,,
42,107054,-0.03790034353733063,,,
42,107059,-0.02805405855178833,,,
42,107064,-0.03574738651514053,,,
42,107069,-0.027885019779205322,,,
42,107074,-0.04631645977497101,,,
42,107079,-0.03940269723534584,,,
42,107084,-0.050393085926771164,,,
42,107089,-0.045332275331020355,,,
42,107094,-0.058842733502388,,,
42,107099,-0.025790417566895485,,,
42,107104,-0.04001440852880478,,,
42,107109,-0.023436948657035828,,,
42,107114,-0.04634126275777817,,,
42,107119,-0.022942323237657547,,,
42,107124,-0.02876485511660576,,,
42,107129,-0.018626026809215546,,,
42,107134,-0.02364492043852806,,,
42,107139,-0.03813982009887695,,,
42,107144,-0.03724634647369385,,,
42,107149,-0.04231450706720352,,,
42,107154,-0.0404495894908905,,,
42,107159,-0.01606500707566738,,,
42,107164,-0.02601546049118042,,,
42,107169,-0.048202045261859894,,,
42,107174,-0.03408778831362724,,,
42,107179,-0.048666857182979584,,,
42,107184,-0.050761278718709946,,,
42,107189,-0.016604479402303696,,,
42,107194,-0.03138143569231033,,,
42,107199,-0.036546215415000916,,,
42,107204,-0.043320219963788986,,,
42,107209,-0.04252489656209946,,,
42,107214,-0.03966757655143738,,,
42,107219,-0.03691741079092026,,,
42,107224,-0.03289908170700073,,,
42,107229,-0.0337921604514122,,,
42,107234,-0.0293293260037899,,,
42,107239,-0.04382497817277908,,,
42,107244,-0.04657717049121857,,,
42,107249,-0.045088302344083786,,,
42,107254,-0.05122097581624985,,,
42,107259,-0.035386763513088226,,,
42,107264,-0.03246783837676048,,,
42,107269,-0.03518754988908768,,,
42,107274,-0.008207660168409348,,,
42,107279,-0.04250220209360123,,,
42,107284,-0.03281823545694351,,,
42,107289,-0.02089419588446617,,,
42,107294,-0.04300326108932495,,,
42,107299,-0.03489341959357262,,,
42,107304,-0.02476508356630802,,,
42,107309,-0.034754786640405655,,,
42,107314,-0.041929103434085846,,,
42,107319,-0.04739003628492355,,,
42,107324,-0.042960796505212784,,,
42,107329,-0.039637524634599686,,,
42,107334,-0.02539720945060253,,,
42,107339,-0.036883242428302765,,,
42,107344,-0.015447316691279411,,,
42,107349,-0.04061499983072281,,,
42,107354,-0.04710531234741211,,,
42,107359,-0.041112080216407776,,,
42,107364,-0.01910116896033287,,,
42,107369,-0.03535745292901993,,,
42,107374,-0.046738699078559875,,,
42,107379,-0.049941614270210266,,,
42,107384,-0.016130847856402397,,,
42,107389,-0.017044801265001297,,,
42,107394,-0.04979834333062172,,,
42,107399,-0.06376040726900101,,,
42,107404,-0.0327865332365036,,,
42,107409,-0.027107996866106987,,,
42,107414,-0.03823980689048767,,,
42,107419,-0.017648018896579742,,,
42,107424,-0.04596005007624626,,,
42,107429,-0.03803671523928642,,,
42,107434,-0.028768138960003853,,,
42,107439,-0.027908235788345337,,,
42,107444,-0.05723370611667633,,,
42,107449,-0.03842628747224808,,,
42,107454,-0.03930669277906418,,,
42,107459,-0.041062094271183014,,,
42,107464,-0.021455414593219757,,,
42,107469,-0.027653243392705917,,,
42,107474,-0.030571769922971725,,,
42,107479,-0.0353916771709919,,,
42,107484,-0.03738519549369812,,,
42,107489,-0.03562100604176521,,,
42,107494,-0.034221306443214417,,,
42,107499,-0.03319597244262695,,,
42,107499,,-0.025539996102452278,0.3100000023841858,0.6112282872200012
43,107504,-0.012632160447537899,,,
43,107509,-0.04391321539878845,,,
43,107514,-0.04289025068283081,,,
43,107519,-0.038096994161605835,,,
43,107524,-0.04253849387168884,,,
43,107529,-0.038306429982185364,,,
43,107534,-0.04442482069134712,,,
43,107539,-0.04016941785812378,,,
43,107544,-0.027533281594514847,,,
43,107549,-0.028383342549204826,,,
43,107554,-0.03806079924106598,,,
43,107559,-0.028460059314966202,,,
43,107564,-0.044727686792612076,,,
43,107569,-0.037715937942266464,,,
43,107574,-0.03655020147562027,,,
43,107579,-0.03803318366408348,,,
43,107584,-0.02368077076971531,,,
43,107589,-0.03086906671524048,,,
43,107594,-0.03161441534757614,,,
43,107599,-0.02929241582751274,,,
43,107604,-0.04099743068218231,,,
43,107609,-0.03666970878839493,,,
43,107614,-0.04031290113925934,,,
43,107619,-0.04056040942668915,,,
43,107624,-0.05070427060127258,,,
43,107629,-0.03509475663304329,,,
43,107634,-0.03648149222135544,,,
43,107639,-0.014336900785565376,,,
43,107644,-0.021431133151054382,,,
43,107649,-0.03727572411298752,,,
43,107654,-0.024159755557775497,,,
43,107659,-0.030927883461117744,,,
43,107664,-0.03194844722747803,,,
43,107669,-0.02747003547847271,,,
43,107674,-0.047458112239837646,,,
43,107679,-0.030100516974925995,,,
43,107684,-0.04346705228090286,,,
43,107689,-0.04498248174786568,,,
43,107694,-0.01904831826686859,,,
43,107699,-0.04301311820745468,,,
43,107704,-0.03169669210910797,,,
43,107709,-0.05053572356700897,,,
43,107714,-0.031296201050281525,,,
43,107719,-0.055782150477170944,,,
43,107724,-0.025104662403464317,,,
43,107729,-0.049288854002952576,,,
43,107734,-0.03735800087451935,,,
43,107739,-0.03254808485507965,,,
43,107744,-0.01742556318640709,,,
43,107749,-0.033394619822502136,,,
43,107754,-0.030499543994665146,,,
43,107759,-0.026362907141447067,,,
43,107764,-0.02848079800605774,,,
43,107769,-0.026171157136559486,,,
43,107774,-0.030688483268022537,,,
43,107779,-0.03876965492963791,,,
43,107784,-0.04182863235473633,,,
43,107789,-0.03782788664102554,,,
43,107794,-0.035848721861839294,,,
43,107799,-0.0391954742372036,,,
43,107804,-0.03317893669009209,,,
43,107809,-0.031474508345127106,,,
43,107814,-0.04155990853905678,,,
43,107819,-0.03334026783704758,,,
43,107824,-0.02221575751900673,,,
43,107829,-0.030633391812443733,,,
43,107834,-0.043355152010917664,,,
43,107839,-0.04743179678916931,,,
43,107844,-0.016193199902772903,,,
43,107849,-0.03192949295043945,,,
43,107854,-0.0362970307469368,,,
43,107859,-0.02766864374279976,,,
43,107864,-0.020918142050504684,,,
43,107869,-0.030332595109939575,,,
43,107874,-0.03704633191227913,,,
43,107879,-0.02696358971297741,,,
43,107884,-0.018481604754924774,,,
43,107889,-0.02755182608962059,,,
43,107894,-0.031140172854065895,,,
43,107899,-0.03665642440319061,,,
43,107904,-0.052961889654397964,,,
43,107909,-0.045093487948179245,,,
43,107914,-0.03340344876050949,,,
43,107919,-0.010549213737249374,,,
43,107924,-0.02868979424238205,,,
43,107929,-0.03912443667650223,,,
43,107934,-0.03396812081336975,,,
43,107939,-0.021961407735943794,,,
43,107944,-0.030461326241493225,,,
43,107949,-0.025321412831544876,,,
43,107954,-0.02535509318113327,,,
43,107959,-0.03888023644685745,,,
43,107964,-0.04487312212586403,,,
43,107969,-0.032762885093688965,,,
43,107974,-0.044014692306518555,,,
43,107979,-0.04428862780332565,,,
43,107984,-0.033041276037693024,,,
43,107989,-0.041458941996097565,,,
43,107994,-0.04915761947631836,,,
43,107999,-0.013488749042153358,,,
43,108004,-0.03448036313056946,,,
43,108009,-0.04210666939616203,,,
43,108014,-0.04136831685900688,,,
43,108019,-0.028536615893244743,,,
43,108024,-0.03621155023574829,,,
43,108029,-0.03947538882493973,,,
43,108034,-0.031996577978134155,,,
43,108039,-0.026735126972198486,,,
43,108044,-0.03622345253825188,,,
43,108049,-0.039992909878492355,,,
43,108054,-0.023167099803686142,,,
43,108059,-0.021814128383994102,,,
43,108064,-0.008653782308101654,,,
43,108069,-0.03393850103020668,,,
43,108074,-0.027260705828666687,,,
43,108079,-0.035632360726594925,,,
43,108084,-0.040408700704574585,,,
43,108089,-0.026661856099963188,,,
43,108094,-0.027917204424738884,,,
43,108099,-0.02995365485548973,,,
43,108104,-0.027023781090974808,,,
43,108109,-0.0291605181992054,,,
43,108114,-0.02951006591320038,,,
43,108119,-0.02755752205848694,,,
43,108124,-0.03606793284416199,,,
43,108129,-0.047035105526447296,,,
43,108134,-0.01882936991751194,,,
43,108139,-0.04509742558002472,,,
43,108144,-0.03875390812754631,,,
43,108149,-0.04452120512723923,,,
43,108154,-0.0243739765137434,,,
43,108159,-0.039926886558532715,,,
43,108164,-0.03273623436689377,,,
43,108169,-0.057183898985385895,,,
43,108174,-0.04013199359178543,,,
43,108179,-0.04069921374320984,,,
43,108184,-0.033737290650606155,,,
43,108189,-0.03256987780332565,,,
43,108194,-0.03681337088346481,,,
43,108199,-0.04107959195971489,,,
43,108204,-0.04037773609161377,,,
43,108209,-0.04102379083633423,,,
43,108214,-0.025037206709384918,,,
43,108219,-0.04956391081213951,,,
43,108224,-0.035705164074897766,,,
43,108229,-0.0486752949655056,,,
43,108234,-0.03296268358826637,,,
43,108239,-0.03735536336898804,,,
43,108244,-0.031183460727334023,,,
43,108249,-0.024244623258709908,,,
43,108254,-0.03272480145096779,,,
43,108259,-0.0266409944742918,,,
43,108264,-0.0260322242975235,,,
43,108269,-0.05246785283088684,,,
43,108274,-0.03721320256590843,,,
43,108279,-0.04133686050772667,,,
43,108284,-0.026935908943414688,,,
43,108289,-0.032261885702610016,,,
43,108294,-0.05296530947089195,,,
43,108299,-0.043197743594646454,,,
43,108304,-0.036093819886446,,,
43,108309,-0.02293640375137329,,,
43,108314,-0.029127512127161026,,,
43,108319,-0.03264322131872177,,,
43,108324,-0.043147653341293335,,,
43,108329,-0.02569987252354622,,,
43,108334,-0.026648834347724915,,,
43,108339,-0.0022745225578546524,,,
43,108344,-0.04092840477824211,,,
43,108349,-0.054083988070487976,,,
43,108354,-0.043133217841386795,,,
43,108359,-0.03662813827395439,,,
43,108364,-0.04719381034374237,,,
43,108369,-0.03961450234055519,,,
43,108374,-0.033627353608608246,,,
43,108379,-0.02344418689608574,,,
43,108384,-0.025409936904907227,,,
43,108389,-0.025799274444580078,,,
43,108394,-0.0358600988984108,,,
43,108399,-0.037446726113557816,,,
43,108404,-0.03579106554389,,,
43,108409,-0.03150951862335205,,,
43,108414,-0.041095342487096786,,,
43,108419,-0.04084198176860809,,,
43,108424,-0.02932264469563961,,,
43,108429,-0.04275786131620407,,,
43,108434,-0.02718142420053482,,,
43,108439,-0.0405157208442688,,,
43,108444,-0.028494037687778473,,,
43,108449,-0.045972853899002075,,,
43,108454,-0.03918320685625076,,,
43,108459,-0.05693021044135094,,,
43,108464,-0.04769004136323929,,,
43,108469,-0.03893158957362175,,,
43,108474,-0.03991984948515892,,,
43,108479,-0.05156698450446129,,,
43,108484,-0.034076105803251266,,,
43,108489,-0.03411586582660675,,,
43,108494,-0.02372855134308338,,,
43,108499,-0.028532180935144424,,,
43,108504,-0.016210440546274185,,,
43,108509,-0.045905306935310364,,,
43,108514,-0.0212921891361475,,,
43,108519,-0.032614436000585556,,,
43,108524,-0.04836702346801758,,,
43,108529,-0.023610061034560204,,,
43,108534,-0.023544777184724808,,,
43,108539,-0.03965626657009125,,,
43,108544,-0.04209750145673752,,,
43,108549,-0.03359183669090271,,,
43,108554,-0.030948713421821594,,,
43,108559,-0.036782123148441315,,,
43,108564,-0.03248590975999832,,,
43,108569,-0.030430762097239494,,,
43,108574,-0.04562966525554657,,,
43,108579,-0.035010140389204025,,,
43,108584,-0.039033882319927216,,,
43,108589,-0.04527271166443825,,,
43,108594,-0.03927985206246376,,,
43,108599,-0.040497396141290665,,,
43,108604,-0.02240050584077835,,,
43,108609,-0.0437183678150177,,,
43,108614,-0.032083965837955475,,,
43,108619,-0.025908205658197403,,,
43,108624,-0.03481297940015793,,,
43,108629,-0.017675109207630157,,,
43,108634,-0.047223031520843506,,,
43,108639,-0.04935603216290474,,,
43,108644,-0.027332022786140442,,,
43,108649,-0.027618084102869034,,,
43,108654,-0.03333752974867821,,,
43,108659,-0.030103858560323715,,,
43,108664,-0.03630378097295761,,,
43,108669,-0.025796767324209213,,,
43,108674,-0.030672714114189148,,,
43,108679,-0.02892666682600975,,,
43,108684,-0.03322187066078186,,,
43,108689,-0.036448027938604355,,,
43,108694,-0.03769975155591965,,,
43,108699,-0.04364028573036194,,,
43,108704,-0.02967902645468712,,,
43,108709,-0.03270319104194641,,,
43,108714,-0.02731216326355934,,,
43,108719,-0.03113199770450592,,,
43,108724,-0.02377094142138958,,,
43,108729,-0.04606522619724274,,,
43,108734,-0.01934915781021118,,,
43,108739,-0.012719686143100262,,,
43,108744,-0.04980158805847168,,,
43,108749,-0.055319495499134064,,,
43,108754,-0.04609110951423645,,,
43,108759,-0.0373552069067955,,,
43,108764,-0.04546062648296356,,,
43,108769,-0.04255340248346329,,,
43,108774,-0.04099532216787338,,,
43,108779,-0.04602040350437164,,,
43,108784,-0.046279892325401306,,,
43,108789,-0.040502384305000305,,,
43,108794,-0.035581402480602264,,,
43,108799,-0.044413331896066666,,,
43,108804,-0.046058155596256256,,,
43,108809,-0.02576737478375435,,,
43,108814,-0.035525668412446976,,,
43,108819,-0.028473220765590668,,,
43,108824,-0.051383450627326965,,,
43,108829,-0.0333639457821846,,,
43,108834,-0.03678807616233826,,,
43,108839,-0.04604429751634598,,,
43,108844,-0.04774295538663864,,,
43,108849,-0.040899455547332764,,,
43,108854,-0.036087751388549805,,,
43,108859,-0.044591113924980164,,,
43,108864,-0.02798493765294552,,,
43,108869,-0.04453865438699722,,,
43,108874,-0.03748694062232971,,,
43,108879,-0.0417962372303009,,,
43,108884,-0.0360231027007103,,,
43,108889,-0.03445503115653992,,,
43,108894,-0.05015063285827637,,,
43,108899,-0.030896494165062904,,,
43,108904,-0.03514314815402031,,,
43,108909,-0.03233247622847557,,,
43,108914,-0.030325323343276978,,,
43,108919,-0.049647506326436996,,,
43,108924,-0.032609522342681885,,,
43,108929,-0.038378119468688965,,,
43,108934,-0.04687419533729553,,,
43,108939,-0.03701196610927582,,,
43,108944,-0.03158266842365265,,,
43,108949,-0.03285165876150131,,,
43,108954,-0.04205203056335449,,,
43,108959,-0.040928758680820465,,,
43,108964,-0.03084390237927437,,,
43,108969,-0.03076757676899433,,,
43,108974,-0.02234116941690445,,,
43,108979,-0.044075146317481995,,,
43,108984,-0.02591392770409584,,,
43,108989,-0.03602185100317001,,,
43,108994,-0.038429781794548035,,,
43,108999,-0.024630079045891762,,,
43,109004,-0.03475978970527649,,,
43,109009,-0.038670964539051056,,,
43,109014,-0.0350666306912899,,,
43,109019,-0.034922052174806595,,,
43,109024,-0.028434783220291138,,,
43,109029,-0.023697635158896446,,,
43,109034,-0.035791389644145966,,,
43,109039,0.005270997062325478,,,
43,109044,-0.0320795401930809,,,
43,109049,-0.028376150876283646,,,
43,109054,-0.03541293740272522,,,
43,109059,-0.0495787113904953,,,
43,109064,-0.037511423230171204,,,
43,109069,-0.03549177572131157,,,
43,109074,-0.0333917997777462,,,
43,109079,-0.033784419298172,,,
43,109084,-0.03642798587679863,,,
43,109089,-0.03626289963722229,,,
43,109094,-0.028191694989800453,,,
43,109099,-0.03286319971084595,,,
43,109104,-0.034860823303461075,,,
43,109109,-0.0406256765127182,,,
43,109114,-0.04442437365651131,,,
43,109119,-0.03917066007852554,,,
43,109124,-0.02830403298139572,,,
43,109129,-0.038794420659542084,,,
43,109134,-0.041194915771484375,,,
43,109139,-0.03774721920490265,,,
43,109144,-0.030286699533462524,,,
43,109149,-0.012701490893959999,,,
43,109154,-0.02250230312347412,,,
43,109159,-0.038933850824832916,,,
43,109164,-0.041684918105602264,,,
43,109169,-0.04355872422456741,,,
43,109174,-0.03271394968032837,,,
43,109179,-0.03581012412905693,,,
43,109184,-0.031897518783807755,,,
43,109189,-0.040214601904153824,,,
43,109194,-0.03129427134990692,,,
43,109199,-0.05122734606266022,,,
43,109204,-0.05344747006893158,,,
43,109209,-0.035697195678949356,,,
43,109214,-0.04108639806509018,,,
43,109219,-0.022233817726373672,,,
43,109224,-0.02787879854440689,,,
43,109229,-0.05076072737574577,,,
43,109234,-0.02878439426422119,,,
43,109239,-0.006455564871430397,,,
43,109244,-0.049882374703884125,,,
43,109249,-0.05509813129901886,,,
43,109254,-0.036207377910614014,,,
43,109259,-0.0437733493745327,,,
43,109264,-0.04849594086408615,,,
43,109269,-0.04556769132614136,,,
43,109274,-0.037048548460006714,,,
43,109279,-0.04480443149805069,,,
43,109284,-0.026504170149564743,,,
43,109289,-0.030410192906856537,,,
43,109294,-0.03150249272584915,,,
43,109299,-0.039032094180583954,,,
43,109304,-0.04739484563469887,,,
43,109309,-0.045435044914484024,,,
43,109314,-0.04239332675933838,,,
43,109319,-0.04209606721997261,,,
43,109324,-0.0374276265501976,,,
43,109329,-0.042262714356184006,,,
43,109334,-0.03745264559984207,,,
43,109339,-0.03030727431178093,,,
43,109344,-0.03416062518954277,,,
43,109349,-0.03772585839033127,,,
43,109354,-0.04653414338827133,,,
43,109359,-0.055297255516052246,,,
43,109364,-0.024648550897836685,,,
43,109369,-0.037648722529411316,,,
43,109374,-0.019161002710461617,,,
43,109379,-0.0394199937582016,,,
43,109384,-0.050324711948633194,,,
43,109389,-0.029582880437374115,,,
43,109394,-0.038290008902549744,,,
43,109399,-0.03116884082555771,,,
43,109404,-0.033210910856723785,,,
43,109409,-0.052834950387477875,,,
43,109414,-0.04690146818757057,,,
43,109419,-0.017840296030044556,,,
43,109424,-0.03520432859659195,,,
43,109429,-0.03220106661319733,,,
43,109434,-0.03966545686125755,,,
43,109439,-0.03579114377498627,,,
43,109444,-0.04069586843252182,,,
43,109449,-0.04082395136356354,,,
43,109454,-0.04590878263115883,,,
43,109459,-0.026977090165019035,,,
43,109464,-0.03368068486452103,,,
43,109469,-0.04745013266801834,,,
43,109474,-0.03242357820272446,,,
43,109479,-0.03925956040620804,,,
43,109484,-0.043762464076280594,,,
43,109489,-0.03356990963220596,,,
43,109494,-0.03336920961737633,,,
43,109499,-0.03651929274201393,,,
43,109504,-0.02673034369945526,,,
43,109509,-0.02563135139644146,,,
43,109514,-0.03006436862051487,,,
43,109519,-0.027640311047434807,,,
43,109524,-0.0325298011302948,,,
43,109529,-0.04218221455812454,,,
43,109534,-0.05387159436941147,,,
43,109539,-0.04079030081629753,,,
43,109544,-0.04739570990204811,,,
43,109549,-0.022143378853797913,,,
43,109554,-0.022376902401447296,,,
43,109559,-0.04042160511016846,,,
43,109564,-0.043592557311058044,,,
43,109569,-0.05523963272571564,,,
43,109574,-0.025516798719763756,,,
43,109579,-0.03436059132218361,,,
43,109584,-0.0466681532561779,,,
43,109589,-0.023981185629963875,,,
43,109594,-0.01745237596333027,,,
43,109599,-0.04174702614545822,,,
43,109604,-0.036509349942207336,,,
43,109609,-0.04298529028892517,,,
43,109614,-0.026356030255556107,,,
43,109619,-0.04176553338766098,,,
43,109624,-0.03741331398487091,,,
43,109629,-0.03824035823345184,,,
43,109634,-0.031103404238820076,,,
43,109639,-0.050675760954618454,,,
43,109644,-0.022119343280792236,,,
43,109649,-0.039082080125808716,,,
43,109654,-0.045072346925735474,,,
43,109659,-0.014538971707224846,,,
43,109664,-0.03737792372703552,,,
43,109669,-0.025694705545902252,,,
43,109674,-0.034412555396556854,,,
43,109679,-0.038648299872875214,,,
43,109684,-0.03329695761203766,,,
43,109689,-0.023112595081329346,,,
43,109694,-0.0397782102227211,,,
43,109699,-0.031668901443481445,,,
43,109704,-0.037901878356933594,,,
43,109709,-0.04204052314162254,,,
43,109714,-0.028629422187805176,,,
43,109719,-0.03794923424720764,,,
43,109724,-0.04037894681096077,,,
43,109729,-0.038881465792655945,,,
43,109734,-0.03652658686041832,,,
43,109739,-0.022655967622995377,,,
43,109744,-0.02994261309504509,,,
43,109749,-0.039744727313518524,,,
43,109754,-0.02315741404891014,,,
43,109759,-0.02704169601202011,,,
43,109764,-0.037300895899534225,,,
43,109769,-0.03311021625995636,,,
43,109774,-0.029055459424853325,,,
43,109779,-0.04303668811917305,,,
43,109784,-0.04024602472782135,,,
43,109789,-0.040809355676174164,,,
43,109794,-0.04090426117181778,,,
43,109799,-0.03254701942205429,,,
43,109804,-0.025157403200864792,,,
43,109809,-0.04732493311166763,,,
43,109814,-0.032964590936899185,,,
43,109819,-0.04366880655288696,,,
43,109824,-0.04151628911495209,,,
43,109829,-0.03832106292247772,,,
43,109834,-0.04395728558301926,,,
43,109839,-0.03641372546553612,,,
43,109844,-0.03432023525238037,,,
43,109849,-0.028739288449287415,,,
43,109854,-0.02803654596209526,,,
43,109859,-0.014380206353962421,,,
43,109864,-0.015125438570976257,,,
43,109869,-0.039897672832012177,,,
43,109874,-0.03342078626155853,,,
43,109879,-0.05861085653305054,,,
43,109884,-0.03770388662815094,,,
43,109889,-0.04158082604408264,,,
43,109894,-0.00935614574700594,,,
43,109899,-0.03211146965622902,,,
43,109904,-0.04484494403004646,,,
43,109909,-0.015630725771188736,,,
43,109914,-0.026193061843514442,,,
43,109919,-0.0358157604932785,,,
43,109924,-0.04813458025455475,,,
43,109929,-0.036802180111408234,,,
43,109934,-0.014751916751265526,,,
43,109939,-0.021503733471035957,,,
43,109944,-0.042428985238075256,,,
43,109949,-0.038423389196395874,,,
43,109954,-0.02301052212715149,,,
43,109959,-0.048994775861501694,,,
43,109964,-0.02990226447582245,,,
43,109969,-0.03364948928356171,,,
43,109974,-0.037975430488586426,,,
43,109979,-0.037658341228961945,,,
43,109984,-0.028866704553365707,,,
43,109989,-0.04402020573616028,,,
43,109994,-0.0541347935795784,,,
43,109999,-0.05347511172294617,,,
43,109999,,-0.025080803781747818,0.2919999957084656,0.5934644341468811
44,110004,-0.02238071896135807,,,
44,110009,-0.03657815232872963,,,
44,110014,-0.048170413821935654,,,
44,110019,-0.008154874667525291,,,
44,110024,-0.042822614312171936,,,
44,110029,-0.02580728754401207,,,
44,110034,-0.055264413356781006,,,
44,110039,-0.03871486335992813,,,
44,110044,-0.042992569506168365,,,
44,110049,-0.02201234921813011,,,
44,110054,-0.0292698685079813,,,
44,110059,-0.03346157819032669,,,
44,110064,-0.035747695714235306,,,
44,110069,-0.025724878534674644,,,
44,110074,-0.026266641914844513,,,
44,110079,-0.05789809301495552,,,
44,110084,-0.0466180145740509,,,
44,110089,-0.04876795411109924,,,
44,110094,-0.03993597626686096,,,
44,110099,-0.039882391691207886,,,
44,110104,-0.039880603551864624,,,
44,110109,-0.012313377112150192,,,
44,110114,-0.026906630024313927,,,
44,110119,-0.03575894609093666,,,
44,110124,-0.04256966710090637,,,
44,110129,-0.03691257908940315,,,
44,110134,-0.03493409976363182,,,
44,110139,-0.02736559510231018,,,
44,110144,-0.03718095272779465,,,
44,110149,-0.011172112077474594,,,
44,110154,-0.031246833503246307,,,
44,110159,-0.037609122693538666,,,
44,110164,-0.03130690008401871,,,
44,110169,-0.036190878599882126,,,
44,110174,-0.027882220223546028,,,
44,110179,-0.029608625918626785,,,
44,110184,-0.03302306309342384,,,
44,110189,-0.04507148638367653,,,
44,110194,-0.032758090645074844,,,
44,110199,-0.05235525220632553,,,
44,110204,-0.019045894965529442,,,
44,110209,-0.042780861258506775,,,
44,110214,-0.035370826721191406,,,
44,110219,-0.029395118355751038,,,
44,110224,-0.04262431338429451,,,
44,110229,-0.04625583812594414,,,
44,110234,-0.04340307042002678,,,
44,110239,-0.046740829944610596,,,
44,110244,-0.02804478257894516,,,
44,110249,-0.017099594697356224,,,
44,110254,-0.015070809982717037,,,
44,110259,-0.0500425286591053,,,
44,110264,-0.0341142937541008,,,
44,110269,-0.03466496989130974,,,
44,110274,-0.05427439883351326,,,
44,110279,-0.037710320204496384,,,
44,110284,-0.024698352441191673,,,
44,110289,-0.024921098724007607,,,
44,110294,-0.0403456911444664,,,
44,110299,-0.025324556976556778,,,
44,110304,-0.04594113677740097,,,
44,110309,-0.02595711499452591,,,
44,110314,-0.027350617572665215,,,
44,110319,-0.032860368490219116,,,
44,110324,-0.04927933216094971,,,
44,110329,-0.0313652940094471,,,
44,110334,-0.03562495857477188,,,
44,110339,-0.02665724977850914,,,
44,110344,-0.042208366096019745,,,
44,110349,-0.02641587145626545,,,
44,110354,-0.0468369796872139,,,
44,110359,-0.03793638199567795,,,
44,110364,-0.019039491191506386,,,
44,110369,-0.03665842115879059,,,
44,110374,-0.03265552222728729,,,
44,110379,-0.03215246647596359,,,
44,110384,-0.012882222421467304,,,
44,110389,-0.029748784378170967,,,
44,110394,-0.025903960689902306,,,
44,110399,-0.023983880877494812,,,
44,110404,-0.031891681253910065,,,
44,110409,-0.02960624359548092,,,
44,110414,-0.028700485825538635,,,
44,110419,-0.03465335816144943,,,
44,110424,-0.03524274379014969,,,
44,110429,-0.02786300890147686,,,
44,110434,-0.028088431805372238,,,
44,110439,-0.03565206751227379,,,
44,110444,-0.039152003824710846,,,
44,110449,-0.03499216586351395,,,
44,110454,-0.04975211247801781,,,
44,110459,-0.039091408252716064,,,
44,110464,-0.05061224102973938,,,
44,110469,-0.02874474599957466,,,
44,110474,-0.03801780566573143,,,
44,110479,-0.03664308041334152,,,
44,110484,-0.0343170240521431,,,
44,110489,-0.025409355759620667,,,
44,110494,-0.026570819318294525,,,
44,110499,-0.0228172205388546,,,
44,110504,-0.021300101652741432,,,
44,110509,-0.037904106080532074,,,
44,110514,-0.040754497051239014,,,
44,110519,-0.01695936545729637,,,
44,110524,-0.037520237267017365,,,
44,110529,-0.04445478320121765,,,
44,110534,-0.0401606485247612,,,
44,110539,-0.02774946205317974,,,
44,110544,-0.03885863721370697,,,
44,110549,-0.04631568491458893,,,
44,110554,-0.0472608245909214,,,
44,110559,-0.02296663075685501,,,
44,110564,-0.046381860971450806,,,
44,110569,-0.030182871967554092,,,
44,110574,-0.0301259383559227,,,
44,110579,-0.03930234536528587,,,
44,110584,-0.03810657933354378,,,
44,110589,-0.0492103174328804,,,
44,110594,-0.042383208870887756,,,
44,110599,-0.02512916922569275,,,
44,110604,-0.029058130457997322,,,
44,110609,-0.05119858682155609,,,
44,110614,-0.029139814898371696,,,
44,110619,-0.04841666668653488,,,
44,110624,-0.03763994202017784,,,
44,110629,-0.05902249738574028,,,
44,110634,-0.011286579072475433,,,
44,110639,-0.03260932117700577,,,
44,110644,-0.022142548114061356,,,
44,110649,-0.04132110998034477,,,
44,110654,-0.04143096134066582,,,
44,110659,-0.03138026222586632,,,
44,110664,-0.02814221940934658,,,
44,110669,-0.036582622677087784,,,
44,110674,-0.04041649028658867,,,
44,110679,-0.03514428436756134,,,
44,110684,-0.0567844994366169,,,
44,110689,-0.047635436058044434,,,
44,110694,-0.023405682295560837,,,
44,110699,-0.025542311370372772,,,
44,110704,-0.02131669409573078,,,
44,110709,-0.04866034910082817,,,
44,110714,-0.03286604583263397,,,
44,110719,-0.05137313902378082,,,
44,110724,-0.045674823224544525,,,
44,110729,-0.02751711755990982,,,
44,110734,-0.04067741706967354,,,
44,110739,-0.036128297448158264,,,
44,110744,-0.02914164587855339,,,
44,110749,-0.0455823615193367,,,
44,110754,-0.02952808141708374,,,
44,110759,-0.044408880174160004,,,
44,110764,-0.03264526650309563,,,
44,110769,-0.04330378770828247,,,
44,110774,-0.037761736661195755,,,
44,110779,-0.038051821291446686,,,
44,110784,-0.0409247912466526,,,
44,110789,-0.03914317488670349,,,
44,110794,-0.03177686035633087,,,
44,110799,-0.03665704280138016,,,
44,110804,-0.026243330910801888,,,
44,110809,-0.04783794283866882,,,
44,110814,-0.03370686620473862,,,
44,110819,-0.03861522674560547,,,
44,110824,-0.03116089478135109,,,
44,110829,-0.024471573531627655,,,
44,110834,-0.03978536278009415,,,
44,110839,-0.031214887276291847,,,
44,110844,-0.03353140875697136,,,
44,110849,-0.028878897428512573,,,
44,110854,-0.040762219578027725,,,
44,110859,-0.04765686020255089,,,
44,110864,-0.02891410142183304,,,
44,110869,-0.04219910129904747,,,
44,110874,-0.04591035842895508,,,
44,110879,-0.023725055158138275,,,
44,110884,-0.04359402135014534,,,
44,110889,-0.008145029656589031,,,
44,110894,-0.04571310803294182,,,
44,110899,-0.03725648671388626,,,
44,110904,-0.03965203836560249,,,
44,110909,-0.05233380198478699,,,
44,110914,-0.03676373511552811,,,
44,110919,-0.0346873514354229,,,
44,110924,-0.04518203064799309,,,
44,110929,-0.021827295422554016,,,
44,110934,-0.043935053050518036,,,
44,110939,-0.030741099268198013,,,
44,110944,-0.03658005967736244,,,
44,110949,-0.03201325237751007,,,
44,110954,-0.01308627612888813,,,
44,110959,-0.02788350358605385,,,
44,110964,-0.023296957835555077,,,
44,110969,-0.025531332939863205,,,
44,110974,-0.03453563153743744,,,
44,110979,-0.035928674042224884,,,
44,110984,-0.049468785524368286,,,
44,110989,-0.044145070016384125,,,
44,110994,-0.03108237124979496,,,
44,110999,-0.02876189537346363,,,
44,111004,-0.002659240737557411,,,
44,111009,-0.03730021417140961,,,
44,111014,-0.044807031750679016,,,
44,111019,-0.032342325896024704,,,
44,111024,-0.04311838746070862,,,
44,111029,-0.027145687490701675,,,
44,111034,-0.030003231018781662,,,
44,111039,-0.0393599197268486,,,
44,111044,-0.03453782945871353,,,
44,111049,-0.02982509881258011,,,
44,111054,-0.033057305961847305,,,
44,111059,-0.026198603212833405,,,
44,111064,-0.047373056411743164,,,
44,111069,-0.04024422541260719,,,
44,111074,-0.033853817731142044,,,
44,111079,-0.022939955815672874,,,
44,111084,-0.031922757625579834,,,
44,111089,-0.01751738414168358,,,
44,111094,-0.033349111676216125,,,
44,111099,-0.048446036875247955,,,
44,111104,-0.05139027535915375,,,
44,111109,-0.04286028444766998,,,
44,111114,-0.024590764194726944,,,
44,111119,-0.04257768392562866,,,
44,111124,-0.03149789199233055,,,
44,111129,-0.028158091008663177,,,
44,111134,-0.04012637585401535,,,
44,111139,-0.04196103662252426,,,
44,111144,-0.05679309368133545,,,
44,111149,-0.031167075037956238,,,
44,111154,-0.039920978248119354,,,
44,111159,-0.05041985958814621,,,
44,111164,-0.04227481782436371,,,
44,111169,-0.0401589572429657,,,
44,111174,-0.04489114508032799,,,
44,111179,-0.023005414754152298,,,
44,111184,-0.05099617689847946,,,
44,111189,-0.03864879161119461,,,
44,111194,-0.0335984043776989,,,
44,111199,-0.03943508863449097,,,
44,111204,-0.03512771427631378,,,
44,111209,-0.03826072812080383,,,
44,111214,-0.03661897033452988,,,
44,111219,-0.04450042545795441,,,
44,111224,-0.04479260742664337,,,
44,111229,-0.041216447949409485,,,
44,111234,-0.04277568310499191,,,
44,111239,-0.01995500922203064,,,
44,111244,-0.038565993309020996,,,
44,111249,-0.009822646155953407,,,
44,111254,-0.027972489595413208,,,
44,111259,-0.025615815073251724,,,
44,111264,-0.04053190350532532,,,
44,111269,-0.04186059907078743,,,
44,111274,-0.048232369124889374,,,
44,111279,-0.03708060830831528,,,
44,111284,-0.04303472861647606,,,
44,111289,-0.0380329005420208,,,
44,111294,-0.0574149563908577,,,
44,111299,-0.04830031469464302,,,
44,111304,-0.038982417434453964,,,
44,111309,-0.04900223761796951,,,
44,111314,-0.03249778598546982,,,
44,111319,-0.020992400124669075,,,
44,111324,-0.03363656625151634,,,
44,111329,-0.01857946068048477,,,
44,111334,-0.02815619856119156,,,
44,111339,-0.03604304417967796,,,
44,111344,-0.03423140197992325,,,
44,111349,-0.01726931519806385,,,
44,111354,-0.03203251585364342,,,
44,111359,-0.045252345502376556,,,
44,111364,-0.040427617728710175,,,
44,111369,-0.035708118230104446,,,
44,111374,-0.03590475767850876,,,
44,111379,-0.02890734001994133,,,
44,111384,-0.04641560837626457,,,
44,111389,-0.04289989918470383,,,
44,111394,-0.042927153408527374,,,
44,111399,-0.03192495182156563,,,
44,111404,-0.022671835497021675,,,
44,111409,-0.021770983934402466,,,
44,111414,-0.038580454885959625,,,
44,111419,-0.03684253990650177,,,
44,111424,-0.04068904370069504,,,
44,111429,-0.04557764530181885,,,
44,111434,-0.02938731387257576,,,
44,111439,-0.04813580960035324,,,
44,111444,-0.041666604578495026,,,
44,111449,-0.04959573969244957,,,
44,111454,-0.041423551738262177,,,
44,111459,-0.037544507533311844,,,
44,111464,-0.0447549931704998,,,
44,111469,-0.025089669972658157,,,
44,111474,-0.025255993008613586,,,
44,111479,-0.03196089342236519,,,
44,111484,-0.04501436650753021,,,
44,111489,-0.03125028312206268,,,
44,111494,-0.04846343398094177,,,
44,111499,-0.02212245762348175,,,
44,111504,-0.03981509059667587,,,
44,111509,-0.029473355039954185,,,
44,111514,-0.036146380007267,,,
44,111519,-0.038956478238105774,,,
44,111524,-0.0181475430727005,,,
44,111529,-0.03919021412730217,,,
44,111534,-0.03811013326048851,,,
44,111539,-0.025054804980754852,,,
44,111544,-0.0366559773683548,,,
44,111549,-0.03756236284971237,,,
44,111554,-0.03762892633676529,,,
44,111559,-0.04078862443566322,,,
44,111564,-0.028906438499689102,,,
44,111569,-0.042265020310878754,,,
44,111574,-0.044509194791316986,,,
44,111579,-0.0208780225366354,,,
44,111584,-0.027551943436264992,,,
44,111589,-0.027252234518527985,,,
44,111594,-0.031673360615968704,,,
44,111599,-0.028556473553180695,,,
44,111604,-0.03943493962287903,,,
44,111609,-0.02626812271773815,,,
44,111614,-0.03758341819047928,,,
44,111619,-0.03855914622545242,,,
44,111624,-0.03271455690264702,,,
44,111629,-0.02957918681204319,,,
44,111634,-0.049290500581264496,,,
44,111639,-0.019835952669382095,,,
44,111644,-0.043645985424518585,,,
44,111649,-0.04636593908071518,,,
44,111654,-0.009715805761516094,,,
44,111659,-0.03688637539744377,,,
44,111664,-0.02844059094786644,,,
44,111669,-0.04215037077665329,,,
44,111674,-0.047156285494565964,,,
44,111679,-0.02870122157037258,,,
44,111684,-0.039651863276958466,,,
44,111689,-0.055256187915802,,,
44,111694,-0.0384804829955101,,,
44,111699,-0.035216763615608215,,,
44,111704,-0.02187207341194153,,,
44,111709,-0.032841190695762634,,,
44,111714,-0.03215362876653671,,,
44,111719,-0.02001803368330002,,,
44,111724,-0.039014652371406555,,,
44,111729,-0.028929132968187332,,,
44,111734,-0.041652292013168335,,,
44,111739,-0.04268620163202286,,,
44,111744,-0.03694552928209305,,,
44,111749,-0.03550069034099579,,,
44,111754,-0.03327313810586929,,,
44,111759,-0.03941125422716141,,,
44,111764,-0.0407446026802063,,,
44,111769,-0.02898898534476757,,,
44,111774,-0.027189429849386215,,,
44,111779,-0.03899134323000908,,,
44,111784,-0.0292997844517231,,,
44,111789,-0.04149886220693588,,,
44,111794,-0.043793339282274246,,,
44,111799,-0.04200242832303047,,,
44,111804,-0.06431452929973602,,,
44,111809,-0.04192477464675903,,,
44,111814,-0.02127130702137947,,,
44,111819,-0.029650896787643433,,,
44,111824,-0.029298171401023865,,,
44,111829,-0.04039565473794937,,,
44,111834,-0.03098997287452221,,,
44,111839,-0.026525191962718964,,,
44,111844,-0.042189083993434906,,,
44,111849,-0.012423938140273094,,,
44,111854,-0.01981806568801403,,,
44,111859,-0.028704173862934113,,,
44,111864,-0.030720967799425125,,,
44,111869,-0.02563151903450489,,,
44,111874,-0.04359010234475136,,,
44,111879,-0.031097538769245148,,,
44,111884,-0.056125130504369736,,,
44,111889,-0.03566276282072067,,,
44,111894,-0.05552135035395622,,,
44,111899,-0.04455982893705368,,,
44,111904,-0.02601790800690651,,,
44,111909,-0.03276908025145531,,,
44,111914,-0.036302030086517334,,,
44,111919,-0.021949056535959244,,,
44,111924,-0.03062773495912552,,,
44,111929,-0.035269368439912796,,,
44,111934,-0.049158722162246704,,,
44,111939,-0.017151333391666412,,,
44,111944,-0.031996481120586395,,,
44,111949,-0.03700871393084526,,,
44,111954,-0.030229855328798294,,,
44,111959,-0.022708747535943985,,,
44,111964,-0.034073054790496826,,,
44,111969,-0.04538501426577568,,,
44,111974,-0.050342388451099396,,,
44,111979,-0.03892941027879715,,,
44,111984,-0.04295359551906586,,,
44,111989,-0.02462693862617016,,,
44,111994,-0.024920497089624405,,,
44,111999,-0.02452697791159153,,,
44,112004,-0.040052711963653564,,,
44,112009,-0.04567238315939903,,,
44,112014,-0.0434579998254776,,,
44,112019,-0.03768878057599068,,,
44,112024,-0.04326990991830826,,,
44,112029,-0.03701941296458244,,,
44,112034,-0.03243754804134369,,,
44,112039,-0.0567319393157959,,,
44,112044,-0.01458028145134449,,,
44,112049,-0.036955833435058594,,,
44,112054,-0.039180926978588104,,,
44,112059,-0.03548382222652435,,,
44,112064,-0.02791154943406582,,,
44,112069,-0.027882045134902,,,
44,112074,-0.03253643214702606,,,
44,112079,-0.03906884044408798,,,
44,112084,-0.04832342639565468,,,
44,112089,-0.05049411952495575,,,
44,112094,-0.0538107231259346,,,
44,112099,-0.03935796022415161,,,
44,112104,-0.043589573353528976,,,
44,112109,-0.03314441815018654,,,
44,112114,-0.03928903862833977,,,
44,112119,-0.00216082064434886,,,
44,112124,-0.029892612248659134,,,
44,112129,-0.03236198425292969,,,
44,112134,-0.027962077409029007,,,
44,112139,-0.028477206826210022,,,
44,112144,-0.026562072336673737,,,
44,112149,-0.027327369898557663,,,
44,112154,-0.041256457567214966,,,
44,112159,-0.041877102106809616,,,
44,112164,-0.04387649893760681,,,
44,112169,-0.036874495446681976,,,
44,112174,-0.04200083017349243,,,
44,112179,-0.033605292439460754,,,
44,112184,-0.03333302587270737,,,
44,112189,-0.033194370567798615,,,
44,112194,-0.04357128590345383,,,
44,112199,-0.0275283083319664,,,
44,112204,-0.04194685444235802,,,
44,112209,-0.01730114035308361,,,
44,112214,-0.04067465290427208,,,
44,112219,-0.046323880553245544,,,
44,112224,-0.043685588985681534,,,
44,112229,-0.03677798807621002,,,
44,112234,-0.04920768737792969,,,
44,112239,-0.03675857186317444,,,
44,112244,-0.024220338091254234,,,
44,112249,-0.028494056314229965,,,
44,112254,-0.028739716857671738,,,
44,112259,-0.05132998898625374,,,
44,112264,-0.03186150640249252,,,
44,112269,-0.03420780599117279,,,
44,112274,-0.04694461077451706,,,
44,112279,-0.03884389251470566,,,
44,112284,-0.046122729778289795,,,
44,112289,-0.05196048319339752,,,
44,112294,-0.04049940034747124,,,
44,112299,-0.037597235292196274,,,
44,112304,-0.044977426528930664,,,
44,112309,-0.038277409970760345,,,
44,112314,-0.03897886723279953,,,
44,112319,-0.045875001698732376,,,
44,112324,-0.04515039920806885,,,
44,112329,-0.047626759856939316,,,
44,112334,-0.024275515228509903,,,
44,112339,-0.03031492792069912,,,
44,112344,-0.032666388899087906,,,
44,112349,-0.03950009495019913,,,
44,112354,-0.025264304131269455,,,
44,112359,-0.0341343991458416,,,
44,112364,-0.03491198271512985,,,
44,112369,-0.03146345913410187,,,
44,112374,-0.04746469482779503,,,
44,112379,-0.029585864394903183,,,
44,112384,-0.031673382967710495,,,
44,112389,-0.032205548137426376,,,
44,112394,-0.029820606112480164,,,
44,112399,-0.03211015462875366,,,
44,112404,-0.0409039705991745,,,
44,112409,-0.03778576850891113,,,
44,112414,-0.04949558526277542,,,
44,112419,-0.024466488510370255,,,
44,112424,-0.01922619342803955,,,
44,112429,-0.03903310373425484,,,
44,112434,-0.03551891818642616,,,
44,112439,-0.03240552544593811,,,
44,112444,-0.060328856110572815,,,
44,112449,-0.02491680532693863,,,
44,112454,-0.022635407745838165,,,
44,112459,-0.04379205033183098,,,
44,112464,-0.045690424740314484,,,
44,112469,-0.03545362502336502,,,
44,112474,-0.037937894463539124,,,
44,112479,-0.04460104554891586,,,
44,112484,-0.03721829503774643,,,
44,112489,-0.025869494304060936,,,
44,112494,-0.04737405478954315,,,
44,112499,-0.033846817910671234,,,
44,112499,,-0.022289669141173363,0.3075999915599823,0.6089335083961487
45,112504,-0.04016682505607605,,,
45,112509,-0.018148845061659813,,,
45,112514,-0.03571489080786705,,,
45,112519,-0.02896556630730629,,,
45,112524,-0.02670832723379135,,,
45,112529,-0.0359884649515152,,,
45,112534,-0.03766976669430733,,,
45,112539,-0.03972405195236206,,,
45,112544,-0.027105867862701416,,,
45,112549,-0.03615371137857437,,,
45,112554,-0.05267874896526337,,,
45,112559,-0.01960698515176773,,,
45,112564,-0.03927423804998398,,,
45,112569,-0.027498751878738403,,,
45,112574,-0.03572172299027443,,,
45,112579,-0.030538469552993774,,,
45,112584,-0.03250712901353836,,,
45,112589,-0.031132234260439873,,,
45,112594,-0.03367608040571213,,,
45,112599,-0.03346812725067139,,,
45,112604,-0.034862350672483444,,,
45,112609,-0.05130999535322189,,,
45,112614,-0.041917186230421066,,,
45,112619,-0.036589689552783966,,,
45,112624,-0.03631562739610672,,,
45,112629,-0.03768386319279671,,,
45,112634,-0.025310050696134567,,,
45,112639,-0.049679964780807495,,,
45,112644,-0.0314064621925354,,,
45,112649,-0.01945272646844387,,,
45,112654,-0.04366157948970795,,,
45,112659,-0.022729836404323578,,,
45,112664,-0.019471285864710808,,,
45,112669,-0.04902886971831322,,,
45,112674,-0.020685682073235512,,,
45,112679,-0.039599351584911346,,,
45,112684,-0.030903303995728493,,,
45,112689,-0.03149763122200966,,,
45,112694,-0.05955508351325989,,,
45,112699,-0.030224019661545753,,,
45,112704,-0.03322301805019379,,,
45,112709,-0.027370302006602287,,,
45,112714,-0.027699407190084457,,,
45,112719,-0.03274644538760185,,,
45,112724,-0.015789208933711052,,,
45,112729,-0.04812117666006088,,,
45,112734,-0.042986322194337845,,,
45,112739,-0.039213549345731735,,,
45,112744,-0.03931858763098717,,,
45,112749,-0.05619098246097565,,,
45,112754,-0.04313821718096733,,,
45,112759,-0.03675338625907898,,,
45,112764,-0.0358535572886467,,,
45,112769,-0.019151808694005013,,,
45,112774,-0.04090893641114235,,,
45,112779,-0.04003182798624039,,,
45,112784,-0.028622400015592575,,,
45,112789,-0.04068762809038162,,,
45,112794,-0.025645852088928223,,,
45,112799,-0.03126337751746178,,,
45,112804,-0.03510057181119919,,,
45,112809,-0.03286763280630112,,,
45,112814,-0.035360462963581085,,,
45,112819,-0.02612121030688286,,,
45,112824,-0.04455748200416565,,,
45,112829,-0.03487553820014,,,
45,112834,-0.03507530689239502,,,
45,112839,-0.005455289036035538,,,
45,112844,-0.019211340695619583,,,
45,112849,-0.04465886205434799,,,
45,112854,-0.015976645052433014,,,
45,112859,-0.04470207169651985,,,
45,112864,-0.03707330301403999,,,
45,112869,-0.033466093242168427,,,
45,112874,-0.03564910590648651,,,
45,112879,-0.03777642175555229,,,
45,112884,-0.026785966008901596,,,
45,112889,-0.02701786905527115,,,
45,112894,-0.034952856600284576,,,
45,112899,-0.0327560156583786,,,
45,112904,-0.0325704887509346,,,
45,112909,-0.03658924996852875,,,
45,112914,-0.04601029306650162,,,
45,112919,-0.018950708210468292,,,
45,112924,-0.03330253064632416,,,
45,112929,-0.03168594092130661,,,
45,112934,-0.032266005873680115,,,
45,112939,-0.03134731948375702,,,
45,112944,-0.053924232721328735,,,
45,112949,-0.04268680512905121,,,
45,112954,-0.042495884001255035,,,
45,112959,-0.03437101095914841,,,
45,112964,-0.032261572778224945,,,
45,112969,-0.025817755609750748,,,
45,112974,-0.01373740192502737,,,
45,112979,-0.03625117242336273,,,
45,112984,-0.04296382516622543,,,
45,112989,-0.03453623130917549,,,
45,112994,-0.03833051398396492,,,
45,112999,-0.024329449981451035,,,
45,113004,-0.0468214750289917,,,
45,113009,-0.03559207171201706,,,
45,113014,-0.022967519238591194,,,
45,113019,-0.01934908702969551,,,
45,113024,-0.04052959382534027,,,
45,113029,-0.028837354853749275,,,
45,113034,-0.047410257160663605,,,
45,113039,-0.047520674765110016,,,
45,113044,-0.018946219235658646,,,
45,113049,-0.038925983011722565,,,
45,113054,-0.03576591610908508,,,
45,113059,-0.040166422724723816,,,
45,113064,-0.029677223414182663,,,
45,113069,-0.03656099736690521,,,
45,113074,-0.04116317629814148,,,
45,113079,-0.05582999438047409,,,
45,113084,-0.03354121744632721,,,
45,113089,-0.02665860205888748,,,
45,113094,-0.03299999609589577,,,
45,113099,-0.04057975858449936,,,
45,113104,-0.033036213368177414,,,
45,113109,-0.023517319932579994,,,
45,113114,-0.040762707591056824,,,
45,113119,-0.04006175696849823,,,
45,113124,-0.04039262235164642,,,
45,113129,-0.04795179143548012,,,
45,113134,-0.03643110394477844,,,
45,113139,-0.05089636147022247,,,
45,113144,-0.03193935751914978,,,
45,113149,-0.03558529168367386,,,
45,113154,-0.03551115095615387,,,
45,113159,-0.027752310037612915,,,
45,113164,-0.04435400664806366,,,
45,113169,-0.029497869312763214,,,
45,113174,-0.0224530678242445,,,
45,113179,-0.021744070574641228,,,
45,113184,-0.0351569727063179,,,
45,113189,-0.035766202956438065,,,
45,113194,-0.030750084668397903,,,
45,113199,-0.02205546386539936,,,
45,113204,-0.03484279289841652,,,
45,113209,-0.04124767333269119,,,
45,113214,-0.0326521135866642,,,
45,113219,-0.03842104971408844,,,
45,113224,-0.029021598398685455,,,
45,113229,-0.03747561573982239,,,
45,113234,-0.03845476359128952,,,
45,113239,-0.024826757609844208,,,
45,113244,-0.034103162586688995,,,
45,113249,-0.03467737138271332,,,
45,113254,-0.03159373626112938,,,
45,113259,-0.05181000381708145,,,
45,113264,-0.038197070360183716,,,
45,113269,-0.041390251368284225,,,
45,113274,-0.0411725752055645,,,
45,113279,-0.03352201357483864,,,
45,113284,-0.045580971986055374,,,
45,113289,-0.03401363268494606,,,
45,113294,-0.0038498947396874428,,,
45,113299,-0.03772621974349022,,,
45,113304,-0.027786875143647194,,,
45,113309,-0.02508155256509781,,,
45,113314,-0.058158859610557556,,,
45,113319,-0.017257042229175568,,,
45,113324,-0.04872536659240723,,,
45,113329,-0.034331344068050385,,,
45,113334,-0.03719920665025711,,,
45,113339,-0.03220947086811066,,,
45,113344,-0.025817904621362686,,,
45,113349,-0.036185137927532196,,,
45,113354,-0.03668076917529106,,,
45,113359,-0.04438361898064613,,,
45,113364,-0.044579409062862396,,,
45,113369,-0.04189540445804596,,,
45,113374,-0.04918113350868225,,,
45,113379,-0.023638682439923286,,,
45,113384,-0.0224919393658638,,,
45,113389,-0.04341201111674309,,,
45,113394,-0.031001249328255653,,,
45,113399,-0.02882077544927597,,,
45,113404,-0.020241379737854004,,,
45,113409,-0.04429114609956741,,,
45,113414,-0.054189715534448624,,,
45,113419,-0.02735638990998268,,,
45,113424,-0.030565744265913963,,,
45,113429,-0.03637931868433952,,,
45,113434,-0.05017280578613281,,,
45,113439,-0.03455245494842529,,,
45,113444,-0.014393470250070095,,,
45,113449,-0.029610557481646538,,,
45,113454,-0.04057519882917404,,,
45,113459,-0.026028934866189957,,,
45,113464,-0.053080711513757706,,,
45,113469,-0.04169193655252457,,,
45,113474,-0.04583487659692764,,,
45,113479,-0.03861159831285477,,,
45,113484,-0.020798631012439728,,,
45,113489,-0.022618036717176437,,,
45,113494,-0.052775539457798004,,,
45,113499,-0.025752048939466476,,,
45,113504,-0.03594689816236496,,,
45,113509,-0.048471543937921524,,,
45,113514,-0.04482690617442131,,,
45,113519,-0.040987156331539154,,,
45,113524,-0.02235916070640087,,,
45,113529,-0.04691010341048241,,,
45,113534,-0.03333824872970581,,,
45,113539,-0.032890863716602325,,,
45,113544,-0.049896709620952606,,,
45,113549,-0.028010036796331406,,,
45,113554,-0.05254030227661133,,,
45,113559,-0.02022390067577362,,,
45,113564,-0.024102479219436646,,,
45,113569,-0.03121836856007576,,,
45,113574,-0.03891798108816147,,,
45,113579,-0.03446223959326744,,,
45,113584,-0.04969465732574463,,,
45,113589,-0.04325094074010849,,,
45,113594,-0.03158353269100189,,,
45,113599,-0.028558505699038506,,,
45,113604,-0.043126996606588364,,,
45,113609,-0.027102811262011528,,,
45,113614,-0.03434374928474426,,,
45,113619,-0.04582709074020386,,,
45,113624,-0.031101161614060402,,,
45,113629,-0.030432986095547676,,,
45,113634,-0.03618031367659569,,,
45,113639,-0.04409923776984215,,,
45,113644,-0.031056463718414307,,,
45,113649,-0.03002406656742096,,,
45,113654,-0.03187520056962967,,,
45,113659,-0.03448164090514183,,,
45,113664,-0.030634263530373573,,,
45,113669,-0.029176190495491028,,,
45,113674,-0.028368014842271805,,,
45,113679,-0.03262174874544144,,,
45,113684,-0.036960419267416,,,
45,113689,-0.04761439561843872,,,
45,113694,-0.03558170050382614,,,
45,113699,-0.03697887808084488,,,
45,113704,-0.050251446664333344,,,
45,113709,-0.042417433112859726,,,
45,113714,-0.026513170450925827,,,
45,113719,-0.0279642716050148,,,
45,113724,-0.02347179502248764,,,
45,113729,-0.03607162833213806,,,
45,113734,-0.05166810005903244,,,
45,113739,-0.042691320180892944,,,
45,113744,-0.03394225984811783,,,
45,113749,-0.053020596504211426,,,
45,113754,-0.04721791297197342,,,
45,113759,-0.048447661101818085,,,
45,113764,-0.045294858515262604,,,
45,113769,-0.03656729683279991,,,
45,113774,-0.04445105046033859,,,
45,113779,-0.026970263570547104,,,
45,113784,-0.03499453887343407,,,
45,113789,-0.030021946877241135,,,
45,113794,-0.01316696498543024,,,
45,113799,-0.028514403849840164,,,
45,113804,-0.05360464006662369,,,
45,113809,-0.04311225563287735,,,
45,113814,-0.038836680352687836,,,
45,113819,-0.03313164785504341,,,
45,113824,-0.04262690618634224,,,
45,113829,-0.02983732521533966,,,
45,113834,-0.042843304574489594,,,
45,113839,-0.029311493039131165,,,
45,113844,-0.03090754710137844,,,
45,113849,-0.028518512845039368,,,
45,113854,-0.031112540513277054,,,
45,113859,-0.035619478672742844,,,
45,113864,-0.04913216829299927,,,
45,113869,-0.029860198497772217,,,
45,113874,-0.03468996658921242,,,
45,113879,-0.0379473976790905,,,
45,113884,-0.04075626656413078,,,
45,113889,-0.026084747165441513,,,
45,113894,-0.034413717687129974,,,
45,113899,-0.04068417474627495,,,
45,113904,-0.03876510635018349,,,
45,113909,-0.026313090696930885,,,
45,113914,-0.03756184130907059,,,
45,113919,-0.034859731793403625,,,
45,113924,-0.018318068236112595,,,
45,113929,-0.039184167981147766,,,
45,113934,-0.021523308008909225,,,
45,113939,-0.025802243500947952,,,
45,113944,-0.029879305511713028,,,
45,113949,-0.03954873979091644,,,
45,113954,-0.043753936886787415,,,
45,113959,-0.035549864172935486,,,
45,113964,-0.04986000806093216,,,
45,113969,-0.026706058531999588,,,
45,113974,-0.03954010084271431,,,
45,113979,-0.03523368015885353,,,
45,113984,-0.043776094913482666,,,
45,113989,-0.038164593279361725,,,
45,113994,-0.03944984823465347,,,
45,113999,-0.04303022846579552,,,
45,114004,-0.05131077021360397,,,
45,114009,-0.025303686037659645,,,
45,114014,-0.025852788239717484,,,
45,114019,-0.028808314353227615,,,
45,114024,-0.02631792612373829,,,
45,114029,-0.03068617172539234,,,
45,114034,-0.037315864115953445,,,
45,114039,-0.04269298538565636,,,
45,114044,-0.048629626631736755,,,
45,114049,-0.030415128916502,,,
45,114054,-0.027275903150439262,,,
45,114059,-0.04831339046359062,,,
45,114064,-0.02559014782309532,,,
45,114069,-0.03343406692147255,,,
45,114074,-0.03989030793309212,,,
45,114079,-0.0524638295173645,,,
45,114084,-0.03000437468290329,,,
45,114089,-0.041551120579242706,,,
45,114094,-0.030881822109222412,,,
45,114099,-0.03436198830604553,,,
45,114104,-0.040644571185112,,,
45,114109,-0.029431868344545364,,,
45,114114,-0.03750820830464363,,,
45,114119,-0.027738187462091446,,,
45,114124,-0.0284959077835083,,,
45,114129,-0.04411271959543228,,,
45,114134,-0.027561001479625702,,,
45,114139,-0.03688222914934158,,,
45,114144,-0.025702103972434998,,,
45,114149,-0.035760536789894104,,,
45,114154,-0.039594996720552444,,,
45,114159,-0.04387218877673149,,,
45,114164,-0.04960228502750397,,,
45,114169,-0.030071424320340157,,,
45,114174,-0.023030662909150124,,,
45,114179,-0.04331677407026291,,,
45,114184,-0.03714800626039505,,,
45,114189,-0.012666397728025913,,,
45,114194,-0.03783072531223297,,,
45,114199,-0.023012328892946243,,,
45,114204,-0.032380394637584686,,,
45,114209,-0.03196680173277855,,,
45,114214,-0.046239353716373444,,,
45,114219,-0.048079825937747955,,,
45,114224,-0.04781309515237808,,,
45,114229,-0.01728011481463909,,,
45,114234,-0.04291844740509987,,,
45,114239,-0.04855665937066078,,,
45,114244,-0.04816829785704613,,,
45,114249,-0.03559878468513489,,,
45,114254,-0.03520474210381508,,,
45,114259,-0.04844433069229126,,,
45,114264,-0.040261782705783844,,,
45,114269,-0.04032813757658005,,,
45,114274,-0.04491198807954788,,,
45,114279,-0.03850157558917999,,,
45,114284,-0.02326582744717598,,,
45,114289,-0.04506288841366768,,,
45,114294,-0.03162413462996483,,,
45,114299,-0.04750523716211319,,,
45,114304,-0.03170002996921539,,,
45,114309,-0.06220105290412903,,,
45,114314,-0.028436902910470963,,,
45,114319,-0.037612076848745346,,,
45,114324,-0.051545385271310806,,,
45,114329,-0.04388805478811264,,,
45,114334,-0.05267154425382614,,,
45,114339,-0.036484457552433014,,,
45,114344,-0.03330376744270325,,,
45,114349,-0.029281970113515854,,,
45,114354,-0.022965220734477043,,,
45,114359,-0.04057050496339798,,,
45,114364,-0.03800654411315918,,,
45,114369,-0.0338229201734066,,,
45,114374,-0.03646674007177353,,,
45,114379,-0.03330365568399429,,,
45,114384,-0.023677492514252663,,,
45,114389,-0.034073472023010254,,,
45,114394,-0.02475663647055626,,,
45,114399,-0.022294197231531143,,,
45,114404,-0.03859054297208786,,,
45,114409,-0.022307464852929115,,,
45,114414,-0.043458521366119385,,,
45,114419,-0.03108818456530571,,,
45,114424,-0.026878297328948975,,,
45,114429,-0.03695171698927879,,,
45,114434,-0.03946734592318535,,,
45,114439,-0.042130932211875916,,,
45,114444,-0.026286989450454712,,,
45,114449,-0.03628682345151901,,,
45,114454,-0.031158901751041412,,,
45,114459,-0.02789149060845375,,,
45,114464,-0.022124387323856354,,,
45,114469,-0.023754410445690155,,,
45,114474,-0.039767131209373474,,,
45,114479,-0.037013981491327286,,,
45,114484,-0.037023983895778656,,,
45,114489,-0.03770330548286438,,,
45,114494,-0.04215552657842636,,,
45,114499,-0.04643329232931137,,,
45,114504,-0.046379730105400085,,,
45,114509,-0.036916039884090424,,,
45,114514,-0.0453997403383255,,,
45,114519,-0.04220174252986908,,,
45,114524,-0.018501002341508865,,,
45,114529,-0.04871758073568344,,,
45,114534,-0.03532738983631134,,,
45,114539,-0.03474238142371178,,,
45,114544,-0.019544236361980438,,,
45,114549,-0.04112612456083298,,,
45,114554,-0.0459393709897995,,,
45,114559,-0.04538390785455704,,,
45,114564,-0.007713682018220425,,,
45,114569,-0.03433210402727127,,,
45,114574,-0.017635587602853775,,,
45,114579,-0.03609199821949005,,,
45,114584,-0.04056212306022644,,,
45,114589,-0.031108511611819267,,,
45,114594,-0.03145623579621315,,,
45,114599,-0.02943437546491623,,,
45,114604,-0.044949088245630264,,,
45,114609,-0.03733820468187332,,,
45,114614,-0.039707738906145096,,,
45,114619,-0.0391126424074173,,,
45,114624,-0.05549692362546921,,,
45,114629,-0.03736502677202225,,,
45,114634,-0.016696054488420486,,,
45,114639,-0.034443795680999756,,,
45,114644,-0.03190244361758232,,,
45,114649,-0.039064668118953705,,,
45,114654,-0.039416126906871796,,,
45,114659,-0.02673998661339283,,,
45,114664,-0.027946442365646362,,,
45,114669,-0.0394650362432003,,,
45,114674,-0.02132350765168667,,,
45,114679,-0.032297827303409576,,,
45,114684,-0.027675054967403412,,,
45,114689,-0.03551585227251053,,,
45,114694,-0.03177614510059357,,,
45,114699,-0.04275505617260933,,,
45,114704,-0.039457280188798904,,,
45,114709,-0.03405851125717163,,,
45,114714,-0.029602084308862686,,,
45,114719,-0.03297223150730133,,,
45,114724,-0.04305489733815193,,,
45,114729,-0.03327343612909317,,,
45,114734,-0.039953287690877914,,,
45,114739,-0.02189956232905388,,,
45,114744,-0.040863338857889175,,,
45,114749,-0.036138832569122314,,,
45,114754,-0.022140583023428917,,,
45,114759,-0.028693033382296562,,,
45,114764,-0.035137731581926346,,,
45,114769,-0.027749832719564438,,,
45,114774,-0.04242436960339546,,,
45,114779,-0.03557960316538811,,,
45,114784,-0.04161494970321655,,,
45,114789,-0.03676054999232292,,,
45,114794,-0.032663144171237946,,,
45,114799,-0.038929879665374756,,,
45,114804,-0.03798319026827812,,,
45,114809,-0.039599645882844925,,,
45,114814,-0.04363658279180527,,,
45,114819,-0.04251832142472267,,,
45,114824,-0.029110562056303024,,,
45,114829,-0.042068593204021454,,,
45,114834,-0.030510783195495605,,,
45,114839,-0.03261641412973404,,,
45,114844,-0.040529802441596985,,,
45,114849,-0.032241154462099075,,,
45,114854,-0.04344405233860016,,,
45,114859,-0.008187233470380306,,,
45,114864,-0.03785698488354683,,,
45,114869,-0.012236882001161575,,,
45,114874,-0.0318770632147789,,,
45,114879,-0.03171645849943161,,,
45,114884,-0.03375735133886337,,,
45,114889,-0.039277996867895126,,,
45,114894,-0.038665059953927994,,,
45,114899,-0.01945815607905388,,,
45,114904,-0.03370428830385208,,,
45,114909,-0.03751646727323532,,,
45,114914,-0.038170576095581055,,,
45,114919,-0.036375097930431366,,,
45,114924,-0.043108731508255005,,,
45,114929,-0.04273508861660957,,,
45,114934,-0.056070372462272644,,,
45,114939,-0.021165044978260994,,,
45,114944,-0.026684876531362534,,,
45,114949,-0.05347280576825142,,,
45,114954,-0.030351385474205017,,,
45,114959,-0.04129956662654877,,,
45,114964,-0.0443279966711998,,,
45,114969,-0.03634140267968178,,,
45,114974,-0.036599740386009216,,,
45,114979,-0.03165994584560394,,,
45,114984,-0.03103305771946907,,,
45,114989,-0.032613374292850494,,,
45,114994,-0.03553934395313263,,,
45,114999,-0.02809058129787445,,,
45,114999,,-0.025791043415665627,0.27970001101493835,0.5800861716270447
46,115004,-0.034764669835567474,,,
46,115009,-0.04196089506149292,,,
46,115014,-0.03967195749282837,,,
46,115019,-0.0484326146543026,,,
46,115024,-0.03157086670398712,,,
46,115029,-0.03548972308635712,,,
46,115034,-0.03798993304371834,,,
46,115039,-0.04189267009496689,,,
46,115044,-0.04329175874590874,,,
46,115049,-0.030205924063920975,,,
46,115054,-0.038080133497714996,,,
46,115059,-0.036749158054590225,,,
46,115064,-0.03952604532241821,,,
46,115069,-0.0045423973351716995,,,
46,115074,-0.04175065457820892,,,
46,115079,-0.03204496204853058,,,
46,115084,-0.024858811870217323,,,
46,115089,-0.037469230592250824,,,
46,115094,-0.03200378268957138,,,
46,115099,-0.03363155201077461,,,
46,115104,-0.03481041640043259,,,
46,115109,-0.03030659258365631,,,
46,115114,-0.03746791183948517,,,
46,115119,-0.0432959645986557,,,
46,115124,-0.04395902529358864,,,
46,115129,-0.041354700922966,,,
46,115134,-0.04119819775223732,,,
46,115139,-0.03403067588806152,,,
46,115144,-0.033699870109558105,,,
46,115149,-0.04005538672208786,,,
46,115154,-0.044618770480155945,,,
46,115159,-0.03655446320772171,,,
46,115164,-0.02789473719894886,,,
46,115169,-0.03138832375407219,,,
46,115174,-0.035387057811021805,,,
46,115179,-0.02060863934457302,,,
46,115184,-0.03556404635310173,,,
46,115189,-0.03700372576713562,,,
46,115194,-0.04909172281622887,,,
46,115199,-0.036865539848804474,,,
46,115204,-0.031263988465070724,,,
46,115209,-0.04020405933260918,,,
46,115214,-0.031101014465093613,,,
46,115219,-0.04424498602747917,,,
46,115224,-0.044853925704956055,,,
46,115229,-0.03901582211256027,,,
46,115234,-0.051058731973171234,,,
46,115239,-0.03236112371087074,,,
46,115244,-0.04845219478011131,,,
46,115249,-0.021511564031243324,,,
46,115254,-0.02882436104118824,,,
46,115259,-0.02943391352891922,,,
46,115264,-0.046595193445682526,,,
46,115269,-0.047218188643455505,,,
46,115274,-0.026585828512907028,,,
46,115279,-0.04210485517978668,,,
46,115284,-0.05083521082997322,,,
46,115289,-0.029640819877386093,,,
46,115294,-0.0480470284819603,,,
46,115299,-0.03972126543521881,,,
46,115304,-0.04003628343343735,,,
46,115309,-0.027007827535271645,,,
46,115314,-0.02329106256365776,,,
46,115319,-0.04545004665851593,,,
46,115324,-0.02866021730005741,,,
46,115329,-0.03795251250267029,,,
46,115334,-0.023011811077594757,,,
46,115339,-0.02765396609902382,,,
46,115344,-0.036843739449977875,,,
46,115349,-0.04047282785177231,,,
46,115354,0.031466349959373474,,,
46,115359,-0.04382013902068138,,,
46,115364,-0.039393529295921326,,,
46,115369,-0.03870343416929245,,,
46,115374,-0.03566820174455643,,,
46,115379,-0.025829363614320755,,,
46,115384,-0.0409734733402729,,,
46,115389,-0.029855847358703613,,,
46,115394,-0.03775258734822273,,,
46,115399,-0.038777172565460205,,,
46,115404,-0.04342032968997955,,,
46,115409,-0.00907071866095066,,,
46,115414,-0.04206109791994095,,,
46,115419,-0.025372562929987907,,,
46,115424,-0.03812545910477638,,,
46,115429,-0.03195737674832344,,,
46,115434,-0.034454721957445145,,,
46,115439,-0.044124748557806015,,,
46,115444,-0.03721088916063309,,,
46,115449,-0.03308023139834404,,,
46,115454,-0.027416063472628593,,,
46,115459,-0.03980071470141411,,,
46,115464,-0.02754049003124237,,,
46,115469,-0.0414397269487381,,,
46,115474,-0.03758900240063667,,,
46,115479,-0.03088277578353882,,,
46,115484,-0.04560628533363342,,,
46,115489,-0.03781924396753311,,,
46,115494,-0.04788673669099808,,,
46,115499,-0.03562077507376671,,,
46,115504,-0.02183017134666443,,,
46,115509,-0.024528665468096733,,,
46,115514,-0.028135713189840317,,,
46,115519,-0.023556793108582497,,,
46,115524,-0.018704930320382118,,,
46,115529,-0.029420316219329834,,,
46,115534,-0.03754466399550438,,,
46,115539,-0.040874183177948,,,
46,115544,-0.03687882795929909,,,
46,115549,-0.04305887594819069,,,
46,115554,-0.05492326617240906,,,
46,115559,-0.041926220059394836,,,
46,115564,-0.06188047677278519,,,
46,115569,-0.03763580322265625,,,
46,115574,-0.021874824538826942,,,
46,115579,-0.03258725255727768,,,
46,115584,-0.04285167157649994,,,
46,115589,-0.017335157841444016,,,
46,115594,-0.04402875155210495,,,
46,115599,-0.03284387290477753,,,
46,115604,-0.03797682002186775,,,
46,115609,-0.017019987106323242,,,
46,115614,-0.021932553499937057,,,
46,115619,-0.047981634736061096,,,
46,115624,-0.038905367255210876,,,
46,115629,-0.03743189573287964,,,
46,115634,-0.0218057818710804,,,
46,115639,-0.037735551595687866,,,
46,115644,-0.03883028402924538,,,
46,115649,-0.023252390325069427,,,
46,115654,-0.0329178087413311,,,
46,115659,-0.03757275640964508,,,
46,115664,-0.035532452166080475,,,
46,115669,-0.035132672637701035,,,
46,115674,-0.03953171893954277,,,
46,115679,-0.043097712099552155,,,
46,115684,-0.03940054029226303,,,
46,115689,-0.03608648478984833,,,
46,115694,-0.03865326568484306,,,
46,115699,-0.032309502363204956,,,
46,115704,-0.031847912818193436,,,
46,115709,-0.027281654998660088,,,
46,115714,-0.03666292876005173,,,
46,115719,-0.040579911321401596,,,
46,115724,-0.0342879518866539,,,
46,115729,-0.04434007778763771,,,
46,115734,-0.03205398842692375,,,
46,115739,-0.048159580677747726,,,
46,115744,-0.03936038538813591,,,
46,115749,-0.024762338027358055,,,
46,115754,-0.035449571907520294,,,
46,115759,-0.028014395385980606,,,
46,115764,-0.036188431084156036,,,
46,115769,-0.029708702117204666,,,
46,115774,-0.036473557353019714,,,
46,115779,-0.026275072246789932,,,
46,115784,-0.013676556758582592,,,
46,115789,-0.04219004139304161,,,
46,115794,-0.025456756353378296,,,
46,115799,-0.04772399365901947,,,
46,115804,-0.0396960973739624,,,
46,115809,-0.03612086921930313,,,
46,115814,-0.041322655975818634,,,
46,115819,-0.05287409573793411,,,
46,115824,-0.03183070570230484,,,
46,115829,-0.054193541407585144,,,
46,115834,-0.032235853374004364,,,
46,115839,-0.03656280040740967,,,
46,115844,-0.03052486479282379,,,
46,115849,-0.028824128210544586,,,
46,115854,-0.038109730929136276,,,
46,115859,-0.005969696678221226,,,
46,115864,-0.03572556748986244,,,
46,115869,-0.04311465844511986,,,
46,115874,-0.026797426864504814,,,
46,115879,-0.04941720515489578,,,
46,115884,-0.028793705627322197,,,
46,115889,-0.03241759538650513,,,
46,115894,-0.03354606404900551,,,
46,115899,-0.03489334136247635,,,
46,115904,-0.024981781840324402,,,
46,115909,-0.04222312197089195,,,
46,115914,-0.05064167082309723,,,
46,115919,-0.020377395674586296,,,
46,115924,-0.024101275950670242,,,
46,115929,-0.032078616321086884,,,
46,115934,-0.02445027232170105,,,
46,115939,-0.025568898767232895,,,
46,115944,-0.02955230325460434,,,
46,115949,-0.049601808190345764,,,
46,115954,-0.03615572676062584,,,
46,115959,-0.037960484623909,,,
46,115964,-0.04090026766061783,,,
46,115969,-0.02358519658446312,,,
46,115974,-0.023046746850013733,,,
46,115979,-0.04824452847242355,,,
46,115984,-0.018928278237581253,,,
46,115989,-0.024524791166186333,,,
46,115994,-0.04133021831512451,,,
46,115999,-0.036587584763765335,,,
46,116004,-0.013646448031067848,,,
46,116009,-0.05511453002691269,,,
46,116014,-0.0506984144449234,,,
46,116019,-0.05025176703929901,,,
46,116024,-0.04395041614770889,,,
46,116029,-0.03230753540992737,,,
46,116034,-0.026272879913449287,,,
46,116039,-0.03321312367916107,,,
46,116044,-0.022838043048977852,,,
46,116049,-0.03108321502804756,,,
46,116054,-0.02793990820646286,,,
46,116059,-0.04207759350538254,,,
46,116064,-0.015506790019571781,,,
46,116069,-0.026096003130078316,,,
46,116074,-0.04924694448709488,,,
46,116079,-0.046258799731731415,,,
46,116084,-0.03198918700218201,,,
46,116089,-0.046849507838487625,,,
46,116094,-0.029795248061418533,,,
46,116099,-0.038222536444664,,,
46,116104,-0.023297447711229324,,,
46,116109,-0.03762877732515335,,,
46,116114,-0.011701731011271477,,,
46,116119,-0.04192604869604111,,,
46,116124,-0.03172917664051056,,,
46,116129,-0.043352022767066956,,,
46,116134,-0.036277659237384796,,,
46,116139,-0.03846535086631775,,,
46,116144,-0.030785702168941498,,,
46,116149,-0.06323333084583282,,,
46,116154,-0.04455951601266861,,,
46,116159,-0.04607284069061279,,,
46,116164,-0.029332235455513,,,
46,116169,-0.037125300616025925,,,
46,116174,-0.030058950185775757,,,
46,116179,-0.04002852365374565,,,
46,116184,-0.033290594816207886,,,
46,116189,-0.02984200417995453,,,
46,116194,-0.028349891304969788,,,
46,116199,-0.026994280517101288,,,
46,116204,-0.02999473363161087,,,
46,116209,-0.0402396097779274,,,
46,116214,-0.03594767302274704,,,
46,116219,-0.030567362904548645,,,
46,116224,-0.04591918736696243,,,
46,116229,-0.032567620277404785,,,
46,116234,-0.03173527866601944,,,
46,116239,-0.016682559624314308,,,
46,116244,-0.039625510573387146,,,
46,116249,-0.023643458262085915,,,
46,116254,-0.04079928994178772,,,
46,116259,-0.03406859189271927,,,
46,116264,-0.032325826585292816,,,
46,116269,-0.04498986154794693,,,
46,116274,-0.024959592148661613,,,
46,116279,-0.027514442801475525,,,
46,116284,-0.038174957036972046,,,
46,116289,-0.025346819311380386,,,
46,116294,-0.04807741940021515,,,
46,116299,-0.016303129494190216,,,
46,116304,-0.03052181750535965,,,
46,116309,-0.04262476786971092,,,
46,116314,-0.03592400625348091,,,
46,116319,-0.04536835849285126,,,
46,116324,-0.032143257558345795,,,
46,116329,-0.0358685627579689,,,
46,116334,-0.03468956798315048,,,
46,116339,-0.013961166143417358,,,
46,116344,-0.048842642456293106,,,
46,116349,-0.03982946276664734,,,
46,116354,-0.03771781176328659,,,
46,116359,-0.04553411155939102,,,
46,116364,-0.028071647509932518,,,
46,116369,-0.040264107286930084,,,
46,116374,-0.04116835445165634,,,
46,116379,-0.03901038318872452,,,
46,116384,-0.027170803397893906,,,
46,116389,-0.04356005787849426,,,
46,116394,-0.027976756915450096,,,
46,116399,-0.050934575498104095,,,
46,116404,-0.04114990308880806,,,
46,116409,-0.04122349992394447,,,
46,116414,-0.018654754385352135,,,
46,116419,-0.036079633980989456,,,
46,116424,-0.033547237515449524,,,
46,116429,-0.05387500301003456,,,
46,116434,-0.026961198076605797,,,
46,116439,-0.024478310719132423,,,
46,116444,-0.03823624551296234,,,
46,116449,-0.041501373052597046,,,
46,116454,-0.033873300999403,,,
46,116459,-0.02980036661028862,,,
46,116464,-0.028667710721492767,,,
46,116469,-0.041843071579933167,,,
46,116474,-0.04335373640060425,,,
46,116479,-0.020987847819924355,,,
46,116484,-0.0414484441280365,,,
46,116489,-0.032872289419174194,,,
46,116494,-0.04004231095314026,,,
46,116499,-0.042777664959430695,,,
46,116504,-0.033328600227832794,,,
46,116509,-0.05441223457455635,,,
46,116514,-0.04028119891881943,,,
46,116519,-0.04211902618408203,,,
46,116524,-0.04654606804251671,,,
46,116529,-0.02774766832590103,,,
46,116534,-0.040618084371089935,,,
46,116539,-0.029848605394363403,,,
46,116544,-0.03598947823047638,,,
46,116549,-0.04033306986093521,,,
46,116554,-0.025106258690357208,,,
46,116559,-0.038758404552936554,,,
46,116564,-0.02884957194328308,,,
46,116569,-0.0323641337454319,,,
46,116574,-0.03384622931480408,,,
46,116579,-0.04362763836979866,,,
46,116584,-0.044074896723032,,,
46,116589,-0.018580114468932152,,,
46,116594,-0.026751808822155,,,
46,116599,-0.048157572746276855,,,
46,116604,-0.019989171996712685,,,
46,116609,-0.02550335042178631,,,
46,116614,-0.043956458568573,,,
46,116619,-0.03341284394264221,,,
46,116624,-0.0207073912024498,,,
46,116629,-0.039950937032699585,,,
46,116634,-0.034177057445049286,,,
46,116639,-0.026004891842603683,,,
46,116644,-0.028234414756298065,,,
46,116649,-0.043521225452423096,,,
46,116654,-0.03170941025018692,,,
46,116659,-0.046175070106983185,,,
46,116664,-0.03183930367231369,,,
46,116669,-0.045168302953243256,,,
46,116674,-0.038133442401885986,,,
46,116679,-0.017318634316325188,,,
46,116684,-0.04440061002969742,,,
46,116689,-0.04538418725132942,,,
46,116694,-0.024423561990261078,,,
46,116699,-0.02157330885529518,,,
46,116704,-0.03215582296252251,,,
46,116709,-0.02650260552763939,,,
46,116714,-0.03260728344321251,,,
46,116719,-0.027375612407922745,,,
46,116724,-0.049237653613090515,,,
46,116729,-0.05638761445879936,,,
46,116734,-0.021292220801115036,,,
46,116739,-0.04406581073999405,,,
46,116744,-0.042496196925640106,,,
46,116749,-0.03406190127134323,,,
46,116754,-0.04229173809289932,,,
46,116759,-0.027238819748163223,,,
46,116764,-0.041597262024879456,,,
46,116769,-0.014110364019870758,,,
46,116774,-0.044591620564460754,,,
46,116779,-0.039542317390441895,,,
46,116784,-0.03524778038263321,,,
46,116789,-0.048453640192747116,,,
46,116794,-0.03406692296266556,,,
46,116799,-0.011790349148213863,,,
46,116804,-0.038655005395412445,,,
46,116809,-0.03791433945298195,,,
46,116814,-0.0329083651304245,,,
46,116819,-0.04656982421875,,,
46,116824,-0.04250544682145119,,,
46,116829,-0.04164188355207443,,,
46,116834,-0.03731299936771393,,,
46,116839,-0.047358542680740356,,,
46,116844,-0.03700091317296028,,,
46,116849,-0.03409763425588608,,,
46,116854,-0.0336456298828125,,,
46,116859,-0.049351729452610016,,,
46,116864,-0.02780795842409134,,,
46,116869,-0.02872033417224884,,,
46,116874,-0.0290081650018692,,,
46,116879,-0.03970018029212952,,,
46,116884,-0.03925681486725807,,,
46,116889,-0.04159729182720184,,,
46,116894,-0.03594339266419411,,,
46,116899,-0.02705361321568489,,,
46,116904,-0.036329858005046844,,,
46,116909,-0.020738443359732628,,,
46,116914,-0.025089427828788757,,,
46,116919,-0.03362086042761803,,,
46,116924,-0.042009107768535614,,,
46,116929,-0.039123572409152985,,,
46,116934,-0.03139035031199455,,,
46,116939,-0.030653120949864388,,,
46,116944,-0.03423164412379265,,,
46,116949,-0.04939524456858635,,,
46,116954,-0.04615285247564316,,,
46,116959,-0.035277895629405975,,,
46,116964,-0.02784937247633934,,,
46,116969,-0.017178429290652275,,,
46,116974,-0.03516317903995514,,,
46,116979,-0.044787563383579254,,,
46,116984,-0.005003590136766434,,,
46,116989,-0.02749861218035221,,,
46,116994,-0.034923769533634186,,,
46,116999,-0.0336933434009552,,,
46,117004,-0.011163324117660522,,,
46,117009,-0.037511568516492844,,,
46,117014,-0.033115655183792114,,,
46,117019,-0.04489084705710411,,,
46,117024,-0.03344123810529709,,,
46,117029,-0.03852144628763199,,,
46,117034,-0.04519788175821304,,,
46,117039,-0.02236247807741165,,,
46,117044,-0.035669002681970596,,,
46,117049,-0.03636454418301582,,,
46,117054,-0.024804526939988136,,,
46,117059,-0.03942453861236572,,,
46,117064,-0.04924045503139496,,,
46,117069,-0.04503529891371727,,,
46,117074,-0.01651856303215027,,,
46,117079,-0.03042335994541645,,,
46,117084,-0.020425841212272644,,,
46,117089,-0.015735570341348648,,,
46,117094,-0.03922627866268158,,,
46,117099,-0.04377732798457146,,,
46,117104,-0.027713434770703316,,,
46,117109,-0.03238558769226074,,,
46,117114,-0.03651534020900726,,,
46,117119,-0.04160796105861664,,,
46,117124,-0.023786192759871483,,,
46,117129,-0.03252844884991646,,,
46,117134,-0.0380389466881752,,,
46,117139,-0.039072033017873764,,,
46,117144,-0.03827066347002983,,,
46,117149,-0.017090212553739548,,,
46,117154,-0.02607603557407856,,,
46,117159,-0.02428094670176506,,,
46,117164,-0.04456990957260132,,,
46,117169,-0.04022367298603058,,,
46,117174,-0.04395976662635803,,,
46,117179,-0.029595889151096344,,,
46,117184,-0.022960400208830833,,,
46,117189,-0.03989473730325699,,,
46,117194,-0.037079062312841415,,,
46,117199,-0.040875695645809174,,,
46,117204,-0.046610794961452484,,,
46,117209,-0.028474006801843643,,,
46,117214,-0.016408897936344147,,,
46,117219,-0.02652336284518242,,,
46,117224,-0.03491492569446564,,,
46,117229,-0.04353870451450348,,,
46,117234,-0.02316560409963131,,,
46,117239,-0.04960281401872635,,,
46,117244,-0.03359876200556755,,,
46,117249,-0.039314888417720795,,,
46,117254,-0.041937023401260376,,,
46,117259,-0.0323982797563076,,,
46,117264,-0.026019196957349777,,,
46,117269,-0.0428490936756134,,,
46,117274,-0.00398515909910202,,,
46,117279,-0.039630305022001266,,,
46,117284,-0.025805378332734108,,,
46,117289,-0.03748173266649246,,,
46,117294,-0.03855222463607788,,,
46,117299,-0.029286786913871765,,,
46,117304,-0.04835673049092293,,,
46,117309,-0.03824504464864731,,,
46,117314,-0.03872381150722504,,,
46,117319,-0.034936755895614624,,,
46,117324,-0.032301269471645355,,,
46,117329,-0.02820710651576519,,,
46,117334,-0.03167605400085449,,,
46,117339,-0.04435509443283081,,,
46,117344,-0.036999911069869995,,,
46,117349,-0.02994287759065628,,,
46,117354,-0.05160732567310333,,,
46,117359,-0.027291782200336456,,,
46,117364,-0.05527254194021225,,,
46,117369,-0.03318904712796211,,,
46,117374,-0.03683030977845192,,,
46,117379,-0.04565684497356415,,,
46,117384,-0.047718554735183716,,,
46,117389,-0.028317835181951523,,,
46,117394,-0.05066172033548355,,,
46,117399,-0.025413451716303825,,,
46,117404,-0.04086722806096077,,,
46,117409,-0.02454475685954094,,,
46,117414,-0.030392128974199295,,,
46,117419,-0.03095480427145958,,,
46,117424,-0.020235076546669006,,,
46,117429,-0.018608873710036278,,,
46,117434,-0.03017444908618927,,,
46,117439,-0.036924198269844055,,,
46,117444,-0.051139190793037415,,,
46,117449,-0.03911969065666199,,,
46,117454,-0.055276066064834595,,,
46,117459,-0.03037494607269764,,,
46,117464,-0.041357316076755524,,,
46,117469,-0.0446210652589798,,,
46,117474,-0.033151961863040924,,,
46,117479,-0.03995613381266594,,,
46,117484,-0.03630237281322479,,,
46,117489,-0.04196101427078247,,,
46,117494,-0.03593366965651512,,,
46,117499,-0.04095311462879181,,,
46,117499,,-0.02289724349975586,0.29840001463890076,0.6000000238418579
47,117504,-0.02846428006887436,,,
47,117509,-0.030765682458877563,,,
47,117514,-0.04386584460735321,,,
47,117519,-0.03874494507908821,,,
47,117524,-0.04116107150912285,,,
47,117529,-0.029069483280181885,,,
47,117534,-0.0324995294213295,,,
47,117539,-0.03627487272024155,,,
47,117544,-0.03449437394738197,,,
47,117549,-0.025435172021389008,,,
47,117554,-0.032010309398174286,,,
47,117559,-0.029737912118434906,,,
47,117564,-0.031550101935863495,,,
47,117569,-0.03106027841567993,,,
47,117574,-0.033295825123786926,,,
47,117579,-0.03655926138162613,,,
47,117584,-0.03600092977285385,,,
47,117589,-0.04608944058418274,,,
47,117594,-0.024310924112796783,,,
47,117599,-0.02388029545545578,,,
47,117604,-0.04516008868813515,,,
47,117609,-0.029637254774570465,,,
47,117614,-0.03406386077404022,,,
47,117619,-0.04477855935692787,,,
47,117624,-0.03836434334516525,,,
47,117629,-0.029729710891842842,,,
47,117634,-0.035170815885066986,,,
47,117639,-0.047205545008182526,,,
47,117644,-0.017873894423246384,,,
47,117649,-0.04444889724254608,,,
47,117654,-0.04069531336426735,,,
47,117659,-0.022583454847335815,,,
47,117664,-0.029192030429840088,,,
47,117669,-0.03236348554491997,,,
47,117674,-0.042620982974767685,,,
47,117679,-0.04003642871975899,,,
47,117684,-0.04745485633611679,,,
47,117689,-0.03694043308496475,,,
47,117694,-0.05714905261993408,,,
47,117699,-0.036297231912612915,,,
47,117704,-0.03858412057161331,,,
47,117709,-0.03541949763894081,,,
47,117714,-0.029660090804100037,,,
47,117719,-0.03905114904046059,,,
47,117724,-0.03421730548143387,,,
47,117729,-0.029217973351478577,,,
47,117734,-0.035050299018621445,,,
47,117739,-0.0203641839325428,,,
47,117744,-0.0366302914917469,,,
47,117749,-0.04337479919195175,,,
47,117754,-0.03353288024663925,,,
47,117759,-0.03496333211660385,,,
47,117764,-0.055288881063461304,,,
47,117769,-0.03038756176829338,,,
47,117774,-0.03369990736246109,,,
47,117779,-0.04836428537964821,,,
47,117784,-0.03887909650802612,,,
47,117789,-0.03235834836959839,,,
47,117794,-0.039778225123882294,,,
47,117799,-0.011437555775046349,,,
47,117804,-0.040720269083976746,,,
47,117809,-0.03546140342950821,,,
47,117814,-0.040397584438323975,,,
47,117819,-0.04371226206421852,,,
47,117824,-0.055396512150764465,,,
47,117829,-0.048419710248708725,,,
47,117834,-0.03375975415110588,,,
47,117839,-0.02027391828596592,,,
47,117844,-0.0285269133746624,,,
47,117849,-0.04276840388774872,,,
47,117854,-0.04409458488225937,,,
47,117859,-0.026320746168494225,,,
47,117864,-0.02918752282857895,,,
47,117869,-0.04847027361392975,,,
47,117874,-0.04072398692369461,,,
47,117879,-0.026068072766065598,,,
47,117884,-0.041088007390499115,,,
47,117889,-0.03251469135284424,,,
47,117894,-0.036849245429039,,,
47,117899,-0.021613972261548042,,,
47,117904,-0.03923751413822174,,,
47,117909,-0.03053414821624756,,,
47,117914,-0.026118580251932144,,,
47,117919,-0.03570561856031418,,,
47,117924,-0.026119012385606766,,,
47,117929,-0.04964456707239151,,,
47,117934,-0.03780180215835571,,,
47,117939,-0.03142991662025452,,,
47,117944,-0.017191601917147636,,,
47,117949,-0.02059435285627842,,,
47,117954,-0.04916732758283615,,,
47,117959,-0.040242426097393036,,,
47,117964,-0.034001097083091736,,,
47,117969,-0.02068920060992241,,,
47,117974,-0.035310808569192886,,,
47,117979,-0.03867992013692856,,,
47,117984,-0.02796681597828865,,,
47,117989,-0.0439184308052063,,,
47,117994,-0.03282568231225014,,,
47,117999,-0.04414726048707962,,,
47,118004,-0.059241071343421936,,,
47,118009,-0.03319401293992996,,,
47,118014,-0.04830799996852875,,,
47,118019,-0.03945913538336754,,,
47,118024,-0.04546050727367401,,,
47,118029,-0.043346043676137924,,,
47,118034,-0.04222381114959717,,,
47,118039,-0.042412169277668,,,
47,118044,-0.03742102533578873,,,
47,118049,-0.02425401844084263,,,
47,118054,0.018642794340848923,,,
47,118059,-0.0361192412674427,,,
47,118064,-0.039912473410367966,,,
47,118069,-0.04030865058302879,,,
47,118074,-0.015795497223734856,,,
47,118079,-0.04462672024965286,,,
47,118084,-0.022439226508140564,,,
47,118089,-0.041935909539461136,,,
47,118094,-0.03612556681036949,,,
47,118099,-0.035319894552230835,,,
47,118104,-0.03760402649641037,,,
47,118109,-0.028098467737436295,,,
47,118114,-0.027051925659179688,,,
47,118119,-0.026080826297402382,,,
47,118124,-0.02828337624669075,,,
47,118129,-0.005331405438482761,,,
47,118134,-0.022908806800842285,,,
47,118139,-0.03217509761452675,,,
47,118144,-0.029032591730356216,,,
47,118149,-0.03587387874722481,,,
47,118154,-0.02824929542839527,,,
47,118159,-0.04239065945148468,,,
47,118164,-0.031140781939029694,,,
47,118169,-0.03559640794992447,,,
47,118174,-0.04126616567373276,,,
47,118179,-0.03422936797142029,,,
47,118184,-0.035141900181770325,,,
47,118189,-0.03848157078027725,,,
47,118194,-0.03237313777208328,,,
47,118199,-0.03109576366841793,,,
47,118204,-0.04154295474290848,,,
47,118209,-0.045196764171123505,,,
47,118214,-0.02862868830561638,,,
47,118219,-0.041647493839263916,,,
47,118224,-0.03231184929609299,,,
47,118229,-0.02962632291018963,,,
47,118234,-0.03638308495283127,,,
47,118239,-0.03740710765123367,,,
47,118244,-0.04176223650574684,,,
47,118249,-0.041700080037117004,,,
47,118254,-0.022901101037859917,,,
47,118259,-0.019082870334386826,,,
47,118264,-0.03408079594373703,,,
47,118269,-0.041590962558984756,,,
47,118274,-0.03119148500263691,,,
47,118279,-0.03439567610621452,,,
47,118284,-0.04886200278997421,,,
47,118289,-0.02782774716615677,,,
47,118294,-0.022414647042751312,,,
47,118299,-0.04708976298570633,,,
47,118304,-0.03272118419408798,,,
47,118309,-0.04938434809446335,,,
47,118314,-0.037515293806791306,,,
47,118319,-0.03404989093542099,,,
47,118324,-0.03359750658273697,,,
47,118329,-0.011655301786959171,,,
47,118334,-0.0385548360645771,,,
47,118339,-0.02644629031419754,,,
47,118344,-0.02617042511701584,,,
47,118349,-0.048485368490219116,,,
47,118354,-0.05843868479132652,,,
47,118359,-0.03419314697384834,,,
47,118364,-0.04219082370400429,,,
47,118369,-0.05020078644156456,,,
47,118374,-0.04418472945690155,,,
47,118379,-0.026966702193021774,,,
47,118384,-0.029723571613430977,,,
47,118389,-0.025072455406188965,,,
47,118394,-0.02554318681359291,,,
47,118399,-0.05069594830274582,,,
47,118404,-0.042021363973617554,,,
47,118409,-0.011931849643588066,,,
47,118414,-0.04360798001289368,,,
47,118419,-0.039800696074962616,,,
47,118424,-0.035060957074165344,,,
47,118429,-0.04303060099482536,,,
47,118434,-0.042209938168525696,,,
47,118439,-0.053295593708753586,,,
47,118444,-0.035704903304576874,,,
47,118449,-0.048379380255937576,,,
47,118454,-0.03790520876646042,,,
47,118459,-0.023164553567767143,,,
47,118464,-0.02742787078022957,,,
47,118469,-0.029809562489390373,,,
47,118474,-0.02469077706336975,,,
47,118479,-0.028018619865179062,,,
47,118484,-0.020191486924886703,,,
47,118489,-0.029188502579927444,,,
47,118494,-0.0421951487660408,,,
47,118499,-0.03258511424064636,,,
47,118504,-0.035963088274002075,,,
47,118509,-0.04367992281913757,,,
47,118514,-0.03538490831851959,,,
47,118519,-0.03894103318452835,,,
47,118524,-0.020911118015646935,,,
47,118529,-0.03444446250796318,,,
47,118534,-0.051143988966941833,,,
47,118539,-0.03012208268046379,,,
47,118544,-0.05143837630748749,,,
47,118549,-0.047886982560157776,,,
47,118554,-0.04782192409038544,,,
47,118559,-0.036230579018592834,,,
47,118564,-0.03022451512515545,,,
47,118569,-0.03664818033576012,,,
47,118574,-0.03861580789089203,,,
47,118579,-0.028923984616994858,,,
47,118584,-0.04176834970712662,,,
47,118589,-0.028717398643493652,,,
47,118594,-0.009397828951478004,,,
47,118599,-0.03673548251390457,,,
47,118604,-0.0321524515748024,,,
47,118609,-0.040962085127830505,,,
47,118614,-0.023585284128785133,,,
47,118619,-0.03819582983851433,,,
47,118624,-0.03891951963305473,,,
47,118629,-0.010452250950038433,,,
47,118634,-0.01765010505914688,,,
47,118639,-0.04263246804475784,,,
47,118644,-0.04054117947816849,,,
47,118649,-0.027378249913454056,,,
47,118654,-0.04846139997243881,,,
47,118659,-0.0429975762963295,,,
47,118664,-0.04603711515665054,,,
47,118669,-0.038776688277721405,,,
47,118674,-0.03156376630067825,,,
47,118679,-0.06050063669681549,,,
47,118684,-0.04248664900660515,,,
47,118689,-0.03686891123652458,,,
47,118694,-0.02014526166021824,,,
47,118699,-0.05039471387863159,,,
47,118704,-0.04182488098740578,,,
47,118709,-0.03685230761766434,,,
47,118714,-0.03626987710595131,,,
47,118719,-0.029360368847846985,,,
47,118724,-0.01010885089635849,,,
47,118729,-0.04541420191526413,,,
47,118734,-0.022135764360427856,,,
47,118739,-0.03408431634306908,,,
47,118744,-0.037254203110933304,,,
47,118749,-0.04120885580778122,,,
47,118754,-0.04094226658344269,,,
47,118759,-0.03339087963104248,,,
47,118764,-0.03799106925725937,,,
47,118769,-0.022802216932177544,,,
47,118774,-0.02481386810541153,,,
47,118779,-0.03983025997877121,,,
47,118784,-0.0436292327940464,,,
47,118789,-0.044267959892749786,,,
47,118794,-0.03745691105723381,,,
47,118799,-0.03759830445051193,,,
47,118804,-0.03588471561670303,,,
47,118809,-0.03561898693442345,,,
47,118814,-0.04060444235801697,,,
47,118819,-0.03252527117729187,,,
47,118824,-0.03603650629520416,,,
47,118829,-0.019408462569117546,,,
47,118834,-0.04559677839279175,,,
47,118839,-0.03880183398723602,,,
47,118844,-0.02638503909111023,,,
47,118849,-0.04087352007627487,,,
47,118854,-0.0432250089943409,,,
47,118859,-0.0327354371547699,,,
47,118864,-0.05097905173897743,,,
47,118869,-0.040983282029628754,,,
47,118874,-0.046819157898426056,,,
47,118879,-0.03438306599855423,,,
47,118884,-0.03986363857984543,,,
47,118889,-0.03183084726333618,,,
47,118894,-0.05045574530959129,,,
47,118899,-0.03637860342860222,,,
47,118904,-0.035701826214790344,,,
47,118909,-0.04286035895347595,,,
47,118914,-0.017619453370571136,,,
47,118919,-0.04029548913240433,,,
47,118924,-0.02781004086136818,,,
47,118929,-0.031122097745537758,,,
47,118934,-0.026180047541856766,,,
47,118939,-0.02225753851234913,,,
47,118944,-0.02454192191362381,,,
47,118949,-0.03747778385877609,,,
47,118954,-0.03279060870409012,,,
47,118959,-0.04047172889113426,,,
47,118964,-0.03756903484463692,,,
47,118969,-0.04802100360393524,,,
47,118974,-0.040291767567396164,,,
47,118979,-0.02069132775068283,,,
47,118984,-0.03427991643548012,,,
47,118989,-0.04081397503614426,,,
47,118994,-0.029365234076976776,,,
47,118999,-0.040393609553575516,,,
47,119004,-0.03451533988118172,,,
47,119009,-0.037453435361385345,,,
47,119014,-0.033181529492139816,,,
47,119019,-0.03715124353766441,,,
47,119024,-0.034916751086711884,,,
47,119029,-0.04771951586008072,,,
47,119034,-0.05288834869861603,,,
47,119039,-0.04361117631196976,,,
47,119044,-0.033974334597587585,,,
47,119049,-0.04953477904200554,,,
47,119054,-0.051043517887592316,,,
47,119059,-0.02753961831331253,,,
47,119064,-0.05047516152262688,,,
47,119069,-0.03466673195362091,,,
47,119074,-0.03467384725809097,,,
47,119079,-0.02616795524954796,,,
47,119084,-0.026961948722600937,,,
47,119089,-0.030519932508468628,,,
47,119094,-0.03242265433073044,,,
47,119099,-0.04406464844942093,,,
47,119104,-0.01214170828461647,,,
47,119109,-0.03810516744852066,,,
47,119114,-0.04524901881814003,,,
47,119119,-0.047957129776477814,,,
47,119124,-0.041598960757255554,,,
47,119129,-0.037017062306404114,,,
47,119134,-0.04069306328892708,,,
47,119139,-0.0396515354514122,,,
47,119144,-0.0319092757999897,,,
47,119149,-0.044102177023887634,,,
47,119154,-0.034719254821538925,,,
47,119159,-0.04398632049560547,,,
47,119164,-0.03173011168837547,,,
47,119169,-0.020703958347439766,,,
47,119174,-0.037254177033901215,,,
47,119179,-0.029187526553869247,,,
47,119184,-0.03234449028968811,,,
47,119189,-0.020798150449991226,,,
47,119194,-0.03511478751897812,,,
47,119199,-0.03858388215303421,,,
47,119204,-0.05054154247045517,,,
47,119209,-0.045441634953022,,,
47,119214,-0.03647012263536453,,,
47,119219,-0.047764651477336884,,,
47,119224,-0.03853752091526985,,,
47,119229,-0.036855120211839676,,,
47,119234,-0.03555019944906235,,,
47,119239,-0.029968194663524628,,,
47,119244,-0.035856202244758606,,,
47,119249,-0.041141923516988754,,,
47,119254,-0.018684430047869682,,,
47,119259,-0.04486115276813507,,,
47,119264,-0.046620555222034454,,,
47,119269,-0.03875144571065903,,,
47,119274,-0.029862597584724426,,,
47,119279,-0.03735276311635971,,,
47,119284,-0.02763579599559307,,,
47,119289,-0.04792691022157669,,,
47,119294,-0.04033026099205017,,,
47,119299,-0.04568352550268173,,,
47,119304,-0.03129402920603752,,,
47,119309,-0.03530396148562431,,,
47,119314,-0.04180806875228882,,,
47,119319,-0.029351452365517616,,,
47,119324,0.0013599758967757225,,,
47,119329,-0.038787417113780975,,,
47,119334,-0.030896805226802826,,,
47,119339,-0.031042935326695442,,,
47,119344,-0.050239983946084976,,,
47,119349,-0.030454128980636597,,,
47,119354,-0.036275651305913925,,,
47,119359,-0.00867424439638853,,,
47,119364,-0.03852306678891182,,,
47,119369,-0.05076730623841286,,,
47,119374,-0.031704485416412354,,,
47,119379,-0.040821775794029236,,,
47,119384,-0.04225873202085495,,,
47,119389,-0.029768694192171097,,,
47,119394,-0.04283055663108826,,,
47,119399,-0.04552377760410309,,,
47,119404,-0.04797951504588127,,,
47,119409,-0.04410165548324585,,,
47,119414,-0.04619012773036957,,,
47,119419,-0.04088347405195236,,,
47,119424,-0.0401386059820652,,,
47,119429,-0.04193955659866333,,,
47,119434,-0.03626774251461029,,,
47,119439,-0.045326173305511475,,,
47,119444,-0.03869450092315674,,,
47,119449,-0.02721448428928852,,,
47,119454,-0.03737768530845642,,,
47,119459,-0.04444849491119385,,,
47,119464,-0.03638603538274765,,,
47,119469,-0.04286782443523407,,,
47,119474,-0.04233571141958237,,,
47,119479,-0.05191605165600777,,,
47,119484,-0.04185020178556442,,,
47,119489,-0.021629121154546738,,,
47,119494,-0.018229207023978233,,,
47,119499,-0.038046106696128845,,,
47,119504,-0.03784779831767082,,,
47,119509,-0.03418484330177307,,,
47,119514,-0.04960403963923454,,,
47,119519,-0.022567566484212875,,,
47,119524,-0.04838299751281738,,,
47,119529,-0.032684482634067535,,,
47,119534,-0.025966070592403412,,,
47,119539,-0.04877929762005806,,,
47,119544,-0.010521208867430687,,,
47,119549,-0.054164819419384,,,
47,119554,-0.03901173919439316,,,
47,119559,-0.02355377748608589,,,
47,119564,-0.04193849861621857,,,
47,119569,-0.030651308596134186,,,
47,119574,-0.04807693138718605,,,
47,119579,-0.04198377579450607,,,
47,119584,-0.04458581656217575,,,
47,119589,-0.01913391426205635,,,
47,119594,-0.038975030183792114,,,
47,119599,-0.03993722423911095,,,
47,119604,-0.04597751051187515,,,
47,119609,-0.03935405611991882,,,
47,119614,-0.036923423409461975,,,
47,119619,-0.03124048560857773,,,
47,119624,-0.03174056112766266,,,
47,119629,-0.03480687737464905,,,
47,119634,-0.03808680549263954,,,
47,119639,-0.0492071732878685,,,
47,119644,-0.047267746180295944,,,
47,119649,-0.02073584869503975,,,
47,119654,-0.038915541023015976,,,
47,119659,-0.04390736669301987,,,
47,119664,-0.02890815958380699,,,
47,119669,-0.03359825909137726,,,
47,119674,-0.03137955442070961,,,
47,119679,-0.03987887501716614,,,
47,119684,-0.03519067168235779,,,
47,119689,-0.029868246987462044,,,
47,119694,-0.03869256377220154,,,
47,119699,-0.02806573174893856,,,
47,119704,-0.02995052933692932,,,
47,119709,-0.039268672466278076,,,
47,119714,-0.021892763674259186,,,
47,119719,-0.03582942485809326,,,
47,119724,-0.024845045059919357,,,
47,119729,-0.04035930335521698,,,
47,119734,-0.03046770952641964,,,
47,119739,-0.028278538957238197,,,
47,119744,-0.038579635322093964,,,
47,119749,-0.036864444613456726,,,
47,119754,-0.027068637311458588,,,
47,119759,-0.03805425018072128,,,
47,119764,-0.03840136528015137,,,
47,119769,-0.03878499194979668,,,
47,119774,-0.0250603798776865,,,
47,119779,-0.031711313873529434,,,
47,119784,-0.023745127022266388,,,
47,119789,-0.03171168267726898,,,
47,119794,-0.03629046678543091,,,
47,119799,-0.027875011786818504,,,
47,119804,-0.042761050164699554,,,
47,119809,-0.03199326992034912,,,
47,119814,-0.019066011533141136,,,
47,119819,-0.028447754681110382,,,
47,119824,-0.033839285373687744,,,
47,119829,-0.03382965549826622,,,
47,119834,-0.04344828426837921,,,
47,119839,-0.04164667800068855,,,
47,119844,-0.02782156690955162,,,
47,119849,-0.027143005281686783,,,
47,119854,-0.04394984990358353,,,
47,119859,-0.03538680821657181,,,
47,119864,-0.0349571630358696,,,
47,119869,-0.03196045383810997,,,
47,119874,-0.034228526055812836,,,
47,119879,-0.03553306683897972,,,
47,119884,-0.03872421756386757,,,
47,119889,-0.03573234751820564,,,
47,119894,-0.027857864275574684,,,
47,119899,-0.027536068111658096,,,
47,119904,-0.04111655801534653,,,
47,119909,-0.025975240394473076,,,
47,119914,-0.04608858749270439,,,
47,119919,-0.030143646523356438,,,
47,119924,-0.041848666965961456,,,
47,119929,-0.03819585591554642,,,
47,119934,-0.03366987407207489,,,
47,119939,-0.04043589532375336,,,
47,119944,-0.03695930913090706,,,
47,119949,-0.029379751533269882,,,
47,119954,-0.026508543640375137,,,
47,119959,-0.03839497268199921,,,
47,119964,-0.0382857620716095,,,
47,119969,-0.03388884663581848,,,
47,119974,-0.028897348791360855,,,
47,119979,-0.03382965549826622,,,
47,119984,-0.05327022820711136,,,
47,119989,-0.016712021082639694,,,
47,119994,-0.033811938017606735,,,
47,119999,-0.034940991550683975,,,
47,119999,,-0.022487957030534744,0.2980000078678131,0.5998333096504211
48,120004,-0.024466367438435555,,,
48,120009,-0.029953818768262863,,,
48,120014,-0.05057942494750023,,,
48,120019,-0.02373637445271015,,,
48,120024,-0.04790670424699783,,,
48,120029,-0.051599591970443726,,,
48,120034,-0.036186378449201584,,,
48,120039,-0.03051316738128662,,,
48,120044,-0.022043170407414436,,,
48,120049,-0.04382435232400894,,,
48,120054,-0.031050410121679306,,,
48,120059,-0.02216220274567604,,,
48,120064,-0.025175340473651886,,,
48,120069,-0.032926298677921295,,,
48,120074,-0.04878152534365654,,,
48,120079,-0.02481052465736866,,,
48,120084,-0.03662745654582977,,,
48,120089,-0.026290247216820717,,,
48,120094,-0.04532460868358612,,,
48,120099,-0.052871111780405045,,,
48,120104,-0.04425538703799248,,,
48,120109,-0.02198091521859169,,,
48,120114,-0.037508852779865265,,,
48,120119,-0.022958435118198395,,,
48,120124,-0.03517255559563637,,,
48,120129,-0.03573542833328247,,,
48,120134,-0.04509643837809563,,,
48,120139,-0.0278010331094265,,,
48,120144,-0.02099597454071045,,,
48,120149,-0.04219835624098778,,,
48,120154,-0.043535634875297546,,,
48,120159,-0.036053694784641266,,,
48,120164,-0.031032495200634003,,,
48,120169,-0.03481220453977585,,,
48,120174,-0.03849167376756668,,,
48,120179,-0.035607993602752686,,,
48,120184,-0.04886598512530327,,,
48,120189,-0.03670508414506912,,,
48,120194,-0.010986723005771637,,,
48,120199,-0.033742889761924744,,,
48,120204,-0.042488306760787964,,,
48,120209,-0.039435096085071564,,,
48,120214,-0.02565518580377102,,,
48,120219,-0.03387470915913582,,,
48,120224,-0.040003452450037,,,
48,120229,-0.0340302437543869,,,
48,120234,-0.031410448253154755,,,
48,120239,-0.04087342321872711,,,
48,120244,-0.04927678406238556,,,
48,120249,-0.05163862183690071,,,
48,120254,-0.032866355031728745,,,
48,120259,-0.0457112081348896,,,
48,120264,-0.03703954815864563,,,
48,120269,-0.04569919779896736,,,
48,120274,-0.03774815797805786,,,
48,120279,-0.035614319145679474,,,
48,120284,-0.03818932920694351,,,
48,120289,-0.03555627167224884,,,
48,120294,-0.042982444167137146,,,
48,120299,-0.036204613745212555,,,
48,120304,-0.03223704174160957,,,
48,120309,-0.021068191155791283,,,
48,120314,-0.023795627057552338,,,
48,120319,-0.03998817503452301,,,
48,120324,-0.03399771824479103,,,
48,120329,-0.049664583057165146,,,
48,120334,-0.03546056151390076,,,
48,120339,-0.03947416692972183,,,
48,120344,-0.051344167441129684,,,
48,120349,-0.03965561091899872,,,
48,120354,-0.027042478322982788,,,
48,120359,-0.04715251922607422,,,
48,120364,-0.03172045201063156,,,
48,120369,-0.030736323446035385,,,
48,120374,-0.043858639895915985,,,
48,120379,-0.04667781665921211,,,
48,120384,-0.04086123779416084,,,
48,120389,-0.05547572299838066,,,
48,120394,-0.03284726291894913,,,
48,120399,-0.031340666115283966,,,
48,120404,-0.030624086037278175,,,
48,120409,-0.04885490611195564,,,
48,120414,-0.0399007685482502,,,
48,120419,-0.04900470748543739,,,
48,120424,-0.023517455905675888,,,
48,120429,-0.041479066014289856,,,
48,120434,-0.025657042860984802,,,
48,120439,-0.03862367570400238,,,
48,120444,-0.03345438838005066,,,
48,120449,-0.02170000970363617,,,
48,120454,-0.03730282559990883,,,
48,120459,-0.022427737712860107,,,
48,120464,-0.029875928536057472,,,
48,120469,-0.026038702577352524,,,
48,120474,-0.024760238826274872,,,
48,120479,-0.0365392230451107,,,
48,120484,-0.027108535170555115,,,
48,120489,-0.02914818748831749,,,
48,120494,-0.022714637219905853,,,
48,120499,-0.032136350870132446,,,
48,120504,-0.03828169405460358,,,
48,120509,-0.04489537328481674,,,
48,120514,-0.029473360627889633,,,
48,120519,-0.04915495216846466,,,
48,120524,-0.028530459851026535,,,
48,120529,-0.03302164748311043,,,
48,120534,-0.04538235068321228,,,
48,120539,-0.03833083063364029,,,
48,120544,-0.033305294811725616,,,
48,120549,-0.02806769497692585,,,
48,120554,-0.03528211638331413,,,
48,120559,-0.034233108162879944,,,
48,120564,-0.026925358921289444,,,
48,120569,-0.04642142355442047,,,
48,120574,-0.03544868156313896,,,
48,120579,-0.03655839338898659,,,
48,120584,-0.03477749228477478,,,
48,120589,-0.026287419721484184,,,
48,120594,-0.03357242792844772,,,
48,120599,-0.022856613621115685,,,
48,120604,-0.04199308529496193,,,
48,120609,-0.028572652488946915,,,
48,120614,-0.04433581978082657,,,
48,120619,-0.040729355067014694,,,
48,120624,-0.039636701345443726,,,
48,120629,-0.03682463616132736,,,
48,120634,-0.05497654899954796,,,
48,120639,-0.020400414243340492,,,
48,120644,-0.04307440668344498,,,
48,120649,-0.03616692125797272,,,
48,120654,-0.02804122120141983,,,
48,120659,-0.019771413877606392,,,
48,120664,-0.039281606674194336,,,
48,120669,-0.02298799157142639,,,
48,120674,-0.022371552884578705,,,
48,120679,-0.028460249304771423,,,
48,120684,-0.041003502905368805,,,
48,120689,-0.03379731625318527,,,
48,120694,-0.03773653507232666,,,
48,120699,-0.028314650058746338,,,
48,120704,-0.02914181910455227,,,
48,120709,-0.01815672591328621,,,
48,120714,-0.03291010856628418,,,
48,120719,-0.04648108780384064,,,
48,120724,-0.03999139368534088,,,
48,120729,-0.03962945193052292,,,
48,120734,-0.03918430581688881,,,
48,120739,-0.03185278922319412,,,
48,120744,-0.03658929467201233,,,
48,120749,-0.030209233984351158,,,
48,120754,-0.03731519728899002,,,
48,120759,-0.017841288819909096,,,
48,120764,-0.026716522872447968,,,
48,120769,-0.030651671811938286,,,
48,120774,-0.04222370684146881,,,
48,120779,-0.03534424677491188,,,
48,120784,-0.02392270602285862,,,
48,120789,-0.02353939786553383,,,
48,120794,-0.04826589301228523,,,
48,120799,-0.03929935023188591,,,
48,120804,-0.03900999203324318,,,
48,120809,-0.05229714885354042,,,
48,120814,-0.042648836970329285,,,
48,120819,-0.02752743288874626,,,
48,120824,-0.03254526108503342,,,
48,120829,-0.03210524469614029,,,
48,120834,-0.035372547805309296,,,
48,120839,-0.05209694802761078,,,
48,120844,-0.033104777336120605,,,
48,120849,-0.04287254065275192,,,
48,120854,-0.029894836246967316,,,
48,120859,-0.035559456795454025,,,
48,120864,-0.031136447563767433,,,
48,120869,-0.03450430557131767,,,
48,120874,-0.03751835227012634,,,
48,120879,-0.025172682479023933,,,
48,120884,-0.02767309918999672,,,
48,120889,-0.025727055966854095,,,
48,120894,-0.055079229176044464,,,
48,120899,-0.023910321295261383,,,
48,120904,-0.0397188737988472,,,
48,120909,-0.03921271115541458,,,
48,120914,-0.029254551976919174,,,
48,120919,-0.035590700805187225,,,
48,120924,-0.038854628801345825,,,
48,120929,-0.03458471596240997,,,
48,120934,-0.03307853266596794,,,
48,120939,-0.013220597058534622,,,
48,120944,-0.03811047226190567,,,
48,120949,-0.04364738613367081,,,
48,120954,-0.03027564473450184,,,
48,120959,-0.03949261084198952,,,
48,120964,-0.04293876141309738,,,
48,120969,-0.03892967849969864,,,
48,120974,-0.04112270474433899,,,
48,120979,-0.04022250697016716,,,
48,120984,-0.035874247550964355,,,
48,120989,-0.03185335919260979,,,
48,120994,-0.04586626961827278,,,
48,120999,-0.03782108426094055,,,
48,121004,-0.036734871566295624,,,
48,121009,-0.026212625205516815,,,
48,121014,-0.02844233252108097,,,
48,121019,-0.03022288903594017,,,
48,121024,-0.0412556491792202,,,
48,121029,-0.0321989469230175,,,
48,121034,-0.033037226647138596,,,
48,121039,-0.03947333246469498,,,
48,121044,-0.011947562918066978,,,
48,121049,-0.030045125633478165,,,
48,121054,-0.03993573412299156,,,
48,121059,-0.03983166813850403,,,
48,121064,-0.03950431942939758,,,
48,121069,-0.028218219056725502,,,
48,121074,-0.03335488215088844,,,
48,121079,-0.034913983196020126,,,
48,121084,-0.03290018439292908,,,
48,121089,-0.04804503917694092,,,
48,121094,-0.03642217069864273,,,
48,121099,-0.040090568363666534,,,
48,121104,-0.05063870549201965,,,
48,121109,-0.034897156059741974,,,
48,121114,-0.02411184273660183,,,
48,121119,-0.022404521703720093,,,
48,121124,-0.018775634467601776,,,
48,121129,-0.04555158689618111,,,
48,121134,-0.015779152512550354,,,
48,121139,-0.033611856400966644,,,
48,121144,-0.03377570956945419,,,
48,121149,-0.039528392255306244,,,
48,121154,-0.04041814059019089,,,
48,121159,-0.028800765052437782,,,
48,121164,-0.026759017258882523,,,
48,121169,-0.026651514694094658,,,
48,121174,-0.04344067722558975,,,
48,121179,-0.041681695729494095,,,
48,121184,-0.0345272496342659,,,
48,121189,-0.03214150294661522,,,
48,121194,-0.02269330993294716,,,
48,121199,-0.031201953068375587,,,
48,121204,-0.01595356874167919,,,
48,121209,-0.04098968207836151,,,
48,121214,-0.03358884155750275,,,
48,121219,-0.03166409954428673,,,
48,121224,-0.031080197542905807,,,
48,121229,-0.03795506805181503,,,
48,121234,-0.05018632858991623,,,
48,121239,-0.029664479196071625,,,
48,121244,-0.010547460988163948,,,
48,121249,-0.03817442059516907,,,
48,121254,-0.03745316341519356,,,
48,121259,-0.0385342501103878,,,
48,121264,-0.04212713986635208,,,
48,121269,-0.04646057263016701,,,
48,121274,-0.03494541347026825,,,
48,121279,-0.043991442769765854,,,
48,121284,-0.03828210383653641,,,
48,121289,-0.046222761273384094,,,
48,121294,-0.031505752354860306,,,
48,121299,-0.029882976785302162,,,
48,121304,-0.03295272961258888,,,
48,121309,-0.0312994047999382,,,
48,121314,-0.022899257019162178,,,
48,121319,-0.04831640422344208,,,
48,121324,-0.03880175203084946,,,
48,121329,-0.02850925922393799,,,
48,121334,-0.024229062721133232,,,
48,121339,-0.04893141984939575,,,
48,121344,-0.03310691937804222,,,
48,121349,-0.035546399652957916,,,
48,121354,-0.029671985656023026,,,
48,121359,-0.03637877479195595,,,
48,121364,-0.019328143447637558,,,
48,121369,-0.023203011602163315,,,
48,121374,-0.0489809475839138,,,
48,121379,-0.057658225297927856,,,
48,121384,-0.046269774436950684,,,
48,121389,-0.04230842366814613,,,
48,121394,-0.036634817719459534,,,
48,121399,-0.04651104286313057,,,
48,121404,-0.03672510385513306,,,
48,121409,-0.03618870675563812,,,
48,121414,-0.04126184433698654,,,
48,121419,-0.035286180675029755,,,
48,121424,-0.04191840440034866,,,
48,121429,-0.041189782321453094,,,
48,121434,-0.033759769052267075,,,
48,121439,-0.0423983596265316,,,
48,121444,-0.0279657281935215,,,
48,121449,-0.03412596136331558,,,
48,121454,-0.03711596876382828,,,
48,121459,-0.04328213632106781,,,
48,121464,-0.01305103488266468,,,
48,121469,-0.035326845943927765,,,
48,121474,-0.03816884011030197,,,
48,121479,-0.03319733589887619,,,
48,121484,-0.03652749955654144,,,
48,121489,-0.027913546189665794,,,
48,121494,-0.030568117275834084,,,
48,121499,-0.03726436570286751,,,
48,121504,-0.033169642090797424,,,
48,121509,-0.043758030980825424,,,
48,121514,-0.04328496381640434,,,
48,121519,-0.0378032922744751,,,
48,121524,-0.030639123171567917,,,
48,121529,-0.04322393983602524,,,
48,121534,-0.04013995826244354,,,
48,121539,-0.019498027861118317,,,
48,121544,-0.03299389034509659,,,
48,121549,-0.03415380418300629,,,
48,121554,-0.052489761263132095,,,
48,121559,-0.03842148557305336,,,
48,121564,-0.036716707050800323,,,
48,121569,-0.03556559234857559,,,
48,121574,-0.03707532584667206,,,
48,121579,-0.04974474012851715,,,
48,121584,-0.018769972026348114,,,
48,121589,-0.03140914440155029,,,
48,121594,-0.042741559445858,,,
48,121599,-0.039542488753795624,,,
48,121604,-0.02730240300297737,,,
48,121609,-0.03175541013479233,,,
48,121614,-0.029694948345422745,,,
48,121619,-0.02833012491464615,,,
48,121624,-0.02503478154540062,,,
48,121629,-0.020011264830827713,,,
48,121634,-0.04587641730904579,,,
48,121639,-0.021091368049383163,,,
48,121644,-0.030302029103040695,,,
48,121649,-0.03421333059668541,,,
48,121654,-0.029237862676382065,,,
48,121659,-0.036681897938251495,,,
48,121664,-0.03427932411432266,,,
48,121669,-0.027949677780270576,,,
48,121674,-0.03506983444094658,,,
48,121679,-0.03500944375991821,,,
48,121684,-0.04565610736608505,,,
48,121689,-0.03637250140309334,,,
48,121694,-0.04510139673948288,,,
48,121699,-0.039539679884910583,,,
48,121704,-0.029401147738099098,,,
48,121709,-0.044385574758052826,,,
48,121714,-0.03395051509141922,,,
48,121719,-0.02044837549328804,,,
48,121724,-0.02785244956612587,,,
48,121729,-0.04034895822405815,,,
48,121734,-0.03750735893845558,,,
48,121739,-0.04284585639834404,,,
48,121744,-0.036413032561540604,,,
48,121749,-0.027745697647333145,,,
48,121754,-0.04121775180101395,,,
48,121759,-0.03920382261276245,,,
48,121764,-0.03853427246212959,,,
48,121769,-0.03937901556491852,,,
48,121774,-0.03302222490310669,,,
48,121779,-0.010646425187587738,,,
48,121784,-0.03683478385210037,,,
48,121789,-0.02383134886622429,,,
48,121794,-0.042324140667915344,,,
48,121799,-0.030229222029447556,,,
48,121804,-0.03734095022082329,,,
48,121809,-0.04411020129919052,,,
48,121814,-0.04931904748082161,,,
48,121819,-0.04767373949289322,,,
48,121824,-0.05052077770233154,,,
48,121829,-0.029985083267092705,,,
48,121834,-0.04592408984899521,,,
48,121839,-0.046562470495700836,,,
48,121844,-0.033430054783821106,,,
48,121849,-0.022257208824157715,,,
48,121854,-0.02008562907576561,,,
48,121859,-0.03900958597660065,,,
48,121864,-0.034288592636585236,,,
48,121869,-0.03285587206482887,,,
48,121874,-0.031600505113601685,,,
48,121879,-0.016522232443094254,,,
48,121884,-0.04322144389152527,,,
48,121889,-0.04112593084573746,,,
48,121894,-0.03467263653874397,,,
48,121899,-0.04340735450387001,,,
48,121904,-0.027668729424476624,,,
48,121909,-0.06201138347387314,,,
48,121914,-0.047908537089824677,,,
48,121919,-0.02777991071343422,,,
48,121924,-0.03787139058113098,,,
48,121929,-0.04660221189260483,,,
48,121934,-0.02338290400803089,,,
48,121939,-0.03950098156929016,,,
48,121944,-0.019962811842560768,,,
48,121949,-0.04887884855270386,,,
48,121954,-0.025841524824500084,,,
48,121959,-0.0381532721221447,,,
48,121964,-0.042079247534275055,,,
48,121969,-0.031931616365909576,,,
48,121974,-0.032366909086704254,,,
48,121979,-0.017662646248936653,,,
48,121984,-0.03819640725851059,,,
48,121989,-0.03476288169622421,,,
48,121994,-0.044018954038619995,,,
48,121999,-0.027554556727409363,,,
48,122004,-0.029608793556690216,,,
48,122009,-0.046002574265003204,,,
48,122014,-0.02452462539076805,,,
48,122019,-0.04826262593269348,,,
48,122024,-0.0486840158700943,,,
48,122029,-0.029083847999572754,,,
48,122034,-0.03920388221740723,,,
48,122039,-0.030745163559913635,,,
48,122044,-0.04829993098974228,,,
48,122049,-0.015844888985157013,,,
48,122054,-0.04610469192266464,,,
48,122059,-0.018381236121058464,,,
48,122064,-0.029097527265548706,,,
48,122069,-0.04065046086907387,,,
48,122074,-0.04155261814594269,,,
48,122079,-0.04963658004999161,,,
48,122084,-0.04878304898738861,,,
48,122089,-0.025637034326791763,,,
48,122094,-0.04343065991997719,,,
48,122099,-0.0307487640529871,,,
48,122104,-0.04024263471364975,,,
48,122109,-0.03393516689538956,,,
48,122114,-0.048728689551353455,,,
48,122119,-0.03513537347316742,,,
48,122124,-0.028975099325180054,,,
48,122129,-0.036264922469854355,,,
48,122134,-0.03260103613138199,,,
48,122139,-0.03539162501692772,,,
48,122144,-0.0332750529050827,,,
48,122149,-0.03177390992641449,,,
48,122154,-0.025536322966217995,,,
48,122159,-0.03382560983300209,,,
48,122164,-0.043293073773384094,,,
48,122169,-0.041851211339235306,,,
48,122174,-0.04159204289317131,,,
48,122179,-0.02112520858645439,,,
48,122184,-0.04581092298030853,,,
48,122189,-0.037270937114953995,,,
48,122194,-0.037630535662174225,,,
48,122199,-0.03265755623579025,,,
48,122204,-0.043846245855093,,,
48,122209,-0.03502244874835014,,,
48,122214,-0.020653769373893738,,,
48,122219,-0.032440103590488434,,,
48,122224,-0.046166714280843735,,,
48,122229,-0.0297752283513546,,,
48,122234,-0.04049542918801308,,,
48,122239,-0.051076605916023254,,,
48,122244,-0.06012352555990219,,,
48,122249,-0.03667106106877327,,,
48,122254,-0.024268098175525665,,,
48,122259,-0.03691684454679489,,,
48,122264,-0.04452131688594818,,,
48,122269,-0.04406045004725456,,,
48,122274,-0.03403186425566673,,,
48,122279,-0.029516275972127914,,,
48,122284,-0.022497136145830154,,,
48,122289,-0.02669445425271988,,,
48,122294,-0.027301855385303497,,,
48,122299,-0.029493607580661774,,,
48,122304,-0.028378885239362717,,,
48,122309,-0.030248835682868958,,,
48,122314,-0.036467645317316055,,,
48,122319,-0.028755366802215576,,,
48,122324,-0.04696441814303398,,,
48,122329,-0.04838000237941742,,,
48,122334,-0.04162434861063957,,,
48,122339,-0.0427636057138443,,,
48,122344,-0.029284296557307243,,,
48,122349,-0.043116405606269836,,,
48,122354,-0.041066974401474,,,
48,122359,-0.04136541485786438,,,
48,122364,-0.014976116828620434,,,
48,122369,-0.03392178565263748,,,
48,122374,-0.03049931675195694,,,
48,122379,-0.027562052011489868,,,
48,122384,-0.03265193849802017,,,
48,122389,-0.024611053988337517,,,
48,122394,-0.03740735724568367,,,
48,122399,-0.02732618898153305,,,
48,122404,-0.048996731638908386,,,
48,122409,-0.044734515249729156,,,
48,122414,-0.04627577215433121,,,
48,122419,-0.02170114777982235,,,
48,122424,-0.03863641619682312,,,
48,122429,-0.04753044992685318,,,
48,122434,-0.04915466159582138,,,
48,122439,-0.043890826404094696,,,
48,122444,-0.048209063708782196,,,
48,122449,-0.014286624267697334,,,
48,122454,-0.03062564507126808,,,
48,122459,-0.040841490030288696,,,
48,122464,-0.042789097875356674,,,
48,122469,-0.021923527121543884,,,
48,122474,-0.0290780421346426,,,
48,122479,-0.0357554592192173,,,
48,122484,-0.027934174984693527,,,
48,122489,-0.0416489839553833,,,
48,122494,-0.026797790080308914,,,
48,122499,-0.004088655114173889,,,
48,122499,,-0.02317940443754196,0.2872999906539917,0.5901694893836975
49,122504,-0.03283501788973808,,,
49,122509,-0.042753130197525024,,,
49,122514,-0.03778966888785362,,,
49,122519,-0.029598303139209747,,,
49,122524,-0.032011330127716064,,,
49,122529,-0.03445513918995857,,,
49,122534,-0.0378262959420681,,,
49,122539,-0.025955645367503166,,,
49,122544,-0.020305097103118896,,,
49,122549,-0.04315166175365448,,,
49,122554,-0.03230924904346466,,,
49,122559,-0.03612465411424637,,,
49,122564,-0.034498684108257294,,,
49,122569,-0.05029076337814331,,,
49,122574,-0.031533002853393555,,,
49,122579,-0.029467899352312088,,,
49,122584,-0.0327349454164505,,,
49,122589,-0.03860686719417572,,,
49,122594,-0.039770446717739105,,,
49,122599,-0.0343034490942955,,,
49,122604,-0.0449707917869091,,,
49,122609,-0.030635902658104897,,,
49,122614,-0.027063991874456406,,,
49,122619,-0.022733742371201515,,,
49,122624,-0.03129589930176735,,,
49,122629,-0.04099685698747635,,,
49,122634,-0.033679209649562836,,,
49,122639,-0.03867446258664131,,,
49,122644,-0.035549063235521317,,,
49,122649,-0.052220772951841354,,,
49,122654,-0.02143489569425583,,,
49,122659,-0.04129334166646004,,,
49,122664,-0.032226212322711945,,,
49,122669,-0.039357930421829224,,,
49,122674,-0.042264990508556366,,,
49,122679,-0.03149435296654701,,,
49,122684,-0.03465066850185394,,,
49,122689,-0.040355585515499115,,,
49,122694,-0.04117930680513382,,,
49,122699,-0.027411509305238724,,,
49,122704,-0.031746938824653625,,,
49,122709,-0.017061343416571617,,,
49,122714,-0.030462058261036873,,,
49,122719,-0.03814404085278511,,,
49,122724,-0.03230420500040054,,,
49,122729,-0.04619751498103142,,,
49,122734,-0.031981341540813446,,,
49,122739,-0.036542147397994995,,,
49,122744,-0.03675290197134018,,,
49,122749,-0.03643390163779259,,,
49,122754,-0.045796774327754974,,,
49,122759,-0.035195644944906235,,,
49,122764,-0.03260340541601181,,,
49,122769,-0.04121524095535278,,,
49,122774,-0.03446343168616295,,,
49,122779,-0.042986512184143066,,,
49,122784,-0.03636670485138893,,,
49,122789,-0.03153011202812195,,,
49,122794,-0.047348178923130035,,,
49,122799,-0.0312589555978775,,,
49,122804,-0.03816310316324234,,,
49,122809,-0.04521670565009117,,,
49,122814,-0.026281841099262238,,,
49,122819,-0.032055966556072235,,,
49,122824,-0.03880225867033005,,,
49,122829,-0.04336939752101898,,,
49,122834,-0.03654260188341141,,,
49,122839,-0.040928177535533905,,,
49,122844,-0.03540881350636482,,,
49,122849,-0.025344451889395714,,,
49,122854,-0.032279953360557556,,,
49,122859,-0.03836316987872124,,,
49,122864,-0.042617689818143845,,,
49,122869,-0.04809350520372391,,,
49,122874,-0.03558102995157242,,,
49,122879,-0.03564687818288803,,,
49,122884,-0.043386489152908325,,,
49,122889,-0.05155088007450104,,,
49,122894,-0.03688421845436096,,,
49,122899,-0.039953745901584625,,,
49,122904,-0.033459924161434174,,,
49,122909,-0.021402508020401,,,
49,122914,-0.044408731162548065,,,
49,122919,-0.043372899293899536,,,
49,122924,-0.035960905253887177,,,
49,122929,-0.047647811472415924,,,
49,122934,-0.033167313784360886,,,
49,122939,-0.03551408648490906,,,
49,122944,-0.029774393886327744,,,
49,122949,-0.04316449910402298,,,
49,122954,-0.023058010265231133,,,
49,122959,-0.022030271589756012,,,
49,122964,-0.029598791152238846,,,
49,122969,-0.022869572043418884,,,
49,122974,-0.03370409831404686,,,
49,122979,-0.03674234449863434,,,
49,122984,-0.03824567794799805,,,
49,122989,-0.037942226976156235,,,
49,122994,-0.03819262236356735,,,
49,122999,-0.03505796194076538,,,
49,123004,-0.026716729626059532,,,
49,123009,-0.035268016159534454,,,
49,123014,-0.02085040509700775,,,
49,123019,-0.03477887809276581,,,
49,123024,-0.034644655883312225,,,
49,123029,-0.044467393308877945,,,
49,123034,-0.04642492160201073,,,
49,123039,-0.04747521132230759,,,
49,123044,-0.03754490241408348,,,
49,123049,-0.03062133863568306,,,
49,123054,-0.03727630153298378,,,
49,123059,-0.04048141464591026,,,
49,123064,-0.026370592415332794,,,
49,123069,-0.05149317532777786,,,
49,123074,-0.012499365955591202,,,
49,123079,-0.03436104580760002,,,
49,123084,-0.02635837346315384,,,
49,123089,-0.031029727309942245,,,
49,123094,-0.03295329958200455,,,
49,123099,-0.027159441262483597,,,
49,123104,-0.033654406666755676,,,
49,123109,-0.03574654459953308,,,
49,123114,-0.03974916413426399,,,
49,123119,-0.047949399799108505,,,
49,123124,-0.0380609966814518,,,
49,123129,-0.042950354516506195,,,
49,123134,-0.02638278342783451,,,
49,123139,-0.04461151361465454,,,
49,123144,-0.04159043729305267,,,
49,123149,-0.03796146810054779,,,
49,123154,-0.034739863127470016,,,
49,123159,-0.03232967481017113,,,
49,123164,-0.03849787637591362,,,
49,123169,0.007080281153321266,,,
49,123174,-0.03650939464569092,,,
49,123179,-0.0423976294696331,,,
49,123184,-0.02430744282901287,,,
49,123189,-0.03287281095981598,,,
49,123194,-0.04441981390118599,,,
49,123199,-0.0317520871758461,,,
49,123204,-0.020798521116375923,,,
49,123209,-0.040276676416397095,,,
49,123214,-0.03502679616212845,,,
49,123219,-0.04145153984427452,,,
49,123224,-0.02913525700569153,,,
49,123229,-0.05683450400829315,,,
49,123234,-0.034336112439632416,,,
49,123239,-0.01898532547056675,,,
49,123244,-0.03633800148963928,,,
49,123249,-0.03472820669412613,,,
49,123254,-0.05154058337211609,,,
49,123259,-0.0434795543551445,,,
49,123264,-0.03531438857316971,,,
49,123269,-0.03225049376487732,,,
49,123274,-0.02119550295174122,,,
49,123279,-0.03735316917300224,,,
49,123284,-0.04701261967420578,,,
49,123289,-0.0457424633204937,,,
49,123294,-0.03267773613333702,,,
49,123299,-0.03901597112417221,,,
49,123304,-0.021401241421699524,,,
49,123309,-0.027643827721476555,,,
49,123314,-0.031289033591747284,,,
49,123319,-0.03319738805294037,,,
49,123324,-0.024702295660972595,,,
49,123329,-0.04560665413737297,,,
49,123334,-0.029118359088897705,,,
49,123339,-0.031192708760499954,,,
49,123344,-0.029034942388534546,,,
49,123349,-0.034661758691072464,,,
49,123354,-0.038797516375780106,,,
49,123359,-0.022039132192730904,,,
49,123364,-0.03650147467851639,,,
49,123369,-0.03154513239860535,,,
49,123374,-0.039814773947000504,,,
49,123379,-0.043725866824388504,,,
49,123384,-0.03942457586526871,,,
49,123389,-0.03788291662931442,,,
49,123394,-0.04193885624408722,,,
49,123399,-0.027490735054016113,,,
49,123404,-0.01799103617668152,,,
49,123409,-0.02917388454079628,,,
49,123414,-0.0392339788377285,,,
49,123419,-0.03233351930975914,,,
49,123424,-0.04923669621348381,,,
49,123429,-0.03878025710582733,,,
49,123434,-0.04099591076374054,,,
49,123439,-0.02333696000277996,,,
49,123444,-0.04011458531022072,,,
49,123449,-0.01835576444864273,,,
49,123454,-0.041912272572517395,,,
49,123459,-0.02571830153465271,,,
49,123464,-0.01113859098404646,,,
49,123469,-0.047396957874298096,,,
49,123474,-0.03633125126361847,,,
49,123479,-0.02216739021241665,,,
49,123484,-0.03777652233839035,,,
49,123489,-0.030445531010627747,,,
49,123494,-0.03500492870807648,,,
49,123499,-0.036368586122989655,,,
49,123504,-0.022111034020781517,,,
49,123509,-0.026222355663776398,,,
49,123514,-0.02866664156317711,,,
49,123519,-0.032539889216423035,,,
49,123524,-0.0456458255648613,,,
49,123529,-0.03475010022521019,,,
49,123534,-0.03298981860280037,,,
49,123539,-0.03591586649417877,,,
49,123544,-0.035668469965457916,,,
49,123549,-0.040616460144519806,,,
49,123554,-0.048182033002376556,,,
49,123559,-0.034138813614845276,,,
49,123564,-0.023366011679172516,,,
49,123569,-0.03803550451993942,,,
49,123574,-0.028827540576457977,,,
49,123579,-0.027042992413043976,,,
49,123584,-0.017499445006251335,,,
49,123589,-0.0464683398604393,,,
49,123594,-0.03698795288801193,,,
49,123599,-0.05002625286579132,,,
49,123604,-0.05089673399925232,,,
49,123609,-0.03474070504307747,,,
49,123614,-0.04094408452510834,,,
49,123619,-0.02511177957057953,,,
49,123624,-0.03247895464301109,,,
49,123629,-0.039505138993263245,,,
49,123634,-0.04092704504728317,,,
49,123639,-0.033445727080106735,,,
49,123644,-0.024202754721045494,,,
49,123649,-0.02959979511797428,,,
49,123654,-0.0419369637966156,,,
49,123659,-0.029895668849349022,,,
49,123664,-0.03393711522221565,,,
49,123669,-0.05526955425739288,,,
49,123674,-0.045851193368434906,,,
49,123679,-0.03015313297510147,,,
49,123684,-0.03845768794417381,,,
49,123689,-0.02213723212480545,,,
49,123694,-0.03751203790307045,,,
49,123699,-0.04363199323415756,,,
49,123704,-0.023933222517371178,,,
49,123709,-0.056458741426467896,,,
49,123714,-0.03992457687854767,,,
49,123719,-0.04371754825115204,,,
49,123724,-0.041310302913188934,,,
49,123729,-0.030651528388261795,,,
49,123734,-0.04187730699777603,,,
49,123739,-0.028053220361471176,,,
49,123744,-0.027298271656036377,,,
49,123749,-0.04459328576922417,,,
49,123754,-0.04284333065152168,,,
49,123759,-0.03522893041372299,,,
49,123764,-0.028769589960575104,,,
49,123769,-0.03012906387448311,,,
49,123774,-0.03177269548177719,,,
49,123779,-0.050123438239097595,,,
49,123784,-0.03317948058247566,,,
49,123789,-0.031867049634456635,,,
49,123794,-0.035092197358608246,,,
49,123799,-0.025522414594888687,,,
49,123804,-0.05540050193667412,,,
49,123809,-0.03397991508245468,,,
49,123814,-0.034469492733478546,,,
49,123819,-0.02957439050078392,,,
49,123824,-0.043470852077007294,,,
49,123829,-0.041441820561885834,,,
49,123834,-0.04160589724779129,,,
49,123839,-0.026938546448946,,,
49,123844,-0.044237419962882996,,,
49,123849,-0.036194153130054474,,,
49,123854,-0.03204244002699852,,,
49,123859,-0.028621919453144073,,,
49,123864,-0.04744838923215866,,,
49,123869,-0.0343497209250927,,,
49,123874,-0.04788825660943985,,,
49,123879,-0.05077390372753143,,,
49,123884,-0.04132111743092537,,,
49,123889,-0.04358460381627083,,,
49,123894,-0.03714387118816376,,,
49,123899,-0.03816257044672966,,,
49,123904,-0.03491219878196716,,,
49,123909,-0.047349635511636734,,,
49,123914,-0.021143177524209023,,,
49,123919,-0.03446532040834427,,,
49,123924,-0.0376652255654335,,,
49,123929,-0.04614268243312836,,,
49,123934,-0.006026994436979294,,,
49,123939,-0.038659773766994476,,,
49,123944,-0.033686887472867966,,,
49,123949,-0.02597903273999691,,,
49,123954,-0.03539610654115677,,,
49,123959,-0.034767456352710724,,,
49,123964,-0.022777684032917023,,,
49,123969,-0.04758777469396591,,,
49,123974,-0.04820595681667328,,,
49,123979,-0.03286582604050636,,,
49,123984,-0.025431502610445023,,,
49,123989,-0.033442240208387375,,,
49,123994,-0.03251713514328003,,,
49,123999,0.011328177526593208,,,
49,124004,-0.043026238679885864,,,
49,124009,-0.0547519326210022,,,
49,124014,-0.03917865827679634,,,
49,124019,-0.02339053899049759,,,
49,124024,-0.029460586607456207,,,
49,124029,-0.048693619668483734,,,
49,124034,-0.028155967593193054,,,
49,124039,-0.034366823732852936,,,
49,124044,-0.024434098973870277,,,
49,124049,-0.03484054654836655,,,
49,124054,-0.05439484864473343,,,
49,124059,-0.033195845782756805,,,
49,124064,-0.042828939855098724,,,
49,124069,-0.030366573482751846,,,
49,124074,-0.047836676239967346,,,
49,124079,-0.04191507399082184,,,
49,124084,-0.024119682610034943,,,
49,124089,-0.04323204606771469,,,
49,124094,-0.04555889964103699,,,
49,124099,-0.01775781251490116,,,
49,124104,-0.039798252284526825,,,
49,124109,-0.04136974364519119,,,
49,124114,-0.034202467650175095,,,
49,124119,-0.046963438391685486,,,
49,124124,-0.031955186277627945,,,
49,124129,-0.03288530558347702,,,
49,124134,-0.03325698524713516,,,
49,124139,-0.030724193900823593,,,
49,124144,-0.027959559112787247,,,
49,124149,-0.034356482326984406,,,
49,124154,-0.03710876405239105,,,
49,124159,-0.04009683430194855,,,
49,124164,-0.025310855358839035,,,
49,124169,-0.042636122554540634,,,
49,124174,-0.05593118071556091,,,
49,124179,-0.032103367149829865,,,
49,124184,-0.03248819336295128,,,
49,124189,-0.027978675439953804,,,
49,124194,-0.03935162350535393,,,
49,124199,-0.03879451006650925,,,
49,124204,-0.026816613972187042,,,
49,124209,-0.014703180640935898,,,
49,124214,-0.028757445514202118,,,
49,124219,-0.05236157774925232,,,
49,124224,-0.023082880303263664,,,
49,124229,-0.045101508498191833,,,
49,124234,-0.04547997564077377,,,
49,124239,-0.04512433335185051,,,
49,124244,-0.04878753051161766,,,
49,124249,-0.03436420485377312,,,
49,124254,-0.046840161085128784,,,
49,124259,-0.03835255652666092,,,
49,124264,-0.03319849818944931,,,
49,124269,-0.04189400002360344,,,
49,124274,-0.04040328040719032,,,
49,124279,-0.036967866122722626,,,
49,124284,-0.02518617920577526,,,
49,124289,-0.02386965975165367,,,
49,124294,-0.03086065500974655,,,
49,124299,-0.040967829525470734,,,
49,124304,-0.04629134014248848,,,
49,124309,-0.027430253103375435,,,
49,124314,-0.03983162343502045,,,
49,124319,-0.025726864114403725,,,
49,124324,-0.04152746498584747,,,
49,124329,-0.038625285029411316,,,
49,124334,-0.04141154885292053,,,
49,124339,-0.03105662204325199,,,
49,124344,-0.03369848430156708,,,
49,124349,-0.033520326018333435,,,
49,124354,-0.039191700518131256,,,
49,124359,-0.04018954560160637,,,
49,124364,-0.03464621305465698,,,
49,124369,-0.03574727475643158,,,
49,124374,-0.035295210778713226,,,
49,124379,-0.03966467082500458,,,
49,124384,-0.02332604117691517,,,
49,124389,-0.026982903480529785,,,
49,124394,-0.013387876562774181,,,
49,124399,-0.03179457038640976,,,
49,124404,-0.04469892382621765,,,
49,124409,-0.035316869616508484,,,
49,124414,-0.028618110343813896,,,
49,124419,-0.03894083946943283,,,
49,124424,-0.03212708607316017,,,
49,124429,-0.03820763900876045,,,
49,124434,-0.038558393716812134,,,
49,124439,-0.03154533728957176,,,
49,124444,-0.03059898503124714,,,
49,124449,-0.03720967471599579,,,
49,124454,-0.01670966111123562,,,
49,124459,-0.045713186264038086,,,
49,124464,-0.02676134742796421,,,
49,124469,-0.0390208475291729,,,
49,124474,-0.03130128234624863,,,
49,124479,-0.05054143816232681,,,
49,124484,-0.0510135293006897,,,
49,124489,-0.025837505236268044,,,
49,124494,-0.03658667206764221,,,
49,124499,-0.03513253480195999,,,
49,124504,-0.03295757248997688,,,
49,124509,-0.024579301476478577,,,
49,124514,-0.023359473794698715,,,
49,124519,-0.030734755098819733,,,
49,124524,-0.052804358303546906,,,
49,124529,-0.04573526233434677,,,
49,124534,-0.026817020028829575,,,
49,124539,-0.02375977858901024,,,
49,124544,-0.03262516111135483,,,
49,124549,-0.025852201506495476,,,
49,124554,-0.03635735437273979,,,
49,124559,-0.03461567685008049,,,
49,124564,-0.04302394017577171,,,
49,124569,-0.041173212230205536,,,
49,124574,-0.03184102103114128,,,
49,124579,-0.03904293477535248,,,
49,124584,-0.05229127034544945,,,
49,124589,-0.047928035259246826,,,
49,124594,-0.04652569070458412,,,
49,124599,-0.046988777816295624,,,
49,124604,-0.03490374982357025,,,
49,124609,-0.03713075444102287,,,
49,124614,-0.02529648318886757,,,
49,124619,-0.04070720821619034,,,
49,124624,-0.012178940698504448,,,
49,124629,-0.039349451661109924,,,
49,124634,-0.046869777143001556,,,
49,124639,-0.021053314208984375,,,
49,124644,-0.04008025303483009,,,
49,124649,-0.037755660712718964,,,
49,124654,-0.02895519882440567,,,
49,124659,-0.051518745720386505,,,
49,124664,-0.017913764342665672,,,
49,124669,-0.04099170118570328,,,
49,124674,-0.03088473714888096,,,
49,124679,-0.054604850709438324,,,
49,124684,-0.02299848198890686,,,
49,124689,-0.017438437789678574,,,
49,124694,-0.034784138202667236,,,
49,124699,-0.03168860077857971,,,
49,124704,-0.03950408473610878,,,
49,124709,-0.040170084685087204,,,
49,124714,-0.04559021443128586,,,
49,124719,-0.03851667046546936,,,
49,124724,-0.017760399729013443,,,
49,124729,-0.03141164034605026,,,
49,124734,-0.02688191831111908,,,
49,124739,-0.0464378297328949,,,
49,124744,-0.03599359095096588,,,
49,124749,-0.02750781737267971,,,
49,124754,-0.023131001740694046,,,
49,124759,-0.022057395428419113,,,
49,124764,-0.049458183348178864,,,
49,124769,-0.05572719871997833,,,
49,124774,-0.03947809711098671,,,
49,124779,-0.039587296545505524,,,
49,124784,-0.0382109060883522,,,
49,124789,-0.035476330667734146,,,
49,124794,-0.037416331470012665,,,
49,124799,-0.03866802901029587,,,
49,124804,-0.03915590047836304,,,
49,124809,-0.036129556596279144,,,
49,124814,-0.03491191938519478,,,
49,124819,-0.04202444851398468,,,
49,124824,-0.02012517862021923,,,
49,124829,-0.04794653505086899,,,
49,124834,-0.049845606088638306,,,
49,124839,-0.016697678714990616,,,
49,124844,-0.028111733496189117,,,
49,124849,-0.03398358076810837,,,
49,124854,-0.044943127781152725,,,
49,124859,-0.0480223186314106,,,
49,124864,-0.02887662500143051,,,
49,124869,-0.041778840124607086,,,
49,124874,-0.042122744023799896,,,
49,124879,-0.02138609252870083,,,
49,124884,-0.043088398873806,,,
49,124889,-0.03298123925924301,,,
49,124894,-0.030544036999344826,,,
49,124899,-0.03658072650432587,,,
49,124904,-0.03262897580862045,,,
49,124909,-0.034077681601047516,,,
49,124914,-0.02545841410756111,,,
49,124919,-0.03859088569879532,,,
49,124924,-0.03620733693242073,,,
49,124929,-0.01998576894402504,,,
49,124934,-0.019318837672472,,,
49,124939,-0.04211343079805374,,,
49,124944,-0.03730715811252594,,,
49,124949,-0.03451797738671303,,,
49,124954,-0.03787127882242203,,,
49,124959,-0.0527820810675621,,,
49,124964,-0.04642624780535698,,,
49,124969,-0.03367161378264427,,,
49,124974,-0.026569101959466934,,,
49,124979,-0.040515102446079254,,,
49,124984,-0.02775709331035614,,,
49,124989,-0.04557596892118454,,,
49,124994,-0.033454544842243195,,,
49,124999,-0.04159509390592575,,,
49,124999,,-0.022566959261894226,0.2870999872684479,0.5804308652877808
