epoch,step,train_loss,val_loss,val_mae,val_rmse
0,4,3.0289151668548584,,,
0,9,2.336487054824829,,,
0,14,1.0810214281082153,,,
0,19,2.0809619426727295,,,
0,24,0.8952089548110962,,,
0,29,0.7047948837280273,,,
0,34,0.44478923082351685,,,
0,39,0.2624053657054901,,,
0,44,0.18005657196044922,,,
0,49,0.056283093988895416,,,
0,54,0.060513854026794434,,,
0,59,0.02860846184194088,,,
0,64,-0.016509683802723885,,,
0,69,0.31836360692977905,,,
0,74,-0.04753085970878601,,,
0,79,0.12954296171665192,,,
0,84,-0.037310242652893066,,,
0,89,0.009371300227940083,,,
0,94,0.17791518568992615,,,
0,99,0.003215596079826355,,,
0,104,-0.029600705951452255,,,
0,109,0.027115564793348312,,,
0,114,-0.027438335120677948,,,
0,119,0.06307332217693329,,,
0,124,0.021181629970669746,,,
0,129,0.18766173720359802,,,
0,134,-0.01124492660164833,,,
0,139,0.05253107473254204,,,
0,144,0.03703724592924118,,,
0,149,0.022968895733356476,,,
0,154,0.06880071014165878,,,
0,159,-0.06285194307565689,,,
0,164,-0.016740264371037483,,,
0,169,-0.01268136315047741,,,
0,174,-0.015797587111592293,,,
0,179,0.08462381362915039,,,
0,184,-0.031311921775341034,,,
0,189,1.288072943687439,,,
0,194,0.16858123242855072,,,
0,199,-0.03193061798810959,,,
0,204,-0.034485794603824615,,,
0,209,0.031785011291503906,,,
0,214,-0.05379123240709305,,,
0,219,0.07800731062889099,,,
0,224,0.07960884273052216,,,
0,229,-0.018570663407444954,,,
0,234,-0.06467539072036743,,,
0,239,0.018093302845954895,,,
0,244,0.005664672236889601,,,
0,249,1.3795669078826904,,,
0,254,-0.09051388502120972,,,
0,259,-0.04256462678313255,,,
0,264,0.011388519778847694,,,
0,269,-0.03371893987059593,,,
0,274,-0.012992111034691334,,,
0,279,-0.03659656271338463,,,
0,284,-0.04338107258081436,,,
0,289,-0.03586176410317421,,,
0,294,-0.021914612501859665,,,
0,299,0.1109657734632492,,,
0,304,-0.053635962307453156,,,
0,309,0.013765507377684116,,,
0,314,-0.014327863231301308,,,
0,319,-0.024532461538910866,,,
0,324,0.01413797214627266,,,
0,329,-0.07982407510280609,,,
0,334,-0.008266232907772064,,,
0,339,-0.026415076106786728,,,
0,344,-0.04719584807753563,,,
0,349,-0.07741143554449081,,,
0,354,-0.020641721785068512,,,
0,359,-0.061010971665382385,,,
0,364,-0.009687867015600204,,,
0,369,-0.08446213603019714,,,
0,374,0.08774435520172119,,,
0,379,-0.044992730021476746,,,
0,384,-0.07717111706733704,,,
0,389,-0.09255469590425491,,,
0,394,-0.09080905467271805,,,
0,399,-0.025876004248857498,,,
0,404,-0.04293812811374664,,,
0,409,-0.08351525664329529,,,
0,414,-0.06070500612258911,,,
0,419,-0.07510093599557877,,,
0,424,-0.039818938821554184,,,
0,429,-0.04404236376285553,,,
0,434,-0.003299374133348465,,,
0,439,-0.05138353630900383,,,
0,444,-0.035124748945236206,,,
0,449,-0.0024794219061732292,,,
0,454,-0.06746535748243332,,,
0,459,-0.048450712114572525,,,
0,464,-0.12240087240934372,,,
0,469,-0.05226241424679756,,,
0,474,-0.06958723068237305,,,
0,479,-0.07248379290103912,,,
0,484,-0.08899721503257751,,,
0,489,-0.04634741321206093,,,
0,494,-0.010204053483903408,,,
0,499,-0.04699869826436043,,,
0,504,-0.0679221823811531,,,
0,509,-0.06392025947570801,,,
0,514,0.009728855453431606,,,
0,519,-0.09806003421545029,,,
0,524,-0.08210879564285278,,,
0,529,-0.10462307929992676,,,
0,534,-0.04371846839785576,,,
0,539,-0.05712716281414032,,,
0,544,-0.014577202498912811,,,
0,549,-0.07396167516708374,,,
0,554,-0.10582734644412994,,,
0,559,-0.08540911972522736,,,
0,564,-0.011658936738967896,,,
0,569,-0.1178772822022438,,,
0,574,-0.015255264937877655,,,
0,579,-0.027435259893536568,,,
0,584,-0.06975992023944855,,,
0,589,-0.036985889077186584,,,
0,594,-0.049035146832466125,,,
0,599,0.010037800297141075,,,
0,604,0.0165097638964653,,,
0,609,-0.00382225401699543,,,
0,614,0.008527104742825031,,,
0,619,-0.10887434333562851,,,
0,624,-0.04931864142417908,,,
0,629,-0.07118680328130722,,,
0,634,-0.035637203603982925,,,
0,639,0.025688275694847107,,,
0,644,-0.06965750455856323,,,
0,649,-0.06650350987911224,,,
0,654,-0.024557288736104965,,,
0,659,-0.050051428377628326,,,
0,664,-0.03781600296497345,,,
0,669,-0.07106901705265045,,,
0,674,-0.07255751639604568,,,
0,679,-0.005071258172392845,,,
0,684,-0.06407869607210159,,,
0,689,-0.0763157531619072,,,
0,694,-0.07881065458059311,,,
0,699,0.0006618369370698929,,,
0,704,-0.024559253826737404,,,
0,709,-0.0821961835026741,,,
0,714,-0.0859164372086525,,,
0,719,0.18953625857830048,,,
0,724,-0.05075458437204361,,,
0,729,0.030356774106621742,,,
0,734,-0.051734551787376404,,,
0,739,-0.06054504215717316,,,
0,744,-0.08390874415636063,,,
0,749,-0.05027895048260689,,,
0,754,0.012371402233839035,,,
0,759,-0.07645117491483688,,,
0,764,-0.05048908665776253,,,
0,769,-0.03651884198188782,,,
0,774,-0.021915260702371597,,,
0,779,-0.06972110271453857,,,
0,784,-0.04335175082087517,,,
0,789,-0.04821766912937164,,,
0,794,-0.05808946490287781,,,
0,799,-0.05232755094766617,,,
0,804,-0.040390290319919586,,,
0,809,-0.05816783756017685,,,
0,814,-0.05249640718102455,,,
0,819,-0.018828732892870903,,,
0,824,-0.0635092481970787,,,
0,829,-0.04552431404590607,,,
0,834,-0.06644134223461151,,,
0,839,-0.09138911217451096,,,
0,844,-0.0890689343214035,,,
0,849,-0.05610201507806778,,,
0,854,-0.07451354712247849,,,
0,859,-0.07918933779001236,,,
0,864,-0.06261429935693741,,,
0,869,0.05791037157177925,,,
0,874,-0.015070783905684948,,,
0,879,0.019816400483250618,,,
0,884,-0.063905730843544,,,
0,889,-0.0037790844216942787,,,
0,894,-0.012253500521183014,,,
0,899,-0.05675810948014259,,,
0,904,-0.04661278799176216,,,
0,909,0.019887767732143402,,,
0,914,-0.033189792186021805,,,
0,919,-0.06880456954240799,,,
0,924,-0.00346502847969532,,,
0,929,-0.06240799278020859,,,
0,934,-0.08406531810760498,,,
0,939,-0.029466815292835236,,,
0,944,-0.02496376261115074,,,
0,949,-0.05037498474121094,,,
0,954,-0.014711425639688969,,,
0,959,-0.056415628641843796,,,
0,964,-0.06079047918319702,,,
0,969,-0.019604824483394623,,,
0,974,0.014361867681145668,,,
0,979,-0.03799380362033844,,,
0,984,-0.05261148512363434,,,
0,989,-0.033782247453927994,,,
0,994,-0.03894025832414627,,,
0,999,-0.049695663154125214,,,
0,1004,-0.07216823846101761,,,
0,1009,-0.0692034661769867,,,
0,1014,0.019120657816529274,,,
0,1019,0.00955609418451786,,,
0,1024,-0.014676418155431747,,,
0,1029,-0.06715167313814163,,,
0,1034,-0.07576780021190643,,,
0,1039,-0.034792058169841766,,,
0,1044,-0.022652002051472664,,,
0,1049,-0.05031174048781395,,,
0,1054,-0.017930615693330765,,,
0,1059,0.1039004698395729,,,
0,1064,-0.01726573146879673,,,
0,1069,-0.06992921978235245,,,
0,1074,0.001888747327029705,,,
0,1079,-0.03386466205120087,,,
0,1084,-0.030530698597431183,,,
0,1089,-0.010899930261075497,,,
0,1094,-0.02076679654419422,,,
0,1099,-0.04375414177775383,,,
0,1104,-0.08279123902320862,,,
0,1109,-0.07678479701280594,,,
0,1114,-0.04981200397014618,,,
0,1119,-0.05297120660543442,,,
0,1124,-0.08560202270746231,,,
0,1129,0.007500255014747381,,,
0,1134,-0.03480616584420204,,,
0,1139,-0.015454171225428581,,,
0,1144,-0.08645527064800262,,,
0,1149,0.04485119879245758,,,
0,1154,0.00788943748921156,,,
0,1159,-0.025815539062023163,,,
0,1164,-0.005512887146323919,,,
0,1169,-0.01574939303100109,,,
0,1174,-0.021760346367955208,,,
0,1179,-0.010090013965964317,,,
0,1184,0.007835090160369873,,,
0,1189,0.008078730665147305,,,
0,1194,0.06841383874416351,,,
0,1199,-0.07485279440879822,,,
0,1204,-0.03051898069679737,,,
0,1209,-0.07167285680770874,,,
0,1214,-0.02089301124215126,,,
0,1219,-0.05542086064815521,,,
0,1224,-0.0024719340726733208,,,
0,1229,-0.06760957092046738,,,
0,1234,-0.06513994187116623,,,
0,1239,-0.012973370030522346,,,
0,1244,-0.07596678286790848,,,
0,1249,-0.07335391640663147,,,
0,1254,-0.05240296572446823,,,
0,1259,-0.06345728039741516,,,
0,1264,-0.03723213076591492,,,
0,1269,-0.050020549446344376,,,
0,1274,-0.0655842050909996,,,
0,1279,-0.052524615079164505,,,
0,1284,-0.0760287269949913,,,
0,1289,-0.0734948143362999,,,
0,1294,-0.001895718276500702,,,
0,1299,-0.019883614033460617,,,
0,1304,-0.04990584775805473,,,
0,1309,0.03441853076219559,,,
0,1314,-0.05753043293952942,,,
0,1319,-0.06788451969623566,,,
0,1324,-0.03634314611554146,,,
0,1329,-0.06649383157491684,,,
0,1334,-0.0792180523276329,,,
0,1339,-0.06043887510895729,,,
0,1344,-0.023745667189359665,,,
0,1349,-0.03895936161279678,,,
0,1354,-0.04962892830371857,,,
0,1359,-0.07956629246473312,,,
0,1364,-0.05080968141555786,,,
0,1369,-0.031406961381435394,,,
0,1374,-0.0806860625743866,,,
0,1379,-0.05717858299612999,,,
0,1384,-0.05187836289405823,,,
0,1389,-0.040441274642944336,,,
0,1394,-0.01714349538087845,,,
0,1399,-0.026985714212059975,,,
0,1404,0.04072921350598335,,,
0,1409,-0.049312375485897064,,,
0,1414,-0.03526860475540161,,,
0,1419,-0.06265591830015182,,,
0,1424,-0.029721230268478394,,,
0,1429,0.015590619295835495,,,
0,1434,-0.042028896510601044,,,
0,1439,-0.013338549993932247,,,
0,1444,-0.06479483842849731,,,
0,1449,-0.051442913711071014,,,
0,1454,-0.030487794429063797,,,
0,1459,-0.03412395343184471,,,
0,1464,-0.02885115146636963,,,
0,1469,0.033607497811317444,,,
0,1474,-0.03418302536010742,,,
0,1479,-0.013231206685304642,,,
0,1484,-0.05509571731090546,,,
0,1489,-0.08064372837543488,,,
0,1494,-0.038034044206142426,,,
0,1499,-0.03661971539258957,,,
0,1504,-0.025202346965670586,,,
0,1509,-0.04768707975745201,,,
0,1514,-0.06575071811676025,,,
0,1519,-0.055069632828235626,,,
0,1524,-0.027750849723815918,,,
0,1529,-0.047401927411556244,,,
0,1534,0.004531084094196558,,,
0,1539,0.007894578389823437,,,
0,1544,-0.06377001851797104,,,
0,1549,0.020904550328850746,,,
0,1554,0.016603168100118637,,,
0,1559,-0.0383448451757431,,,
0,1564,-0.018252333626151085,,,
0,1569,-0.003048996441066265,,,
0,1574,-0.0867321565747261,,,
0,1579,-0.019710710272192955,,,
0,1584,-0.03140152990818024,,,
0,1589,-0.028101924806833267,,,
0,1594,0.010546412318944931,,,
0,1599,-0.07398815453052521,,,
0,1604,-0.040870267897844315,,,
0,1609,-0.05434536188840866,,,
0,1614,-0.04868573695421219,,,
0,1619,-0.04355986416339874,,,
0,1624,0.03986993432044983,,,
0,1629,-0.05809629708528519,,,
0,1634,-0.05881565064191818,,,
0,1639,-0.08227784186601639,,,
0,1644,-0.052531637251377106,,,
0,1649,-0.020462442189455032,,,
0,1654,-0.07074893265962601,,,
0,1659,-0.09513403475284576,,,
0,1664,-0.058650869876146317,,,
0,1669,-0.054046936333179474,,,
0,1674,-0.051549237221479416,,,
0,1679,-0.010913897305727005,,,
0,1684,-0.06099550426006317,,,
0,1689,-0.002590509131550789,,,
0,1694,-0.04393478482961655,,,
0,1699,-0.036468617618083954,,,
0,1704,-0.060138970613479614,,,
0,1709,-0.04841960594058037,,,
0,1714,-0.060226161032915115,,,
0,1719,0.05500055104494095,,,
0,1724,-0.07224798947572708,,,
0,1729,-0.04451834037899971,,,
0,1734,-0.012760275974869728,,,
0,1739,-0.008499545976519585,,,
0,1744,0.06885689496994019,,,
0,1749,-0.03495092689990997,,,
0,1754,0.002567591145634651,,,
0,1759,-0.028206152841448784,,,
0,1764,-0.053917959332466125,,,
0,1769,-0.005344269797205925,,,
0,1774,-0.038047999143600464,,,
0,1779,-0.07047547399997711,,,
0,1784,0.0033052507787942886,,,
0,1789,-0.03331880271434784,,,
0,1794,-0.0340486578643322,,,
0,1799,-0.0893227681517601,,,
0,1804,-0.01989859901368618,,,
0,1809,-0.06559883058071136,,,
0,1814,-0.06392058730125427,,,
0,1819,0.02113259769976139,,,
0,1824,-0.03656117618083954,,,
0,1829,-0.03803914785385132,,,
0,1834,-0.055962465703487396,,,
0,1839,-0.067684605717659,,,
0,1844,-0.04690765589475632,,,
0,1849,-0.06720419228076935,,,
0,1854,-0.0450565330684185,,,
0,1859,-0.02972516417503357,,,
0,1864,-0.04862565919756889,,,
0,1869,-0.0871153324842453,,,
0,1874,-0.06917685270309448,,,
0,1879,-0.014781281352043152,,,
0,1884,-0.028017409145832062,,,
0,1889,-0.06278395652770996,,,
0,1894,0.03708602115511894,,,
0,1899,-0.0745432898402214,,,
0,1904,-0.02666347101330757,,,
0,1909,-0.014393187128007412,,,
0,1914,-0.0034266337752342224,,,
0,1919,-0.06252118200063705,,,
0,1924,-0.04952363669872284,,,
0,1929,-0.06382710486650467,,,
0,1934,-0.060323942452669144,,,
0,1939,-0.038974661380052567,,,
0,1944,-0.06077676638960838,,,
0,1949,-0.048678673803806305,,,
0,1954,-0.06714285910129547,,,
0,1959,-0.043645571917295456,,,
0,1964,-0.0736699104309082,,,
0,1969,-0.044394392520189285,,,
0,1974,-0.05948873609304428,,,
0,1979,-0.08455363661050797,,,
0,1984,-0.005485235713422298,,,
0,1989,-0.05262254551053047,,,
0,1994,-0.06966634094715118,,,
0,1999,0.027678683400154114,,,
0,2004,-0.07472345978021622,,,
0,2009,-0.06650465726852417,,,
0,2014,-0.05650933086872101,,,
0,2019,-0.03488413617014885,,,
0,2024,-0.0334601029753685,,,
0,2029,-0.05301005765795708,,,
0,2034,-0.05562414601445198,,,
0,2039,-0.04880718141794205,,,
0,2044,-0.04713355749845505,,,
0,2049,-0.07877612113952637,,,
0,2054,-0.060075171291828156,,,
0,2059,-0.012107920832931995,,,
0,2064,-0.015488078817725182,,,
0,2069,-0.044237636029720306,,,
0,2074,-0.08618512749671936,,,
0,2079,-0.06070078909397125,,,
0,2084,-0.04735718294978142,,,
0,2089,-0.025722064077854156,,,
0,2094,0.023509642109274864,,,
0,2099,-0.04025857895612717,,,
0,2104,-0.07212237268686295,,,
0,2109,-0.07873420417308807,,,
0,2114,-0.03724018856883049,,,
0,2119,-0.03845150023698807,,,
0,2124,-0.011887278407812119,,,
0,2129,-0.02449551783502102,,,
0,2134,-0.0883435606956482,,,
0,2139,0.0021769683808088303,,,
0,2144,-0.027848780155181885,,,
0,2149,-0.04691246151924133,,,
0,2154,-0.09984299540519714,,,
0,2159,-0.025574633851647377,,,
0,2164,-0.06588242202997208,,,
0,2169,-0.0590018555521965,,,
0,2174,-0.0632607713341713,,,
0,2179,-0.026514627039432526,,,
0,2184,-0.06568411737680435,,,
0,2189,-0.06597543507814407,,,
0,2194,0.024000365287065506,,,
0,2199,-0.083310067653656,,,
0,2204,-0.08133871108293533,,,
0,2209,-0.028937632218003273,,,
0,2214,-0.04409768804907799,,,
0,2219,-0.06464029848575592,,,
0,2224,-0.045234642922878265,,,
0,2229,-0.02279968559741974,,,
0,2234,-0.062171660363674164,,,
0,2239,-0.07889152318239212,,,
0,2244,-0.05040070787072182,,,
0,2249,-0.020928572863340378,,,
0,2254,-0.003027787432074547,,,
0,2259,0.007645903155207634,,,
0,2264,-0.06764335185289383,,,
0,2269,-0.07278096675872803,,,
0,2274,-0.06079934164881706,,,
0,2279,0.013807310722768307,,,
0,2284,-0.03542950749397278,,,
0,2289,-0.043280404061079025,,,
0,2294,-0.041583478450775146,,,
0,2299,-0.025598373264074326,,,
0,2304,-0.006964150816202164,,,
0,2309,-0.07703598588705063,,,
0,2314,-0.025738971307873726,,,
0,2319,-0.03210791200399399,,,
0,2324,-0.05689379945397377,,,
0,2329,-0.06136193498969078,,,
0,2334,-0.07361620664596558,,,
0,2339,-0.0293965395539999,,,
0,2344,-0.05760535970330238,,,
0,2349,-0.08903906494379044,,,
0,2354,-0.03328710421919823,,,
0,2359,-0.06030729413032532,,,
0,2364,-0.04768114909529686,,,
0,2369,-0.052669741213321686,,,
0,2374,-0.0726388469338417,,,
0,2379,-0.06209093704819679,,,
0,2384,-0.046121735125780106,,,
0,2389,-0.056152842938899994,,,
0,2394,-0.023935243487358093,,,
0,2399,-0.013413230888545513,,,
0,2404,-0.05420379713177681,,,
0,2409,-0.06386701762676239,,,
0,2414,-0.07287725806236267,,,
0,2419,-0.06348159164190292,,,
0,2424,-0.005936074536293745,,,
0,2429,-0.062378451228141785,,,
0,2434,-0.055028825998306274,,,
0,2439,-0.024572722613811493,,,
0,2444,-0.08368121087551117,,,
0,2449,-0.030139457434415817,,,
0,2454,-0.06371424347162247,,,
0,2459,-0.0497564859688282,,,
0,2464,-0.0704745501279831,,,
0,2469,-0.04228219389915466,,,
0,2474,-0.007579083554446697,,,
0,2479,-0.04763840511441231,,,
0,2484,-0.06702867150306702,,,
0,2489,-0.04358271509408951,,,
0,2494,0.003923501819372177,,,
0,2499,-0.011482425034046173,,,
0,2499,,-0.02991788275539875,0.654699981212616,1.0486658811569214
1,2504,-0.05894860252737999,,,
1,2509,-0.014706556685268879,,,
1,2514,0.016014140099287033,,,
1,2519,-0.051714565604925156,,,
1,2524,-0.009051486849784851,,,
1,2529,-0.06119474023580551,,,
1,2534,-0.027933817356824875,,,
1,2539,-0.06875528395175934,,,
1,2544,-0.05025475472211838,,,
1,2549,-0.035049885511398315,,,
1,2554,-0.07295715808868408,,,
1,2559,-0.07529274374246597,,,
1,2564,-0.04852258414030075,,,
1,2569,0.01742473617196083,,,
1,2574,-0.05681123211979866,,,
1,2579,-0.028088528662919998,,,
1,2584,-0.044491399079561234,,,
1,2589,0.0033291084691882133,,,
1,2594,-0.07248788326978683,,,
1,2599,-0.06067008152604103,,,
1,2604,0.003931660205125809,,,
1,2609,-0.049470942467451096,,,
1,2614,-0.05439584702253342,,,
1,2619,-0.07303294539451599,,,
1,2624,-0.05660102143883705,,,
1,2629,-0.07786364108324051,,,
1,2634,-0.048226259648799896,,,
1,2639,0.04805196821689606,,,
1,2644,-0.06513305008411407,,,
1,2649,-0.053747598081827164,,,
1,2654,-0.0685320496559143,,,
1,2659,-0.060521144419908524,,,
1,2664,-0.06139649078249931,,,
1,2669,-0.05330853536725044,,,
1,2674,-0.008997125551104546,,,
1,2679,-0.0600271001458168,,,
1,2684,-0.07156360149383545,,,
1,2689,-0.05364876985549927,,,
1,2694,-0.06035995110869408,,,
1,2699,-0.0699126124382019,,,
1,2704,-0.0708022490143776,,,
1,2709,-0.06387239694595337,,,
1,2714,-0.05398523807525635,,,
1,2719,-0.0726369097828865,,,
1,2724,-0.035799477249383926,,,
1,2729,-0.08709966391324997,,,
1,2734,-0.09575338661670685,,,
1,2739,0.008904462680220604,,,
1,2744,-0.0011779870837926865,,,
1,2749,-0.06094158813357353,,,
1,2754,-0.031491197645664215,,,
1,2759,-0.028551265597343445,,,
1,2764,0.005020303186029196,,,
1,2769,-0.08452271670103073,,,
1,2774,-0.028098776936531067,,,
1,2779,-0.028904754668474197,,,
1,2784,-0.03695080429315567,,,
1,2789,-0.09317415207624435,,,
1,2794,-0.03874623402953148,,,
1,2799,-0.07581737637519836,,,
1,2804,-0.021811192855238914,,,
1,2809,-0.04762664809823036,,,
1,2814,-0.048775263130664825,,,
1,2819,-0.04421945661306381,,,
1,2824,-0.055006299167871475,,,
1,2829,-0.0172683447599411,,,
1,2834,0.012802663259208202,,,
1,2839,-0.057925574481487274,,,
1,2844,-0.056799259036779404,,,
1,2849,-0.06729598343372345,,,
1,2854,-0.05524572730064392,,,
1,2859,-0.06259366124868393,,,
1,2864,-0.0442061573266983,,,
1,2869,-0.05454898625612259,,,
1,2874,-0.06542869657278061,,,
1,2879,-0.03857675939798355,,,
1,2884,-0.06565383076667786,,,
1,2889,-0.01745276339352131,,,
1,2894,-0.03694587200880051,,,
1,2899,-0.06336647272109985,,,
1,2904,-0.04884548485279083,,,
1,2909,-0.034140124917030334,,,
1,2914,-0.03523102402687073,,,
1,2919,-0.06761375069618225,,,
1,2924,-0.06534501910209656,,,
1,2929,-0.07009278982877731,,,
1,2934,-0.013574319891631603,,,
1,2939,-0.06337012350559235,,,
1,2944,-0.033362969756126404,,,
1,2949,-0.08097919076681137,,,
1,2954,-0.016172166913747787,,,
1,2959,-0.01796562597155571,,,
1,2964,-0.0887441486120224,,,
1,2969,-0.05255109444260597,,,
1,2974,-0.024904891848564148,,,
1,2979,-0.08616844564676285,,,
1,2984,-0.06713642179965973,,,
1,2989,0.04040396213531494,,,
1,2994,-0.04464268311858177,,,
1,2999,-0.08519461750984192,,,
1,3004,-0.061319269239902496,,,
1,3009,-0.005377783440053463,,,
1,3014,-0.07126004993915558,,,
1,3019,-0.03863312304019928,,,
1,3024,-0.026803910732269287,,,
1,3029,-0.019895199686288834,,,
1,3034,-0.07133664935827255,,,
1,3039,-0.07010719180107117,,,
1,3044,-0.0467793308198452,,,
1,3049,-0.05491703748703003,,,
1,3054,-0.029757164418697357,,,
1,3059,-0.0668506920337677,,,
1,3064,-0.09193388372659683,,,
1,3069,-0.0012255758047103882,,,
1,3074,-0.035205256193876266,,,
1,3079,-0.0884246826171875,,,
1,3084,-0.012421997264027596,,,
1,3089,-0.049243759363889694,,,
1,3094,-0.03722677752375603,,,
1,3099,-0.035119879990816116,,,
1,3104,-0.046316999942064285,,,
1,3109,0.003558920696377754,,,
1,3114,-0.048718035221099854,,,
1,3119,-0.0743035227060318,,,
1,3124,-0.050264015793800354,,,
1,3129,-0.0407431535422802,,,
1,3134,-0.06384148448705673,,,
1,3139,-0.05902203172445297,,,
1,3144,-0.06394631415605545,,,
1,3149,-0.025978537276387215,,,
1,3154,-0.0434076189994812,,,
1,3159,-0.051479920744895935,,,
1,3164,-0.019397825002670288,,,
1,3169,-0.0671338438987732,,,
1,3174,-0.07476149499416351,,,
1,3179,-0.05342521518468857,,,
1,3184,-0.1094064712524414,,,
1,3189,-0.04148167744278908,,,
1,3194,-0.02328507974743843,,,
1,3199,-0.06078854203224182,,,
1,3204,-0.03477255627512932,,,
1,3209,-0.06962410360574722,,,
1,3214,-0.05395575985312462,,,
1,3219,-0.031721167266368866,,,
1,3224,-0.07082508504390717,,,
1,3229,-0.04299832507967949,,,
1,3234,-0.07917004823684692,,,
1,3239,-0.04510769248008728,,,
1,3244,-0.04794258624315262,,,
1,3249,-0.04276956617832184,,,
1,3254,-0.028714457526803017,,,
1,3259,-0.028354108333587646,,,
1,3264,-0.051328614354133606,,,
1,3269,-0.024746229872107506,,,
1,3274,-0.08419552445411682,,,
1,3279,-0.05760351940989494,,,
1,3284,-0.03344956785440445,,,
1,3289,-0.054397448897361755,,,
1,3294,-0.023527054116129875,,,
1,3299,-0.06029772013425827,,,
1,3304,-0.03484869375824928,,,
1,3309,-0.08448277413845062,,,
1,3314,-0.04053959250450134,,,
1,3319,-0.07463589310646057,,,
1,3324,-0.046987731009721756,,,
1,3329,-0.053820252418518066,,,
1,3334,-0.055032916367053986,,,
1,3339,-0.04083157703280449,,,
1,3344,-0.06937197595834732,,,
1,3349,-0.041340962052345276,,,
1,3354,-0.05545400083065033,,,
1,3359,-0.05121823400259018,,,
1,3364,-0.060371942818164825,,,
1,3369,-0.05458562821149826,,,
1,3374,-0.02620135433971882,,,
1,3379,-0.07474968582391739,,,
1,3384,-0.054045308381319046,,,
1,3389,-0.0318608358502388,,,
1,3394,-0.047031160444021225,,,
1,3399,-0.04274192452430725,,,
1,3404,-0.03994862735271454,,,
1,3409,0.006369147915393114,,,
1,3414,-0.07978040724992752,,,
1,3419,-0.022848689928650856,,,
1,3424,-0.06207007169723511,,,
1,3429,-0.04298368841409683,,,
1,3434,-0.07904186099767685,,,
1,3439,-0.07123266160488129,,,
1,3444,-0.021446937695145607,,,
1,3449,-0.028475310653448105,,,
1,3454,-0.0679839625954628,,,
1,3459,-0.058635957539081573,,,
1,3464,-0.08445537090301514,,,
1,3469,-0.03157573565840721,,,
1,3474,-0.07115990668535233,,,
1,3479,-0.04604252427816391,,,
1,3484,-0.03782282769680023,,,
1,3489,-0.046541206538677216,,,
1,3494,-0.06413977593183517,,,
1,3499,-0.06939874589443207,,,
1,3504,-0.061925504356622696,,,
1,3509,-0.04636411368846893,,,
1,3514,-0.06423605978488922,,,
1,3519,-0.060544732958078384,,,
1,3524,-0.04723140597343445,,,
1,3529,-0.037623919546604156,,,
1,3534,-0.05257745459675789,,,
1,3539,-0.05109966918826103,,,
1,3544,-0.020012691617012024,,,
1,3549,-0.06555543094873428,,,
1,3554,-0.07246053963899612,,,
1,3559,0.02223348617553711,,,
1,3564,-0.06612611562013626,,,
1,3569,-0.07629134505987167,,,
1,3574,-0.06783924996852875,,,
1,3579,-0.049352098256349564,,,
1,3584,-0.040817003697156906,,,
1,3589,-0.03271028399467468,,,
1,3594,-0.03416354954242706,,,
1,3599,-0.05178330838680267,,,
1,3604,-0.07169032096862793,,,
1,3609,-0.04133426398038864,,,
1,3614,-0.060357365757226944,,,
1,3619,-0.057816531509160995,,,
1,3624,-0.043622855097055435,,,
1,3629,0.02754853665828705,,,
1,3634,-0.04939492791891098,,,
1,3639,-0.06813238561153412,,,
1,3644,-0.0316038578748703,,,
1,3649,-0.04927578568458557,,,
1,3654,-0.06448934227228165,,,
1,3659,-0.06377245485782623,,,
1,3664,-0.0648345947265625,,,
1,3669,-0.009058581665158272,,,
1,3674,-0.026020539924502373,,,
1,3679,-0.04090620577335358,,,
1,3684,-0.059675946831703186,,,
1,3689,-0.0784544050693512,,,
1,3694,-0.07714984565973282,,,
1,3699,-0.04461442679166794,,,
1,3704,-0.048041243106126785,,,
1,3709,-0.05306745693087578,,,
1,3714,-0.0008648373186588287,,,
1,3719,-0.06999477744102478,,,
1,3724,-0.09239083528518677,,,
1,3729,-0.059513192623853683,,,
1,3734,-0.030254513025283813,,,
1,3739,-0.06153671070933342,,,
1,3744,-0.03866054490208626,,,
1,3749,-0.06914788484573364,,,
1,3754,-0.04452396556735039,,,
1,3759,-0.054871268570423126,,,
1,3764,-0.034285176545381546,,,
1,3769,-0.06313657760620117,,,
1,3774,-0.050264276564121246,,,
1,3779,-0.05854605883359909,,,
1,3784,0.009030506014823914,,,
1,3789,-0.06127554550766945,,,
1,3794,-0.02883063070476055,,,
1,3799,-0.024233311414718628,,,
1,3804,-0.038666218519210815,,,
1,3809,-0.04561562463641167,,,
1,3814,-0.05003287270665169,,,
1,3819,-0.06981087476015091,,,
1,3824,-0.04790244251489639,,,
1,3829,-0.07503245025873184,,,
1,3834,-0.015559935942292213,,,
1,3839,0.02109111286699772,,,
1,3844,-0.045503322035074234,,,
1,3849,-0.022253304719924927,,,
1,3854,-0.05464388430118561,,,
1,3859,-0.03820442780852318,,,
1,3864,-0.005659830290824175,,,
1,3869,-0.029801616445183754,,,
1,3874,-0.0479312464594841,,,
1,3879,-0.05376730114221573,,,
1,3884,-0.04375799745321274,,,
1,3889,-0.05691797286272049,,,
1,3894,0.007470312062650919,,,
1,3899,-0.08165740221738815,,,
1,3904,-0.05099803954362869,,,
1,3909,-0.012116233818233013,,,
1,3914,-0.021178826689720154,,,
1,3919,0.005511339288204908,,,
1,3924,-0.0176762156188488,,,
1,3929,-0.05170828104019165,,,
1,3934,-0.05656421184539795,,,
1,3939,0.010721459984779358,,,
1,3944,-0.029113376513123512,,,
1,3949,-0.012828188017010689,,,
1,3954,-0.08116210997104645,,,
1,3959,-0.05068213492631912,,,
1,3964,-0.06732863187789917,,,
1,3969,-0.03556731343269348,,,
1,3974,0.009589672088623047,,,
1,3979,-0.04213419556617737,,,
1,3984,-0.07032880932092667,,,
1,3989,-0.034010857343673706,,,
1,3994,-0.03337904438376427,,,
1,3999,-0.046395231038331985,,,
1,4004,-0.004373916890472174,,,
1,4009,-0.049987562000751495,,,
1,4014,-0.07621884346008301,,,
1,4019,-0.07092823088169098,,,
1,4024,-0.07051226496696472,,,
1,4029,-0.0047231437638401985,,,
1,4034,-0.046094026416540146,,,
1,4039,-0.0786014124751091,,,
1,4044,-0.05960134044289589,,,
1,4049,-0.04339578375220299,,,
1,4054,-0.057488951832056046,,,
1,4059,-0.022541485726833344,,,
1,4064,-0.05897097289562225,,,
1,4069,-0.05070381611585617,,,
1,4074,-0.0643993616104126,,,
1,4079,0.011932751163840294,,,
1,4084,-0.05555621534585953,,,
1,4089,-0.07049167901277542,,,
1,4094,-0.030608413740992546,,,
1,4099,-0.07493586838245392,,,
1,4104,-0.02565230056643486,,,
1,4109,-0.0492902509868145,,,
1,4114,-0.03265868127346039,,,
1,4119,-0.07633064687252045,,,
1,4124,-0.014912847429513931,,,
1,4129,0.015469455160200596,,,
1,4134,-0.03924483805894852,,,
1,4139,-0.07167316973209381,,,
1,4144,-0.02232792042195797,,,
1,4149,-0.04861350357532501,,,
1,4154,-0.04879678413271904,,,
1,4159,-0.04671672731637955,,,
1,4164,-0.08691968023777008,,,
1,4169,-0.0236500296741724,,,
1,4174,-0.0358438715338707,,,
1,4179,-0.042432114481925964,,,
1,4184,-0.05669870600104332,,,
1,4189,-0.06287630647420883,,,
1,4194,-0.03358418494462967,,,
1,4199,-0.044849835336208344,,,
1,4204,-0.05771416053175926,,,
1,4209,-0.04352274164557457,,,
1,4214,0.011656409129500389,,,
1,4219,-0.036618709564208984,,,
1,4224,-0.03587981313467026,,,
1,4229,-0.021882325410842896,,,
1,4234,-0.07234428077936172,,,
1,4239,-0.06537754833698273,,,
1,4244,-0.041821785271167755,,,
1,4249,-0.06701742857694626,,,
1,4254,-0.07190873473882675,,,
1,4259,-0.025170154869556427,,,
1,4264,-0.03224056214094162,,,
1,4269,-0.05637093633413315,,,
1,4274,-0.014899352565407753,,,
1,4279,-0.04460032656788826,,,
1,4284,-0.04320134222507477,,,
1,4289,-0.08106175065040588,,,
1,4294,-0.05325495824217796,,,
1,4299,-0.0418449342250824,,,
1,4304,-0.07812035828828812,,,
1,4309,-0.05604638159275055,,,
1,4314,-0.07457435131072998,,,
1,4319,-0.07108911126852036,,,
1,4324,-0.03603935241699219,,,
1,4329,0.04570998251438141,,,
1,4334,-0.06892578303813934,,,
1,4339,-0.06923237442970276,,,
1,4344,-0.06452461332082748,,,
1,4349,-0.08177603781223297,,,
1,4354,-0.05379505082964897,,,
1,4359,-0.030469221994280815,,,
1,4364,-0.048562705516815186,,,
1,4369,-0.0479322113096714,,,
1,4374,-0.07224947214126587,,,
1,4379,-0.02288893237709999,,,
1,4384,-0.06281781196594238,,,
1,4389,-0.06165891885757446,,,
1,4394,-0.020917948335409164,,,
1,4399,-0.032918669283390045,,,
1,4404,-0.07862827181816101,,,
1,4409,-0.06191382557153702,,,
1,4414,-0.03676382079720497,,,
1,4419,-0.03581346198916435,,,
1,4424,-0.04906883090734482,,,
1,4429,-0.0666491761803627,,,
1,4434,-0.04263855144381523,,,
1,4439,-0.07852214574813843,,,
1,4444,-0.04111704230308533,,,
1,4449,-0.05239923298358917,,,
1,4454,-0.06891044229269028,,,
1,4459,0.031031010672450066,,,
1,4464,-0.04905756562948227,,,
1,4469,-0.06913670897483826,,,
1,4474,-0.0727815181016922,,,
1,4479,-0.06137879565358162,,,
1,4484,-0.0480041466653347,,,
1,4489,-0.06971481442451477,,,
1,4494,-0.04441970959305763,,,
1,4499,0.025785058736801147,,,
1,4504,-0.07141399383544922,,,
1,4509,-0.07869917154312134,,,
1,4514,-0.04276612401008606,,,
1,4519,-0.02877199277281761,,,
1,4524,-0.08796586841344833,,,
1,4529,-0.05927257984876633,,,
1,4534,-0.05896556377410889,,,
1,4539,-0.03689256310462952,,,
1,4544,-0.006093321368098259,,,
1,4549,-0.026064889505505562,,,
1,4554,0.00045962631702423096,,,
1,4559,-0.04987550899386406,,,
1,4564,-0.012764958664774895,,,
1,4569,-0.0785704255104065,,,
1,4574,-0.06707413494586945,,,
1,4579,-0.076736219227314,,,
1,4584,-0.03998357430100441,,,
1,4589,-0.020984837785363197,,,
1,4594,-0.02770375646650791,,,
1,4599,-0.05523841455578804,,,
1,4604,-0.03772429749369621,,,
1,4609,-0.059237901121377945,,,
1,4614,-0.018273893743753433,,,
1,4619,-0.02417292818427086,,,
1,4624,-0.023440668359398842,,,
1,4629,-0.06478672474622726,,,
1,4634,-0.07424389570951462,,,
1,4639,-0.026066254824399948,,,
1,4644,-0.019440699368715286,,,
1,4649,-0.04219651594758034,,,
1,4654,-0.05043463408946991,,,
1,4659,-0.04641805961728096,,,
1,4664,-0.058911677449941635,,,
1,4669,-0.06289074569940567,,,
1,4674,-0.04518391937017441,,,
1,4679,-0.0476737804710865,,,
1,4684,-0.017180852591991425,,,
1,4689,-0.06471820920705795,,,
1,4694,-0.018816940486431122,,,
1,4699,0.03515138104557991,,,
1,4704,-0.05223233252763748,,,
1,4709,-0.019334986805915833,,,
1,4714,-0.072218157351017,,,
1,4719,-0.08955807983875275,,,
1,4724,-0.05403343215584755,,,
1,4729,-0.018255241215229034,,,
1,4734,-0.039943963289260864,,,
1,4739,-0.07094254344701767,,,
1,4744,-0.02513999491930008,,,
1,4749,-0.03133352845907211,,,
1,4754,-0.05097512528300285,,,
1,4759,-0.0034370580688118935,,,
1,4764,-0.04466265067458153,,,
1,4769,-0.04145149886608124,,,
1,4774,-0.05050845816731453,,,
1,4779,-0.08703450858592987,,,
1,4784,-0.011154687032103539,,,
1,4789,-0.01410764455795288,,,
1,4794,-0.06411325931549072,,,
1,4799,-0.04698343575000763,,,
1,4804,-0.06409405916929245,,,
1,4809,-0.03467421606183052,,,
1,4814,-0.042519111186265945,,,
1,4819,-0.017212461680173874,,,
1,4824,-0.06544197350740433,,,
1,4829,-0.04595786705613136,,,
1,4834,-0.06449230015277863,,,
1,4839,-0.02610914781689644,,,
1,4844,-0.05885428190231323,,,
1,4849,-0.04846124351024628,,,
1,4854,-0.031015384942293167,,,
1,4859,-0.05310352146625519,,,
1,4864,-0.055891234427690506,,,
1,4869,-0.051995765417814255,,,
1,4874,-0.06713104993104935,,,
1,4879,-0.07323762774467468,,,
1,4884,0.008280658163130283,,,
1,4889,-0.02140560932457447,,,
1,4894,-0.04062112420797348,,,
1,4899,-0.08182986080646515,,,
1,4904,-0.06150096654891968,,,
1,4909,-0.07388300448656082,,,
1,4914,-0.03936970978975296,,,
1,4919,0.0007122363895177841,,,
1,4924,-0.08681118488311768,,,
1,4929,-0.06436619907617569,,,
1,4934,-0.0528489425778389,,,
1,4939,-0.047977857291698456,,,
1,4944,0.011983036063611507,,,
1,4949,-0.030122071504592896,,,
1,4954,-0.08597397804260254,,,
1,4959,-0.06442949175834656,,,
1,4964,-0.07110719382762909,,,
1,4969,-0.04492774233222008,,,
1,4974,-0.026881134137511253,,,
1,4979,0.0034061651676893234,,,
1,4984,-0.054416414350271225,,,
1,4989,-0.06255404651165009,,,
1,4994,-0.0599205456674099,,,
1,4999,-0.0649372935295105,,,
1,4999,,-0.051672838628292084,0.4433000087738037,0.772334098815918
2,5004,-0.05524960905313492,,,
2,5009,-0.011370796710252762,,,
2,5014,-0.0685376524925232,,,
2,5019,-0.03333204239606857,,,
2,5024,0.016958219930529594,,,
2,5029,-0.04442710056900978,,,
2,5034,-0.04133746773004532,,,
2,5039,-0.07719951122999191,,,
2,5044,0.006719709374010563,,,
2,5049,-0.036663081496953964,,,
2,5054,-0.05454418063163757,,,
2,5059,-0.0806833952665329,,,
2,5064,-0.04076371341943741,,,
2,5069,-0.04019250348210335,,,
2,5074,-0.04369066283106804,,,
2,5079,-0.044348377734422684,,,
2,5084,-0.05939267575740814,,,
2,5089,-0.03400310501456261,,,
2,5094,-0.05766057223081589,,,
2,5099,-0.07022775709629059,,,
2,5104,-0.06065700575709343,,,
2,5109,-0.058056965470314026,,,
2,5114,-0.026772789657115936,,,
2,5119,-0.07236465811729431,,,
2,5124,-0.05727715417742729,,,
2,5129,-0.05642293021082878,,,
2,5134,-0.04605356603860855,,,
2,5139,-0.04386741295456886,,,
2,5144,-0.020168129354715347,,,
2,5149,-0.07404464483261108,,,
2,5154,-0.07733847200870514,,,
2,5159,-0.08580979704856873,,,
2,5164,-0.06213706359267235,,,
2,5169,-0.03569551184773445,,,
2,5174,-0.008865437470376492,,,
2,5179,-0.06402867287397385,,,
2,5184,-0.05711944028735161,,,
2,5189,-0.03823833540081978,,,
2,5194,-0.03862432390451431,,,
2,5199,0.041539765894412994,,,
2,5204,-0.07173317670822144,,,
2,5209,-0.06622742116451263,,,
2,5214,-0.06587009876966476,,,
2,5219,-0.06221182644367218,,,
2,5224,-0.05219323933124542,,,
2,5229,-0.0313480868935585,,,
2,5234,-0.023413565009832382,,,
2,5239,-0.03373511880636215,,,
2,5244,-0.024578247219324112,,,
2,5249,-0.050078101456165314,,,
2,5254,-0.05865763872861862,,,
2,5259,-0.0062025729566812515,,,
2,5264,-0.04641701281070709,,,
2,5269,-0.040786612778902054,,,
2,5274,-0.07160680741071701,,,
2,5279,-0.05711694434285164,,,
2,5284,-0.042285267263650894,,,
2,5289,-0.036755211651325226,,,
2,5294,-0.013649878092110157,,,
2,5299,0.0021300024818629026,,,
2,5304,-0.04230887442827225,,,
2,5309,-0.07145107537508011,,,
2,5314,-0.07622488588094711,,,
2,5319,-0.03337756544351578,,,
2,5324,-0.05652322247624397,,,
2,5329,-0.0729387104511261,,,
2,5334,-0.07289807498455048,,,
2,5339,-0.06713076680898666,,,
2,5344,-0.0386619046330452,,,
2,5349,-0.04017926752567291,,,
2,5354,0.0006667729467153549,,,
2,5359,-0.0413629524409771,,,
2,5364,-0.04445008933544159,,,
2,5369,-0.0930737853050232,,,
2,5374,-0.06625039875507355,,,
2,5379,-0.05653999745845795,,,
2,5384,-0.01902586594223976,,,
2,5389,-0.03444899991154671,,,
2,5394,-0.03527740389108658,,,
2,5399,-0.0824631080031395,,,
2,5404,-0.06181468442082405,,,
2,5409,-0.03349882736802101,,,
2,5414,0.013055969960987568,,,
2,5419,-0.040033165365457535,,,
2,5424,-0.07593053579330444,,,
2,5429,-0.054330646991729736,,,
2,5434,-0.04383168742060661,,,
2,5439,-0.06648164987564087,,,
2,5444,0.044577550143003464,,,
2,5449,-0.08128339797258377,,,
2,5454,-0.06833024322986603,,,
2,5459,-0.06303978711366653,,,
2,5464,-0.05216411128640175,,,
2,5469,-0.015453901141881943,,,
2,5474,-0.018123682588338852,,,
2,5479,-0.029571428894996643,,,
2,5484,-0.046724576503038406,,,
2,5489,-0.050556719303131104,,,
2,5494,-0.02540217898786068,,,
2,5499,-0.04937107861042023,,,
2,5504,-0.027079075574874878,,,
2,5509,-0.02970719523727894,,,
2,5514,0.002172397915273905,,,
2,5519,-0.01359843835234642,,,
2,5524,-0.05583052709698677,,,
2,5529,-0.03894792124629021,,,
2,5534,-0.08256321400403976,,,
2,5539,-0.020307090133428574,,,
2,5544,-0.049895014613866806,,,
2,5549,-0.06669113785028458,,,
2,5554,-0.04893403872847557,,,
2,5559,-0.04611815884709358,,,
2,5564,-0.06082545965909958,,,
2,5569,-0.06159508600831032,,,
2,5574,-0.013188437558710575,,,
2,5579,-0.05489477515220642,,,
2,5584,-0.043743427842855453,,,
2,5589,-0.06081362068653107,,,
2,5594,-0.022021451964974403,,,
2,5599,-0.058486904948949814,,,
2,5604,-0.02390061318874359,,,
2,5609,-0.05954669415950775,,,
2,5614,-0.051971349865198135,,,
2,5619,-0.03197229653596878,,,
2,5624,-0.049420539289712906,,,
2,5629,-0.0633368119597435,,,
2,5634,-0.06694045662879944,,,
2,5639,-0.014344310387969017,,,
2,5644,-0.05445575714111328,,,
2,5649,-0.0440165139734745,,,
2,5654,-0.027683651074767113,,,
2,5659,-0.07262416929006577,,,
2,5664,-0.02073276787996292,,,
2,5669,-0.05178605765104294,,,
2,5674,-0.06273291260004044,,,
2,5679,-0.032738097012043,,,
2,5684,-0.0336698517203331,,,
2,5689,-0.04953403025865555,,,
2,5694,-0.027137495577335358,,,
2,5699,-0.0071886153891682625,,,
2,5704,-0.07993210107088089,,,
2,5709,-0.041190437972545624,,,
2,5714,-0.05828477814793587,,,
2,5719,-0.0712108314037323,,,
2,5724,-0.05604391545057297,,,
2,5729,-0.011850954964756966,,,
2,5734,-0.05195101350545883,,,
2,5739,-0.051038533449172974,,,
2,5744,-0.028484132140874863,,,
2,5749,-0.061638396233320236,,,
2,5754,-0.03226460516452789,,,
2,5759,-0.04668593034148216,,,
2,5764,-0.0737704187631607,,,
2,5769,-0.04236263781785965,,,
2,5774,-0.07093112170696259,,,
2,5779,-0.03884474188089371,,,
2,5784,-0.06905771046876907,,,
2,5789,-0.05111132562160492,,,
2,5794,-0.055034998804330826,,,
2,5799,-0.05535773187875748,,,
2,5804,0.019616544246673584,,,
2,5809,0.013441050425171852,,,
2,5814,-0.04163314402103424,,,
2,5819,-0.042371124029159546,,,
2,5824,-0.053384505212306976,,,
2,5829,-0.01826179027557373,,,
2,5834,-0.03454789146780968,,,
2,5839,-0.05127731338143349,,,
2,5844,-0.08536095172166824,,,
2,5849,-0.05004065856337547,,,
2,5854,-0.030442506074905396,,,
2,5859,-0.05394300818443298,,,
2,5864,-0.04230097308754921,,,
2,5869,-0.03754236549139023,,,
2,5874,-0.06625992804765701,,,
2,5879,-0.0348687469959259,,,
2,5884,-0.03679904341697693,,,
2,5889,-0.07999998331069946,,,
2,5894,-0.03151056170463562,,,
2,5899,-0.024789191782474518,,,
2,5904,-0.035424862056970596,,,
2,5909,-0.03164510801434517,,,
2,5914,-0.06507692486047745,,,
2,5919,-0.04217885434627533,,,
2,5924,-0.027202166616916656,,,
2,5929,-0.056146636605262756,,,
2,5934,-0.069651298224926,,,
2,5939,-0.0694531798362732,,,
2,5944,-0.06495825201272964,,,
2,5949,-0.01207713782787323,,,
2,5954,-0.0870804637670517,,,
2,5959,-0.06442984193563461,,,
2,5964,-0.04100361838936806,,,
2,5969,-0.04427356645464897,,,
2,5974,-0.024281376972794533,,,
2,5979,-0.07128868997097015,,,
2,5984,-0.06971479952335358,,,
2,5989,-0.033358749002218246,,,
2,5994,-0.054697003215551376,,,
2,5999,-0.060354869812726974,,,
2,6004,-0.08735749125480652,,,
2,6009,-0.026950018480420113,,,
2,6014,-0.06709231436252594,,,
2,6019,-0.014079386368393898,,,
2,6024,-0.06326035410165787,,,
2,6029,-0.022615808993577957,,,
2,6034,-0.053740791976451874,,,
2,6039,-0.0312416460365057,,,
2,6044,-0.06293076276779175,,,
2,6049,-0.06152389571070671,,,
2,6054,-0.046387359499931335,,,
2,6059,-0.07690735161304474,,,
2,6064,-0.05650997906923294,,,
2,6069,0.002572910860180855,,,
2,6074,-0.04949042946100235,,,
2,6079,-0.043969325721263885,,,
2,6084,-0.007810401264578104,,,
2,6089,-0.02236824855208397,,,
2,6094,-0.031574174761772156,,,
2,6099,-0.08631155639886856,,,
2,6104,-0.04089265316724777,,,
2,6109,-0.06592133641242981,,,
2,6114,0.054267898201942444,,,
2,6119,-0.06706973165273666,,,
2,6124,-0.039324045181274414,,,
2,6129,-0.06750501692295074,,,
2,6134,-0.04663743078708649,,,
2,6139,-0.06049521639943123,,,
2,6144,-0.049478210508823395,,,
2,6149,-0.04039429873228073,,,
2,6154,0.010156678967177868,,,
2,6159,-0.07647949457168579,,,
2,6164,-0.07713004946708679,,,
2,6169,-0.01562473364174366,,,
2,6174,-0.07283327728509903,,,
2,6179,-0.04672474414110184,,,
2,6184,-0.08734726905822754,,,
2,6189,-0.02554304711520672,,,
2,6194,-0.04553944990038872,,,
2,6199,-0.06279076635837555,,,
2,6204,-0.06480810791254044,,,
2,6209,-0.016706565394997597,,,
2,6214,-0.053166721016168594,,,
2,6219,-0.04049818962812424,,,
2,6224,-0.038800086826086044,,,
2,6229,-0.0730154886841774,,,
2,6234,-0.05719393491744995,,,
2,6239,0.033610209822654724,,,
2,6244,-0.0625879243016243,,,
2,6249,-0.016361597925424576,,,
2,6254,-0.053767088800668716,,,
2,6259,-0.05708694830536842,,,
2,6264,-0.059407901018857956,,,
2,6269,-0.038603927940130234,,,
2,6274,-0.05319136753678322,,,
2,6279,-0.04014628380537033,,,
2,6284,-0.04177180677652359,,,
2,6289,-0.03727823868393898,,,
2,6294,-0.07467500865459442,,,
2,6299,-0.0537894107401371,,,
2,6304,-0.03309096023440361,,,
2,6309,-0.07803422957658768,,,
2,6314,-0.02150866948068142,,,
2,6319,-0.03311648592352867,,,
2,6324,-0.02626354992389679,,,
2,6329,-0.037544749677181244,,,
2,6334,-0.07456347346305847,,,
2,6339,-0.03306347504258156,,,
2,6344,-0.05928369611501694,,,
2,6349,-0.056570831686258316,,,
2,6354,0.0019370894879102707,,,
2,6359,-0.06643050163984299,,,
2,6364,-0.05512137711048126,,,
2,6369,-0.06144151836633682,,,
2,6374,-0.05284159630537033,,,
2,6379,-0.05007300153374672,,,
2,6384,-0.06661395728588104,,,
2,6389,-0.04557187855243683,,,
2,6394,-0.06453599780797958,,,
2,6399,-0.030737262219190598,,,
2,6404,-0.044375814497470856,,,
2,6409,-0.05780237540602684,,,
2,6414,-0.037383101880550385,,,
2,6419,-0.04405442625284195,,,
2,6424,-0.06888575106859207,,,
2,6429,0.0005285786464810371,,,
2,6434,-0.06419781595468521,,,
2,6439,-0.06574179232120514,,,
2,6444,-0.05997146666049957,,,
2,6449,-0.03769323229789734,,,
2,6454,-0.0340253971517086,,,
2,6459,-0.04786371439695358,,,
2,6464,-0.012609291821718216,,,
2,6469,-0.021084606647491455,,,
2,6474,-0.06424716860055923,,,
2,6479,-0.072420135140419,,,
2,6484,-0.00745359854772687,,,
2,6489,-0.04705185815691948,,,
2,6494,-0.06370022892951965,,,
2,6499,-0.028277749195694923,,,
2,6504,-0.03058044984936714,,,
2,6509,-0.06854279339313507,,,
2,6514,-0.02389044314622879,,,
2,6519,-0.03469798341393471,,,
2,6524,-0.04131409153342247,,,
2,6529,-0.06303473562002182,,,
2,6534,-0.06452852487564087,,,
2,6539,-0.05362165719270706,,,
2,6544,-0.019741835072636604,,,
2,6549,-0.043675992637872696,,,
2,6554,-0.05898456647992134,,,
2,6559,-0.04804094880819321,,,
2,6564,-0.032340239733457565,,,
2,6569,-0.04919317364692688,,,
2,6574,-0.0701913982629776,,,
2,6579,-0.052537765353918076,,,
2,6584,-0.046472225338220596,,,
2,6589,-0.036483053117990494,,,
2,6594,-0.018559936434030533,,,
2,6599,-0.05771186575293541,,,
2,6604,-0.04875293746590614,,,
2,6609,-0.059617526829242706,,,
2,6614,-0.052521415054798126,,,
2,6619,-0.02740262821316719,,,
2,6624,-0.038223594427108765,,,
2,6629,-0.055844031274318695,,,
2,6634,-0.04153097793459892,,,
2,6639,-0.055574845522642136,,,
2,6644,-0.003017515642568469,,,
2,6649,-0.02875249832868576,,,
2,6654,-0.060397401452064514,,,
2,6659,-0.06341717392206192,,,
2,6664,-0.032034844160079956,,,
2,6669,-0.07439587265253067,,,
2,6674,-0.03906204178929329,,,
2,6679,-0.022634098306298256,,,
2,6684,-0.03140909597277641,,,
2,6689,-0.04344292730093002,,,
2,6694,-0.05257946997880936,,,
2,6699,-0.08521370589733124,,,
2,6704,-0.0744558721780777,,,
2,6709,-0.03469822183251381,,,
2,6714,-0.024677228182554245,,,
2,6719,-0.050983626395463943,,,
2,6724,-0.055219586938619614,,,
2,6729,-0.054924376308918,,,
2,6734,-0.07529503852128983,,,
2,6739,-0.06825778633356094,,,
2,6744,-0.06080957502126694,,,
2,6749,-0.0480341762304306,,,
2,6754,-0.04187033325433731,,,
2,6759,-0.0688624233007431,,,
2,6764,-0.0623321607708931,,,
2,6769,-0.05397889390587807,,,
2,6774,-0.028232213109731674,,,
2,6779,-0.05910966172814369,,,
2,6784,-0.0654086172580719,,,
2,6789,-0.08624232560396194,,,
2,6794,-0.04773620143532753,,,
2,6799,-0.043039530515670776,,,
2,6804,-0.05790967494249344,,,
2,6809,-0.06727506965398788,,,
2,6814,-0.05336860194802284,,,
2,6819,-0.030350878834724426,,,
2,6824,-0.038458362221717834,,,
2,6829,-0.0700991079211235,,,
2,6834,0.008614201098680496,,,
2,6839,-0.039861977100372314,,,
2,6844,-0.05810640752315521,,,
2,6849,-0.04684757813811302,,,
2,6854,-0.01329786516726017,,,
2,6859,-0.05195632949471474,,,
2,6864,-0.060816939920186996,,,
2,6869,-0.06503821909427643,,,
2,6874,-0.06830861419439316,,,
2,6879,-0.022147472947835922,,,
2,6884,-0.05719904601573944,,,
2,6889,-0.06763463467359543,,,
2,6894,-0.05013895779848099,,,
2,6899,-0.03967294096946716,,,
2,6904,-0.05332574248313904,,,
2,6909,-0.0614420622587204,,,
2,6914,-0.03933011367917061,,,
2,6919,-0.05860159546136856,,,
2,6924,-0.10218462347984314,,,
2,6929,-0.03433042764663696,,,
2,6934,0.017359554767608643,,,
2,6939,-0.06126619875431061,,,
2,6944,-0.051390595734119415,,,
2,6949,-0.05323009192943573,,,
2,6954,-0.08871319144964218,,,
2,6959,-0.03908352181315422,,,
2,6964,-0.019645974040031433,,,
2,6969,-0.05223574489355087,,,
2,6974,-0.04564042389392853,,,
2,6979,-0.02749653160572052,,,
2,6984,-0.04364185035228729,,,
2,6989,-0.03200630098581314,,,
2,6994,-0.04995609074831009,,,
2,6999,-0.03537904843688011,,,
2,7004,-0.04522734880447388,,,
2,7009,-0.06897477805614471,,,
2,7014,-0.057998500764369965,,,
2,7019,-0.03964979946613312,,,
2,7024,-0.06484827399253845,,,
2,7029,-0.03805015981197357,,,
2,7034,-0.039206478744745255,,,
2,7039,-0.06788227707147598,,,
2,7044,-0.03209727257490158,,,
2,7049,-0.05159176141023636,,,
2,7054,-0.07372032105922699,,,
2,7059,-0.06469331681728363,,,
2,7064,-0.026867281645536423,,,
2,7069,-0.031520068645477295,,,
2,7074,-0.03620535135269165,,,
2,7079,-0.04765886440873146,,,
2,7084,-0.05536145716905594,,,
2,7089,0.009752778336405754,,,
2,7094,-0.06386362761259079,,,
2,7099,-0.055072952061891556,,,
2,7104,-0.045382071286439896,,,
2,7109,-0.05739255249500275,,,
2,7114,-0.06548485904932022,,,
2,7119,-0.030721981078386307,,,
2,7124,-0.020286157727241516,,,
2,7129,-0.07136683911085129,,,
2,7134,-0.06615167111158371,,,
2,7139,-0.03152341768145561,,,
2,7144,-0.01752202957868576,,,
2,7149,-0.0476573221385479,,,
2,7154,-0.05900675803422928,,,
2,7159,-0.04855715483427048,,,
2,7164,-0.01670806296169758,,,
2,7169,-0.06566344946622849,,,
2,7174,-0.08172151446342468,,,
2,7179,-0.07217508554458618,,,
2,7184,-0.06552146375179291,,,
2,7189,-0.0016414416022598743,,,
2,7194,-0.05542874336242676,,,
2,7199,-0.057951994240283966,,,
2,7204,-0.05982938036322594,,,
2,7209,-0.025046249851584435,,,
2,7214,-0.04453202337026596,,,
2,7219,-0.07387102395296097,,,
2,7224,-0.06662832200527191,,,
2,7229,-0.05795431509613991,,,
2,7234,-0.07013081759214401,,,
2,7239,-0.0687781274318695,,,
2,7244,-0.04663882777094841,,,
2,7249,-0.07344917953014374,,,
2,7254,-0.055407024919986725,,,
2,7259,-0.03812703490257263,,,
2,7264,-0.026146668940782547,,,
2,7269,-0.03925948217511177,,,
2,7274,-0.0539705827832222,,,
2,7279,-0.06389275193214417,,,
2,7284,-0.04622147977352142,,,
2,7289,-0.06539271771907806,,,
2,7294,-0.03672565147280693,,,
2,7299,-0.057081617414951324,,,
2,7304,-0.04960760474205017,,,
2,7309,-0.031035248190164566,,,
2,7314,-0.04302235692739487,,,
2,7319,-0.08412283658981323,,,
2,7324,-0.047806430608034134,,,
2,7329,-0.030543355271220207,,,
2,7334,-0.020947109907865524,,,
2,7339,-0.07150498777627945,,,
2,7344,-0.07290200889110565,,,
2,7349,-0.06860935688018799,,,
2,7354,-0.0808604434132576,,,
2,7359,-0.05843326449394226,,,
2,7364,-0.02932066097855568,,,
2,7369,-0.058055244386196136,,,
2,7374,-0.07631735503673553,,,
2,7379,-0.05058026313781738,,,
2,7384,-0.060487546026706696,,,
2,7389,-0.015528731048107147,,,
2,7394,-0.06937004625797272,,,
2,7399,-0.06474019587039948,,,
2,7404,-0.05341598019003868,,,
2,7409,-0.055397629737854004,,,
2,7414,-0.011654906906187534,,,
2,7419,-0.057785723358392715,,,
2,7424,-0.06668677926063538,,,
2,7429,-0.07638373225927353,,,
2,7434,-0.0353303998708725,,,
2,7439,-0.050699733197689056,,,
2,7444,-0.078872449696064,,,
2,7449,-0.08050759136676788,,,
2,7454,-0.06820925325155258,,,
2,7459,-0.04657508060336113,,,
2,7464,0.0006236089393496513,,,
2,7469,-0.03515981510281563,,,
2,7474,-0.07283994555473328,,,
2,7479,-0.019651740789413452,,,
2,7484,-0.05206849426031113,,,
2,7489,-0.00331206526607275,,,
2,7494,-0.034222014248371124,,,
2,7499,-0.028163326904177666,,,
2,7499,,-0.0562613420188427,0.4381999969482422,0.7487322688102722
3,7504,-0.07357434928417206,,,
3,7509,-0.07476741820573807,,,
3,7514,-0.07532449066638947,,,
3,7519,-0.048740923404693604,,,
3,7524,-0.0027482942678034306,,,
3,7529,-0.07477103918790817,,,
3,7534,-0.033735644072294235,,,
3,7539,-0.07139666378498077,,,
3,7544,-0.04717182368040085,,,
3,7549,-0.033258870244026184,,,
3,7554,-0.06127476692199707,,,
3,7559,-0.07613551616668701,,,
3,7564,-0.07124069333076477,,,
3,7569,-0.05400320142507553,,,
3,7574,-0.057037003338336945,,,
3,7579,-0.060481615364551544,,,
3,7584,-0.04636629670858383,,,
3,7589,-0.044575393199920654,,,
3,7594,-0.0670568123459816,,,
3,7599,-0.046052321791648865,,,
3,7604,-0.009786400012671947,,,
3,7609,-0.04415343701839447,,,
3,7614,-0.029633956030011177,,,
3,7619,-0.03982336074113846,,,
3,7624,-0.07419820129871368,,,
3,7629,-0.04467163234949112,,,
3,7634,-0.023307954892516136,,,
3,7639,-0.07454533874988556,,,
3,7644,-0.0323878712952137,,,
3,7649,-0.047491200268268585,,,
3,7654,-0.00850539281964302,,,
3,7659,-0.060747332870960236,,,
3,7664,-0.005153167061507702,,,
3,7669,-0.05371588468551636,,,
3,7674,-0.027594124898314476,,,
3,7679,-0.06383983045816422,,,
3,7684,-0.05795298144221306,,,
3,7689,-0.06744583696126938,,,
3,7694,-0.06937847286462784,,,
3,7699,-0.05672429874539375,,,
3,7704,-0.07191281020641327,,,
3,7709,-0.02404346875846386,,,
3,7714,-0.02649308368563652,,,
3,7719,-0.03857120871543884,,,
3,7724,-0.01995757408440113,,,
3,7729,-0.06236457824707031,,,
3,7734,-0.02802489697933197,,,
3,7739,-0.06611208617687225,,,
3,7744,-0.046432387083768845,,,
3,7749,-0.04323090612888336,,,
3,7754,-0.04518279433250427,,,
3,7759,-0.051517974585294724,,,
3,7764,-0.014777136966586113,,,
3,7769,-0.054926663637161255,,,
3,7774,-0.06914805620908737,,,
3,7779,-0.053270112723112106,,,
3,7784,-0.040572766214609146,,,
3,7789,-0.016841480508446693,,,
3,7794,-0.05326024442911148,,,
3,7799,-0.06881099939346313,,,
3,7804,-0.040092434734106064,,,
3,7809,-0.06936591863632202,,,
3,7814,-0.043470628559589386,,,
3,7819,-0.0486140251159668,,,
3,7824,-0.024052372202277184,,,
3,7829,-0.034703485667705536,,,
3,7834,-0.06818529218435287,,,
3,7839,-0.06637787073850632,,,
3,7844,-0.050026774406433105,,,
3,7849,-0.010851959697902203,,,
3,7854,-0.07129870355129242,,,
3,7859,-0.03709467872977257,,,
3,7864,-0.033590931445360184,,,
3,7869,-0.06806576251983643,,,
3,7874,-0.03638175502419472,,,
3,7879,-0.031233370304107666,,,
3,7884,-0.06586361676454544,,,
3,7889,-0.06142839789390564,,,
3,7894,-0.041200075298547745,,,
3,7899,-0.08235472440719604,,,
3,7904,-0.027784224599599838,,,
3,7909,-0.07725773006677628,,,
3,7914,-0.053905338048934937,,,
3,7919,-0.03188185766339302,,,
3,7924,-0.0042398711666464806,,,
3,7929,-0.07022350281476974,,,
3,7934,-0.07867227494716644,,,
3,7939,-0.0601394958794117,,,
3,7944,-0.0287923663854599,,,
3,7949,-0.017582731321454048,,,
3,7954,-0.04065318405628204,,,
3,7959,-0.08839435875415802,,,
3,7964,-0.04578514024615288,,,
3,7969,-0.05569026619195938,,,
3,7974,-0.04763840138912201,,,
3,7979,-0.08476880937814713,,,
3,7984,-0.04280374199151993,,,
3,7989,-0.009872814640402794,,,
3,7994,-0.06964433193206787,,,
3,7999,-0.029990099370479584,,,
3,8004,-0.07221297919750214,,,
3,8009,-0.06605087965726852,,,
3,8014,0.053029414266347885,,,
3,8019,-0.0825885757803917,,,
3,8024,-0.07543548941612244,,,
3,8029,-0.012262998148798943,,,
3,8034,-0.035138361155986786,,,
3,8039,-0.07538271695375443,,,
3,8044,-0.07323779165744781,,,
3,8049,-0.05479799956083298,,,
3,8054,-0.026272248476743698,,,
3,8059,-0.035286612808704376,,,
3,8064,-0.035620350390672684,,,
3,8069,-0.05781535804271698,,,
3,8074,-0.04196886718273163,,,
3,8079,-0.017706958577036858,,,
3,8084,-0.025835257023572922,,,
3,8089,-0.05626722425222397,,,
3,8094,-0.05786191672086716,,,
3,8099,-0.050282351672649384,,,
3,8104,-0.055441953241825104,,,
3,8109,-0.059350453317165375,,,
3,8114,-0.053281135857105255,,,
3,8119,-0.07307460159063339,,,
3,8124,-0.03815767914056778,,,
3,8129,-0.05333663150668144,,,
3,8134,-0.04886208847165108,,,
3,8139,-0.04054320976138115,,,
3,8144,-0.0756930559873581,,,
3,8149,-0.05737614631652832,,,
3,8154,-0.05365298315882683,,,
3,8159,-0.05352840572595596,,,
3,8164,-0.0013987384736537933,,,
3,8169,-0.06068280711770058,,,
3,8174,-0.048918742686510086,,,
3,8179,-0.0419900082051754,,,
3,8184,-0.029336653649806976,,,
3,8189,-0.044781945645809174,,,
3,8194,-0.033174335956573486,,,
3,8199,-0.018959056586027145,,,
3,8204,-0.08127202093601227,,,
3,8209,-0.03942422196269035,,,
3,8214,-0.06852363049983978,,,
3,8219,-0.0559159517288208,,,
3,8224,-0.06009773910045624,,,
3,8229,-0.07234752178192139,,,
3,8234,-0.02934754267334938,,,
3,8239,-0.048830483108758926,,,
3,8244,-0.056385476142168045,,,
3,8249,-0.06665629148483276,,,
3,8254,-0.07517577707767487,,,
3,8259,-0.03484729677438736,,,
3,8264,-0.021210309118032455,,,
3,8269,-0.06014645844697952,,,
3,8274,-0.07461283355951309,,,
3,8279,-0.04984256625175476,,,
3,8284,-0.03768297657370567,,,
3,8289,-0.06146081164479256,,,
3,8294,-0.011999043636023998,,,
3,8299,-0.04905325546860695,,,
3,8304,-0.07642371952533722,,,
3,8309,-0.07139299809932709,,,
3,8314,-0.06808097660541534,,,
3,8319,-0.03673870861530304,,,
3,8324,-0.06742513179779053,,,
3,8329,-0.029208887368440628,,,
3,8334,-0.029137417674064636,,,
3,8339,-0.034781523048877716,,,
3,8344,-0.0781296044588089,,,
3,8349,-0.06071341410279274,,,
3,8354,-0.009172562509775162,,,
3,8359,-0.04604523256421089,,,
3,8364,-0.007624289020895958,,,
3,8369,-0.02741311490535736,,,
3,8374,-0.0557294636964798,,,
3,8379,-0.02926265448331833,,,
3,8384,-0.04229270666837692,,,
3,8389,-0.06645085662603378,,,
3,8394,-0.06463483721017838,,,
3,8399,-0.06698370724916458,,,
3,8404,-0.062098316848278046,,,
3,8409,-0.0579879991710186,,,
3,8414,-0.052501507103443146,,,
3,8419,-0.008709242567420006,,,
3,8424,-0.018897900357842445,,,
3,8429,-0.012108990922570229,,,
3,8434,-0.049299418926239014,,,
3,8439,-0.055868811905384064,,,
3,8444,-0.003956204280257225,,,
3,8449,-0.05609703063964844,,,
3,8454,-0.07324867695569992,,,
3,8459,-0.04355345293879509,,,
3,8464,-0.059605907648801804,,,
3,8469,-0.04578946903347969,,,
3,8474,-0.031235216185450554,,,
3,8479,-0.03808362036943436,,,
3,8484,-0.05998770520091057,,,
3,8489,-0.03725316748023033,,,
3,8494,-0.05986960977315903,,,
3,8499,-0.053846776485443115,,,
3,8504,-0.034185636788606644,,,
3,8509,-0.07798955589532852,,,
3,8514,-0.045394014567136765,,,
3,8519,-0.05257347226142883,,,
3,8524,-0.03355369716882706,,,
3,8529,-0.033085897564888,,,
3,8534,-0.01711142249405384,,,
3,8539,-0.060986075550317764,,,
3,8544,-0.05248607322573662,,,
3,8549,-0.07915257662534714,,,
3,8554,-0.0260586217045784,,,
3,8559,-0.06723355501890182,,,
3,8564,-0.04842868447303772,,,
3,8569,-0.022268114611506462,,,
3,8574,-0.07310299575328827,,,
3,8579,-0.0522499606013298,,,
3,8584,-0.044063493609428406,,,
3,8589,-0.04102911800146103,,,
3,8594,-0.07249443233013153,,,
3,8599,-0.056836750358343124,,,
3,8604,-0.06399838626384735,,,
3,8609,-0.05613713338971138,,,
3,8614,-0.027256865054368973,,,
3,8619,-0.07762058079242706,,,
3,8624,-0.048749350011348724,,,
3,8629,-0.04205735772848129,,,
3,8634,-0.04083377122879028,,,
3,8639,-0.05808615684509277,,,
3,8644,-0.07568465918302536,,,
3,8649,-0.06823477149009705,,,
3,8654,-0.07278168201446533,,,
3,8659,-0.06753338128328323,,,
3,8664,-0.021262776106595993,,,
3,8669,-0.07093245536088943,,,
3,8674,-0.05124066397547722,,,
3,8679,-0.042878713458776474,,,
3,8684,-0.025241617113351822,,,
3,8689,0.010820582509040833,,,
3,8694,-0.032555170357227325,,,
3,8699,-0.014875234104692936,,,
3,8704,-0.03660059720277786,,,
3,8709,-0.04800713062286377,,,
3,8714,-0.06822643429040909,,,
3,8719,-0.07377403229475021,,,
3,8724,-0.059136826545000076,,,
3,8729,-0.06742647290229797,,,
3,8734,-0.035031452775001526,,,
3,8739,-0.02801879495382309,,,
3,8744,-0.02506183087825775,,,
3,8749,-0.046366073191165924,,,
3,8754,-0.048289574682712555,,,
3,8759,-0.05672977864742279,,,
3,8764,-0.054922934621572495,,,
3,8769,-0.007704279385507107,,,
3,8774,-0.046848542988300323,,,
3,8779,-0.03624287247657776,,,
3,8784,-0.05700668692588806,,,
3,8789,0.023267215117812157,,,
3,8794,-0.047085557132959366,,,
3,8799,-0.061481911689043045,,,
3,8804,-0.04867584630846977,,,
3,8809,-0.009177963249385357,,,
3,8814,-0.06349711120128632,,,
3,8819,-0.057255860418081284,,,
3,8824,-0.07288533449172974,,,
3,8829,-0.04186438024044037,,,
3,8834,-0.04166669026017189,,,
3,8839,-0.05920498073101044,,,
3,8844,-0.057192280888557434,,,
3,8849,-0.07478141784667969,,,
3,8854,-0.02386331744492054,,,
3,8859,-0.04790326952934265,,,
3,8864,-0.03499094769358635,,,
3,8869,-0.018879976123571396,,,
3,8874,-0.07032223790884018,,,
3,8879,-0.04352777451276779,,,
3,8884,-0.04356071352958679,,,
3,8889,-0.04755255579948425,,,
3,8894,-0.07639044523239136,,,
3,8899,-0.0680023729801178,,,
3,8904,-0.06448431313037872,,,
3,8909,-0.05820956081151962,,,
3,8914,-0.061458613723516464,,,
3,8919,-0.030752617865800858,,,
3,8924,-0.055294472724199295,,,
3,8929,-0.07692621648311615,,,
3,8934,-0.03523030877113342,,,
3,8939,-0.02972104586660862,,,
3,8944,-0.058477990329265594,,,
3,8949,-0.0457790344953537,,,
3,8954,-0.037066809833049774,,,
3,8959,-0.06279020756483078,,,
3,8964,-0.04430466517806053,,,
3,8969,-0.05854558199644089,,,
3,8974,-0.05675674229860306,,,
3,8979,-0.04191010817885399,,,
3,8984,-0.02862384542822838,,,
3,8989,-0.06773294508457184,,,
3,8994,-0.06252056360244751,,,
3,8999,-0.038559433072805405,,,
3,9004,-0.09225183725357056,,,
3,9009,-0.04192537069320679,,,
3,9014,-0.03205246478319168,,,
3,9019,-0.02711179479956627,,,
3,9024,-0.057857658714056015,,,
3,9029,-0.018242953345179558,,,
3,9034,-0.06638114154338837,,,
3,9039,-0.02411879599094391,,,
3,9044,-0.07578472048044205,,,
3,9049,-0.04909207299351692,,,
3,9054,-0.05855375528335571,,,
3,9059,-0.06059322506189346,,,
3,9064,-0.047973401844501495,,,
3,9069,-0.042938314378261566,,,
3,9074,-0.03673379123210907,,,
3,9079,-0.05040338262915611,,,
3,9084,-0.0592334158718586,,,
3,9089,-0.010205203667283058,,,
3,9094,-0.03880983591079712,,,
3,9099,-0.058399636298418045,,,
3,9104,-0.0507674366235733,,,
3,9109,-0.04268018901348114,,,
3,9114,-0.031654439866542816,,,
3,9119,-0.04087819531559944,,,
3,9124,-0.05229924991726875,,,
3,9129,-0.038113415241241455,,,
3,9134,-0.04067591205239296,,,
3,9139,-0.042305611073970795,,,
3,9144,-0.052021220326423645,,,
3,9149,-0.034395892173051834,,,
3,9154,-0.06346681714057922,,,
3,9159,-0.07228901982307434,,,
3,9164,-0.03399507701396942,,,
3,9169,-0.05112846940755844,,,
3,9174,-0.003409131895750761,,,
3,9179,-0.06468896567821503,,,
3,9184,-0.04478126019239426,,,
3,9189,-0.07479909807443619,,,
3,9194,-0.03890489414334297,,,
3,9199,-0.03298502042889595,,,
3,9204,-0.06440538913011551,,,
3,9209,-0.04145154356956482,,,
3,9214,-0.013876073062419891,,,
3,9219,-0.0006779409013688564,,,
3,9224,-0.04784589260816574,,,
3,9229,-0.035123806446790695,,,
3,9234,-0.08266639709472656,,,
3,9239,-0.027916166931390762,,,
3,9244,-0.028386108577251434,,,
3,9249,-0.053619250655174255,,,
3,9254,-0.0655164122581482,,,
3,9259,-0.0617399737238884,,,
3,9264,-0.062238700687885284,,,
3,9269,-0.06384392827749252,,,
3,9274,-0.053528208285570145,,,
3,9279,-0.0628061592578888,,,
3,9284,-0.07884745299816132,,,
3,9289,-0.05956153944134712,,,
3,9294,-0.0444234274327755,,,
3,9299,-0.04232914745807648,,,
3,9304,-0.027064818888902664,,,
3,9309,-0.011578410863876343,,,
3,9314,-0.05888592079281807,,,
3,9319,-0.07767181098461151,,,
3,9324,-0.061870135366916656,,,
3,9329,-0.07272905856370926,,,
3,9334,0.01734449341893196,,,
3,9339,-0.049675799906253815,,,
3,9344,-0.058479100465774536,,,
3,9349,-0.05385122448205948,,,
3,9354,-0.029050331562757492,,,
3,9359,-0.029179979115724564,,,
3,9364,-0.05891435593366623,,,
3,9369,-0.04583856835961342,,,
3,9374,-0.06250011175870895,,,
3,9379,-0.04460196942090988,,,
3,9384,-0.04598429426550865,,,
3,9389,-0.0482606515288353,,,
3,9394,-0.004132356960326433,,,
3,9399,-0.06861831247806549,,,
3,9404,-0.04757949709892273,,,
3,9409,-0.043880123645067215,,,
3,9414,-0.05988053232431412,,,
3,9419,-0.06801971793174744,,,
3,9424,-0.07386806607246399,,,
3,9429,-0.033910106867551804,,,
3,9434,-0.047882962971925735,,,
3,9439,-0.056746963411569595,,,
3,9444,-0.07933346927165985,,,
3,9449,-0.04526910185813904,,,
3,9454,0.04931101202964783,,,
3,9459,-0.008862016722559929,,,
3,9464,-0.037367966026067734,,,
3,9469,-0.005646354518830776,,,
3,9474,-0.0669514462351799,,,
3,9479,-0.054198991507291794,,,
3,9484,-0.05750134587287903,,,
3,9489,-0.06242763251066208,,,
3,9494,-0.05435184761881828,,,
3,9499,-0.042480915784835815,,,
3,9504,-0.06684407591819763,,,
3,9509,-0.0406562015414238,,,
3,9514,-0.047743070870637894,,,
3,9519,-0.04625670984387398,,,
3,9524,-0.06423298269510269,,,
3,9529,-0.054314956068992615,,,
3,9534,-0.058810655027627945,,,
3,9539,-0.043604910373687744,,,
3,9544,-0.08730867505073547,,,
3,9549,-0.05263359099626541,,,
3,9554,-0.04380495846271515,,,
3,9559,-0.04586252570152283,,,
3,9564,-0.02880878746509552,,,
3,9569,-0.0513782799243927,,,
3,9574,-0.05102260038256645,,,
3,9579,-0.05014163255691528,,,
3,9584,-0.057613641023635864,,,
3,9589,-0.07303216308355331,,,
3,9594,-0.06643654406070709,,,
3,9599,-0.07365457713603973,,,
3,9604,-0.06876729428768158,,,
3,9609,0.01943562552332878,,,
3,9614,-0.06944727152585983,,,
3,9619,-0.08260169625282288,,,
3,9624,-0.06410178542137146,,,
3,9629,-0.027275070548057556,,,
3,9634,-0.06602010875940323,,,
3,9639,-0.024686604738235474,,,
3,9644,-0.059529226273298264,,,
3,9649,-0.06147061660885811,,,
3,9654,-0.05206946283578873,,,
3,9659,-0.05910497158765793,,,
3,9664,-0.05625061318278313,,,
3,9669,-0.06205923482775688,,,
3,9674,-0.04252856969833374,,,
3,9679,-0.07171552628278732,,,
3,9684,-0.03293221443891525,,,
3,9689,-0.030788535252213478,,,
3,9694,-0.015799997374415398,,,
3,9699,-0.026664696633815765,,,
3,9704,-0.03278067708015442,,,
3,9709,-0.04161243885755539,,,
3,9714,-0.05749533325433731,,,
3,9719,-0.04001135379076004,,,
3,9724,-0.06190839782357216,,,
3,9729,-0.060759611427783966,,,
3,9734,-0.04184349253773689,,,
3,9739,-0.030722253024578094,,,
3,9744,-0.05203332006931305,,,
3,9749,-0.0418785996735096,,,
3,9754,-0.04088582471013069,,,
3,9759,-0.024912167340517044,,,
3,9764,-0.013447459787130356,,,
3,9769,-0.07122024893760681,,,
3,9774,-0.06606988608837128,,,
3,9779,-0.06031244993209839,,,
3,9784,-0.06281214207410812,,,
3,9789,-0.02800387516617775,,,
3,9794,-0.0490683913230896,,,
3,9799,-0.0018710242584347725,,,
3,9804,-0.04392998665571213,,,
3,9809,-0.06077500060200691,,,
3,9814,-0.04838128760457039,,,
3,9819,-0.055635541677474976,,,
3,9824,-0.04153281822800636,,,
3,9829,-0.03363870456814766,,,
3,9834,-0.05573633313179016,,,
3,9839,-0.03528248146176338,,,
3,9844,-0.08204615116119385,,,
3,9849,0.0017078560777008533,,,
3,9854,-0.05349098518490791,,,
3,9859,-0.04586020112037659,,,
3,9864,-0.05394124984741211,,,
3,9869,-0.030426131561398506,,,
3,9874,-0.018176309764385223,,,
3,9879,-0.03950490802526474,,,
3,9884,-0.06532981991767883,,,
3,9889,-0.05202263966202736,,,
3,9894,-0.0548110269010067,,,
3,9899,-0.041193440556526184,,,
3,9904,-0.06563682109117508,,,
3,9909,-0.05016198009252548,,,
3,9914,-0.04767130687832832,,,
3,9919,-0.04177793487906456,,,
3,9924,0.022055238485336304,,,
3,9929,-0.016285764053463936,,,
3,9934,-0.06265977770090103,,,
3,9939,-0.02502245083451271,,,
3,9944,-0.04946660250425339,,,
3,9949,-0.018504150211811066,,,
3,9954,-0.07245254516601562,,,
3,9959,-0.06051506847143173,,,
3,9964,-0.026644933968782425,,,
3,9969,-0.0471440814435482,,,
3,9974,-0.053645920008420944,,,
3,9979,-0.045361023396253586,,,
3,9984,-0.08681390434503555,,,
3,9989,-0.06882020086050034,,,
3,9994,-0.02982519567012787,,,
3,9999,-0.03008757159113884,,,
3,9999,,-0.041110072284936905,0.4523000121116638,0.7603288888931274
4,10004,-0.050484322011470795,,,
4,10009,-0.04574999958276749,,,
4,10014,-0.06013064458966255,,,
4,10019,-0.037522584199905396,,,
4,10024,-0.07203616201877594,,,
4,10029,-0.06293009966611862,,,
4,10034,-0.05143503099679947,,,
4,10039,-0.04670315235853195,,,
4,10044,-0.012641537934541702,,,
4,10049,-0.03814295679330826,,,
4,10054,-0.05490070581436157,,,
4,10059,-0.06752148270606995,,,
4,10064,-0.04079572856426239,,,
4,10069,-0.08391544222831726,,,
4,10074,-0.03684725984930992,,,
4,10079,-0.03927195817232132,,,
4,10084,0.008965469896793365,,,
4,10089,-0.05685164034366608,,,
4,10094,-0.04215360805392265,,,
4,10099,-0.06619102507829666,,,
4,10104,-0.028863951563835144,,,
4,10109,-0.06600235402584076,,,
4,10114,-0.0129816560074687,,,
4,10119,-0.042411722242832184,,,
4,10124,-0.046082884073257446,,,
4,10129,-0.05951237678527832,,,
4,10134,-0.03141956776380539,,,
4,10139,-0.05576968938112259,,,
4,10144,-0.04683476313948631,,,
4,10149,-0.021946320310235023,,,
4,10154,-0.031214088201522827,,,
4,10159,-0.01842193864285946,,,
4,10164,-0.038813404738903046,,,
4,10169,-0.03576964512467384,,,
4,10174,-0.06518388539552689,,,
4,10179,-0.021816812455654144,,,
4,10184,-0.07450202107429504,,,
4,10189,-0.012112644501030445,,,
4,10194,-0.05098383501172066,,,
4,10199,-0.044380415230989456,,,
4,10204,-0.035215359181165695,,,
4,10209,-0.029490403831005096,,,
4,10214,-0.016817444935441017,,,
4,10219,-0.06764551997184753,,,
4,10224,-0.04229232296347618,,,
4,10229,-0.017829857766628265,,,
4,10234,-0.046411506831645966,,,
4,10239,-0.05674559623003006,,,
4,10244,-0.04462765157222748,,,
4,10249,-0.048253320157527924,,,
4,10254,-0.050888437777757645,,,
4,10259,-0.05032891780138016,,,
4,10264,-0.029258422553539276,,,
4,10269,-0.00013984320685267448,,,
4,10274,-0.0750521570444107,,,
4,10279,-0.060634221881628036,,,
4,10284,-0.050140079110860825,,,
4,10289,-0.029765155166387558,,,
4,10294,-0.051636528223752975,,,
4,10299,-0.056780293583869934,,,
4,10304,-0.07607942074537277,,,
4,10309,-0.03488057106733322,,,
4,10314,-0.039551932364702225,,,
4,10319,-0.02234356477856636,,,
4,10324,-0.061177171766757965,,,
4,10329,-0.040184229612350464,,,
4,10334,-0.05127552151679993,,,
4,10339,-0.0465347096323967,,,
4,10344,-0.06072012707591057,,,
4,10349,-0.053370166569948196,,,
4,10354,-0.037540581077337265,,,
4,10359,-0.04221205413341522,,,
4,10364,-0.05688012018799782,,,
4,10369,-0.01070774532854557,,,
4,10374,-0.04802051559090614,,,
4,10379,-0.061934515833854675,,,
4,10384,-0.039272114634513855,,,
4,10389,-0.06497219204902649,,,
4,10394,-0.059856049716472626,,,
4,10399,-0.04025406390428543,,,
4,10404,-0.06795632094144821,,,
4,10409,-0.0552205853164196,,,
4,10414,-0.05133381858468056,,,
4,10419,-0.044845134019851685,,,
4,10424,-0.03953111171722412,,,
4,10429,-0.03627432882785797,,,
4,10434,-0.05080757290124893,,,
4,10439,-0.02430225908756256,,,
4,10444,-0.046759773045778275,,,
4,10449,-0.05340345948934555,,,
4,10454,-0.044949501752853394,,,
4,10459,-0.06945781409740448,,,
4,10464,-0.024472542107105255,,,
4,10469,-0.037461742758750916,,,
4,10474,-0.05538036674261093,,,
4,10479,-0.06820671260356903,,,
4,10484,-0.04453997313976288,,,
4,10489,-0.010616513900458813,,,
4,10494,-0.04660952836275101,,,
4,10499,-0.08129720389842987,,,
4,10504,-0.059348490089178085,,,
4,10509,-0.021289344877004623,,,
4,10514,-0.040050655603408813,,,
4,10519,-0.04289297014474869,,,
4,10524,-0.06596757471561432,,,
4,10529,-0.03629365935921669,,,
4,10534,-0.020807821303606033,,,
4,10539,-0.038466498255729675,,,
4,10544,-0.05140016973018646,,,
4,10549,-0.02322528511285782,,,
4,10554,-0.05942508205771446,,,
4,10559,-0.0644993931055069,,,
4,10564,-0.06810210645198822,,,
4,10569,-0.011422771960496902,,,
4,10574,-0.06427981704473495,,,
4,10579,-0.05685476213693619,,,
4,10584,-0.03383408486843109,,,
4,10589,-0.04575486481189728,,,
4,10594,-0.037413958460092545,,,
4,10599,-0.050569627434015274,,,
4,10604,-0.06434795260429382,,,
4,10609,-0.06130574643611908,,,
4,10614,-0.05267327278852463,,,
4,10619,-0.06809858977794647,,,
4,10624,-0.04223451018333435,,,
4,10629,-0.025361379608511925,,,
4,10634,-0.06102995574474335,,,
4,10639,-0.07508659362792969,,,
4,10644,-0.09160099178552628,,,
4,10649,-0.06302154809236526,,,
4,10654,-0.058083802461624146,,,
4,10659,-0.03928929939866066,,,
4,10664,-0.041031260043382645,,,
4,10669,-0.05048180744051933,,,
4,10674,-0.04318339005112648,,,
4,10679,-0.06786713749170303,,,
4,10684,-0.07496067881584167,,,
4,10689,-0.03193437308073044,,,
4,10694,-0.041627492755651474,,,
4,10699,-0.07957711070775986,,,
4,10704,-0.0453118160367012,,,
4,10709,-0.05968316271901131,,,
4,10714,-0.0455981120467186,,,
4,10719,-0.04745716601610184,,,
4,10724,-0.09403447806835175,,,
4,10729,-0.07429645955562592,,,
4,10734,-0.05251214653253555,,,
4,10739,-0.032179415225982666,,,
4,10744,-0.06398823857307434,,,
4,10749,-0.04689333215355873,,,
4,10754,-0.022055042907595634,,,
4,10759,-0.0665091797709465,,,
4,10764,-0.04494256153702736,,,
4,10769,-0.02678837813436985,,,
4,10774,-0.04071743041276932,,,
4,10779,-0.04497167095541954,,,
4,10784,-0.04065579175949097,,,
4,10789,-0.03810545429587364,,,
4,10794,-0.062232960015535355,,,
4,10799,-0.05097838491201401,,,
4,10804,-0.038763970136642456,,,
4,10809,-0.03194284439086914,,,
4,10814,-0.03797091543674469,,,
4,10819,-0.0457037016749382,,,
4,10824,-0.04136862978339195,,,
4,10829,-0.06346921622753143,,,
4,10834,-0.06251447647809982,,,
4,10839,-0.05321396142244339,,,
4,10844,-0.02108491212129593,,,
4,10849,-0.06636679172515869,,,
4,10854,-0.06013171002268791,,,
4,10859,-0.055885087698698044,,,
4,10864,-0.04375762864947319,,,
4,10869,-0.04713613539934158,,,
4,10874,-0.05658113956451416,,,
4,10879,-0.07714802771806717,,,
4,10884,-0.04913858696818352,,,
4,10889,-0.03995624929666519,,,
4,10894,-0.04483245685696602,,,
4,10899,-0.06689482182264328,,,
4,10904,-0.06896206736564636,,,
4,10909,-0.048499785363674164,,,
4,10914,-0.05717200040817261,,,
4,10919,-0.041662655770778656,,,
4,10924,-0.04498881474137306,,,
4,10929,-0.06865590065717697,,,
4,10934,-0.05732642859220505,,,
4,10939,-0.05586986616253853,,,
4,10944,-0.03377596288919449,,,
4,10949,-0.06418494880199432,,,
4,10954,-0.050175391137599945,,,
4,10959,-0.013767194002866745,,,
4,10964,-0.07652729749679565,,,
4,10969,-0.05871490389108658,,,
4,10974,-0.007759930565953255,,,
4,10979,-0.03795182332396507,,,
4,10984,-0.0674271434545517,,,
4,10989,-0.036353252828121185,,,
4,10994,-0.07867065817117691,,,
4,10999,-0.053393397480249405,,,
4,11004,-0.029811477288603783,,,
4,11009,-0.02632133662700653,,,
4,11014,-0.03134925663471222,,,
4,11019,-0.040186185389757156,,,
4,11024,-0.043530069291591644,,,
4,11029,-0.030787212774157524,,,
4,11034,-0.039552200585603714,,,
4,11039,-0.06062158942222595,,,
4,11044,-0.06503696739673615,,,
4,11049,-0.053756896406412125,,,
4,11054,-0.05389481037855148,,,
4,11059,-0.04990142583847046,,,
4,11064,-0.029239539057016373,,,
4,11069,-0.06713509559631348,,,
4,11074,-0.042571987956762314,,,
4,11079,-0.04027119278907776,,,
4,11084,-0.05942107364535332,,,
4,11089,-0.06382924318313599,,,
4,11094,0.003370885504409671,,,
4,11099,-0.043539948761463165,,,
4,11104,-0.03755241632461548,,,
4,11109,-0.021346453577280045,,,
4,11114,-0.04411384463310242,,,
4,11119,-0.010356164537370205,,,
4,11124,-0.07383507490158081,,,
4,11129,-0.06790047883987427,,,
4,11134,-0.058487117290496826,,,
4,11139,-0.05577569454908371,,,
4,11144,-0.06671008467674255,,,
4,11149,-0.07046297937631607,,,
4,11154,-0.0006607044488191605,,,
4,11159,-0.025682607665657997,,,
4,11164,-0.04267735034227371,,,
4,11169,-0.06758296489715576,,,
4,11174,-0.04439231753349304,,,
4,11179,-0.027886085212230682,,,
4,11184,-0.05339101329445839,,,
4,11189,-0.027458857744932175,,,
4,11194,-0.0650143027305603,,,
4,11199,-0.05726512521505356,,,
4,11204,-0.03298169746994972,,,
4,11209,-0.07353053241968155,,,
4,11214,-0.042379237711429596,,,
4,11219,-0.06020839884877205,,,
4,11224,-0.052277032285928726,,,
4,11229,-0.022236060351133347,,,
4,11234,-0.04935700073838234,,,
4,11239,-0.053141091018915176,,,
4,11244,-0.06554500013589859,,,
4,11249,-0.06169135496020317,,,
4,11254,-0.05796579644083977,,,
4,11259,-0.028040993958711624,,,
4,11264,-0.03027285262942314,,,
4,11269,-0.0429111011326313,,,
4,11274,-0.04799520969390869,,,
4,11279,-0.04320438578724861,,,
4,11284,-0.03319165110588074,,,
4,11289,-0.04031818360090256,,,
4,11294,-0.0533786378800869,,,
4,11299,-0.07043971121311188,,,
4,11304,-0.03133352845907211,,,
4,11309,-0.06974872946739197,,,
4,11314,-0.057138316333293915,,,
4,11319,-0.05215714871883392,,,
4,11324,-0.06206582486629486,,,
4,11329,-0.0609726719558239,,,
4,11334,-0.02887600287795067,,,
4,11339,-0.06512127816677094,,,
4,11344,-0.04764090105891228,,,
4,11349,-0.05619962513446808,,,
4,11354,-0.04207514226436615,,,
4,11359,-0.059278588742017746,,,
4,11364,-0.0467788502573967,,,
4,11369,-0.038432639092206955,,,
4,11374,0.0352134071290493,,,
4,11379,-0.04620341956615448,,,
4,11384,-0.05526868626475334,,,
4,11389,-0.06789495795965195,,,
4,11394,-0.038058772683143616,,,
4,11399,-0.06418631970882416,,,
4,11404,-0.04811513423919678,,,
4,11409,-0.07005750387907028,,,
4,11414,-0.04548945277929306,,,
4,11419,-0.051009971648454666,,,
4,11424,-0.06370119005441666,,,
4,11429,-0.00044521503150463104,,,
4,11434,-0.04432118311524391,,,
4,11439,-0.009278833866119385,,,
4,11444,-0.07010529935359955,,,
4,11449,-0.04718353599309921,,,
4,11454,-0.07432626187801361,,,
4,11459,-0.036797650158405304,,,
4,11464,-0.03626557067036629,,,
4,11469,-0.060358330607414246,,,
4,11474,-0.04262549430131912,,,
4,11479,-0.03115462139248848,,,
4,11484,-0.06586826592683792,,,
4,11489,-0.060185544192790985,,,
4,11494,-0.0870705246925354,,,
4,11499,-0.0567157082259655,,,
4,11504,-0.04446609318256378,,,
4,11509,-0.020129086449742317,,,
4,11514,-0.0458594411611557,,,
4,11519,-0.049167126417160034,,,
4,11524,-0.053217437118291855,,,
4,11529,-0.0339539609849453,,,
4,11534,-0.05349869281053543,,,
4,11539,-0.06106966733932495,,,
4,11544,-0.03654535114765167,,,
4,11549,-0.025943849235773087,,,
4,11554,-0.05506717041134834,,,
4,11559,-0.05967187508940697,,,
4,11564,-0.044806044548749924,,,
4,11569,-0.026942504569888115,,,
4,11574,-0.048531096428632736,,,
4,11579,-0.07044017314910889,,,
4,11584,-0.04714560881257057,,,
4,11589,-0.07067180424928665,,,
4,11594,-0.035568468272686005,,,
4,11599,-0.04491405934095383,,,
4,11604,-0.04121771827340126,,,
4,11609,-0.02757459133863449,,,
4,11614,-0.03830523043870926,,,
4,11619,-0.06586747616529465,,,
4,11624,-0.07641343772411346,,,
4,11629,-0.016744913533329964,,,
4,11634,-0.035565681755542755,,,
4,11639,-0.05474738031625748,,,
4,11644,-0.06676837801933289,,,
4,11649,-0.04425880312919617,,,
4,11654,-0.05078527331352234,,,
4,11659,-0.04013000428676605,,,
4,11664,-0.029308512806892395,,,
4,11669,-0.039085548371076584,,,
4,11674,-0.0510556735098362,,,
4,11679,-0.048771556466817856,,,
4,11684,-0.04794243723154068,,,
4,11689,-0.05241071805357933,,,
4,11694,-0.06863319873809814,,,
4,11699,-0.05532655119895935,,,
4,11704,-0.0526597686111927,,,
4,11709,-0.016076641157269478,,,
4,11714,-0.05570248141884804,,,
4,11719,-0.043004974722862244,,,
4,11724,-0.06546830385923386,,,
4,11729,-0.06353818625211716,,,
4,11734,-0.05919138714671135,,,
4,11739,-0.03535224497318268,,,
4,11744,-0.05452673137187958,,,
4,11749,-0.006422064267098904,,,
4,11754,-0.0233005378395319,,,
4,11759,-0.06849921494722366,,,
4,11764,-0.0676795244216919,,,
4,11769,-0.06158505380153656,,,
4,11774,-0.019518274813890457,,,
4,11779,-0.0589878186583519,,,
4,11784,-0.016998961567878723,,,
4,11789,-0.038432635366916656,,,
4,11794,-0.044847603887319565,,,
4,11799,-0.054872047156095505,,,
4,11804,-0.06690645962953568,,,
4,11809,0.04748817905783653,,,
4,11814,-0.05532223731279373,,,
4,11819,-0.0270073264837265,,,
4,11824,-0.07298444956541061,,,
4,11829,-0.04185041785240173,,,
4,11834,-0.032534778118133545,,,
4,11839,-0.03910438343882561,,,
4,11844,-0.014065507799386978,,,
4,11849,-0.048051223158836365,,,
4,11854,-0.03397345915436745,,,
4,11859,-0.044825054705142975,,,
4,11864,-0.04460841417312622,,,
4,11869,-0.05402742698788643,,,
4,11874,-0.05298740416765213,,,
4,11879,-0.03730276972055435,,,
4,11884,-0.060824375599622726,,,
4,11889,-0.056387484073638916,,,
4,11894,-0.03581782057881355,,,
4,11899,-0.06319484114646912,,,
4,11904,-0.0326438769698143,,,
4,11909,-0.06341733038425446,,,
4,11914,-0.05092206224799156,,,
4,11919,-0.022970298305153847,,,
4,11924,-0.04762851446866989,,,
4,11929,-0.04438454657793045,,,
4,11934,-0.03502308949828148,,,
4,11939,-0.04445899650454521,,,
4,11944,-0.06484439224004745,,,
4,11949,-0.057383712381124496,,,
4,11954,-0.06355785578489304,,,
4,11959,-0.05770893767476082,,,
4,11964,-0.05148767679929733,,,
4,11969,-0.05716448277235031,,,
4,11974,-0.05892488360404968,,,
4,11979,-0.04173687472939491,,,
4,11984,-0.07286820560693741,,,
4,11989,-0.059500645846128464,,,
4,11994,-0.04149341583251953,,,
4,11999,-0.026845045387744904,,,
4,12004,-0.07427637279033661,,,
4,12009,-0.021304041147232056,,,
4,12014,-0.019924771040678024,,,
4,12019,-0.04617326334118843,,,
4,12024,-0.04652446135878563,,,
4,12029,-0.06298757344484329,,,
4,12034,-0.04728279262781143,,,
4,12039,-0.07166851311922073,,,
4,12044,-0.03224492445588112,,,
4,12049,-0.06687105447053909,,,
4,12054,-0.0689920112490654,,,
4,12059,-0.06240600347518921,,,
4,12064,-0.03829265758395195,,,
4,12069,-0.05809350311756134,,,
4,12074,-0.08340128511190414,,,
4,12079,-0.0690515860915184,,,
4,12084,-0.057629842311143875,,,
4,12089,-0.05526510998606682,,,
4,12094,-0.02070779912173748,,,
4,12099,-0.052877917885780334,,,
4,12104,-0.03828916698694229,,,
4,12109,-0.06528113782405853,,,
4,12114,-0.06919451802968979,,,
4,12119,-0.0690901130437851,,,
4,12124,-0.05417557805776596,,,
4,12129,-0.009676342830061913,,,
4,12134,-0.050141192972660065,,,
4,12139,-0.04598531499505043,,,
4,12144,-0.06361428648233414,,,
4,12149,-0.046002767980098724,,,
4,12154,-0.04669189453125,,,
4,12159,-0.05955009534955025,,,
4,12164,-0.02024156041443348,,,
4,12169,0.0015650554560124874,,,
4,12174,-0.07519437372684479,,,
4,12179,-0.08366280794143677,,,
4,12184,-0.07000895589590073,,,
4,12189,-0.0439227893948555,,,
4,12194,-0.015571371652185917,,,
4,12199,-0.04847687482833862,,,
4,12204,-0.03455977886915207,,,
4,12209,-0.02370213344693184,,,
4,12214,-0.06320934742689133,,,
4,12219,-0.06690068542957306,,,
4,12224,-0.05025887116789818,,,
4,12229,-0.04325898364186287,,,
4,12234,-0.02013932354748249,,,
4,12239,-0.07777088135480881,,,
4,12244,-0.004768742714077234,,,
4,12249,-0.07216274738311768,,,
4,12254,-0.06548337638378143,,,
4,12259,-0.06104229390621185,,,
4,12264,-0.05727972090244293,,,
4,12269,-0.040977440774440765,,,
4,12274,-0.027700275182724,,,
4,12279,-0.05227544903755188,,,
4,12284,-0.04871382564306259,,,
4,12289,-0.05687499791383743,,,
4,12294,-0.0493483766913414,,,
4,12299,-0.04625726118683815,,,
4,12304,-0.03038262017071247,,,
4,12309,-0.021784082055091858,,,
4,12314,-0.050982389599084854,,,
4,12319,-0.07407770305871964,,,
4,12324,-0.04472952336072922,,,
4,12329,-0.027121014893054962,,,
4,12334,-0.058776117861270905,,,
4,12339,-0.039076488465070724,,,
4,12344,-0.0542537197470665,,,
4,12349,-0.07723946124315262,,,
4,12354,-0.02498447522521019,,,
4,12359,-0.06263454258441925,,,
4,12364,-0.06740594655275345,,,
4,12369,-0.04584096744656563,,,
4,12374,-0.03611259534955025,,,
4,12379,-0.04653206095099449,,,
4,12384,-0.012535035610198975,,,
4,12389,-0.0381595715880394,,,
4,12394,-0.02974838949739933,,,
4,12399,-0.05825648456811905,,,
4,12404,-0.017986249178647995,,,
4,12409,-0.05205408111214638,,,
4,12414,-0.04536754637956619,,,
4,12419,-0.045061033219099045,,,
4,12424,-0.06173562631011009,,,
4,12429,-0.04333162307739258,,,
4,12434,-0.0498279444873333,,,
4,12439,-0.04692700132727623,,,
4,12444,-0.01934884488582611,,,
4,12449,-0.06727413088083267,,,
4,12454,-0.03959949314594269,,,
4,12459,-0.03241051360964775,,,
4,12464,-0.06187618523836136,,,
4,12469,-0.05749242752790451,,,
4,12474,-0.04098795726895332,,,
4,12479,-0.05325175076723099,,,
4,12484,-0.04453348368406296,,,
4,12489,-0.0454414039850235,,,
4,12494,-0.02493136003613472,,,
4,12499,-0.07421738654375076,,,
4,12499,,-0.06232855096459389,0.3840000033378601,0.6975672245025635
5,12504,-0.04366851598024368,,,
5,12509,-0.06696237623691559,,,
5,12514,-0.05987181514501572,,,
5,12519,-0.02886393666267395,,,
5,12524,-0.06639707833528519,,,
5,12529,-0.08168691396713257,,,
5,12534,-0.033904749900102615,,,
5,12539,-0.04617828130722046,,,
5,12544,-0.03522190824151039,,,
5,12549,-0.0348062627017498,,,
5,12554,-0.06950289756059647,,,
5,12559,-0.048503197729587555,,,
5,12564,-0.02733735367655754,,,
5,12569,-0.062104735523462296,,,
5,12574,-0.04817358776926994,,,
5,12579,-0.032594434916973114,,,
5,12584,-0.031110147014260292,,,
5,12589,-0.04135415330529213,,,
5,12594,-0.04406311362981796,,,
5,12599,-0.030596906319260597,,,
5,12604,-0.06381228566169739,,,
5,12609,-0.051138415932655334,,,
5,12614,-0.03840530291199684,,,
5,12619,-0.018320035189390182,,,
5,12624,-0.042934685945510864,,,
5,12629,-0.06100519746541977,,,
5,12634,-0.05862094834446907,,,
5,12639,-0.046877775341272354,,,
5,12644,-0.05988190323114395,,,
5,12649,-0.0381866954267025,,,
5,12654,-0.0729123055934906,,,
5,12659,-0.06582928448915482,,,
5,12664,-0.05844742804765701,,,
5,12669,-0.06768889725208282,,,
5,12674,-0.013664708472788334,,,
5,12679,-0.06352319568395615,,,
5,12684,-0.05947449058294296,,,
5,12689,-0.03490766882896423,,,
5,12694,-0.05294443666934967,,,
5,12699,-0.015287604182958603,,,
5,12704,-0.05570436269044876,,,
5,12709,-0.03545418381690979,,,
5,12714,-0.05716921016573906,,,
5,12719,-0.06986230611801147,,,
5,12724,-0.038780152797698975,,,
5,12729,-0.05675407499074936,,,
5,12734,-0.03857608884572983,,,
5,12739,-0.038213904947042465,,,
5,12744,-0.04577336832880974,,,
5,12749,-0.0473533496260643,,,
5,12754,-0.02933906763792038,,,
5,12759,-0.02314433827996254,,,
5,12764,-0.04966629296541214,,,
5,12769,-0.04906096309423447,,,
5,12774,-0.057920582592487335,,,
5,12779,-0.05375167727470398,,,
5,12784,-0.04213428497314453,,,
5,12789,-0.02955973707139492,,,
5,12794,-0.01818748004734516,,,
5,12799,-0.04932473599910736,,,
5,12804,-0.03786466270685196,,,
5,12809,-0.042886774986982346,,,
5,12814,-0.04327099770307541,,,
5,12819,-0.054898690432310104,,,
5,12824,-0.04444698244333267,,,
5,12829,-0.06819594651460648,,,
5,12834,-0.04960712045431137,,,
5,12839,-0.06469984352588654,,,
5,12844,-0.027921048924326897,,,
5,12849,-0.017859933897852898,,,
5,12854,-0.04751608520746231,,,
5,12859,-0.04645434394478798,,,
5,12864,-0.05184585601091385,,,
5,12869,-0.04782818257808685,,,
5,12874,-0.04164329916238785,,,
5,12879,-0.012944740243256092,,,
5,12884,-0.034374549984931946,,,
5,12889,-0.0732455626130104,,,
5,12894,-0.03397468850016594,,,
5,12899,-0.021965274587273598,,,
5,12904,-0.060940515249967575,,,
5,12909,-0.02484004758298397,,,
5,12914,-0.06180967763066292,,,
5,12919,-0.020023034885525703,,,
5,12924,-0.06762421131134033,,,
5,12929,-0.04100502282381058,,,
5,12934,-0.06814010441303253,,,
5,12939,-0.04291638359427452,,,
5,12944,-0.04933743178844452,,,
5,12949,-0.0601438507437706,,,
5,12954,-0.070734903216362,,,
5,12959,-0.05835607647895813,,,
5,12964,-0.04931343346834183,,,
5,12969,-0.05183245986700058,,,
5,12974,-0.03433549404144287,,,
5,12979,-0.031227320432662964,,,
5,12984,-0.018766287714242935,,,
5,12989,-0.02874014526605606,,,
5,12994,-0.054040633141994476,,,
5,12999,-0.05317765474319458,,,
5,13004,-0.07258932292461395,,,
5,13009,-0.03745249658823013,,,
5,13014,-0.02643209509551525,,,
5,13019,-0.05326522886753082,,,
5,13024,-0.06281870603561401,,,
5,13029,-0.0583750382065773,,,
5,13034,-0.02162216790020466,,,
5,13039,-0.022204862907528877,,,
5,13044,-0.044405657798051834,,,
5,13049,-0.05071096867322922,,,
5,13054,-0.015356789343059063,,,
5,13059,-0.02539128065109253,,,
5,13064,-0.0716814175248146,,,
5,13069,-0.0578974224627018,,,
5,13074,0.03733963519334793,,,
5,13079,0.0076928287744522095,,,
5,13084,-0.05430956929922104,,,
5,13089,-0.059531643986701965,,,
5,13094,-0.06064172461628914,,,
5,13099,-0.04769597202539444,,,
5,13104,-0.057854413986206055,,,
5,13109,-0.021099530160427094,,,
5,13114,-0.03281799703836441,,,
5,13119,-0.05637102574110031,,,
5,13124,-0.039071403443813324,,,
5,13129,-0.04514254257082939,,,
5,13134,-0.07541866600513458,,,
5,13139,-0.05581801384687424,,,
5,13144,-0.04439793527126312,,,
5,13149,-0.041386693716049194,,,
5,13154,-0.08057739585638046,,,
5,13159,-0.05084478482604027,,,
5,13164,-0.0424274206161499,,,
5,13169,-0.05306796729564667,,,
5,13174,-0.04724191501736641,,,
5,13179,-0.06361683458089828,,,
5,13184,-0.0376724936068058,,,
5,13189,-0.07195482403039932,,,
5,13194,-0.06308705359697342,,,
5,13199,0.007888438180088997,,,
5,13204,-0.045943692326545715,,,
5,13209,-0.02451188489794731,,,
5,13214,-0.04593333601951599,,,
5,13219,-0.0488099567592144,,,
5,13224,-0.04662720486521721,,,
5,13229,-0.0690329298377037,,,
5,13234,-0.05433058738708496,,,
5,13239,-0.04370594024658203,,,
5,13244,-0.051233578473329544,,,
5,13249,0.0075071039609611034,,,
5,13254,-0.053770408034324646,,,
5,13259,-0.05010253190994263,,,
5,13264,-0.044416747987270355,,,
5,13269,-0.04601883515715599,,,
5,13274,-0.06378544121980667,,,
5,13279,-0.04313388466835022,,,
5,13284,-0.0530165359377861,,,
5,13289,-0.04970547556877136,,,
5,13294,-0.06061813235282898,,,
5,13299,-0.059561096131801605,,,
5,13304,-0.0555080883204937,,,
5,13309,-0.049343887716531754,,,
5,13314,-0.05857279151678085,,,
5,13319,-0.06350710242986679,,,
5,13324,-0.052162013947963715,,,
5,13329,-0.048936255276203156,,,
5,13334,-0.05211205035448074,,,
5,13339,-0.06162715330719948,,,
5,13344,-0.07272756099700928,,,
5,13349,-0.024746624752879143,,,
5,13354,-0.035334642976522446,,,
5,13359,-0.052786048501729965,,,
5,13364,-0.054290734231472015,,,
5,13369,-0.033549144864082336,,,
5,13374,-0.04797708988189697,,,
5,13379,-0.027241334319114685,,,
5,13384,-0.007777351886034012,,,
5,13389,-0.06117600202560425,,,
5,13394,-0.0519038625061512,,,
5,13399,-0.05227116495370865,,,
5,13404,-0.05909974128007889,,,
5,13409,-0.017939690500497818,,,
5,13414,-0.034691572189331055,,,
5,13419,-0.015720045194029808,,,
5,13424,-0.07594607025384903,,,
5,13429,-0.05240688472986221,,,
5,13434,-0.03916666656732559,,,
5,13439,-0.06362056732177734,,,
5,13444,-0.07461979985237122,,,
5,13449,-0.0494995079934597,,,
5,13454,-0.052247676998376846,,,
5,13459,-0.0524408221244812,,,
5,13464,-0.04779689013957977,,,
5,13469,-0.06566869467496872,,,
5,13474,-0.04973309487104416,,,
5,13479,-0.053780697286129,,,
5,13484,-0.042801693081855774,,,
5,13489,-0.01751735620200634,,,
5,13494,-0.06037652865052223,,,
5,13499,-0.03610992431640625,,,
5,13504,-0.05306774005293846,,,
5,13509,-0.04806509613990784,,,
5,13514,-0.009763588197529316,,,
5,13519,-0.06292103976011276,,,
5,13524,-0.042759135365486145,,,
5,13529,-0.043496645987033844,,,
5,13534,-0.03973855823278427,,,
5,13539,-0.041376497596502304,,,
5,13544,-0.0332888700067997,,,
5,13549,-0.059616006910800934,,,
5,13554,-0.06830298900604248,,,
5,13559,-0.04707745090126991,,,
5,13564,-0.08594164252281189,,,
5,13569,-0.053892385214567184,,,
5,13574,-0.06345830112695694,,,
5,13579,-0.04913656413555145,,,
5,13584,-0.014644445851445198,,,
5,13589,-0.0504426434636116,,,
5,13594,-0.03103499487042427,,,
5,13599,-0.035676319152116776,,,
5,13604,-0.06665261089801788,,,
5,13609,-0.049338825047016144,,,
5,13614,-0.01822436973452568,,,
5,13619,-0.03539716824889183,,,
5,13624,-0.06718502938747406,,,
5,13629,-0.05998107045888901,,,
5,13634,-0.05134490504860878,,,
5,13639,-0.05436667054891586,,,
5,13644,-0.012738274410367012,,,
5,13649,-0.05578625202178955,,,
5,13654,-0.05841865763068199,,,
5,13659,-0.03881870210170746,,,
5,13664,-0.04768650233745575,,,
5,13669,-0.04027896001935005,,,
5,13674,-0.05669180676341057,,,
5,13679,-0.058453842997550964,,,
5,13684,-0.043519556522369385,,,
5,13689,-0.030549149960279465,,,
5,13694,-0.06423230469226837,,,
5,13699,-0.054743941873311996,,,
5,13704,-0.030402300879359245,,,
5,13709,-0.013768848963081837,,,
5,13714,-0.005342662334442139,,,
5,13719,-0.06360991299152374,,,
5,13724,-0.07544121891260147,,,
5,13729,-0.07106409966945648,,,
5,13734,-0.05059533566236496,,,
5,13739,-0.048785168677568436,,,
5,13744,-0.0339437834918499,,,
5,13749,-0.0572580061852932,,,
5,13754,-0.06874551624059677,,,
5,13759,-0.07112012058496475,,,
5,13764,0.021023400127887726,,,
5,13769,-0.027415679767727852,,,
5,13774,-0.0561714842915535,,,
5,13779,-0.04637231305241585,,,
5,13784,-0.05229334533214569,,,
5,13789,-0.039753105491399765,,,
5,13794,-0.027812272310256958,,,
5,13799,-0.07309317588806152,,,
5,13804,-0.05037340521812439,,,
5,13809,-0.06831150501966476,,,
5,13814,-0.008814948610961437,,,
5,13819,-0.05548521876335144,,,
5,13824,-0.06297416985034943,,,
5,13829,-0.05739342421293259,,,
5,13834,-0.03331528976559639,,,
5,13839,-0.06201357766985893,,,
5,13844,-0.056322600692510605,,,
5,13849,-0.04797889664769173,,,
5,13854,-0.050017405301332474,,,
5,13859,-0.052499331533908844,,,
5,13864,-0.03006071411073208,,,
5,13869,-0.05333207920193672,,,
5,13874,0.018852248787879944,,,
5,13879,-0.049768589437007904,,,
5,13884,-0.012705844826996326,,,
5,13889,-0.038269080221652985,,,
5,13894,-0.05713743716478348,,,
5,13899,0.026477565988898277,,,
5,13904,-0.05150187760591507,,,
5,13909,-0.044400714337825775,,,
5,13914,-0.059585921466350555,,,
5,13919,-0.04543747380375862,,,
5,13924,-0.045251838862895966,,,
5,13929,-0.05867762118577957,,,
5,13934,-0.008427431806921959,,,
5,13939,-0.05649442970752716,,,
5,13944,-0.045378729701042175,,,
5,13949,-0.0465184785425663,,,
5,13954,-0.04784310981631279,,,
5,13959,-0.03978802636265755,,,
5,13964,-0.046676941215991974,,,
5,13969,-0.0256141759455204,,,
5,13974,-0.04376256465911865,,,
5,13979,-0.04795859754085541,,,
5,13984,-0.02509404346346855,,,
5,13989,-0.009381473064422607,,,
5,13994,-0.06311746686697006,,,
5,13999,-0.04826950281858444,,,
5,14004,-0.05054372176527977,,,
5,14009,-0.019752055406570435,,,
5,14014,-0.03874824196100235,,,
5,14019,-0.018706103786826134,,,
5,14024,-0.05856698751449585,,,
5,14029,-0.03618951886892319,,,
5,14034,-0.04290497675538063,,,
5,14039,0.016581129282712936,,,
5,14044,-0.07937730848789215,,,
5,14049,-0.04542684555053711,,,
5,14054,-0.048501063138246536,,,
5,14059,-0.04371625557541847,,,
5,14064,-0.05975240841507912,,,
5,14069,-0.015079572796821594,,,
5,14074,-0.0593348853290081,,,
5,14079,-0.01509816013276577,,,
5,14084,-0.05274279788136482,,,
5,14089,-0.03449650853872299,,,
5,14094,-0.060831233859062195,,,
5,14099,-0.0507328100502491,,,
5,14104,-0.05878479778766632,,,
5,14109,-0.033233143389225006,,,
5,14114,-0.018117282539606094,,,
5,14119,-0.03885214775800705,,,
5,14124,-0.07491476088762283,,,
5,14129,-0.05898471549153328,,,
5,14134,-0.014162691310048103,,,
5,14139,-0.053833287209272385,,,
5,14144,-0.0685923844575882,,,
5,14149,-0.06507763266563416,,,
5,14154,-0.04093287140130997,,,
5,14159,-0.08022366464138031,,,
5,14164,-0.05157499387860298,,,
5,14169,-0.0473657101392746,,,
5,14174,-0.0410429872572422,,,
5,14179,-0.05236221104860306,,,
5,14184,0.03263181820511818,,,
5,14189,-0.04605723172426224,,,
5,14194,-0.020095206797122955,,,
5,14199,-0.05209846422076225,,,
5,14204,-0.05633910000324249,,,
5,14209,-0.061297737061977386,,,
5,14214,-0.039562128484249115,,,
5,14219,-0.05759406462311745,,,
5,14224,0.0030860165134072304,,,
5,14229,-0.04457683116197586,,,
5,14234,-0.0645281970500946,,,
5,14239,-0.04086395725607872,,,
5,14244,-0.054164305329322815,,,
5,14249,-0.05119144171476364,,,
5,14254,-0.057697851210832596,,,
5,14259,-0.014026772230863571,,,
5,14264,-0.07286496460437775,,,
5,14269,-0.04806305468082428,,,
5,14274,-0.03445540368556976,,,
5,14279,-0.04083465039730072,,,
5,14284,-0.07261812686920166,,,
5,14289,-0.04685221239924431,,,
5,14294,-0.03651673346757889,,,
5,14299,-0.016247184947133064,,,
5,14304,-0.05141591653227806,,,
5,14309,-0.06211293488740921,,,
5,14314,-0.03530064597725868,,,
5,14319,-0.0624360516667366,,,
5,14324,-0.04929478466510773,,,
5,14329,-0.044047512114048004,,,
5,14334,-0.06377372145652771,,,
5,14339,-0.06236419454216957,,,
5,14344,-0.05328214541077614,,,
5,14349,-0.03213036060333252,,,
5,14354,-0.06988689303398132,,,
5,14359,-0.05764695629477501,,,
5,14364,-0.03699319809675217,,,
5,14369,-0.04713413864374161,,,
5,14374,-0.0536937452852726,,,
5,14379,-0.024528687819838524,,,
5,14384,-0.04204477369785309,,,
5,14389,-0.05199658125638962,,,
5,14394,-0.04815898835659027,,,
5,14399,-0.04411027207970619,,,
5,14404,-0.06765834987163544,,,
5,14409,-0.07218020409345627,,,
5,14414,-0.025222886353731155,,,
5,14419,-0.01678970456123352,,,
5,14424,-0.01469567883759737,,,
5,14429,-0.051232319325208664,,,
5,14434,-0.01729664020240307,,,
5,14439,-0.06899794936180115,,,
5,14444,-0.009879983961582184,,,
5,14449,-0.031398624181747437,,,
5,14454,-0.06441099941730499,,,
5,14459,-0.053442295640707016,,,
5,14464,-0.051552772521972656,,,
5,14469,-0.06218104436993599,,,
5,14474,-0.055968426167964935,,,
5,14479,-0.03163687884807587,,,
5,14484,-0.04060552641749382,,,
5,14489,-0.0495043583214283,,,
5,14494,-0.030598558485507965,,,
5,14499,-0.05717222020030022,,,
5,14504,-0.0677376538515091,,,
5,14509,-0.06754422932863235,,,
5,14514,-0.05370405688881874,,,
5,14519,-0.05274265632033348,,,
5,14524,-0.0520947128534317,,,
5,14529,-0.05542721971869469,,,
5,14534,-0.0644894391298294,,,
5,14539,-0.04680199176073074,,,
5,14544,-0.0550062358379364,,,
5,14549,-0.03553644195199013,,,
5,14554,-0.05209669470787048,,,
5,14559,-0.03669934347271919,,,
5,14564,-0.054780054837465286,,,
5,14569,-0.06447524577379227,,,
5,14574,-0.05646316334605217,,,
5,14579,-0.048410944640636444,,,
5,14584,-0.04140414297580719,,,
5,14589,-0.03703711926937103,,,
5,14594,-0.02743292599916458,,,
5,14599,-0.05013963207602501,,,
5,14604,-0.045172158628702164,,,
5,14609,-0.03672928735613823,,,
5,14614,-0.016359228640794754,,,
5,14619,-0.04557742178440094,,,
5,14624,-0.06645184755325317,,,
5,14629,-0.06153596565127373,,,
5,14634,-0.04476489499211311,,,
5,14639,-0.06184930354356766,,,
5,14644,-0.05854038894176483,,,
5,14649,-0.00878528505563736,,,
5,14654,-0.051105059683322906,,,
5,14659,-0.06891268491744995,,,
5,14664,-0.07558263838291168,,,
5,14669,-0.06401050835847855,,,
5,14674,-0.04792401194572449,,,
5,14679,-0.05572032555937767,,,
5,14684,-0.07401333749294281,,,
5,14689,-0.03586040809750557,,,
5,14694,-0.06339027732610703,,,
5,14699,-0.05168325826525688,,,
5,14704,0.013453377410769463,,,
5,14709,-0.039884451776742935,,,
5,14714,-0.0524124801158905,,,
5,14719,-0.05699479579925537,,,
5,14724,-0.04391411691904068,,,
5,14729,-0.07548075914382935,,,
5,14734,-0.0654742568731308,,,
5,14739,-0.052396439015865326,,,
5,14744,-0.049073658883571625,,,
5,14749,-0.008569570258259773,,,
5,14754,-0.03511468321084976,,,
5,14759,-0.028946297243237495,,,
5,14764,-0.05399547144770622,,,
5,14769,-0.049270596355199814,,,
5,14774,-0.03281214460730553,,,
5,14779,-0.04668149724602699,,,
5,14784,-0.03865610063076019,,,
5,14789,-0.07658294588327408,,,
5,14794,-0.057896655052900314,,,
5,14799,-0.05344186723232269,,,
5,14804,-0.013747753575444221,,,
5,14809,-0.06586717814207077,,,
5,14814,-0.05363033339381218,,,
5,14819,-0.023337939754128456,,,
5,14824,-0.05912565067410469,,,
5,14829,-0.05692780017852783,,,
5,14834,-0.0307313222438097,,,
5,14839,-0.03216489404439926,,,
5,14844,-0.05043632537126541,,,
5,14849,-0.06083244830369949,,,
5,14854,-0.06841659545898438,,,
5,14859,-0.05156609043478966,,,
5,14864,-0.017896728590130806,,,
5,14869,-0.03341544792056084,,,
5,14874,-0.03603978827595711,,,
5,14879,-0.0437338650226593,,,
5,14884,-0.024499056860804558,,,
5,14889,-0.06262288242578506,,,
5,14894,-0.061484444886446,,,
5,14899,-0.0711279809474945,,,
5,14904,-0.05554192140698433,,,
5,14909,-0.044901058077812195,,,
5,14914,-0.04052487388253212,,,
5,14919,-0.0607546791434288,,,
5,14924,-0.041798025369644165,,,
5,14929,-0.07612043619155884,,,
5,14934,-0.0611373670399189,,,
5,14939,-0.03981154412031174,,,
5,14944,-0.04683274030685425,,,
5,14949,-0.06073562055826187,,,
5,14954,-0.05813875049352646,,,
5,14959,-0.04333122447133064,,,
5,14964,-0.0488881915807724,,,
5,14969,-0.053753238171339035,,,
5,14974,-0.030080294236540794,,,
5,14979,-0.06963013112545013,,,
5,14984,-0.03163283318281174,,,
5,14989,-0.04376041516661644,,,
5,14994,-0.007631602697074413,,,
5,14999,-0.0587875172495842,,,
5,14999,,-0.0477147251367569,0.37959998846054077,0.6894925832748413
6,15004,-0.06675396859645844,,,
6,15009,-0.05982913821935654,,,
6,15014,-0.05959632620215416,,,
6,15019,-0.031593095511198044,,,
6,15024,-0.024694807827472687,,,
6,15029,-0.05043517425656319,,,
6,15034,-0.034197982400655746,,,
6,15039,-0.06040750443935394,,,
6,15044,-0.048686813563108444,,,
6,15049,-0.03880612179636955,,,
6,15054,-0.05017370358109474,,,
6,15059,-0.040609363466501236,,,
6,15064,-0.04349011555314064,,,
6,15069,-0.03908181190490723,,,
6,15074,-0.03273055702447891,,,
6,15079,-0.05827387794852257,,,
6,15084,-0.042028483003377914,,,
6,15089,-0.0415499284863472,,,
6,15094,-0.020258547738194466,,,
6,15099,-0.04223465919494629,,,
6,15104,-0.07381869107484818,,,
6,15109,-0.029750369489192963,,,
6,15114,-0.0016031451523303986,,,
6,15119,-0.05402716249227524,,,
6,15124,-0.054554522037506104,,,
6,15129,-0.050434648990631104,,,
6,15134,-0.05124068260192871,,,
6,15139,-0.03273148834705353,,,
6,15144,-0.03127707540988922,,,
6,15149,-0.03482814133167267,,,
6,15154,-0.044047627598047256,,,
6,15159,-0.03570530563592911,,,
6,15164,-0.06605794280767441,,,
6,15169,-0.03228063881397247,,,
6,15174,-0.05150604248046875,,,
6,15179,-0.011782247573137283,,,
6,15184,-0.04514773190021515,,,
6,15189,-0.024225933477282524,,,
6,15194,-0.024358514696359634,,,
6,15199,-0.06780941784381866,,,
6,15204,-0.03456776961684227,,,
6,15209,-0.04770636931061745,,,
6,15214,-0.03210452198982239,,,
6,15219,-0.05180948227643967,,,
6,15224,-0.04256553202867508,,,
6,15229,-0.053943611681461334,,,
6,15234,-0.04929383844137192,,,
6,15239,-0.0024239923804998398,,,
6,15244,-0.05098552629351616,,,
6,15249,-0.03141200542449951,,,
6,15254,-0.05551951006054878,,,
6,15259,-0.04008606821298599,,,
6,15264,-0.058116182684898376,,,
6,15269,-0.06368521600961685,,,
6,15274,-0.07701654732227325,,,
6,15279,-0.055931635200977325,,,
6,15284,-0.04118775576353073,,,
6,15289,-0.020694797858595848,,,
6,15294,-0.06390287727117538,,,
6,15299,-0.05135573074221611,,,
6,15304,-0.05352381244301796,,,
6,15309,-0.05435740202665329,,,
6,15314,-0.028616705909371376,,,
6,15319,-0.06188839673995972,,,
6,15324,-0.049573514610528946,,,
6,15329,-0.03554817661643028,,,
6,15334,-0.051411211490631104,,,
6,15339,-0.030620571225881577,,,
6,15344,-0.026132719591259956,,,
6,15349,-0.05167815089225769,,,
6,15354,-0.004171379841864109,,,
6,15359,0.023489082232117653,,,
6,15364,-0.07014378905296326,,,
6,15369,-0.05669659748673439,,,
6,15374,-0.06131037324666977,,,
6,15379,-0.044680576771497726,,,
6,15384,-0.03522365540266037,,,
6,15389,-0.03581199795007706,,,
6,15394,-0.02801401913166046,,,
6,15399,-0.02691328525543213,,,
6,15404,-0.035243235528469086,,,
6,15409,-0.04692370444536209,,,
6,15414,-0.04780310019850731,,,
6,15419,-0.0647505521774292,,,
6,15424,-0.058821700513362885,,,
6,15429,-0.06343332678079605,,,
6,15434,-0.05301588028669357,,,
6,15439,-0.04393700510263443,,,
6,15444,-0.04467157647013664,,,
6,15449,-0.03917261213064194,,,
6,15454,-0.05889015644788742,,,
6,15459,-0.0698150172829628,,,
6,15464,-0.04367900267243385,,,
6,15469,-0.06299630552530289,,,
6,15474,-0.01938330940902233,,,
6,15479,-0.04165705665946007,,,
6,15484,-0.04200492054224014,,,
6,15489,-0.05074385181069374,,,
6,15494,-0.04779726266860962,,,
6,15499,-0.05184450373053551,,,
6,15504,-0.020312434062361717,,,
6,15509,-0.035582467913627625,,,
6,15514,-0.04819664731621742,,,
6,15519,-0.07044068723917007,,,
6,15524,-0.046105869114398956,,,
6,15529,-0.04238482564687729,,,
6,15534,-0.07632555812597275,,,
6,15539,-0.048264652490615845,,,
6,15544,-0.030521724373102188,,,
6,15549,-0.020767072215676308,,,
6,15554,-0.04607260972261429,,,
6,15559,-0.05171274393796921,,,
6,15564,-0.058395933359861374,,,
6,15569,-0.06236497685313225,,,
6,15574,-0.06389334052801132,,,
6,15579,-0.05467841774225235,,,
6,15584,-0.04092688485980034,,,
6,15589,-0.05748386308550835,,,
6,15594,-0.04463210701942444,,,
6,15599,-0.05052214488387108,,,
6,15604,-0.07317018508911133,,,
6,15609,-0.051095254719257355,,,
6,15614,-0.02915249764919281,,,
6,15619,-0.049224674701690674,,,
6,15624,-0.01584758050739765,,,
6,15629,-0.04369993880391121,,,
6,15634,-0.06091144308447838,,,
6,15639,-0.034296486526727676,,,
6,15644,-0.04265724495053291,,,
6,15649,-0.02359016239643097,,,
6,15654,-0.06613240391016006,,,
6,15659,-0.04307202249765396,,,
6,15664,-0.06048548221588135,,,
6,15669,-0.033401548862457275,,,
6,15674,-0.033997923135757446,,,
6,15679,-0.06470274925231934,,,
6,15684,-0.050193902105093,,,
6,15689,-0.04817219823598862,,,
6,15694,-0.06788087636232376,,,
6,15699,-0.04905575513839722,,,
6,15704,-0.047980695962905884,,,
6,15709,-0.06352510303258896,,,
6,15714,-0.04181379824876785,,,
6,15719,-0.052225496619939804,,,
6,15724,-0.06874381005764008,,,
6,15729,-0.051091305911540985,,,
6,15734,-0.05673564225435257,,,
6,15739,-0.009150693193078041,,,
6,15744,-0.035365063697099686,,,
6,15749,-0.04330487921833992,,,
6,15754,-0.04133562371134758,,,
6,15759,-0.051553644239902496,,,
6,15764,-0.04933052510023117,,,
6,15769,-0.027179379016160965,,,
6,15774,-0.02867376059293747,,,
6,15779,-0.041936539113521576,,,
6,15784,-0.041332896798849106,,,
6,15789,-0.06148912385106087,,,
6,15794,-0.07051616162061691,,,
6,15799,-0.028207600116729736,,,
6,15804,-0.048646289855241776,,,
6,15809,-0.04198959097266197,,,
6,15814,-0.033416103571653366,,,
6,15819,-0.060181960463523865,,,
6,15824,-0.047389741986989975,,,
6,15829,-0.07732335478067398,,,
6,15834,-0.0626034289598465,,,
6,15839,-0.04262321814894676,,,
6,15844,-0.043437305837869644,,,
6,15849,-0.03654981404542923,,,
6,15854,-0.055568549782037735,,,
6,15859,-0.03773633390665054,,,
6,15864,-0.04088244587182999,,,
6,15869,-0.03696972876787186,,,
6,15874,-0.02762504853308201,,,
6,15879,-0.057957932353019714,,,
6,15884,-0.04456862434744835,,,
6,15889,-0.051204532384872437,,,
6,15894,-0.05808575078845024,,,
6,15899,-0.013359397649765015,,,
6,15904,-0.03458790481090546,,,
6,15909,-0.056662220507860184,,,
6,15914,-0.04304010421037674,,,
6,15919,-0.06607427448034286,,,
6,15924,-0.02042076177895069,,,
6,15929,-0.031348757445812225,,,
6,15934,-0.03754178807139397,,,
6,15939,-0.01702534779906273,,,
6,15944,-0.03159872069954872,,,
6,15949,-0.05560649558901787,,,
6,15954,-0.06497208029031754,,,
6,15959,-0.03833497688174248,,,
6,15964,-0.045226067304611206,,,
6,15969,-0.05621402710676193,,,
6,15974,-0.057489700615406036,,,
6,15979,-0.046724461019039154,,,
6,15984,-0.04141702502965927,,,
6,15989,-0.02523712068796158,,,
6,15994,-0.04226696491241455,,,
6,15999,-0.014714106917381287,,,
6,16004,-0.041775546967983246,,,
6,16009,-0.06041814386844635,,,
6,16014,-0.062069375067949295,,,
6,16019,-0.05899861082434654,,,
6,16024,-0.027833810076117516,,,
6,16029,-0.06496579945087433,,,
6,16034,-0.051374319940805435,,,
6,16039,-0.05821319296956062,,,
6,16044,-0.06070835515856743,,,
6,16049,-0.05583104118704796,,,
6,16054,-0.060655299574136734,,,
6,16059,-0.058286961168050766,,,
6,16064,-0.037393614649772644,,,
6,16069,-0.054793428629636765,,,
6,16074,-0.05690407752990723,,,
6,16079,-0.040130142122507095,,,
6,16084,-0.060045063495635986,,,
6,16089,-0.06007540225982666,,,
6,16094,-0.02589002065360546,,,
6,16099,-0.05163395032286644,,,
6,16104,-0.06895767897367477,,,
6,16109,-0.03976045548915863,,,
6,16114,-0.04753443971276283,,,
6,16119,-0.028247447684407234,,,
6,16124,-0.03135083243250847,,,
6,16129,-0.07229924947023392,,,
6,16134,-0.05051200091838837,,,
6,16139,-0.014528083615005016,,,
6,16144,-0.021136075258255005,,,
6,16149,-0.05659575015306473,,,
6,16154,-0.0409313440322876,,,
6,16159,-0.03529331833124161,,,
6,16164,-0.044824860990047455,,,
6,16169,-0.05809563770890236,,,
6,16174,-0.05930062010884285,,,
6,16179,-0.04687245190143585,,,
6,16184,-0.030439889058470726,,,
6,16189,-0.05707000568509102,,,
6,16194,-0.023046104237437248,,,
6,16199,-0.016666537150740623,,,
6,16204,-0.0358467735350132,,,
6,16209,-0.03921538218855858,,,
6,16214,-0.06666292995214462,,,
6,16219,-0.07993461936712265,,,
6,16224,-0.05262427777051926,,,
6,16229,-0.02927660197019577,,,
6,16234,-0.04294562712311745,,,
6,16239,-0.05434897541999817,,,
6,16244,-0.04124710336327553,,,
6,16249,-0.06480895727872849,,,
6,16254,-0.05351487547159195,,,
6,16259,-0.05005940422415733,,,
6,16264,-0.0697920173406601,,,
6,16269,-0.054875653237104416,,,
6,16274,-0.046188097447156906,,,
6,16279,-0.037388876080513,,,
6,16284,-0.031521305441856384,,,
6,16289,-0.03509712964296341,,,
6,16294,-0.022207509726285934,,,
6,16299,-0.039854757487773895,,,
6,16304,-0.06952366977930069,,,
6,16309,-0.05650857090950012,,,
6,16314,-0.05128327012062073,,,
6,16319,-0.040173064917325974,,,
6,16324,-0.056536074727773666,,,
6,16329,-0.06662604212760925,,,
6,16334,-0.02392670139670372,,,
6,16339,-0.04281749576330185,,,
6,16344,-0.0006487583741545677,,,
6,16349,0.006102717015892267,,,
6,16354,-0.057975925505161285,,,
6,16359,-0.04464832320809364,,,
6,16364,-0.03147168830037117,,,
6,16369,-0.05254446715116501,,,
6,16374,-0.051487162709236145,,,
6,16379,-0.03563578426837921,,,
6,16384,-0.0635167807340622,,,
6,16389,-0.06305155903100967,,,
6,16394,-0.01140548661351204,,,
6,16399,-0.015286480076611042,,,
6,16404,-0.05840796232223511,,,
6,16409,-0.04547588527202606,,,
6,16414,-0.04729823023080826,,,
6,16419,-0.02267700806260109,,,
6,16424,-0.04590752348303795,,,
6,16429,-0.0712536945939064,,,
6,16434,-0.04378744214773178,,,
6,16439,-0.053506508469581604,,,
6,16444,-0.060202524065971375,,,
6,16449,-0.06301663815975189,,,
6,16454,-0.03761521726846695,,,
6,16459,-0.06923100352287292,,,
6,16464,-0.04502906650304794,,,
6,16469,-0.058156225830316544,,,
6,16474,-0.05547324940562248,,,
6,16479,-0.02010429836809635,,,
6,16484,-0.04320095479488373,,,
6,16489,0.002807721495628357,,,
6,16494,-0.05495421588420868,,,
6,16499,-0.05222859978675842,,,
6,16504,-0.04410742223262787,,,
6,16509,-0.052492905408144,,,
6,16514,-0.06377389281988144,,,
6,16519,-0.05159403383731842,,,
6,16524,-0.043770186603069305,,,
6,16529,-0.05437960475683212,,,
6,16534,-0.061819858849048615,,,
6,16539,-0.03524000570178032,,,
6,16544,-0.033617615699768066,,,
6,16549,-0.05201733112335205,,,
6,16554,-0.047232888638973236,,,
6,16559,-0.03946104273200035,,,
6,16564,-0.05797407403588295,,,
6,16569,-0.02637612074613571,,,
6,16574,-0.05311451852321625,,,
6,16579,-0.04199541360139847,,,
6,16584,-0.03994574397802353,,,
6,16589,-0.03661920875310898,,,
6,16594,-0.05795517563819885,,,
6,16599,-0.03300613537430763,,,
6,16604,-0.030557530000805855,,,
6,16609,-0.026843376457691193,,,
6,16614,-0.02972174435853958,,,
6,16619,-0.035456232726573944,,,
6,16624,-0.046532467007637024,,,
6,16629,-0.03568632900714874,,,
6,16634,-0.06086499243974686,,,
6,16639,-0.06676764786243439,,,
6,16644,-0.061330195516347885,,,
6,16649,-0.038362279534339905,,,
6,16654,-0.030985424295067787,,,
6,16659,-0.06032603979110718,,,
6,16664,-0.042702965438365936,,,
6,16669,-0.025341123342514038,,,
6,16674,-0.04035390913486481,,,
6,16679,-0.07055149227380753,,,
6,16684,-0.034578822553157806,,,
6,16689,-0.04936603456735611,,,
6,16694,-0.03383544832468033,,,
6,16699,-0.01829523593187332,,,
6,16704,-0.03824456408619881,,,
6,16709,-0.0473516583442688,,,
6,16714,-0.03280964866280556,,,
6,16719,-0.051613569259643555,,,
6,16724,-0.027332644909620285,,,
6,16729,-0.03724455088376999,,,
6,16734,-0.057939812541007996,,,
6,16739,-0.03064902499318123,,,
6,16744,-0.03803851455450058,,,
6,16749,-0.03841640055179596,,,
6,16754,-0.044533129781484604,,,
6,16759,-0.04106549546122551,,,
6,16764,-0.05445186793804169,,,
6,16769,-0.056740351021289825,,,
6,16774,-0.03314100205898285,,,
6,16779,-0.038136087357997894,,,
6,16784,-0.0294472798705101,,,
6,16789,-0.03844202309846878,,,
6,16794,-3.3729709684848785e-05,,,
6,16799,-0.04508867859840393,,,
6,16804,-0.05677143856883049,,,
6,16809,-0.023342758417129517,,,
6,16814,-0.0445251539349556,,,
6,16819,-0.05649732053279877,,,
6,16824,-0.02271634340286255,,,
6,16829,-0.02411482483148575,,,
6,16834,-0.06436489522457123,,,
6,16839,-0.08012291043996811,,,
6,16844,-0.025983097031712532,,,
6,16849,-0.05555735155940056,,,
6,16854,-0.043340761214494705,,,
6,16859,-0.0465199276804924,,,
6,16864,-0.03766237944364548,,,
6,16869,-0.03518561273813248,,,
6,16874,-0.048143964260816574,,,
6,16879,-0.05888446792960167,,,
6,16884,-0.014928996562957764,,,
6,16889,-0.04422254115343094,,,
6,16894,-0.033378470689058304,,,
6,16899,-0.031817033886909485,,,
6,16904,-0.07871079444885254,,,
6,16909,-0.032857585698366165,,,
6,16914,-0.06638847291469574,,,
6,16919,-0.0755792111158371,,,
6,16924,-0.07068268954753876,,,
6,16929,-0.05343908071517944,,,
6,16934,-0.05176129192113876,,,
6,16939,-0.04880562052130699,,,
6,16944,-0.06413114815950394,,,
6,16949,-0.031179284676909447,,,
6,16954,-0.02167048305273056,,,
6,16959,-0.0452817939221859,,,
6,16964,-0.029933933168649673,,,
6,16969,-0.05387220159173012,,,
6,16974,-0.05658606439828873,,,
6,16979,-0.00441686250269413,,,
6,16984,-0.01398374978452921,,,
6,16989,-0.07320228964090347,,,
6,16994,-0.04912203922867775,,,
6,16999,-0.043782103806734085,,,
6,17004,-0.045951686799526215,,,
6,17009,-0.05606216937303543,,,
6,17014,-0.061599522829055786,,,
6,17019,-0.041959576308727264,,,
6,17024,-0.032950326800346375,,,
6,17029,-0.02762904390692711,,,
6,17034,-0.05982097238302231,,,
6,17039,-0.06153397634625435,,,
6,17044,-0.05497417598962784,,,
6,17049,-0.041779644787311554,,,
6,17054,-0.022784188389778137,,,
6,17059,-0.01247812807559967,,,
6,17064,-0.04851529374718666,,,
6,17069,-0.06660724431276321,,,
6,17074,-0.06477341055870056,,,
6,17079,-0.02542354166507721,,,
6,17084,-0.040897078812122345,,,
6,17089,-0.024304224178195,,,
6,17094,-0.06591330468654633,,,
6,17099,-0.05407207831740379,,,
6,17104,-0.04222351312637329,,,
6,17109,-0.028325822204351425,,,
6,17114,-0.03948336839675903,,,
6,17119,-0.06703405827283859,,,
6,17124,-0.06738036125898361,,,
6,17129,-0.04137960448861122,,,
6,17134,-0.05616080388426781,,,
6,17139,-0.04036318510770798,,,
6,17144,-0.059791937470436096,,,
6,17149,-0.042716458439826965,,,
6,17154,-0.05412977561354637,,,
6,17159,-0.012287022545933723,,,
6,17164,-0.07839479297399521,,,
6,17169,-0.04917985200881958,,,
6,17174,-0.05700887739658356,,,
6,17179,-0.03504204750061035,,,
6,17184,-0.037306997925043106,,,
6,17189,-0.03155740350484848,,,
6,17194,-0.06978756189346313,,,
6,17199,-0.05184267461299896,,,
6,17204,-0.07631406933069229,,,
6,17209,-0.05546378344297409,,,
6,17214,-0.06911149621009827,,,
6,17219,-0.044780511409044266,,,
6,17224,-0.03915095701813698,,,
6,17229,-0.045359618961811066,,,
6,17234,-0.049585673958063126,,,
6,17239,-0.0485258474946022,,,
6,17244,-0.03374229371547699,,,
6,17249,-0.02282424084842205,,,
6,17254,-0.040734004229307175,,,
6,17259,-0.0614226795732975,,,
6,17264,-0.05111910402774811,,,
6,17269,-0.04651276022195816,,,
6,17274,-0.05679822713136673,,,
6,17279,-0.030217589810490608,,,
6,17284,-0.05493166670203209,,,
6,17289,-0.03991018608212471,,,
6,17294,-0.05807001143693924,,,
6,17299,-0.07232974469661713,,,
6,17304,-0.04810198023915291,,,
6,17309,-0.047645218670368195,,,
6,17314,-0.036077067255973816,,,
6,17319,-0.04654454067349434,,,
6,17324,-0.0503382571041584,,,
6,17329,-0.036879733204841614,,,
6,17334,-0.05914013087749481,,,
6,17339,-0.0223193671554327,,,
6,17344,-0.041249413043260574,,,
6,17349,-0.044695064425468445,,,
6,17354,-0.0573885403573513,,,
6,17359,-0.04220220446586609,,,
6,17364,-0.046973492950201035,,,
6,17369,-0.04781254753470421,,,
6,17374,-0.023661360144615173,,,
6,17379,-0.06541149318218231,,,
6,17384,-0.0764419361948967,,,
6,17389,-0.050531886518001556,,,
6,17394,-0.04836193472146988,,,
6,17399,-0.012607302516698837,,,
6,17404,-0.049639467149972916,,,
6,17409,-0.03938352316617966,,,
6,17414,-0.07404782623052597,,,
6,17419,-0.05072299391031265,,,
6,17424,-0.057862814515829086,,,
6,17429,-0.030698027461767197,,,
6,17434,-0.009186206385493279,,,
6,17439,-0.04140258580446243,,,
6,17444,-0.04553569108247757,,,
6,17449,-0.05535280331969261,,,
6,17454,-0.0566205158829689,,,
6,17459,-0.04896973446011543,,,
6,17464,-0.027038458734750748,,,
6,17469,-0.07353527098894119,,,
6,17474,-0.06618295609951019,,,
6,17479,-0.04321669787168503,,,
6,17484,-0.06755374372005463,,,
6,17489,-0.04525778815150261,,,
6,17494,-0.026682017371058464,,,
6,17499,-0.03109397366642952,,,
6,17499,,-0.045817915350198746,0.3495999872684479,0.6603029370307922
7,17504,-0.05117569863796234,,,
7,17509,-0.04284092038869858,,,
7,17514,-0.05515263229608536,,,
7,17519,-0.06286858022212982,,,
7,17524,-0.043551843613386154,,,
7,17529,-0.049470096826553345,,,
7,17534,-0.052208781242370605,,,
7,17539,-0.03780152648687363,,,
7,17544,-0.042114950716495514,,,
7,17549,-0.04357907548546791,,,
7,17554,-0.027265820652246475,,,
7,17559,-0.03513789176940918,,,
7,17564,-0.04303796961903572,,,
7,17569,-0.02396993711590767,,,
7,17574,-0.04937092587351799,,,
7,17579,-0.036754850298166275,,,
7,17584,-0.02498454414308071,,,
7,17589,-0.057724904268980026,,,
7,17594,-0.055886704474687576,,,
7,17599,-0.03578448295593262,,,
7,17604,-0.02983228676021099,,,
7,17609,-0.06350842118263245,,,
7,17614,-0.0551106333732605,,,
7,17619,-0.025702958926558495,,,
7,17624,-0.05346235632896423,,,
7,17629,-0.0056165168061852455,,,
7,17634,-0.042443301528692245,,,
7,17639,-0.054462630301713943,,,
7,17644,-0.03792842850089073,,,
7,17649,-0.0415053516626358,,,
7,17654,-0.03696907311677933,,,
7,17659,-0.04502241313457489,,,
7,17664,-0.06339196115732193,,,
7,17669,-0.05512122064828873,,,
7,17674,-0.060332078486680984,,,
7,17679,-0.052979469299316406,,,
7,17684,-0.042321428656578064,,,
7,17689,-0.029838263988494873,,,
7,17694,-0.024891648441553116,,,
7,17699,-0.022413237020373344,,,
7,17704,-0.0280374176800251,,,
7,17709,-0.05630718544125557,,,
7,17714,-0.04484550654888153,,,
7,17719,-0.0719406008720398,,,
7,17724,-0.05345890298485756,,,
7,17729,-0.05048074200749397,,,
7,17734,-0.050775472074747086,,,
7,17739,-0.060816675424575806,,,
7,17744,-0.024447070434689522,,,
7,17749,-0.03983867168426514,,,
7,17754,-0.05456303060054779,,,
7,17759,-0.04816560819745064,,,
7,17764,-0.06855323165655136,,,
7,17769,-0.03613005578517914,,,
7,17774,-0.042495246976614,,,
7,17779,-0.052475471049547195,,,
7,17784,-0.046149346977472305,,,
7,17789,-0.04767480492591858,,,
7,17794,-0.04495295137166977,,,
7,17799,-0.03424098715186119,,,
7,17804,-0.026356779038906097,,,
7,17809,-0.06829337775707245,,,
7,17814,-0.05921819806098938,,,
7,17819,-0.035597849637269974,,,
7,17824,-0.04352067410945892,,,
7,17829,-0.052780430763959885,,,
7,17834,-0.06470838189125061,,,
7,17839,-0.041819967329502106,,,
7,17844,-0.03308161348104477,,,
7,17849,-0.06001271679997444,,,
7,17854,-0.04228776693344116,,,
7,17859,-0.032531704753637314,,,
7,17864,-0.03928655758500099,,,
7,17869,-0.04406357184052467,,,
7,17874,-0.0596112422645092,,,
7,17879,-0.04020986333489418,,,
7,17884,-0.04920545592904091,,,
7,17889,-0.050882965326309204,,,
7,17894,-0.03598647564649582,,,
7,17899,-0.05552515760064125,,,
7,17904,-0.07353644073009491,,,
7,17909,-0.05322778597474098,,,
7,17914,-0.04347521811723709,,,
7,17919,-0.05216969549655914,,,
7,17924,-0.05102384090423584,,,
7,17929,-0.04854802042245865,,,
7,17934,-0.032118216156959534,,,
7,17939,-0.023152587935328484,,,
7,17944,-0.04336494207382202,,,
7,17949,-0.06311260908842087,,,
7,17954,-0.0774780884385109,,,
7,17959,-0.04518125206232071,,,
7,17964,-0.03905436396598816,,,
7,17969,-0.032461002469062805,,,
7,17974,-0.08757027238607407,,,
7,17979,-0.07027363777160645,,,
7,17984,-0.05753326416015625,,,
7,17989,-0.038272298872470856,,,
7,17994,-0.02671794407069683,,,
7,17999,-0.06000291183590889,,,
7,18004,-0.04996316134929657,,,
7,18009,-0.02147328108549118,,,
7,18014,-0.024418020620942116,,,
7,18019,-0.037964511662721634,,,
7,18024,-0.04849584773182869,,,
7,18029,-0.04007398337125778,,,
7,18034,-0.026701796799898148,,,
7,18039,-0.0461101308465004,,,
7,18044,-0.0594690777361393,,,
7,18049,-0.04670565575361252,,,
7,18054,-0.04606838524341583,,,
7,18059,-0.03853116184473038,,,
7,18064,-0.036699987947940826,,,
7,18069,-0.03349603712558746,,,
7,18074,-0.03809395432472229,,,
7,18079,-0.04962151125073433,,,
7,18084,-0.0351497046649456,,,
7,18089,-0.034187234938144684,,,
7,18094,-0.03589846193790436,,,
7,18099,-0.05076279118657112,,,
7,18104,-0.036772798746824265,,,
7,18109,-0.045882903039455414,,,
7,18114,-0.05920016020536423,,,
7,18119,-0.04788725823163986,,,
7,18124,-0.03098035231232643,,,
7,18129,-0.04530241712927818,,,
7,18134,-0.05789262056350708,,,
7,18139,-0.05242593213915825,,,
7,18144,-0.05734459310770035,,,
7,18149,-0.051001790910959244,,,
7,18154,-0.03957391157746315,,,
7,18159,-0.04734562709927559,,,
7,18164,-0.055606208741664886,,,
7,18169,-0.04520260542631149,,,
7,18174,-0.06006291136145592,,,
7,18179,-0.05202140659093857,,,
7,18184,-0.05189396068453789,,,
7,18189,-0.05275004357099533,,,
7,18194,-0.06788574159145355,,,
7,18199,-0.055723048746585846,,,
7,18204,-0.037357691675424576,,,
7,18209,-0.0654664859175682,,,
7,18214,-0.049713362008333206,,,
7,18219,-0.04960883408784866,,,
7,18224,-0.056230608373880386,,,
7,18229,-0.0445314422249794,,,
7,18234,-0.040022123605012894,,,
7,18239,-0.034522343426942825,,,
7,18244,-0.05107644572854042,,,
7,18249,-0.05571030452847481,,,
7,18254,-0.040797244757413864,,,
7,18259,-0.056586459279060364,,,
7,18264,-0.025356635451316833,,,
7,18269,-0.054591890424489975,,,
7,18274,-0.04403708875179291,,,
7,18279,-0.05548007786273956,,,
7,18284,-0.0435674674808979,,,
7,18289,-0.05287577211856842,,,
7,18294,-0.0780201256275177,,,
7,18299,-0.06986318528652191,,,
7,18304,-0.051713284105062485,,,
7,18309,-0.034225549548864365,,,
7,18314,-0.011799126863479614,,,
7,18319,-0.05393044650554657,,,
7,18324,-0.04088144749403,,,
7,18329,-0.04088501259684563,,,
7,18334,-0.030609136447310448,,,
7,18339,-0.0491398423910141,,,
7,18344,-0.04667285829782486,,,
7,18349,-0.05362388491630554,,,
7,18354,-0.04090464487671852,,,
7,18359,-0.05494697019457817,,,
7,18364,-0.05975523591041565,,,
7,18369,-0.04051131382584572,,,
7,18374,-0.04523609206080437,,,
7,18379,-0.03835262358188629,,,
7,18384,-0.0371980257332325,,,
7,18389,-0.00942283496260643,,,
7,18394,-0.07100703567266464,,,
7,18399,-0.03623505309224129,,,
7,18404,-0.057603392750024796,,,
7,18409,-0.07359608262777328,,,
7,18414,-0.07728821784257889,,,
7,18419,-0.03634188324213028,,,
7,18424,-0.04774342477321625,,,
7,18429,-0.03621990978717804,,,
7,18434,-0.04961225390434265,,,
7,18439,-0.009214564226567745,,,
7,18444,-0.028206955641508102,,,
7,18449,-0.030856994912028313,,,
7,18454,-0.05335306003689766,,,
7,18459,-0.04150936007499695,,,
7,18464,-0.05083852633833885,,,
7,18469,-0.006642178166657686,,,
7,18474,-0.02993644028902054,,,
7,18479,-0.02848474308848381,,,
7,18484,-0.034478504210710526,,,
7,18489,-0.04011198878288269,,,
7,18494,-0.04102237895131111,,,
7,18499,-0.04656679555773735,,,
7,18504,-0.06272345781326294,,,
7,18509,-0.03143542259931564,,,
7,18514,-0.04663148522377014,,,
7,18519,-0.06061811000108719,,,
7,18524,-0.049983639270067215,,,
7,18529,-0.020823897793889046,,,
7,18534,-0.05111666023731232,,,
7,18539,-0.054916009306907654,,,
7,18544,-0.043068885803222656,,,
7,18549,-0.04676852375268936,,,
7,18554,-0.0406811460852623,,,
7,18559,-0.04966660961508751,,,
7,18564,-0.04789502173662186,,,
7,18569,-0.061275579035282135,,,
7,18574,-0.05406578630208969,,,
7,18579,0.003344689030200243,,,
7,18584,-0.03541138395667076,,,
7,18589,-0.05955091863870621,,,
7,18594,-0.05171468108892441,,,
7,18599,-0.035720549523830414,,,
7,18604,-0.0570605993270874,,,
7,18609,-0.037729594856500626,,,
7,18614,-0.05935315042734146,,,
7,18619,-0.054195016622543335,,,
7,18624,-0.05042096972465515,,,
7,18629,-0.037953246384859085,,,
7,18634,-0.05476554110646248,,,
7,18639,-0.06017789989709854,,,
7,18644,-0.013578128069639206,,,
7,18649,-0.05554023012518883,,,
7,18654,-0.054215654730796814,,,
7,18659,-0.06918257474899292,,,
7,18664,-0.05171610787510872,,,
7,18669,-0.02721722051501274,,,
7,18674,-0.02777196653187275,,,
7,18679,-0.07163912057876587,,,
7,18684,-0.05854212865233421,,,
7,18689,-0.06995915621519089,,,
7,18694,-0.06994789838790894,,,
7,18699,-0.05077227205038071,,,
7,18704,-0.043124210089445114,,,
7,18709,-0.041175492107868195,,,
7,18714,-0.04248342290520668,,,
7,18719,-0.05415115877985954,,,
7,18724,-0.0534791499376297,,,
7,18729,-0.049050576984882355,,,
7,18734,-0.039685651659965515,,,
7,18739,-0.0585627481341362,,,
7,18744,-0.06430742144584656,,,
7,18749,-0.053115345537662506,,,
7,18754,-0.04989064484834671,,,
7,18759,-0.03768843784928322,,,
7,18764,-0.05191968381404877,,,
7,18769,-0.06406128406524658,,,
7,18774,-0.05463471636176109,,,
7,18779,-0.057288628071546555,,,
7,18784,-0.06586114317178726,,,
7,18789,-0.04509264975786209,,,
7,18794,-0.023197252303361893,,,
7,18799,-0.05664652958512306,,,
7,18804,-0.06218159571290016,,,
7,18809,-0.05415855348110199,,,
7,18814,0.004965025931596756,,,
7,18819,-0.008296268060803413,,,
7,18824,-0.048366986215114594,,,
7,18829,-0.062115445733070374,,,
7,18834,-0.052352067083120346,,,
7,18839,-0.04400398209691048,,,
7,18844,-0.03991162031888962,,,
7,18849,-0.033250801265239716,,,
7,18854,-0.05035364627838135,,,
7,18859,-0.06483304500579834,,,
7,18864,-0.04105716198682785,,,
7,18869,-0.05595937743782997,,,
7,18874,-0.06895428895950317,,,
7,18879,-0.04031211882829666,,,
7,18884,-0.03983209282159805,,,
7,18889,-0.050150346010923386,,,
7,18894,-0.03810327872633934,,,
7,18899,-0.049434222280979156,,,
7,18904,-0.05446193367242813,,,
7,18909,-0.0620257630944252,,,
7,18914,-0.03465662896633148,,,
7,18919,-0.03154534474015236,,,
7,18924,-0.05575107783079147,,,
7,18929,-0.05818041041493416,,,
7,18934,-0.008632678538560867,,,
7,18939,-0.008161153644323349,,,
7,18944,-0.05786113440990448,,,
7,18949,-0.054518621414899826,,,
7,18954,-0.020874684676527977,,,
7,18959,-0.04698651283979416,,,
7,18964,-0.06784316152334213,,,
7,18969,-0.04820820689201355,,,
7,18974,-0.037184879183769226,,,
7,18979,-0.04536807909607887,,,
7,18984,-0.038129862397909164,,,
7,18989,-0.029382124543190002,,,
7,18994,-0.04734701290726662,,,
7,18999,-0.05760560184717178,,,
7,19004,-0.0452655553817749,,,
7,19009,-0.06364595890045166,,,
7,19014,-0.044285114854574203,,,
7,19019,-0.07336458563804626,,,
7,19024,-0.0523257814347744,,,
7,19029,-0.03525227680802345,,,
7,19034,-0.02198779582977295,,,
7,19039,-0.023958491161465645,,,
7,19044,-0.04052812606096268,,,
7,19049,-0.06036463752388954,,,
7,19054,-0.049139272421598434,,,
7,19059,-0.06231887638568878,,,
7,19064,-0.05049816519021988,,,
7,19069,-0.05833008885383606,,,
7,19074,-0.026182079687714577,,,
7,19079,-0.054860133677721024,,,
7,19084,-0.049585942178964615,,,
7,19089,-0.03933006152510643,,,
7,19094,-0.04480137676000595,,,
7,19099,-0.01847643405199051,,,
7,19104,-0.02579762227833271,,,
7,19109,-0.04177512228488922,,,
7,19114,-0.0725780725479126,,,
7,19119,-0.0360976979136467,,,
7,19124,-0.01732156053185463,,,
7,19129,-0.05437123030424118,,,
7,19134,0.000728563463781029,,,
7,19139,-0.025702955201268196,,,
7,19144,-0.041504502296447754,,,
7,19149,-0.06714854389429092,,,
7,19154,-0.05154617875814438,,,
7,19159,-0.0652872696518898,,,
7,19164,-0.015840286388993263,,,
7,19169,-0.04986454173922539,,,
7,19174,-0.04563303291797638,,,
7,19179,-0.04409126192331314,,,
7,19184,-0.028804266825318336,,,
7,19189,-0.04441020265221596,,,
7,19194,-0.04833914339542389,,,
7,19199,-0.06300114840269089,,,
7,19204,-0.015601776540279388,,,
7,19209,-0.028486959636211395,,,
7,19214,-0.04128359630703926,,,
7,19219,-0.00636663194745779,,,
7,19224,-0.05361221730709076,,,
7,19229,-0.041377779096364975,,,
7,19234,-0.043687570840120316,,,
7,19239,-0.07195132970809937,,,
7,19244,-0.05062529444694519,,,
7,19249,-0.027265168726444244,,,
7,19254,-0.053731538355350494,,,
7,19259,-0.03084217943251133,,,
7,19264,-0.04858160391449928,,,
7,19269,-0.022705990821123123,,,
7,19274,-0.03798791393637657,,,
7,19279,-0.018176842480897903,,,
7,19284,-0.03763645887374878,,,
7,19289,-0.05051026493310928,,,
7,19294,-0.036323659121990204,,,
7,19299,-0.052790019661188126,,,
7,19304,-0.03682009130716324,,,
7,19309,-0.049652278423309326,,,
7,19314,-0.029011638835072517,,,
7,19319,-0.03151403367519379,,,
7,19324,-0.08194709569215775,,,
7,19329,-0.056666191667318344,,,
7,19334,-0.052604563534259796,,,
7,19339,-0.03010617196559906,,,
7,19344,-0.04429123178124428,,,
7,19349,-0.054413069039583206,,,
7,19354,-0.03570079803466797,,,
7,19359,-0.07383166253566742,,,
7,19364,-0.05191963165998459,,,
7,19369,-0.035842422395944595,,,
7,19374,-0.05315913259983063,,,
7,19379,-0.062493495643138885,,,
7,19384,-0.040234457701444626,,,
7,19389,-0.019986756145954132,,,
7,19394,-0.03226248547434807,,,
7,19399,-0.03269955515861511,,,
7,19404,-0.023029709234833717,,,
7,19409,-0.038193486630916595,,,
7,19414,-0.0125802643597126,,,
7,19419,-0.052572719752788544,,,
7,19424,-0.06460528820753098,,,
7,19429,-0.07155817002058029,,,
7,19434,-0.03058563731610775,,,
7,19439,-0.05115029588341713,,,
7,19444,-0.05223461240530014,,,
7,19449,-0.07164052873849869,,,
7,19454,-0.0747487023472786,,,
7,19459,0.0004933532327413559,,,
7,19464,-0.041632261127233505,,,
7,19469,-0.050057582557201385,,,
7,19474,-0.049045465886592865,,,
7,19479,-0.04873534291982651,,,
7,19484,-0.04372192919254303,,,
7,19489,-0.03498834744095802,,,
7,19494,-0.04138139635324478,,,
7,19499,-0.019455403089523315,,,
7,19504,-0.027628706768155098,,,
7,19509,-0.026093285530805588,,,
7,19514,-0.03780071437358856,,,
7,19519,-0.051863230764865875,,,
7,19524,-0.035217247903347015,,,
7,19529,-0.052033692598342896,,,
7,19534,-0.023206092417240143,,,
7,19539,-0.03368900343775749,,,
7,19544,-0.04665357246994972,,,
7,19549,-0.02139851078391075,,,
7,19554,-0.04704295098781586,,,
7,19559,-0.048876918852329254,,,
7,19564,-0.03844771906733513,,,
7,19569,-0.04295837879180908,,,
7,19574,-0.050240371376276016,,,
7,19579,-0.04845389351248741,,,
7,19584,-0.045287080109119415,,,
7,19589,-0.03135603666305542,,,
7,19594,-0.049021363258361816,,,
7,19599,-0.04440903663635254,,,
7,19604,-0.019173435866832733,,,
7,19609,-0.05055558681488037,,,
7,19614,-0.063614122569561,,,
7,19619,-0.032825764268636703,,,
7,19624,-0.0520477294921875,,,
7,19629,-0.049045659601688385,,,
7,19634,-0.019368404522538185,,,
7,19639,-0.05891051143407822,,,
7,19644,-0.05050863325595856,,,
7,19649,-0.024714473634958267,,,
7,19654,-0.06447938084602356,,,
7,19659,-0.033720713108778,,,
7,19664,-0.06022482365369797,,,
7,19669,-0.01903996802866459,,,
7,19674,-0.04933252930641174,,,
7,19679,-0.06500785052776337,,,
7,19684,-0.045734867453575134,,,
7,19689,-0.04336152598261833,,,
7,19694,-0.05233829468488693,,,
7,19699,-0.052211690694093704,,,
7,19704,-0.072758249938488,,,
7,19709,-0.04539356008172035,,,
7,19714,-0.04517704248428345,,,
7,19719,-0.039704665541648865,,,
7,19724,-0.03408889099955559,,,
7,19729,-0.05885623022913933,,,
7,19734,-0.06851563602685928,,,
7,19739,-0.03312939405441284,,,
7,19744,-0.06171249970793724,,,
7,19749,-0.048454463481903076,,,
7,19754,-0.019944429397583008,,,
7,19759,-0.052706293761730194,,,
7,19764,-0.043126244097948074,,,
7,19769,-0.057846225798130035,,,
7,19774,-0.05864350497722626,,,
7,19779,-0.051341332495212555,,,
7,19784,-0.04055612161755562,,,
7,19789,-0.043090544641017914,,,
7,19794,-0.03647914528846741,,,
7,19799,-0.06698334962129593,,,
7,19804,-0.049681663513183594,,,
7,19809,-0.03370634466409683,,,
7,19814,-0.05550025403499603,,,
7,19819,-0.0359717458486557,,,
7,19824,-0.039553072303533554,,,
7,19829,-0.0248318649828434,,,
7,19834,-0.06930330395698547,,,
7,19839,-0.05664727836847305,,,
7,19844,-0.05435587093234062,,,
7,19849,-0.03924884647130966,,,
7,19854,-0.049779340624809265,,,
7,19859,-0.04440601170063019,,,
7,19864,-0.04112841933965683,,,
7,19869,-0.04370570927858353,,,
7,19874,-0.020096657797694206,,,
7,19879,-0.021678101271390915,,,
7,19884,-0.027058694511651993,,,
7,19889,-0.05648379772901535,,,
7,19894,-0.06320954859256744,,,
7,19899,-0.06086108461022377,,,
7,19904,-0.05355106294155121,,,
7,19909,-0.05560753494501114,,,
7,19914,-0.019407687708735466,,,
7,19919,-0.04275738075375557,,,
7,19924,-0.05311280116438866,,,
7,19929,-0.06361116468906403,,,
7,19934,-0.023046359419822693,,,
7,19939,-0.03402459993958473,,,
7,19944,-0.07372625917196274,,,
7,19949,-0.04031185805797577,,,
7,19954,-0.061343029141426086,,,
7,19959,-0.06745932251214981,,,
7,19964,-0.0306121613830328,,,
7,19969,-0.03146912530064583,,,
7,19974,-0.014177271164953709,,,
7,19979,-0.026468317955732346,,,
7,19984,-0.05583886802196503,,,
7,19989,-0.054708048701286316,,,
7,19994,-0.03453483060002327,,,
7,19999,-0.04316839948296547,,,
7,19999,,-0.032567959278821945,0.34150001406669617,0.6431951522827148
8,20004,-0.05110018700361252,,,
8,20009,-0.026016589254140854,,,
8,20014,-0.023796815425157547,,,
8,20019,-0.03786091506481171,,,
8,20024,-0.011578971520066261,,,
8,20029,-0.031382929533720016,,,
8,20034,-0.05643520876765251,,,
8,20039,-0.05175989866256714,,,
8,20044,-0.06094112992286682,,,
8,20049,-0.04542187228798866,,,
8,20054,-0.056904662400484085,,,
8,20059,-0.04713425040245056,,,
8,20064,-0.05613848939538002,,,
8,20069,-0.044519320130348206,,,
8,20074,-0.03580322861671448,,,
8,20079,-0.06857792288064957,,,
8,20084,-0.03805875405669212,,,
8,20089,-0.030626730993390083,,,
8,20094,-0.034331612288951874,,,
8,20099,-0.043064363300800323,,,
8,20104,-0.06532547622919083,,,
8,20109,-0.05803108587861061,,,
8,20114,-0.03666490688920021,,,
8,20119,-0.023552503436803818,,,
8,20124,-0.034673646092414856,,,
8,20129,-0.05267496779561043,,,
8,20134,-0.05995264649391174,,,
8,20139,-0.035132572054862976,,,
8,20144,-0.046142853796482086,,,
8,20149,-0.05838310718536377,,,
8,20154,-0.02816547453403473,,,
8,20159,-0.055939435958862305,,,
8,20164,-0.03489932045340538,,,
8,20169,-0.07266707718372345,,,
8,20174,-0.04809723049402237,,,
8,20179,-0.027547236531972885,,,
8,20184,-0.04543286934494972,,,
8,20189,-0.05374578386545181,,,
8,20194,-0.03892817720770836,,,
8,20199,-0.03819924592971802,,,
8,20204,-0.02407965436577797,,,
8,20209,-0.044438622891902924,,,
8,20214,-0.0488625094294548,,,
8,20219,-0.038356076925992966,,,
8,20224,-0.033476345241069794,,,
8,20229,-0.054609496146440506,,,
8,20234,-0.045518215745687485,,,
8,20239,-0.06644908338785172,,,
8,20244,-0.05533427745103836,,,
8,20249,-0.053633611649274826,,,
8,20254,-0.0388973094522953,,,
8,20259,-0.031716518104076385,,,
8,20264,-0.0566682443022728,,,
8,20269,-0.0403280071914196,,,
8,20274,-0.03910430893301964,,,
8,20279,-0.04874259978532791,,,
8,20284,-0.027716215699911118,,,
8,20289,-0.04267146810889244,,,
8,20294,-0.05312379077076912,,,
8,20299,-0.03336767107248306,,,
8,20304,-0.055525392293930054,,,
8,20309,-0.049227453768253326,,,
8,20314,-0.03452387824654579,,,
8,20319,-0.054998621344566345,,,
8,20324,-0.01071888767182827,,,
8,20329,-0.05814247205853462,,,
8,20334,-0.08264211565256119,,,
8,20339,-0.050081752240657806,,,
8,20344,-0.043441079556941986,,,
8,20349,-0.04169124364852905,,,
8,20354,-0.031154122203588486,,,
8,20359,-0.06766097247600555,,,
8,20364,-0.045541487634181976,,,
8,20369,-0.052111174911260605,,,
8,20374,-0.03308132663369179,,,
8,20379,-0.04742927849292755,,,
8,20384,-0.017500966787338257,,,
8,20389,-0.061191923916339874,,,
8,20394,-0.04151079058647156,,,
8,20399,-0.045138031244277954,,,
8,20404,-0.06591974198818207,,,
8,20409,-0.05849399045109749,,,
8,20414,-0.01696467585861683,,,
8,20419,-0.03190198540687561,,,
8,20424,-0.033587392419576645,,,
8,20429,-0.04166308045387268,,,
8,20434,-0.05211494490504265,,,
8,20439,-0.06746697425842285,,,
8,20444,-0.08485271781682968,,,
8,20449,-0.0665300041437149,,,
8,20454,-0.006692454218864441,,,
8,20459,-0.050669338554143906,,,
8,20464,-0.04145967215299606,,,
8,20469,-0.03810117393732071,,,
8,20474,-0.04762684553861618,,,
8,20479,-0.056735798716545105,,,
8,20484,-0.05400073528289795,,,
8,20489,-0.04629923030734062,,,
8,20494,-0.03968876227736473,,,
8,20499,-0.04240863025188446,,,
8,20504,-0.055026084184646606,,,
8,20509,-0.04792945832014084,,,
8,20514,-0.03913439065217972,,,
8,20519,-0.025951070711016655,,,
8,20524,-0.03796505182981491,,,
8,20529,-0.03885575383901596,,,
8,20534,-0.018211059272289276,,,
8,20539,-0.02703387290239334,,,
8,20544,-0.06461626291275024,,,
8,20549,-0.04767658933997154,,,
8,20554,-0.057024285197257996,,,
8,20559,-0.05554889142513275,,,
8,20564,-0.05613452568650246,,,
8,20569,-0.035009052604436874,,,
8,20574,-0.04118025302886963,,,
8,20579,-0.046354085206985474,,,
8,20584,-0.04047490656375885,,,
8,20589,-0.0361916683614254,,,
8,20594,-0.040396373718976974,,,
8,20599,-0.04640604928135872,,,
8,20604,-0.0360310934484005,,,
8,20609,-0.006833122111856937,,,
8,20614,-0.053494393825531006,,,
8,20619,-0.055911872535943985,,,
8,20624,-0.04593517631292343,,,
8,20629,-0.03437201678752899,,,
8,20634,-0.04193020239472389,,,
8,20639,-0.0330558642745018,,,
8,20644,-0.05005974695086479,,,
8,20649,-0.05639483407139778,,,
8,20654,-0.041560616344213486,,,
8,20659,-0.05148833245038986,,,
8,20664,-0.03148558735847473,,,
8,20669,-0.0307716466486454,,,
8,20674,-0.028990061953663826,,,
8,20679,-0.045634735375642776,,,
8,20684,-0.0599510595202446,,,
8,20689,-0.037524234503507614,,,
8,20694,0.01961536705493927,,,
8,20699,-0.027834977954626083,,,
8,20704,-0.0526362806558609,,,
8,20709,-0.04029493406414986,,,
8,20714,-0.04016230255365372,,,
8,20719,-0.051461607217788696,,,
8,20724,-0.04098318889737129,,,
8,20729,-0.024975638836622238,,,
8,20734,-0.03189311921596527,,,
8,20739,-0.053664688020944595,,,
8,20744,-0.05520623177289963,,,
8,20749,-0.03876689448952675,,,
8,20754,-0.033786267042160034,,,
8,20759,-0.06214595586061478,,,
8,20764,-0.04127500578761101,,,
8,20769,-0.057325415313243866,,,
8,20774,-0.03788670897483826,,,
8,20779,-0.05279911309480667,,,
8,20784,-0.04346199706196785,,,
8,20789,-0.038049958646297455,,,
8,20794,-0.06957155466079712,,,
8,20799,-0.036878108978271484,,,
8,20804,-0.051479533314704895,,,
8,20809,-0.05675109475851059,,,
8,20814,-0.0377148762345314,,,
8,20819,-0.04078923165798187,,,
8,20824,-0.05383453890681267,,,
8,20829,-0.05368178337812424,,,
8,20834,-0.05438186973333359,,,
8,20839,-0.04226619377732277,,,
8,20844,-0.054407257586717606,,,
8,20849,-0.036972079426050186,,,
8,20854,-0.05945180729031563,,,
8,20859,-0.05329243093729019,,,
8,20864,-0.05646791681647301,,,
8,20869,-0.05900837481021881,,,
8,20874,-0.028402872383594513,,,
8,20879,-0.056593120098114014,,,
8,20884,-0.04889298230409622,,,
8,20889,-0.025011157616972923,,,
8,20894,-0.01759347878396511,,,
8,20899,-0.04988901689648628,,,
8,20904,-0.0486811026930809,,,
8,20909,0.12529145181179047,,,
8,20914,-0.0662851333618164,,,
8,20919,-0.038605451583862305,,,
8,20924,-0.04895356670022011,,,
8,20929,-0.04659944027662277,,,
8,20934,-0.06120443344116211,,,
8,20939,-0.06320018321275711,,,
8,20944,-0.03426612913608551,,,
8,20949,-0.01049848459661007,,,
8,20954,-0.03846599906682968,,,
8,20959,-0.043769471347332,,,
8,20964,-0.04313889890909195,,,
8,20969,-0.044356685131788254,,,
8,20974,-0.0657169446349144,,,
8,20979,-0.03368998318910599,,,
8,20984,-0.023063600063323975,,,
8,20989,-0.04958459734916687,,,
8,20994,-0.04349963366985321,,,
8,20999,-0.041065409779548645,,,
8,21004,-0.060675278306007385,,,
8,21009,-0.07238981872797012,,,
8,21014,-0.057077668607234955,,,
8,21019,-0.053737837821245193,,,
8,21024,-0.0324246771633625,,,
8,21029,-0.04742337390780449,,,
8,21034,-0.029813682660460472,,,
8,21039,-0.038695041090250015,,,
8,21044,-0.025275973603129387,,,
8,21049,-0.054409656673669815,,,
8,21054,-0.026643337681889534,,,
8,21059,-0.04432641714811325,,,
8,21064,-0.03276515007019043,,,
8,21069,-0.038839831948280334,,,
8,21074,-0.04812907427549362,,,
8,21079,-0.01835981197655201,,,
8,21084,-0.033729348331689835,,,
8,21089,-0.030585531145334244,,,
8,21094,-0.05078941583633423,,,
8,21099,-0.039269834756851196,,,
8,21104,-0.034168824553489685,,,
8,21109,-0.040039755403995514,,,
8,21114,-0.05619487538933754,,,
8,21119,-0.04887374863028526,,,
8,21124,-0.05116633325815201,,,
8,21129,-0.04521072655916214,,,
8,21134,-0.03982935845851898,,,
8,21139,-0.028285754844546318,,,
8,21144,-0.025862963870167732,,,
8,21149,-0.04613073915243149,,,
8,21154,-0.04234632849693298,,,
8,21159,-0.03675619512796402,,,
8,21164,-0.0455341637134552,,,
8,21169,-0.0634986087679863,,,
8,21174,-0.048897214233875275,,,
8,21179,-0.055616188794374466,,,
8,21184,-0.04186096787452698,,,
8,21189,-0.05577294901013374,,,
8,21194,-0.045020297169685364,,,
8,21199,-0.05069982260465622,,,
8,21204,-0.0344955250620842,,,
8,21209,-0.05193457007408142,,,
8,21214,-0.06809253245592117,,,
8,21219,-0.05159753933548927,,,
8,21224,-0.05770561471581459,,,
8,21229,-0.05670367181301117,,,
8,21234,-0.058655157685279846,,,
8,21239,-0.07351808995008469,,,
8,21244,-0.0351068340241909,,,
8,21249,-0.03848166763782501,,,
8,21254,-0.034235622733831406,,,
8,21259,-0.059845391660928726,,,
8,21264,-0.03752428665757179,,,
8,21269,-0.04640917852520943,,,
8,21274,-0.053415633738040924,,,
8,21279,-0.05531720444560051,,,
8,21284,-0.06711050122976303,,,
8,21289,-0.027199923992156982,,,
8,21294,-0.029594704508781433,,,
8,21299,-0.04926280304789543,,,
8,21304,-0.04357694089412689,,,
8,21309,-0.04181494191288948,,,
8,21314,-0.0494297593832016,,,
8,21319,-0.012589852325618267,,,
8,21324,-0.03562048450112343,,,
8,21329,-0.04047016054391861,,,
8,21334,-0.049045346677303314,,,
8,21339,-0.06530504673719406,,,
8,21344,-0.04999789595603943,,,
8,21349,-0.027181854471564293,,,
8,21354,-0.061106160283088684,,,
8,21359,-0.04339265078306198,,,
8,21364,-0.05033265799283981,,,
8,21369,-0.02253730222582817,,,
8,21374,-0.042710185050964355,,,
8,21379,-0.021804310381412506,,,
8,21384,-0.048494867980480194,,,
8,21389,-0.04062419384717941,,,
8,21394,-0.0325198732316494,,,
8,21399,-0.04133887588977814,,,
8,21404,-0.030946247279644012,,,
8,21409,-0.048011451959609985,,,
8,21414,-0.04884602874517441,,,
8,21419,-0.05384712666273117,,,
8,21424,-0.018333962187170982,,,
8,21429,-0.05646061152219772,,,
8,21434,-0.053413134068250656,,,
8,21439,-0.043458327651023865,,,
8,21444,-0.03042834997177124,,,
8,21449,-0.04400616139173508,,,
8,21454,-0.05414295569062233,,,
8,21459,-0.006087512709200382,,,
8,21464,-0.010118229314684868,,,
8,21469,-0.055067986249923706,,,
8,21474,-0.06208480894565582,,,
8,21479,-0.044588059186935425,,,
8,21484,-0.051832254976034164,,,
8,21489,-0.03409518301486969,,,
8,21494,-0.06971392035484314,,,
8,21499,-0.037678610533475876,,,
8,21504,-0.01449957862496376,,,
8,21509,-0.033483631908893585,,,
8,21514,-0.043014489114284515,,,
8,21519,-0.03286062180995941,,,
8,21524,-0.022600851953029633,,,
8,21529,-0.04219342768192291,,,
8,21534,-0.052723295986652374,,,
8,21539,-0.0540417805314064,,,
8,21544,-0.009280703030526638,,,
8,21549,-0.0441196970641613,,,
8,21554,-0.03955935314297676,,,
8,21559,-0.062262870371341705,,,
8,21564,-0.04635605216026306,,,
8,21569,-0.04746680706739426,,,
8,21574,-0.049518194049596786,,,
8,21579,-0.04689887538552284,,,
8,21584,-0.03946322575211525,,,
8,21589,-0.017470303922891617,,,
8,21594,-0.050700344145298004,,,
8,21599,-0.052870240062475204,,,
8,21604,-0.05294787138700485,,,
8,21609,-0.05649004504084587,,,
8,21614,-0.021260788664221764,,,
8,21619,-0.05111020430922508,,,
8,21624,-0.04938315227627754,,,
8,21629,-0.03886333107948303,,,
8,21634,0.0021020080894231796,,,
8,21639,-0.06180956959724426,,,
8,21644,-0.05688256397843361,,,
8,21649,-0.0682891458272934,,,
8,21654,-0.060294050723314285,,,
8,21659,-0.04870344325900078,,,
8,21664,-0.04927903413772583,,,
8,21669,-0.05486229434609413,,,
8,21674,-0.05409249663352966,,,
8,21679,-0.04984809458255768,,,
8,21684,-0.04744633659720421,,,
8,21689,-0.035079024732112885,,,
8,21694,-0.053506821393966675,,,
8,21699,-0.03381834924221039,,,
8,21704,-0.052366454154253006,,,
8,21709,-0.041136883199214935,,,
8,21714,-0.04634206369519234,,,
8,21719,-0.042031582444906235,,,
8,21724,-0.03438803181052208,,,
8,21729,-0.04621635749936104,,,
8,21734,-0.038234926760196686,,,
8,21739,-0.04389568418264389,,,
8,21744,-0.06946927309036255,,,
8,21749,-0.07556057721376419,,,
8,21754,-0.06788626313209534,,,
8,21759,-0.033994581550359726,,,
8,21764,-0.026064319536089897,,,
8,21769,-0.0492042601108551,,,
8,21774,-0.03578507527709007,,,
8,21779,-0.05561595782637596,,,
8,21784,-0.04332676902413368,,,
8,21789,-0.048015739768743515,,,
8,21794,-0.05208077281713486,,,
8,21799,-0.03889571875333786,,,
8,21804,-0.0523136742413044,,,
8,21809,-0.04923522472381592,,,
8,21814,-0.050176043063402176,,,
8,21819,-0.07054714113473892,,,
8,21824,-0.06209166347980499,,,
8,21829,-0.04508054256439209,,,
8,21834,-0.043816886842250824,,,
8,21839,-0.011710935272276402,,,
8,21844,-0.03320614993572235,,,
8,21849,-0.025843627750873566,,,
8,21854,-0.03200961649417877,,,
8,21859,-0.03375905379652977,,,
8,21864,-0.02903999201953411,,,
8,21869,-0.03397545590996742,,,
8,21874,-0.03366777300834656,,,
8,21879,-0.059770308434963226,,,
8,21884,-0.03743887320160866,,,
8,21889,-0.041499145328998566,,,
8,21894,-0.04835997521877289,,,
8,21899,-0.03480717912316322,,,
8,21904,-0.06380054354667664,,,
8,21909,-0.04657150059938431,,,
8,21914,-0.05641891434788704,,,
8,21919,-0.031051337718963623,,,
8,21924,-0.0316581204533577,,,
8,21929,-0.032154861837625504,,,
8,21934,-0.04219488427042961,,,
8,21939,-0.03607318922877312,,,
8,21944,-0.03801284357905388,,,
8,21949,-0.04859466478228569,,,
8,21954,-0.037783198058605194,,,
8,21959,-0.04208732396364212,,,
8,21964,-0.022888289764523506,,,
8,21969,-0.024030115455389023,,,
8,21974,-0.04791928082704544,,,
8,21979,-0.03966386616230011,,,
8,21984,-0.05966033786535263,,,
8,21989,-0.04560410976409912,,,
8,21994,-0.03505098447203636,,,
8,21999,-0.041739847511053085,,,
8,22004,-0.03883712366223335,,,
8,22009,-0.04369841143488884,,,
8,22014,-0.05039779469370842,,,
8,22019,-0.04310620203614235,,,
8,22024,-0.04342598468065262,,,
8,22029,-0.05712156742811203,,,
8,22034,-0.059313345700502396,,,
8,22039,-0.018278732895851135,,,
8,22044,-0.058940544724464417,,,
8,22049,-0.05003960430622101,,,
8,22054,-0.043073978275060654,,,
8,22059,-0.061225809156894684,,,
8,22064,-0.046931374818086624,,,
8,22069,-0.051257237792015076,,,
8,22074,-0.03237994760274887,,,
8,22079,-0.05733676627278328,,,
8,22084,-0.008960813283920288,,,
8,22089,-0.01783527433872223,,,
8,22094,-0.04239727929234505,,,
8,22099,-0.0443836972117424,,,
8,22104,-0.039874378591775894,,,
8,22109,-0.051616787910461426,,,
8,22114,-0.05366603285074234,,,
8,22119,-0.05500780791044235,,,
8,22124,-0.0370679646730423,,,
8,22129,-0.026154981926083565,,,
8,22134,-0.02353312447667122,,,
8,22139,-0.029281407594680786,,,
8,22144,-0.052179452031850815,,,
8,22149,-0.055429987609386444,,,
8,22154,-0.06581427156925201,,,
8,22159,-0.058478593826293945,,,
8,22164,-0.03806333616375923,,,
8,22169,-0.03914647549390793,,,
8,22174,-0.04762529954314232,,,
8,22179,-0.051397182047367096,,,
8,22184,-0.0526043176651001,,,
8,22189,-0.038174279034137726,,,
8,22194,-0.03582452982664108,,,
8,22199,-0.045437559485435486,,,
8,22204,-0.0526728555560112,,,
8,22209,-0.08741229772567749,,,
8,22214,-0.03704740107059479,,,
8,22219,-0.05428997427225113,,,
8,22224,-0.034545280039310455,,,
8,22229,-0.03625975921750069,,,
8,22234,-0.023196183145046234,,,
8,22239,-0.040353406220674515,,,
8,22244,-0.035599734634160995,,,
8,22249,-0.03801609203219414,,,
8,22254,-0.05426338315010071,,,
8,22259,-0.039506055414676666,,,
8,22264,-0.07139159739017487,,,
8,22269,-0.03703654929995537,,,
8,22274,-0.049420297145843506,,,
8,22279,-0.049493610858917236,,,
8,22284,-0.012457714416086674,,,
8,22289,-0.04637568071484566,,,
8,22294,-0.04703277722001076,,,
8,22299,-0.031280599534511566,,,
8,22304,-0.05366786941885948,,,
8,22309,-0.05069199204444885,,,
8,22314,-0.05800861865282059,,,
8,22319,-0.04212126508355141,,,
8,22324,-0.03415795788168907,,,
8,22329,-0.04362285137176514,,,
8,22334,-0.04574253037571907,,,
8,22339,-0.06899960339069366,,,
8,22344,-0.037727341055870056,,,
8,22349,-0.03692194074392319,,,
8,22354,-0.06013212725520134,,,
8,22359,-0.05490241199731827,,,
8,22364,-0.05069785565137863,,,
8,22369,-0.0659039169549942,,,
8,22374,-0.07235566526651382,,,
8,22379,-0.05883710831403732,,,
8,22384,-0.01998605579137802,,,
8,22389,-0.03938237577676773,,,
8,22394,-0.018831927329301834,,,
8,22399,-0.0618027038872242,,,
8,22404,-0.06603914499282837,,,
8,22409,-0.06087300553917885,,,
8,22414,-0.06395377963781357,,,
8,22419,-0.040088359266519547,,,
8,22424,-0.035636723041534424,,,
8,22429,-0.06004489213228226,,,
8,22434,-0.045369505882263184,,,
8,22439,-0.050539981573820114,,,
8,22444,-0.0514964833855629,,,
8,22449,-0.04919594153761864,,,
8,22454,-0.05551406368613243,,,
8,22459,-0.05134471505880356,,,
8,22464,-0.037682197988033295,,,
8,22469,-0.040883444249629974,,,
8,22474,-0.05758066475391388,,,
8,22479,-0.03991606459021568,,,
8,22484,-0.04561725631356239,,,
8,22489,-0.03301817923784256,,,
8,22494,-0.032963577657938004,,,
8,22499,-0.05367707088589668,,,
8,22499,,-0.04105199873447418,0.3382999897003174,0.638200581073761
9,22504,-0.05187498405575752,,,
9,22509,-0.03718488663434982,,,
9,22514,-0.03393493965268135,,,
9,22519,-0.03517436981201172,,,
9,22524,-0.04456981644034386,,,
9,22529,-0.03444214537739754,,,
9,22534,-0.03156399354338646,,,
9,22539,-0.054644979536533356,,,
9,22544,-0.03278074413537979,,,
9,22549,-0.0529436431825161,,,
9,22554,-0.04050527513027191,,,
9,22559,-0.04450979828834534,,,
9,22564,-0.054249800741672516,,,
9,22569,-0.05388597771525383,,,
9,22574,-0.034909430891275406,,,
9,22579,-0.04793984442949295,,,
9,22584,-0.05173220857977867,,,
9,22589,-0.024656541645526886,,,
9,22594,-0.054303593933582306,,,
9,22599,-0.05136173963546753,,,
9,22604,-0.04739546775817871,,,
9,22609,-0.05007009580731392,,,
9,22614,-0.07130081951618195,,,
9,22619,-0.053987160325050354,,,
9,22624,-0.03989320248365402,,,
9,22629,-0.03395523503422737,,,
9,22634,-0.04571383446455002,,,
9,22639,-0.042739637196063995,,,
9,22644,-0.053123775869607925,,,
9,22649,-0.053114376962184906,,,
9,22654,-0.05313165485858917,,,
9,22659,-0.05359872058033943,,,
9,22664,-0.03608432039618492,,,
9,22669,-0.021191468462347984,,,
9,22674,-0.017643146216869354,,,
9,22679,-0.05640942603349686,,,
9,22684,-0.0038207420147955418,,,
9,22689,-0.056799132376909256,,,
9,22694,-0.02794300764799118,,,
9,22699,-0.04819022864103317,,,
9,22704,-0.04500612989068031,,,
9,22709,-0.06242390349507332,,,
9,22714,-0.05227123945951462,,,
9,22719,-0.04195087403059006,,,
9,22724,-0.04682067781686783,,,
9,22729,-0.03011971525847912,,,
9,22734,-0.05227866768836975,,,
9,22739,-0.05026886612176895,,,
9,22744,-0.044607870280742645,,,
9,22749,-0.04006155952811241,,,
9,22754,-0.06502166390419006,,,
9,22759,-0.038026727735996246,,,
9,22764,-0.03371364623308182,,,
9,22769,-0.029063178226351738,,,
9,22774,-0.034681763499975204,,,
9,22779,-0.051883477717638016,,,
9,22784,-0.030195623636245728,,,
9,22789,-0.048291102051734924,,,
9,22794,-0.00988806039094925,,,
9,22799,-0.05107875168323517,,,
9,22804,-0.023249538615345955,,,
9,22809,-0.040862079709768295,,,
9,22814,-0.037693608552217484,,,
9,22819,-0.04064071923494339,,,
9,22824,-0.05308543145656586,,,
9,22829,-0.05612196400761604,,,
9,22834,-0.05492149293422699,,,
9,22839,-0.04252620041370392,,,
9,22844,-0.046650297939777374,,,
9,22849,-0.046966079622507095,,,
9,22854,-0.04195426031947136,,,
9,22859,-0.051871009171009064,,,
9,22864,-0.035240545868873596,,,
9,22869,-0.03920329362154007,,,
9,22874,-0.061683379113674164,,,
9,22879,-0.02200646698474884,,,
9,22884,-0.04264466464519501,,,
9,22889,-0.07457379251718521,,,
9,22894,-0.039143797010183334,,,
9,22899,-0.03644346445798874,,,
9,22904,-0.07589811831712723,,,
9,22909,-0.039756741374731064,,,
9,22914,0.01612994633615017,,,
9,22919,-0.05157060921192169,,,
9,22924,-0.046338409185409546,,,
9,22929,-0.026693135499954224,,,
9,22934,-0.06004771590232849,,,
9,22939,-0.029289038851857185,,,
9,22944,-0.026333460584282875,,,
9,22949,-0.059140704572200775,,,
9,22954,-0.046984076499938965,,,
9,22959,-0.051674630492925644,,,
9,22964,-0.06389143317937851,,,
9,22969,-0.04005062207579613,,,
9,22974,-0.053578369319438934,,,
9,22979,-0.05418121814727783,,,
9,22984,-0.006896973587572575,,,
9,22989,-0.04263957962393761,,,
9,22994,-0.04187862575054169,,,
9,22999,-0.035148605704307556,,,
9,23004,-0.03492225706577301,,,
9,23009,-0.04006856679916382,,,
9,23014,-0.018297631293535233,,,
9,23019,-0.04963444545865059,,,
9,23024,-0.0323481447994709,,,
9,23029,-0.05805079638957977,,,
9,23034,-0.04387326538562775,,,
9,23039,-0.047873083502054214,,,
9,23044,-0.03499188274145126,,,
9,23049,-0.031283698976039886,,,
9,23054,-0.04946544021368027,,,
9,23059,-0.03590068966150284,,,
9,23064,-0.04338569939136505,,,
9,23069,-0.031928978860378265,,,
9,23074,-0.03806989639997482,,,
9,23079,-0.03024269826710224,,,
9,23084,-0.05947112664580345,,,
9,23089,-0.058186184614896774,,,
9,23094,-0.051095232367515564,,,
9,23099,-0.03302751109004021,,,
9,23104,-0.0442814901471138,,,
9,23109,-0.019000807777047157,,,
9,23114,-0.05214851722121239,,,
9,23119,-0.06585721671581268,,,
9,23124,-0.03284728527069092,,,
9,23129,-0.05159948021173477,,,
9,23134,-0.0435992106795311,,,
9,23139,-0.055720940232276917,,,
9,23144,-0.04154081642627716,,,
9,23149,-0.056251540780067444,,,
9,23154,-0.0470752939581871,,,
9,23159,-0.06081279367208481,,,
9,23164,-0.04681354761123657,,,
9,23169,-0.05050206184387207,,,
9,23174,-0.06027311086654663,,,
9,23179,-0.04473467171192169,,,
9,23184,-0.052111752331256866,,,
9,23189,-0.051041483879089355,,,
9,23194,-0.051354069262742996,,,
9,23199,-0.03352252393960953,,,
9,23204,-0.05233095586299896,,,
9,23209,-0.04024631530046463,,,
9,23214,-0.04248011112213135,,,
9,23219,-0.04174016788601875,,,
9,23224,-0.03623276203870773,,,
9,23229,-0.026013348251581192,,,
9,23234,-0.017900653183460236,,,
9,23239,-0.054443225264549255,,,
9,23244,-0.02444528043270111,,,
9,23249,-0.0401541143655777,,,
9,23254,-0.05675148591399193,,,
9,23259,-0.046102602034807205,,,
9,23264,-0.008646510541439056,,,
9,23269,-0.03734198585152626,,,
9,23274,-0.037470556795597076,,,
9,23279,-0.054387737065553665,,,
9,23284,-0.04942233860492706,,,
9,23289,-0.005428331438452005,,,
9,23294,-0.05137248337268829,,,
9,23299,-0.04506031051278114,,,
9,23304,-0.02438315935432911,,,
9,23309,-0.0338580422103405,,,
9,23314,-0.07839294523000717,,,
9,23319,-0.05241154879331589,,,
9,23324,-0.05321420729160309,,,
9,23329,-0.039487943053245544,,,
9,23334,-0.0691596120595932,,,
9,23339,-0.039568912237882614,,,
9,23344,-0.03603535145521164,,,
9,23349,-0.05171548202633858,,,
9,23354,-0.029903527349233627,,,
9,23359,-0.060113728046417236,,,
9,23364,-0.04642172157764435,,,
9,23369,-0.04898414760828018,,,
9,23374,-0.05993498116731644,,,
9,23379,-0.02965814247727394,,,
9,23384,-0.06561426818370819,,,
9,23389,-0.033049531280994415,,,
9,23394,-0.04176166281104088,,,
9,23399,-0.05752592906355858,,,
9,23404,-0.049740035086870193,,,
9,23409,-0.05439404025673866,,,
9,23414,-0.021328669041395187,,,
9,23419,-0.05120176821947098,,,
9,23424,-0.04391730949282646,,,
9,23429,-0.056223154067993164,,,
9,23434,-0.05068090558052063,,,
9,23439,-0.03563129901885986,,,
9,23444,-0.06177975982427597,,,
9,23449,-0.02345135062932968,,,
9,23454,-0.055352434515953064,,,
9,23459,-0.05158580467104912,,,
9,23464,-0.04631665721535683,,,
9,23469,-0.04644417762756348,,,
9,23474,-0.054450493305921555,,,
9,23479,-0.04030882194638252,,,
9,23484,-0.031921759247779846,,,
9,23489,-0.02869999408721924,,,
9,23494,-0.050700340420007706,,,
9,23499,-0.06149328500032425,,,
9,23504,-0.0565858893096447,,,
9,23509,-0.03705441579222679,,,
9,23514,-0.024699809029698372,,,
9,23519,-0.02114257961511612,,,
9,23524,-0.03878876194357872,,,
9,23529,-0.059239815920591354,,,
9,23534,-0.05709613114595413,,,
9,23539,-0.04327313229441643,,,
9,23544,-0.06868470460176468,,,
9,23549,-0.06410502642393112,,,
9,23554,-0.04336758702993393,,,
9,23559,-0.03810815513134003,,,
9,23564,-0.028691710904240608,,,
9,23569,-0.04453375190496445,,,
9,23574,-0.037209395319223404,,,
9,23579,-0.06206779554486275,,,
9,23584,-0.025440683588385582,,,
9,23589,-0.052577655762434006,,,
9,23594,-0.052856769412755966,,,
9,23599,-0.05652298033237457,,,
9,23604,-0.035711079835891724,,,
9,23609,-0.03658651188015938,,,
9,23614,-0.03435945510864258,,,
9,23619,-0.07386642694473267,,,
9,23624,-0.05292979255318642,,,
9,23629,-0.04779506474733353,,,
9,23634,-0.05827781930565834,,,
9,23639,-0.034888856112957,,,
9,23644,-0.040338244289159775,,,
9,23649,-0.06613825261592865,,,
9,23654,-0.05104498565196991,,,
9,23659,-0.04677041992545128,,,
9,23664,-0.051497891545295715,,,
9,23669,-0.07463125884532928,,,
9,23674,-0.030809875577688217,,,
9,23679,-0.05794837325811386,,,
9,23684,-0.03440282493829727,,,
9,23689,-0.05122092366218567,,,
9,23694,-0.03150281682610512,,,
9,23699,-0.027866175398230553,,,
9,23704,-0.045147206634283066,,,
9,23709,-0.0578945055603981,,,
9,23714,-0.030618662014603615,,,
9,23719,-0.029185043647885323,,,
9,23724,-0.06459951400756836,,,
9,23729,-0.054314024746418,,,
9,23734,-0.027052568271756172,,,
9,23739,-0.030354291200637817,,,
9,23744,-0.033831916749477386,,,
9,23749,-0.027659717947244644,,,
9,23754,-0.04102924466133118,,,
9,23759,-0.05412914603948593,,,
9,23764,-0.032859817147254944,,,
9,23769,-0.025793025270104408,,,
9,23774,-0.04395408555865288,,,
9,23779,-0.056776344776153564,,,
9,23784,-0.03731665760278702,,,
9,23789,-0.05504622682929039,,,
9,23794,-0.032871805131435394,,,
9,23799,-0.025886299088597298,,,
9,23804,-0.04515594244003296,,,
9,23809,-0.051422782242298126,,,
9,23814,-0.05414004623889923,,,
9,23819,-0.0517423041164875,,,
9,23824,-0.027473075315356255,,,
9,23829,-0.04923074319958687,,,
9,23834,-0.04918200522661209,,,
9,23839,-0.053110335022211075,,,
9,23844,-0.04370991885662079,,,
9,23849,-0.0597141869366169,,,
9,23854,-0.04780305176973343,,,
9,23859,-0.046864479780197144,,,
9,23864,-0.03338589519262314,,,
9,23869,-0.05324654281139374,,,
9,23874,-0.0524405762553215,,,
9,23879,-0.05801814794540405,,,
9,23884,-0.04102235659956932,,,
9,23889,-0.03597230464220047,,,
9,23894,-0.03639489784836769,,,
9,23899,-0.04718535393476486,,,
9,23904,-0.05483167991042137,,,
9,23909,-0.06564853340387344,,,
9,23914,-0.01355400588363409,,,
9,23919,-0.03103269264101982,,,
9,23924,-0.0674792230129242,,,
9,23929,-0.023705899715423584,,,
9,23934,-0.05699360370635986,,,
9,23939,-0.04125618189573288,,,
9,23944,-0.04580201581120491,,,
9,23949,-0.012683236040174961,,,
9,23954,-0.030818402767181396,,,
9,23959,-0.058608971536159515,,,
9,23964,-0.04182157665491104,,,
9,23969,-0.03051850199699402,,,
9,23974,-0.05017612874507904,,,
9,23979,-0.04924498125910759,,,
9,23984,-0.04710337892174721,,,
9,23989,-0.06694605946540833,,,
9,23994,-0.017821896821260452,,,
9,23999,-0.058165110647678375,,,
9,24004,-0.04081343859434128,,,
9,24009,-0.05906391143798828,,,
9,24014,-0.029512103646993637,,,
9,24019,-0.023239871487021446,,,
9,24024,-0.04532058537006378,,,
9,24029,-0.06787718087434769,,,
9,24034,-0.044164594262838364,,,
9,24039,-0.03971279785037041,,,
9,24044,-0.03802327439188957,,,
9,24049,-0.045406654477119446,,,
9,24054,-0.05169031023979187,,,
9,24059,-0.06129506230354309,,,
9,24064,-0.026632025837898254,,,
9,24069,-0.03757418692111969,,,
9,24074,-0.06689003854990005,,,
9,24079,-0.03390185907483101,,,
9,24084,-0.044176388531923294,,,
9,24089,-0.05517733842134476,,,
9,24094,-0.04438217729330063,,,
9,24099,-0.035505712032318115,,,
9,24104,-0.0519862063229084,,,
9,24109,-0.029990609735250473,,,
9,24114,-0.0339130163192749,,,
9,24119,-0.04523541405797005,,,
9,24124,-0.06571439653635025,,,
9,24129,-0.047925662249326706,,,
9,24134,-0.0533674992620945,,,
9,24139,-0.060980092734098434,,,
9,24144,-0.02497177943587303,,,
9,24149,-0.024018511176109314,,,
9,24154,-0.0522855669260025,,,
9,24159,-0.05250590294599533,,,
9,24164,-0.05689119175076485,,,
9,24169,-0.04477673023939133,,,
9,24174,-0.05398770421743393,,,
9,24179,-0.04432010278105736,,,
9,24184,-0.040073346346616745,,,
9,24189,-0.03507557138800621,,,
9,24194,-0.04261479154229164,,,
9,24199,-0.056823257356882095,,,
9,24204,-0.045260798186063766,,,
9,24209,-0.03750070184469223,,,
9,24214,-0.05286388844251633,,,
9,24219,-0.04338177666068077,,,
9,24224,-0.05512586236000061,,,
9,24229,-0.05332786589860916,,,
9,24234,-0.02769644930958748,,,
9,24239,-0.025310099124908447,,,
9,24244,-0.03948531299829483,,,
9,24249,-0.03718819096684456,,,
9,24254,-0.05595405399799347,,,
9,24259,-0.03859211876988411,,,
9,24264,-0.05174817889928818,,,
9,24269,-0.010752083733677864,,,
9,24274,-0.04682698845863342,,,
9,24279,-0.05104947090148926,,,
9,24284,-0.03453250229358673,,,
9,24289,-0.050946734845638275,,,
9,24294,-0.03038247674703598,,,
9,24299,-0.06242615729570389,,,
9,24304,-0.05126332864165306,,,
9,24309,-0.030683793127536774,,,
9,24314,-0.03547724336385727,,,
9,24319,-0.058139726519584656,,,
9,24324,-0.04848719388246536,,,
9,24329,-0.03341243788599968,,,
9,24334,-0.045404620468616486,,,
9,24339,-0.04973975196480751,,,
9,24344,-0.03630964457988739,,,
9,24349,-0.051877446472644806,,,
9,24354,-0.0260591022670269,,,
9,24359,-0.05115202069282532,,,
9,24364,-0.05998546630144119,,,
9,24369,-0.026241574436426163,,,
9,24374,-0.04368400573730469,,,
9,24379,-0.019379451870918274,,,
9,24384,-0.04240834712982178,,,
9,24389,-0.05619718134403229,,,
9,24394,-0.029836632311344147,,,
9,24399,-0.03663552552461624,,,
9,24404,-0.037228167057037354,,,
9,24409,-0.07285855710506439,,,
9,24414,-0.034732237458229065,,,
9,24419,-0.01344156265258789,,,
9,24424,-0.07264035940170288,,,
9,24429,-0.053604163229465485,,,
9,24434,-0.053154394030570984,,,
9,24439,-0.0475476011633873,,,
9,24444,-0.03893627971410751,,,
9,24449,-0.049883145838975906,,,
9,24454,-0.04802950844168663,,,
9,24459,-0.021455273032188416,,,
9,24464,-0.024054821580648422,,,
9,24469,-0.03635334223508835,,,
9,24474,-0.046375904232263565,,,
9,24479,-0.02353900671005249,,,
9,24484,-0.03611031174659729,,,
9,24489,-0.05591147392988205,,,
9,24494,-0.05132561922073364,,,
9,24499,-0.05219855159521103,,,
9,24504,-0.06834233552217484,,,
9,24509,-0.048908546566963196,,,
9,24514,-0.036485835909843445,,,
9,24519,-0.048071008175611496,,,
9,24524,-0.044607602059841156,,,
9,24529,-0.052018579095602036,,,
9,24534,-0.057495445013046265,,,
9,24539,-0.04900338873267174,,,
9,24544,-0.06662322580814362,,,
9,24549,-0.05752737820148468,,,
9,24554,-0.04765158146619797,,,
9,24559,-0.03432205691933632,,,
9,24564,0.012090262956917286,,,
9,24569,-0.04753392934799194,,,
9,24574,-0.044305138289928436,,,
9,24579,-0.023635193705558777,,,
9,24584,-0.055645979940891266,,,
9,24589,-0.015971515327692032,,,
9,24594,-0.04803024232387543,,,
9,24599,-0.04583597555756569,,,
9,24604,-0.06795939803123474,,,
9,24609,-0.05630410835146904,,,
9,24614,-0.05769908428192139,,,
9,24619,-0.043413594365119934,,,
9,24624,-0.032761964946985245,,,
9,24629,-0.02988121472299099,,,
9,24634,-0.01801147311925888,,,
9,24639,-0.042652297765016556,,,
9,24644,-0.05506257712841034,,,
9,24649,-0.028805673122406006,,,
9,24654,-0.04349782317876816,,,
9,24659,-0.0520641952753067,,,
9,24664,-0.0464673675596714,,,
9,24669,-0.05249495804309845,,,
9,24674,0.04297496750950813,,,
9,24679,-0.028516355901956558,,,
9,24684,-0.045285217463970184,,,
9,24689,-0.05711716413497925,,,
9,24694,-0.025359338149428368,,,
9,24699,-0.05584818124771118,,,
9,24704,-0.03979980945587158,,,
9,24709,-0.03514325991272926,,,
9,24714,-0.038845233619213104,,,
9,24719,-0.06375625729560852,,,
9,24724,-0.03552673012018204,,,
9,24729,-0.016535863280296326,,,
9,24734,-0.046462394297122955,,,
9,24739,-0.0495101660490036,,,
9,24744,-0.03755737096071243,,,
9,24749,-0.06472374498844147,,,
9,24754,-0.05057983472943306,,,
9,24759,-0.039980001747608185,,,
9,24764,-0.03341668099164963,,,
9,24769,-0.042194996029138565,,,
9,24774,-0.04904915392398834,,,
9,24779,-0.0732106938958168,,,
9,24784,-0.04102957621216774,,,
9,24789,-0.0619969442486763,,,
9,24794,-0.006952578201889992,,,
9,24799,-0.03127839416265488,,,
9,24804,-0.00599674042314291,,,
9,24809,-0.05385803431272507,,,
9,24814,-0.04650142043828964,,,
9,24819,-0.04011191055178642,,,
9,24824,-0.061306849122047424,,,
9,24829,-0.03926648199558258,,,
9,24834,-0.05771414563059807,,,
9,24839,-0.04119206592440605,,,
9,24844,-0.05480397120118141,,,
9,24849,-0.04252631962299347,,,
9,24854,-0.04965299740433693,,,
9,24859,-0.048637427389621735,,,
9,24864,-0.038103993982076645,,,
9,24869,-0.05893940478563309,,,
9,24874,-0.007000436075031757,,,
9,24879,-0.04878782108426094,,,
9,24884,-0.05679212510585785,,,
9,24889,-0.061513371765613556,,,
9,24894,-0.032115962356328964,,,
9,24899,-0.041497450321912766,,,
9,24904,-0.05354195088148117,,,
9,24909,-0.03447183594107628,,,
9,24914,-0.055344559252262115,,,
9,24919,-0.06423959881067276,,,
9,24924,-0.03244940936565399,,,
9,24929,-0.040792446583509445,,,
9,24934,-0.024405647069215775,,,
9,24939,-0.047465018928050995,,,
9,24944,-0.03710015118122101,,,
9,24949,-0.035948965698480606,,,
9,24954,-0.04789723455905914,,,
9,24959,-0.059354640543460846,,,
9,24964,-0.03635860234498978,,,
9,24969,-0.05563942342996597,,,
9,24974,-0.050424352288246155,,,
9,24979,-0.04541909694671631,,,
9,24984,-0.04561604559421539,,,
9,24989,-0.04178853705525398,,,
9,24994,-0.01094830222427845,,,
9,24999,-0.05653193220496178,,,
9,24999,,-0.04626719281077385,0.35030001401901245,0.6573431491851807
10,25004,-0.07162311673164368,,,
10,25009,-0.059494052082300186,,,
10,25014,-0.04089510068297386,,,
10,25019,-0.029118480160832405,,,
10,25024,-0.015095471404492855,,,
10,25029,-0.036598797887563705,,,
10,25034,-0.05042999982833862,,,
10,25039,-0.0518663227558136,,,
10,25044,-0.03512849286198616,,,
10,25049,-0.046060558408498764,,,
10,25054,-0.039595723152160645,,,
10,25059,-0.048368219286203384,,,
10,25064,-0.04156908765435219,,,
10,25069,-0.03410337120294571,,,
10,25074,-0.02924191579222679,,,
10,25079,-0.04946255683898926,,,
10,25084,-0.045401714742183685,,,
10,25089,-0.06062477082014084,,,
10,25094,-0.026273759081959724,,,
10,25099,-0.056413739919662476,,,
10,25104,-0.053458042442798615,,,
10,25109,-0.046306587755680084,,,
10,25114,-0.0175020694732666,,,
10,25119,-0.04200521856546402,,,
10,25124,-0.037673793733119965,,,
10,25129,-0.041223227977752686,,,
10,25134,-0.03763148561120033,,,
10,25139,-0.03149154409766197,,,
10,25144,-0.043113019317388535,,,
10,25149,-0.022794488817453384,,,
10,25154,-0.03898642957210541,,,
10,25159,-0.053073275834321976,,,
10,25164,-0.03942267596721649,,,
10,25169,-0.04416660591959953,,,
10,25174,-0.06820135563611984,,,
10,25179,-0.024074560031294823,,,
10,25184,-0.03231875225901604,,,
10,25189,-0.04236719757318497,,,
10,25194,-0.05308724194765091,,,
10,25199,-0.03903217986226082,,,
10,25204,-0.04200280085206032,,,
10,25209,-0.03967130929231644,,,
10,25214,-0.05891946330666542,,,
10,25219,-0.03686615824699402,,,
10,25224,-0.04458921030163765,,,
10,25229,-0.052914101630449295,,,
10,25234,-0.05377927049994469,,,
10,25239,-0.053852252662181854,,,
10,25244,-0.05888356640934944,,,
10,25249,-0.03962962329387665,,,
10,25254,-0.04305722564458847,,,
10,25259,-0.06008404865860939,,,
10,25264,-0.041868939995765686,,,
10,25269,-0.038096021860837936,,,
10,25274,-0.010488433763384819,,,
10,25279,-0.05352677404880524,,,
10,25284,-0.0499829426407814,,,
10,25289,-0.043156202882528305,,,
10,25294,-0.04611369967460632,,,
10,25299,-0.06139639392495155,,,
10,25304,-0.02980629727244377,,,
10,25309,-0.04008331522345543,,,
10,25314,-0.05455576628446579,,,
10,25319,-0.044380951672792435,,,
10,25324,-0.059778906404972076,,,
10,25329,-0.05972170829772949,,,
10,25334,-0.042316898703575134,,,
10,25339,-0.03935575112700462,,,
10,25344,-0.0535692535340786,,,
10,25349,-0.06897926330566406,,,
10,25354,-0.050198744982481,,,
10,25359,-0.050759490579366684,,,
10,25364,-0.05037740617990494,,,
10,25369,-0.03836984932422638,,,
10,25374,-0.04291040077805519,,,
10,25379,-0.04454325512051582,,,
10,25384,-0.028485402464866638,,,
10,25389,-0.035503946244716644,,,
10,25394,-0.06035412847995758,,,
10,25399,-0.04493633285164833,,,
10,25404,-0.0596441775560379,,,
10,25409,-0.009630627930164337,,,
10,25414,-0.038587786257267,,,
10,25419,-0.03945975750684738,,,
10,25424,-0.05612694472074509,,,
10,25429,-0.003160585416480899,,,
10,25434,-0.04754117876291275,,,
10,25439,-0.0401923842728138,,,
10,25444,-0.04010917991399765,,,
10,25449,-0.050696637481451035,,,
10,25454,-0.03442763537168503,,,
10,25459,-0.038871027529239655,,,
10,25464,-0.05757082253694534,,,
10,25469,-0.04171629250049591,,,
10,25474,-0.04240461066365242,,,
10,25479,-0.023518256843090057,,,
10,25484,-0.02523326314985752,,,
10,25489,-0.05814899876713753,,,
10,25494,-0.035551682114601135,,,
10,25499,-0.033380474895238876,,,
10,25504,-0.06825120747089386,,,
10,25509,-0.024057243019342422,,,
10,25514,-0.030005551874637604,,,
10,25519,-0.038643211126327515,,,
10,25524,-0.016706176102161407,,,
10,25529,-0.02881431207060814,,,
10,25534,-0.04711451753973961,,,
10,25539,-0.048175424337387085,,,
10,25544,-0.03717175871133804,,,
10,25549,-0.04872075840830803,,,
10,25554,-0.04540039226412773,,,
10,25559,-0.020140085369348526,,,
10,25564,-0.07269047200679779,,,
10,25569,-0.06576967239379883,,,
10,25574,-0.04579358547925949,,,
10,25579,-0.04377155378460884,,,
10,25584,-0.0509253591299057,,,
10,25589,-0.010900304652750492,,,
10,25594,-0.0386306494474411,,,
10,25599,-0.03229083493351936,,,
10,25604,-0.05052144080400467,,,
10,25609,-0.0642385184764862,,,
10,25614,-0.03623949736356735,,,
10,25619,-0.026521582156419754,,,
10,25624,-0.06162349879741669,,,
10,25629,-0.03155922517180443,,,
10,25634,-0.030902963131666183,,,
10,25639,-0.05011625215411186,,,
10,25644,-0.039782870560884476,,,
10,25649,-0.03263299539685249,,,
10,25654,-0.047978438436985016,,,
10,25659,-0.040082741528749466,,,
10,25664,-0.04643504321575165,,,
10,25669,-0.04994434118270874,,,
10,25674,-0.0425742007791996,,,
10,25679,-0.06640606373548508,,,
10,25684,-0.055522672832012177,,,
10,25689,-0.051109764724969864,,,
10,25694,-0.04583163186907768,,,
10,25699,-0.0475933775305748,,,
10,25704,-0.039436910301446915,,,
10,25709,-0.043152906000614166,,,
10,25714,-0.024014174938201904,,,
10,25719,-0.03342818096280098,,,
10,25724,-0.042152322828769684,,,
10,25729,-0.040695831179618835,,,
10,25734,-0.048270706087350845,,,
10,25739,-0.05005991831421852,,,
10,25744,-0.053306907415390015,,,
10,25749,-0.05620349198579788,,,
10,25754,-0.03707199916243553,,,
10,25759,-0.040740516036748886,,,
10,25764,-0.038815125823020935,,,
10,25769,-0.026011984795331955,,,
10,25774,-0.04798916354775429,,,
10,25779,-0.03572993725538254,,,
10,25784,-0.046764858067035675,,,
10,25789,-0.03764365613460541,,,
10,25794,-0.045567870140075684,,,
10,25799,-0.05124761909246445,,,
10,25804,-0.024300305172801018,,,
10,25809,-0.05330807343125343,,,
10,25814,-0.03555106744170189,,,
10,25819,-0.05225614085793495,,,
10,25824,-0.053935449570417404,,,
10,25829,-0.06079499423503876,,,
10,25834,-0.04898465797305107,,,
10,25839,-0.062456633895635605,,,
10,25844,-0.04241455718874931,,,
10,25849,-0.018983710557222366,,,
10,25854,-0.0032278080470860004,,,
10,25859,-0.05226974934339523,,,
10,25864,-0.03951943665742874,,,
10,25869,-0.042684778571128845,,,
10,25874,-0.032755207270383835,,,
10,25879,-0.04461771622300148,,,
10,25884,-0.0482054278254509,,,
10,25889,-0.02441379241645336,,,
10,25894,-0.03960065916180611,,,
10,25899,-0.015675146132707596,,,
10,25904,-0.0228232704102993,,,
10,25909,-0.03780762106180191,,,
10,25914,-0.05741111934185028,,,
10,25919,-0.04408232867717743,,,
10,25924,-0.05499918758869171,,,
10,25929,-0.056471407413482666,,,
10,25934,-0.05165683105587959,,,
10,25939,-0.0356287956237793,,,
10,25944,-0.05553822964429855,,,
10,25949,-0.05958240479230881,,,
10,25954,-0.05413676053285599,,,
10,25959,-0.051505137234926224,,,
10,25964,-0.04524177312850952,,,
10,25969,-0.03130447864532471,,,
10,25974,-0.05247342959046364,,,
10,25979,-0.05579066649079323,,,
10,25984,-0.0390704981982708,,,
10,25989,-0.038285017013549805,,,
10,25994,-0.04996196925640106,,,
10,25999,-0.03480871021747589,,,
10,26004,-0.061619874089956284,,,
10,26009,-0.05393053591251373,,,
10,26014,-0.03175704926252365,,,
10,26019,-0.07165361940860748,,,
10,26024,-0.03451957553625107,,,
10,26029,-0.059470150619745255,,,
10,26034,-0.02883872389793396,,,
10,26039,-0.03803490102291107,,,
10,26044,-0.05379268899559975,,,
10,26049,-0.026975296437740326,,,
10,26054,-0.03631862998008728,,,
10,26059,-0.04135774075984955,,,
10,26064,-0.03977120667695999,,,
10,26069,-0.030928339809179306,,,
10,26074,-0.058218613266944885,,,
10,26079,-0.014684289693832397,,,
10,26084,-0.02782221883535385,,,
10,26089,-0.06258625537157059,,,
10,26094,-0.05414954200387001,,,
10,26099,-0.04713861644268036,,,
10,26104,-0.047755155712366104,,,
10,26109,-0.05163911357522011,,,
10,26114,-0.058693259954452515,,,
10,26119,-0.031117254868149757,,,
10,26124,-0.055320028215646744,,,
10,26129,-0.05114399641752243,,,
10,26134,-0.06599105894565582,,,
10,26139,-0.05297846347093582,,,
10,26144,-0.04905509203672409,,,
10,26149,-0.0445525161921978,,,
10,26154,-0.04750082641839981,,,
10,26159,-0.04464925825595856,,,
10,26164,-0.04366479068994522,,,
10,26169,-0.04684147983789444,,,
10,26174,-0.05331858992576599,,,
10,26179,-0.04666179046034813,,,
10,26184,-0.03551097586750984,,,
10,26189,-0.02953379973769188,,,
10,26194,-0.03215523064136505,,,
10,26199,-0.04664483293890953,,,
10,26204,-0.045708078891038895,,,
10,26209,-0.0606360025703907,,,
10,26214,-0.04346391558647156,,,
10,26219,-0.04205077514052391,,,
10,26224,-0.028552981093525887,,,
10,26229,-0.04110785573720932,,,
10,26234,-0.034481704235076904,,,
10,26239,-0.052596352994441986,,,
10,26244,-0.07029121369123459,,,
10,26249,-0.042688000947237015,,,
10,26254,-0.058856770396232605,,,
10,26259,-0.04420488700270653,,,
10,26264,-0.04560082033276558,,,
10,26269,-0.05751555413007736,,,
10,26274,-0.047465961426496506,,,
10,26279,-0.04379768669605255,,,
10,26284,-0.01700408384203911,,,
10,26289,-0.054263729602098465,,,
10,26294,-0.04803607612848282,,,
10,26299,-0.05703692510724068,,,
10,26304,-0.05047283694148064,,,
10,26309,-0.06753851473331451,,,
10,26314,-0.039845094084739685,,,
10,26319,-0.040836021304130554,,,
10,26324,-0.04691307991743088,,,
10,26329,-0.05176791176199913,,,
10,26334,-0.02904173545539379,,,
10,26339,-0.044930603355169296,,,
10,26344,-0.04544433578848839,,,
10,26349,-0.056709494441747665,,,
10,26354,-0.045064717531204224,,,
10,26359,-0.02312515676021576,,,
10,26364,-0.03375401347875595,,,
10,26369,-0.03926601633429527,,,
10,26374,-0.05318301171064377,,,
10,26379,-0.0238781850785017,,,
10,26384,-0.01205146498978138,,,
10,26389,-0.038017768412828445,,,
10,26394,-0.04119931906461716,,,
10,26399,-0.04581698402762413,,,
10,26404,-0.08103808760643005,,,
10,26409,-0.04485659301280975,,,
10,26414,-0.04147636517882347,,,
10,26419,-0.04266044870018959,,,
10,26424,-0.02455109916627407,,,
10,26429,-0.031625524163246155,,,
10,26434,-0.056467074900865555,,,
10,26439,-0.03556320071220398,,,
10,26444,-0.04360562562942505,,,
10,26449,-0.053044505417346954,,,
10,26454,-0.05545276403427124,,,
10,26459,-0.046179790049791336,,,
10,26464,-0.04081162065267563,,,
10,26469,-0.054089196026325226,,,
10,26474,-0.038969267159700394,,,
10,26479,-0.04556681588292122,,,
10,26484,-0.07206494361162186,,,
10,26489,-0.04636773094534874,,,
10,26494,-0.031413931399583817,,,
10,26499,-0.0571703277528286,,,
10,26504,-0.03667344152927399,,,
10,26509,-0.04258258268237114,,,
10,26514,-0.04694189131259918,,,
10,26519,-0.044607896357774734,,,
10,26524,-0.002602080348879099,,,
10,26529,-0.026144467294216156,,,
10,26534,-0.02628544345498085,,,
10,26539,-0.05389836058020592,,,
10,26544,-0.04235170781612396,,,
10,26549,-0.053220365196466446,,,
10,26554,-0.04500904306769371,,,
10,26559,-0.04664592817425728,,,
10,26564,-0.04433469474315643,,,
10,26569,-0.03086801990866661,,,
10,26574,-0.05437751114368439,,,
10,26579,-0.04220733791589737,,,
10,26584,-0.05129294469952583,,,
10,26589,-0.05532190203666687,,,
10,26594,-0.03682975471019745,,,
10,26599,-0.048922598361968994,,,
10,26604,-0.04896208643913269,,,
10,26609,-0.05225986987352371,,,
10,26614,-0.05841384455561638,,,
10,26619,-0.04948741942644119,,,
10,26624,-0.04039342701435089,,,
10,26629,-0.05328952893614769,,,
10,26634,-0.043410345911979675,,,
10,26639,0.0016582943499088287,,,
10,26644,-0.04137655720114708,,,
10,26649,-0.06765808165073395,,,
10,26654,-0.03950834646821022,,,
10,26659,-0.030868858098983765,,,
10,26664,-0.039349816739559174,,,
10,26669,-0.03376699984073639,,,
10,26674,-0.036427807062864304,,,
10,26679,-0.03426073119044304,,,
10,26684,-0.047982726246118546,,,
10,26689,-0.054648250341415405,,,
10,26694,-0.05542328953742981,,,
10,26699,-0.05353551730513573,,,
10,26704,-0.06036675348877907,,,
10,26709,-0.04616912826895714,,,
10,26714,-0.0586552694439888,,,
10,26719,-0.05260216444730759,,,
10,26724,-0.02307618036866188,,,
10,26729,-0.03888315707445145,,,
10,26734,-0.0528949499130249,,,
10,26739,-0.015601745806634426,,,
10,26744,-0.03540642186999321,,,
10,26749,-0.049521997570991516,,,
10,26754,-0.04390999302268028,,,
10,26759,-0.040456511080265045,,,
10,26764,-0.06061235070228577,,,
10,26769,-0.04215595871210098,,,
10,26774,-0.06352410465478897,,,
10,26779,-0.04833803325891495,,,
10,26784,-0.053571343421936035,,,
10,26789,-0.027652345597743988,,,
10,26794,-0.03801676258444786,,,
10,26799,-0.056428954005241394,,,
10,26804,-0.05856286734342575,,,
10,26809,-0.06770728528499603,,,
10,26814,-0.05757028982043266,,,
10,26819,-0.04095122590661049,,,
10,26824,-0.029774975031614304,,,
10,26829,-0.05538894981145859,,,
10,26834,-0.032211821526288986,,,
10,26839,-0.0376223586499691,,,
10,26844,-0.019599895924329758,,,
10,26849,-0.05294179916381836,,,
10,26854,-0.045822422951459885,,,
10,26859,-0.0566227063536644,,,
10,26864,-0.04127073660492897,,,
10,26869,-0.05971217900514603,,,
10,26874,-0.04254233464598656,,,
10,26879,-0.04181413725018501,,,
10,26884,-0.03973166272044182,,,
10,26889,-0.04809105768799782,,,
10,26894,-0.03887395188212395,,,
10,26899,-0.029647227376699448,,,
10,26904,-0.01920328289270401,,,
10,26909,-0.037625186145305634,,,
10,26914,-0.06650514155626297,,,
10,26919,-0.0698428601026535,,,
10,26924,-0.058129698038101196,,,
10,26929,-0.033139102160930634,,,
10,26934,-0.0404198057949543,,,
10,26939,-0.036482177674770355,,,
10,26944,-0.031008727848529816,,,
10,26949,-0.037344690412282944,,,
10,26954,-0.055273961275815964,,,
10,26959,-0.05700076371431351,,,
10,26964,-0.036394570022821426,,,
10,26969,-0.04810025170445442,,,
10,26974,-0.0306507870554924,,,
10,26979,-0.05727247893810272,,,
10,26984,-0.04705885797739029,,,
10,26989,-0.031828828155994415,,,
10,26994,-0.03562454879283905,,,
10,26999,-0.05683208629488945,,,
10,27004,-0.036850497126579285,,,
10,27009,-0.050000302493572235,,,
10,27014,-0.03882915526628494,,,
10,27019,-0.031050536781549454,,,
10,27024,-0.06430410593748093,,,
10,27029,-0.06271271407604218,,,
10,27034,-0.026223639026284218,,,
10,27039,-0.058467235416173935,,,
10,27044,-0.05151771008968353,,,
10,27049,-0.0487854890525341,,,
10,27054,-0.03407539427280426,,,
10,27059,-0.025500768795609474,,,
10,27064,-0.049288369715213776,,,
10,27069,-0.04859170690178871,,,
10,27074,-0.026849783957004547,,,
10,27079,-0.04470086097717285,,,
10,27084,-0.02712269313633442,,,
10,27089,-0.05288518965244293,,,
10,27094,-0.06042124330997467,,,
10,27099,-0.0332547128200531,,,
10,27104,-0.03315141424536705,,,
10,27109,-0.02691033110022545,,,
10,27114,-0.054956816136837006,,,
10,27119,-0.0475337877869606,,,
10,27124,-0.050600312650203705,,,
10,27129,-0.027377327904105186,,,
10,27134,-0.02473112940788269,,,
10,27139,-0.04000258073210716,,,
10,27144,-0.05159912258386612,,,
10,27149,-0.03512072190642357,,,
10,27154,-0.05664260685443878,,,
10,27159,-0.05860990285873413,,,
10,27164,-0.05330117046833038,,,
10,27169,-0.043503955006599426,,,
10,27174,-0.04935644939541817,,,
10,27179,-0.03095404803752899,,,
10,27184,-0.020938076078891754,,,
10,27189,-0.046190764755010605,,,
10,27194,-0.03735008463263512,,,
10,27199,-0.04293239861726761,,,
10,27204,-0.03996599093079567,,,
10,27209,-0.045294295996427536,,,
10,27214,-0.04808778315782547,,,
10,27219,-0.030860986560583115,,,
10,27224,-0.04732164740562439,,,
10,27229,-0.042541131377220154,,,
10,27234,-0.031196633353829384,,,
10,27239,-0.04655095934867859,,,
10,27244,-0.04188057780265808,,,
10,27249,-0.056584522128105164,,,
10,27254,-0.00493241474032402,,,
10,27259,-0.008437201380729675,,,
10,27264,-0.06034673750400543,,,
10,27269,-0.04759871959686279,,,
10,27274,-0.06289830803871155,,,
10,27279,-0.050817642360925674,,,
10,27284,-0.043013885617256165,,,
10,27289,-0.0565444752573967,,,
10,27294,-0.05685238167643547,,,
10,27299,-0.043310679495334625,,,
10,27304,-0.0303664393723011,,,
10,27309,-0.0538453608751297,,,
10,27314,-0.054247237741947174,,,
10,27319,-0.05132117122411728,,,
10,27324,-0.03432781994342804,,,
10,27329,-0.05134055018424988,,,
10,27334,-0.06406793743371964,,,
10,27339,-0.051684074103832245,,,
10,27344,-0.05803665146231651,,,
10,27349,-0.03016907535493374,,,
10,27354,-0.04653606191277504,,,
10,27359,-0.035158149898052216,,,
10,27364,-0.058057062327861786,,,
10,27369,-0.0466727614402771,,,
10,27374,-0.05435415729880333,,,
10,27379,-0.055275268852710724,,,
10,27384,-0.05486229062080383,,,
10,27389,-0.04395027831196785,,,
10,27394,-0.045948222279548645,,,
10,27399,-0.03274744376540184,,,
10,27404,-0.035322606563568115,,,
10,27409,-0.06353018432855606,,,
10,27414,-0.03513922169804573,,,
10,27419,-0.06123162433505058,,,
10,27424,-0.016174357384443283,,,
10,27429,-0.04330258071422577,,,
10,27434,-0.06236892566084862,,,
10,27439,-0.0513879619538784,,,
10,27444,-0.05913814529776573,,,
10,27449,-0.020221609622240067,,,
10,27454,-0.04723327234387398,,,
10,27459,-0.04780780151486397,,,
10,27464,-0.031125057488679886,,,
10,27469,-0.048720091581344604,,,
10,27474,-0.049508631229400635,,,
10,27479,-0.038215138018131256,,,
10,27484,-0.06086369603872299,,,
10,27489,-0.045047786086797714,,,
10,27494,-0.0468984954059124,,,
10,27499,-0.04179900884628296,,,
10,27499,,-0.03491130843758583,0.3179999887943268,0.6208059191703796
11,27504,-0.03408214449882507,,,
11,27509,-0.03641849756240845,,,
11,27514,-0.013348331674933434,,,
11,27519,-0.05268651247024536,,,
11,27524,-0.05002535507082939,,,
11,27529,-0.04548260569572449,,,
11,27534,-0.057557981461286545,,,
11,27539,-0.025318054482340813,,,
11,27544,-0.03723552078008652,,,
11,27549,-0.05588097125291824,,,
11,27554,-0.03534288331866264,,,
11,27559,-0.04066970944404602,,,
11,27564,-0.048889901489019394,,,
11,27569,-0.050261471420526505,,,
11,27574,-0.03167102858424187,,,
11,27579,-0.054118379950523376,,,
11,27584,-0.03712678700685501,,,
11,27589,-0.058374978601932526,,,
11,27594,-0.03955972567200661,,,
11,27599,-0.04965215548872948,,,
11,27604,-0.050085537135601044,,,
11,27609,-0.05783877521753311,,,
11,27614,-0.04430951178073883,,,
11,27619,-0.04791230708360672,,,
11,27624,-0.03249361366033554,,,
11,27629,-0.03342548385262489,,,
11,27634,-0.030696377158164978,,,
11,27639,-0.022380784153938293,,,
11,27644,-0.06877271085977554,,,
11,27649,-0.025180067867040634,,,
11,27654,-0.03270792216062546,,,
11,27659,-0.04024820774793625,,,
11,27664,-0.01648005098104477,,,
11,27669,-0.05631912872195244,,,
11,27674,-0.04712351784110069,,,
11,27679,-0.04744482785463333,,,
11,27684,-0.02440413273870945,,,
11,27689,-0.05965566635131836,,,
11,27694,-0.04457278549671173,,,
11,27699,-0.03189907595515251,,,
11,27704,-0.0339084155857563,,,
11,27709,-0.06103359907865524,,,
11,27714,-0.037114039063453674,,,
11,27719,-0.04226212576031685,,,
11,27724,-0.06542026251554489,,,
11,27729,-0.06595681607723236,,,
11,27734,-0.05456743761897087,,,
11,27739,-0.03601663559675217,,,
11,27744,-0.038069531321525574,,,
11,27749,-0.05765886977314949,,,
11,27754,-0.03155301511287689,,,
11,27759,-0.05094853788614273,,,
11,27764,-0.03937068581581116,,,
11,27769,-0.036048524081707,,,
11,27774,-0.060067228972911835,,,
11,27779,-0.033356212079524994,,,
11,27784,-0.03989959508180618,,,
11,27789,-0.030339810997247696,,,
11,27794,-0.048127878457307816,,,
11,27799,-0.03572522848844528,,,
11,27804,-0.041387416422367096,,,
11,27809,-0.06094915792346001,,,
11,27814,-0.030830485746264458,,,
11,27819,-0.047517575323581696,,,
11,27824,-0.05545991659164429,,,
11,27829,-0.050295256078243256,,,
11,27834,-0.04036988317966461,,,
11,27839,-0.05409497767686844,,,
11,27844,-0.04118433967232704,,,
11,27849,-0.0632825717329979,,,
11,27854,-0.04487418383359909,,,
11,27859,-0.05140405148267746,,,
11,27864,-0.024747852236032486,,,
11,27869,-0.05988392233848572,,,
11,27874,-0.05671790614724159,,,
11,27879,-0.03712718188762665,,,
11,27884,-0.04339853674173355,,,
11,27889,-0.03244698792695999,,,
11,27894,-0.021867899224162102,,,
11,27899,-0.050021134316921234,,,
11,27904,-0.05273941904306412,,,
11,27909,-0.054747872054576874,,,
11,27914,-0.037885718047618866,,,
11,27919,-0.027420436963438988,,,
11,27924,-0.009235220029950142,,,
11,27929,-0.03334880620241165,,,
11,27934,-0.04663506895303726,,,
11,27939,-0.052668701857328415,,,
11,27944,-0.05987588316202164,,,
11,27949,-0.03417966887354851,,,
11,27954,-0.03844495117664337,,,
11,27959,-0.06340110301971436,,,
11,27964,-0.04461412504315376,,,
11,27969,-0.028994202613830566,,,
11,27974,-0.021873796358704567,,,
11,27979,-0.05138745531439781,,,
11,27984,-0.042449574917554855,,,
11,27989,-0.049849096685647964,,,
11,27994,-0.05469001457095146,,,
11,27999,-0.037755876779556274,,,
11,28004,-0.03131154179573059,,,
11,28009,-0.04196537658572197,,,
11,28014,-0.04294060170650482,,,
11,28019,-0.03994183987379074,,,
11,28024,-0.030376287177205086,,,
11,28029,-0.06985953450202942,,,
11,28034,-0.04027238488197327,,,
11,28039,-0.06016390025615692,,,
11,28044,-0.03228548914194107,,,
11,28049,-0.017668284475803375,,,
11,28054,-0.01125035434961319,,,
11,28059,-0.053887441754341125,,,
11,28064,-0.03566979244351387,,,
11,28069,-0.02679874747991562,,,
11,28074,-0.020870301872491837,,,
11,28079,-0.04280000180006027,,,
11,28084,-0.04034217447042465,,,
11,28089,-0.051854491233825684,,,
11,28094,-0.047726936638355255,,,
11,28099,-0.05501105636358261,,,
11,28104,-0.041321899741888046,,,
11,28109,-0.06342041492462158,,,
11,28114,-0.05057177320122719,,,
11,28119,-0.029831161722540855,,,
11,28124,-0.04915541782975197,,,
11,28129,-0.0515410341322422,,,
11,28134,-0.024205505847930908,,,
11,28139,-0.03774404153227806,,,
11,28144,-0.038785453885793686,,,
11,28149,-0.061045289039611816,,,
11,28154,-0.045000024139881134,,,
11,28159,-0.016433797776699066,,,
11,28164,-0.02564309537410736,,,
11,28169,-0.0544750951230526,,,
11,28174,-0.04108085483312607,,,
11,28179,-0.050215303897857666,,,
11,28184,-0.05907371640205383,,,
11,28189,-0.05723816901445389,,,
11,28194,-0.013299597427248955,,,
11,28199,-0.04980982467532158,,,
11,28204,-0.06048135459423065,,,
11,28209,-0.0283074788749218,,,
11,28214,-0.04659084603190422,,,
11,28219,0.01831461675465107,,,
11,28224,-0.06564222276210785,,,
11,28229,-0.05254616215825081,,,
11,28234,-0.03410850837826729,,,
11,28239,-0.029186012223362923,,,
11,28244,-0.041971586644649506,,,
11,28249,-0.040436193346977234,,,
11,28254,-0.05727672576904297,,,
11,28259,-0.05413984879851341,,,
11,28264,-0.04893660172820091,,,
11,28269,-0.036458712071180344,,,
11,28274,-0.025486087426543236,,,
11,28279,-0.04157122224569321,,,
11,28284,-0.051090143620967865,,,
11,28289,-0.0007546853739768267,,,
11,28294,-0.0593494214117527,,,
11,28299,-0.04175860807299614,,,
11,28304,-0.03414304181933403,,,
11,28309,-0.042370881885290146,,,
11,28314,-0.02898470312356949,,,
11,28319,-0.025562655180692673,,,
11,28324,-0.0485415980219841,,,
11,28329,-0.037917498499155045,,,
11,28334,-0.06481533497571945,,,
11,28339,-0.028359265998005867,,,
11,28344,-0.028535425662994385,,,
11,28349,-0.03670460730791092,,,
11,28354,-0.04298734292387962,,,
11,28359,-0.04650108143687248,,,
11,28364,-0.04870551452040672,,,
11,28369,-0.067229725420475,,,
11,28374,-0.04735596105456352,,,
11,28379,-0.06396745145320892,,,
11,28384,-0.02996261976659298,,,
11,28389,-0.03788229823112488,,,
11,28394,-0.022859904915094376,,,
11,28399,-0.044341959059238434,,,
11,28404,-0.0555228516459465,,,
11,28409,-0.05422190576791763,,,
11,28414,-0.035690754652023315,,,
11,28419,-0.04401297867298126,,,
11,28424,0.004036121070384979,,,
11,28429,-0.03263070061802864,,,
11,28434,-0.021372724324464798,,,
11,28439,-0.05090498924255371,,,
11,28444,-0.03374117240309715,,,
11,28449,-0.06710344552993774,,,
11,28454,-0.05255008116364479,,,
11,28459,-0.035632893443107605,,,
11,28464,-0.04681772738695145,,,
11,28469,-0.05122062563896179,,,
11,28474,-0.0423559695482254,,,
11,28479,-0.028981629759073257,,,
11,28484,-0.03351743519306183,,,
11,28489,-0.017272774130105972,,,
11,28494,-0.05028490722179413,,,
11,28499,-0.05749450623989105,,,
11,28504,-0.04995148628950119,,,
11,28509,-0.06341420859098434,,,
11,28514,-0.03897712379693985,,,
11,28519,-0.022551871836185455,,,
11,28524,-0.017409823834896088,,,
11,28529,-0.036622676998376846,,,
11,28534,-0.026504579931497574,,,
11,28539,-0.0670132115483284,,,
11,28544,-0.05299578607082367,,,
11,28549,-0.05296747386455536,,,
11,28554,-0.03910238295793533,,,
11,28559,-0.008793408051133156,,,
11,28564,-0.04505380243062973,,,
11,28569,-0.059733130037784576,,,
11,28574,-0.037662941962480545,,,
11,28579,-0.033874765038490295,,,
11,28584,-0.07037431001663208,,,
11,28589,-0.06411443650722504,,,
11,28594,-0.051911868155002594,,,
11,28599,-0.040846943855285645,,,
11,28604,-0.01853063702583313,,,
11,28609,-0.04719668626785278,,,
11,28614,-0.05267055705189705,,,
11,28619,-0.02636915259063244,,,
11,28624,-0.03595953434705734,,,
11,28629,-0.02160177007317543,,,
11,28634,-0.03721664100885391,,,
11,28639,-0.012062415480613708,,,
11,28644,-0.0006487863138318062,,,
11,28649,-0.0400056391954422,,,
11,28654,-0.03791520744562149,,,
11,28659,-0.036859508603811264,,,
11,28664,-0.053734246641397476,,,
11,28669,-0.05080126225948334,,,
11,28674,-0.03020390123128891,,,
11,28679,-0.042765434831380844,,,
11,28684,-0.04236866533756256,,,
11,28689,-0.04730153828859329,,,
11,28694,-0.04049167037010193,,,
11,28699,-0.05095688998699188,,,
11,28704,-0.03696075826883316,,,
11,28709,-0.04870925471186638,,,
11,28714,-0.04705595225095749,,,
11,28719,-0.048028990626335144,,,
11,28724,-0.022622229531407356,,,
11,28729,-0.03487945720553398,,,
11,28734,-0.049259692430496216,,,
11,28739,-0.04031170904636383,,,
11,28744,-0.05244658887386322,,,
11,28749,-0.0486748181283474,,,
11,28754,-0.04361637681722641,,,
11,28759,-0.04074132442474365,,,
11,28764,-0.05361881107091904,,,
11,28769,-0.015237875282764435,,,
11,28774,-0.01770099438726902,,,
11,28779,-0.03459053859114647,,,
11,28784,-0.0209245216101408,,,
11,28789,-0.038727570325136185,,,
11,28794,-0.06259670108556747,,,
11,28799,-0.03014945611357689,,,
11,28804,-0.03885732963681221,,,
11,28809,-0.044265661388635635,,,
11,28814,-0.0461021326482296,,,
11,28819,-0.0459257997572422,,,
11,28824,-0.03680951148271561,,,
11,28829,-0.05575403943657875,,,
11,28834,-0.03899010270833969,,,
11,28839,-0.03754978999495506,,,
11,28844,-0.05536861717700958,,,
11,28849,-0.05195348709821701,,,
11,28854,-0.04190525412559509,,,
11,28859,-0.058858472853899,,,
11,28864,-0.045979246497154236,,,
11,28869,-0.05326969921588898,,,
11,28874,-0.052847228944301605,,,
11,28879,-0.03212667256593704,,,
11,28884,-0.05248818174004555,,,
11,28889,-0.016171542927622795,,,
11,28894,-0.033152755349874496,,,
11,28899,-0.03822964429855347,,,
11,28904,-0.03921616077423096,,,
11,28909,-0.050626978278160095,,,
11,28914,-0.047752805054187775,,,
11,28919,-0.04901256784796715,,,
11,28924,-0.038227327167987823,,,
11,28929,-0.060047924518585205,,,
11,28934,-0.0030697081238031387,,,
11,28939,-0.0527413971722126,,,
11,28944,-0.024841371923685074,,,
11,28949,-0.06985500454902649,,,
11,28954,-0.0328463613986969,,,
11,28959,-0.04390440136194229,,,
11,28964,-0.0456419475376606,,,
11,28969,-0.060468677431344986,,,
11,28974,-0.03966420143842697,,,
11,28979,-0.026562131941318512,,,
11,28984,-0.03728114813566208,,,
11,28989,-0.05759469419717789,,,
11,28994,-0.06094461306929588,,,
11,28999,-0.04935877025127411,,,
11,29004,-0.032587505877017975,,,
11,29009,-0.05077541992068291,,,
11,29014,-0.040396105498075485,,,
11,29019,-0.05832787603139877,,,
11,29024,-0.034109193831682205,,,
11,29029,-0.02811005897819996,,,
11,29034,-0.061956681311130524,,,
11,29039,-0.03709389269351959,,,
11,29044,-0.05509166419506073,,,
11,29049,-0.05599883571267128,,,
11,29054,-0.04353874921798706,,,
11,29059,-0.018908316269516945,,,
11,29064,-0.05007454752922058,,,
11,29069,-0.0543438084423542,,,
11,29074,-0.014045272022485733,,,
11,29079,-0.03012239560484886,,,
11,29084,-0.04992520809173584,,,
11,29089,-0.048231400549411774,,,
11,29094,-0.038734424859285355,,,
11,29099,-0.04543310031294823,,,
11,29104,-0.044358596205711365,,,
11,29109,-0.0341755636036396,,,
11,29114,-0.04861532151699066,,,
11,29119,-0.0644453689455986,,,
11,29124,-0.053655706346035004,,,
11,29129,-0.053918227553367615,,,
11,29134,-0.04088316112756729,,,
11,29139,-0.06413620710372925,,,
11,29144,-0.048834316432476044,,,
11,29149,-0.0475732684135437,,,
11,29154,-0.04061980918049812,,,
11,29159,-0.03125414624810219,,,
11,29164,-0.035107605159282684,,,
11,29169,-0.021453771740198135,,,
11,29174,-0.03574681654572487,,,
11,29179,-0.048282697796821594,,,
11,29184,-0.0228753499686718,,,
11,29189,-0.04294499754905701,,,
11,29194,-0.03752632439136505,,,
11,29199,-0.04318796098232269,,,
11,29204,-0.027357839047908783,,,
11,29209,-0.03132522478699684,,,
11,29214,-0.05592656508088112,,,
11,29219,-0.05558090656995773,,,
11,29224,-0.04697795957326889,,,
11,29229,-0.05034787580370903,,,
11,29234,-0.04182169958949089,,,
11,29239,-0.04499450698494911,,,
11,29244,-0.025102052837610245,,,
11,29249,-0.0476529598236084,,,
11,29254,-0.03900735452771187,,,
11,29259,-0.042299918830394745,,,
11,29264,-0.04185348004102707,,,
11,29269,-0.03722507879137993,,,
11,29274,-0.04697272554039955,,,
11,29279,-0.03942319005727768,,,
11,29284,-0.014360498636960983,,,
11,29289,-0.02400030568242073,,,
11,29294,-0.03689651936292648,,,
11,29299,-0.04597748816013336,,,
11,29304,-0.05333989858627319,,,
11,29309,-0.025452541187405586,,,
11,29314,-0.05863694101572037,,,
11,29319,-0.035427726805210114,,,
11,29324,-0.060798536986112595,,,
11,29329,-0.04098998382687569,,,
11,29334,-0.04835539311170578,,,
11,29339,-0.04484541714191437,,,
11,29344,-0.029468346387147903,,,
11,29349,-0.05281345546245575,,,
11,29354,-0.06384505331516266,,,
11,29359,-0.06147747486829758,,,
11,29364,-0.04664396867156029,,,
11,29369,-0.05894617736339569,,,
11,29374,-0.02860325574874878,,,
11,29379,-0.03844475373625755,,,
11,29384,-0.032044682651758194,,,
11,29389,-0.038659293204545975,,,
11,29394,-0.047898028045892715,,,
11,29399,-0.05027465522289276,,,
11,29404,-0.049586452543735504,,,
11,29409,-0.007097326219081879,,,
11,29414,-0.03925502300262451,,,
11,29419,-0.04877350106835365,,,
11,29424,-0.04505853354930878,,,
11,29429,-0.028844280168414116,,,
11,29434,-0.05128494277596474,,,
11,29439,-0.04303362965583801,,,
11,29444,-0.049486033618450165,,,
11,29449,-0.05082976445555687,,,
11,29454,-0.056877873837947845,,,
11,29459,-0.04777013510465622,,,
11,29464,-0.036769382655620575,,,
11,29469,-0.056932233273983,,,
11,29474,-0.05743083730340004,,,
11,29479,-0.05642569065093994,,,
11,29484,-0.012153541669249535,,,
11,29489,-0.04646813124418259,,,
11,29494,-0.03908738121390343,,,
11,29499,-0.02806806191802025,,,
11,29504,-0.058911118656396866,,,
11,29509,-0.048442211002111435,,,
11,29514,-0.04387016221880913,,,
11,29519,-0.04560661315917969,,,
11,29524,-0.021059392020106316,,,
11,29529,-0.01022085826843977,,,
11,29534,-0.04976882040500641,,,
11,29539,-0.04942796006798744,,,
11,29544,-0.04682861268520355,,,
11,29549,-0.0412038154900074,,,
11,29554,-0.039512310177087784,,,
11,29559,-0.04341219365596771,,,
11,29564,-0.04723402485251427,,,
11,29569,-0.04443968087434769,,,
11,29574,-0.0633888766169548,,,
11,29579,-0.04207238554954529,,,
11,29584,-0.06377643346786499,,,
11,29589,-0.05319245904684067,,,
11,29594,-0.04075419530272484,,,
11,29599,-0.0393669456243515,,,
11,29604,-0.03949165716767311,,,
11,29609,-0.01805763877928257,,,
11,29614,-0.04898930341005325,,,
11,29619,-0.044484496116638184,,,
11,29624,-0.030272124335169792,,,
11,29629,-0.03985920920968056,,,
11,29634,-0.05341099947690964,,,
11,29639,-0.020273080095648766,,,
11,29644,-0.04635125771164894,,,
11,29649,-0.053848523646593094,,,
11,29654,-0.05768951028585434,,,
11,29659,-0.05598892271518707,,,
11,29664,-0.04946533590555191,,,
11,29669,-0.046036627143621445,,,
11,29674,-0.041416481137275696,,,
11,29679,-0.04566080868244171,,,
11,29684,-0.037032317370176315,,,
11,29689,-0.03762752190232277,,,
11,29694,-0.05181404948234558,,,
11,29699,-0.055206578224897385,,,
11,29704,-0.015446865931153297,,,
11,29709,-0.04249187186360359,,,
11,29714,-0.015626564621925354,,,
11,29719,-0.02580832690000534,,,
11,29724,-0.046008769422769547,,,
11,29729,-0.05381084978580475,,,
11,29734,-0.03612716495990753,,,
11,29739,-0.03886249661445618,,,
11,29744,-0.04303620383143425,,,
11,29749,-0.027614407241344452,,,
11,29754,-0.029103366658091545,,,
11,29759,-0.01563340425491333,,,
11,29764,-0.04401622340083122,,,
11,29769,-0.027476435527205467,,,
11,29774,-0.0526680126786232,,,
11,29779,-0.04349292442202568,,,
11,29784,-0.06557238847017288,,,
11,29789,-0.047138966619968414,,,
11,29794,-0.050679970532655716,,,
11,29799,-0.035270728170871735,,,
11,29804,-0.05192826688289642,,,
11,29809,-0.04293964058160782,,,
11,29814,-0.04204539954662323,,,
11,29819,-0.03584751486778259,,,
11,29824,-0.039100565016269684,,,
11,29829,-0.05450085178017616,,,
11,29834,-0.05037213861942291,,,
11,29839,-0.050966065376996994,,,
11,29844,-0.04544517397880554,,,
11,29849,-0.03163895383477211,,,
11,29854,-0.04468219727277756,,,
11,29859,-0.03536737710237503,,,
11,29864,-0.04034218564629555,,,
11,29869,-0.007774519734084606,,,
11,29874,-0.010157089680433273,,,
11,29879,-0.046244069933891296,,,
11,29884,-0.056890182197093964,,,
11,29889,-0.038868606090545654,,,
11,29894,-0.03142828866839409,,,
11,29899,-0.05181827396154404,,,
11,29904,-0.02573292702436447,,,
11,29909,-0.044023189693689346,,,
11,29914,-0.0739457905292511,,,
11,29919,-0.059390876442193985,,,
11,29924,-0.04489104077219963,,,
11,29929,-0.05608142167329788,,,
11,29934,-0.035227466374635696,,,
11,29939,-0.031019261106848717,,,
11,29944,-0.02689749374985695,,,
11,29949,-0.05333248898386955,,,
11,29954,-0.05317649245262146,,,
11,29959,-0.040827564895153046,,,
11,29964,-0.009014791809022427,,,
11,29969,-0.028152497485280037,,,
11,29974,-0.05370054021477699,,,
11,29979,-0.05300352722406387,,,
11,29984,-0.030902739614248276,,,
11,29989,-0.03715592250227928,,,
11,29994,-0.05090366303920746,,,
11,29999,-0.03515300527215004,,,
11,29999,,-0.03328912705183029,0.32280001044273376,0.6289674043655396
12,30004,-0.0434541255235672,,,
12,30009,-0.01931316778063774,,,
12,30014,-0.03082546964287758,,,
12,30019,-0.04696761444211006,,,
12,30024,-0.05389310419559479,,,
12,30029,-0.027054205536842346,,,
12,30034,-0.03964214771986008,,,
12,30039,-0.044129952788352966,,,
12,30044,-0.05150090530514717,,,
12,30049,-0.03596148639917374,,,
12,30054,-0.03677023574709892,,,
12,30059,-0.047407835721969604,,,
12,30064,-0.02774609997868538,,,
12,30069,-0.040425870567560196,,,
12,30074,-0.03604312241077423,,,
12,30079,-0.030122511088848114,,,
12,30084,-0.040448758751153946,,,
12,30089,-0.02188676781952381,,,
12,30094,-0.05527363717556,,,
12,30099,-0.03311779350042343,,,
12,30104,-0.04248211532831192,,,
12,30109,-0.03754017502069473,,,
12,30114,-0.010055440478026867,,,
12,30119,-0.040816158056259155,,,
12,30124,-0.04268546402454376,,,
12,30129,-0.04420735314488411,,,
12,30134,-0.03871646150946617,,,
12,30139,-0.03211144357919693,,,
12,30144,-0.05430951714515686,,,
12,30149,-0.0524132214486599,,,
12,30154,-0.02368982508778572,,,
12,30159,-0.03456020727753639,,,
12,30164,-0.053325168788433075,,,
12,30169,-0.05345894396305084,,,
12,30174,-0.04668475687503815,,,
12,30179,-0.05565961077809334,,,
12,30184,-0.03873135894536972,,,
12,30189,-0.03032141551375389,,,
12,30194,-0.05600176751613617,,,
12,30199,-0.026963496580719948,,,
12,30204,-0.04881463572382927,,,
12,30209,-0.05312695354223251,,,
12,30214,-0.05048808455467224,,,
12,30219,-0.06318126618862152,,,
12,30224,-0.06113229691982269,,,
12,30229,-0.05581480637192726,,,
12,30234,-0.03717513382434845,,,
12,30239,-0.03181254863739014,,,
12,30244,-0.03506810963153839,,,
12,30249,-0.03843794763088226,,,
12,30254,-0.06592490524053574,,,
12,30259,-0.043490082025527954,,,
12,30264,-0.025979600846767426,,,
12,30269,6.081536412239075e-07,,,
12,30274,-0.04066998139023781,,,
12,30279,-0.038396090269088745,,,
12,30284,-0.012582609429955482,,,
12,30289,-0.03840731456875801,,,
12,30294,-0.05363411083817482,,,
12,30299,-0.06334349513053894,,,
12,30304,-0.05647580325603485,,,
12,30309,-0.04671517759561539,,,
12,30314,-0.05060119926929474,,,
12,30319,-0.019425109028816223,,,
12,30324,-0.059896320104599,,,
12,30329,-0.048866454511880875,,,
12,30334,-0.04423766955733299,,,
12,30339,-0.04543415457010269,,,
12,30344,-0.0438201017677784,,,
12,30349,-0.03822723776102066,,,
12,30354,-0.04240165650844574,,,
12,30359,-0.008045067079365253,,,
12,30364,-0.031546227633953094,,,
12,30369,-0.020961865782737732,,,
12,30374,-0.02473362721502781,,,
12,30379,-0.04166914150118828,,,
12,30384,-0.04145721346139908,,,
12,30389,-0.04635586589574814,,,
12,30394,-0.05299320071935654,,,
12,30399,-0.053117550909519196,,,
12,30404,-0.041953980922698975,,,
12,30409,-0.015014272183179855,,,
12,30414,-0.038959089666604996,,,
12,30419,-0.04598865285515785,,,
12,30424,-0.019153643399477005,,,
12,30429,-0.04374202713370323,,,
12,30434,-0.010874670930206776,,,
12,30439,-0.045115213841199875,,,
12,30444,-0.055496007204055786,,,
12,30449,-0.06318636983633041,,,
12,30454,-0.06830775737762451,,,
12,30459,-0.05085743963718414,,,
12,30464,-0.04132287949323654,,,
12,30469,-0.045508597046136856,,,
12,30474,-0.04331882297992706,,,
12,30479,-0.029763009399175644,,,
12,30484,-0.03995426371693611,,,
12,30489,-0.028919465839862823,,,
12,30494,-0.034398678690195084,,,
12,30499,-0.03800829499959946,,,
12,30504,-0.05229106545448303,,,
12,30509,-0.02738894708454609,,,
12,30514,-0.0665699690580368,,,
12,30519,-0.06114894896745682,,,
12,30524,-0.06050438806414604,,,
12,30529,-0.037823386490345,,,
12,30534,-0.05432218313217163,,,
12,30539,-0.03330675885081291,,,
12,30544,-0.058068498969078064,,,
12,30549,-0.041854698210954666,,,
12,30554,-0.03465443104505539,,,
12,30559,-0.051901474595069885,,,
12,30564,-0.055098943412303925,,,
12,30569,-0.01864766888320446,,,
12,30574,-0.04516090452671051,,,
12,30579,-0.0624992661178112,,,
12,30584,-0.03341485559940338,,,
12,30589,-0.01936490647494793,,,
12,30594,-0.04001108556985855,,,
12,30599,-0.013746161013841629,,,
12,30604,-0.049759089946746826,,,
12,30609,-0.04746101796627045,,,
12,30614,-0.061795592308044434,,,
12,30619,-0.054989323019981384,,,
12,30624,-0.057428501546382904,,,
12,30629,-0.05092714726924896,,,
12,30634,-0.04280051216483116,,,
12,30639,-0.027766825631260872,,,
12,30644,-0.04629172757267952,,,
12,30649,-0.04895132780075073,,,
12,30654,-0.05182144045829773,,,
12,30659,-0.03878860920667648,,,
12,30664,-0.04525543004274368,,,
12,30669,-0.028229398652911186,,,
12,30674,-0.018348034471273422,,,
12,30679,-0.05735621973872185,,,
12,30684,-0.061841268092393875,,,
12,30689,-0.052443236112594604,,,
12,30694,-0.04926978424191475,,,
12,30699,-0.035968173295259476,,,
12,30704,-0.060273490846157074,,,
12,30709,-0.03379157930612564,,,
12,30714,-0.037746280431747437,,,
12,30719,-0.04211883991956711,,,
12,30724,-0.04627632349729538,,,
12,30729,-0.036586739122867584,,,
12,30734,-0.04480699077248573,,,
12,30739,-0.04199838265776634,,,
12,30744,-0.04012175276875496,,,
12,30749,-0.044873569160699844,,,
12,30754,-0.04741580784320831,,,
12,30759,-0.03106631338596344,,,
12,30764,-0.0636482760310173,,,
12,30769,-0.05609755963087082,,,
12,30774,-0.03929442912340164,,,
12,30779,-0.029346376657485962,,,
12,30784,-0.008527661673724651,,,
12,30789,-0.05363071337342262,,,
12,30794,-0.04444354772567749,,,
12,30799,-0.03451548516750336,,,
12,30804,-0.03539999574422836,,,
12,30809,-0.016854900866746902,,,
12,30814,-0.04324387013912201,,,
12,30819,-0.03443384915590286,,,
12,30824,-0.04378353804349899,,,
12,30829,-0.052104175090789795,,,
12,30834,-0.03286069631576538,,,
12,30839,-0.04285894334316254,,,
12,30844,-0.016219496726989746,,,
12,30849,-0.05696205794811249,,,
12,30854,-0.04319925978779793,,,
12,30859,-0.05139336735010147,,,
12,30864,-0.04648665338754654,,,
12,30869,-0.053611502051353455,,,
12,30874,-0.06756411492824554,,,
12,30879,-0.03709932044148445,,,
12,30884,-0.047766342759132385,,,
12,30889,-0.04593290016055107,,,
12,30894,-0.04090860113501549,,,
12,30899,-0.024146825075149536,,,
12,30904,-0.04469648748636246,,,
12,30909,-0.022743528708815575,,,
12,30914,-0.047747787088155746,,,
12,30919,-0.038729846477508545,,,
12,30924,-0.05516184866428375,,,
12,30929,-0.05050135403871536,,,
12,30934,-0.04981844127178192,,,
12,30939,-0.019725900143384933,,,
12,30944,-0.044252991676330566,,,
12,30949,-0.01864212565124035,,,
12,30954,-0.04866767302155495,,,
12,30959,-0.04378138855099678,,,
12,30964,-0.029494287446141243,,,
12,30969,-0.04766978695988655,,,
12,30974,-0.04630736634135246,,,
12,30979,-0.0578213669359684,,,
12,30984,-0.05721455439925194,,,
12,30989,-0.022710954770445824,,,
12,30994,-0.03561529889702797,,,
12,30999,-0.009678741917014122,,,
12,31004,-0.05674798786640167,,,
12,31009,-0.02980657108128071,,,
12,31014,-0.05380326882004738,,,
12,31019,-0.048804640769958496,,,
12,31024,-0.045680493116378784,,,
12,31029,-0.043412186205387115,,,
12,31034,-0.03697360306978226,,,
12,31039,-0.05199289694428444,,,
12,31044,-0.04417518153786659,,,
12,31049,-0.04823600500822067,,,
12,31054,-0.0372781828045845,,,
12,31059,-0.024474531412124634,,,
12,31064,-0.050347860902547836,,,
12,31069,-0.04271131381392479,,,
12,31074,-0.013829642906785011,,,
12,31079,-0.03144289180636406,,,
12,31084,-0.0286686010658741,,,
12,31089,-0.05230635777115822,,,
12,31094,-0.007575303316116333,,,
12,31099,-0.04593943804502487,,,
12,31104,-0.05530283600091934,,,
12,31109,-0.022958535701036453,,,
12,31114,-0.05412718653678894,,,
12,31119,-0.04886500537395477,,,
12,31124,-0.04783829301595688,,,
12,31129,-0.03642790764570236,,,
12,31134,-0.04559195414185524,,,
12,31139,-0.019944075495004654,,,
12,31144,-0.048778362572193146,,,
12,31149,-0.042075060307979584,,,
12,31154,-0.04681452363729477,,,
12,31159,-0.03862489014863968,,,
12,31164,-0.036193378269672394,,,
12,31169,-0.07612805813550949,,,
12,31174,-0.029692521318793297,,,
12,31179,-0.03765970095992088,,,
12,31184,-0.01778630167245865,,,
12,31189,-0.058482252061367035,,,
12,31194,-0.021735329180955887,,,
12,31199,-0.03128410130739212,,,
12,31204,-0.046994902193546295,,,
12,31209,-0.04937064275145531,,,
12,31214,-0.02292986959218979,,,
12,31219,-0.030483558773994446,,,
12,31224,-0.044469840824604034,,,
12,31229,-0.05502895638346672,,,
12,31234,-0.063266322016716,,,
12,31239,-0.0562124140560627,,,
12,31244,-0.0479394905269146,,,
12,31249,-0.039952803403139114,,,
12,31254,-0.034845687448978424,,,
12,31259,-0.0476522296667099,,,
12,31264,-0.03793551027774811,,,
12,31269,-0.03738180547952652,,,
12,31274,-0.03420950099825859,,,
12,31279,-0.0578710101544857,,,
12,31284,-0.050730109214782715,,,
12,31289,-0.026316624134778976,,,
12,31294,-0.02126983553171158,,,
12,31299,-0.028292519971728325,,,
12,31304,-0.05431962385773659,,,
12,31309,-0.03215706720948219,,,
12,31314,-0.022665008902549744,,,
12,31319,-0.04606252163648605,,,
12,31324,-0.05065372586250305,,,
12,31329,-0.04146285355091095,,,
12,31334,-0.04464941471815109,,,
12,31339,-0.03638356178998947,,,
12,31344,-0.05120023712515831,,,
12,31349,-0.05396618694067001,,,
12,31354,-0.050843387842178345,,,
12,31359,-0.05300851911306381,,,
12,31364,-0.0008789130952209234,,,
12,31369,-0.03902879357337952,,,
12,31374,-0.04812211915850639,,,
12,31379,-0.04761073738336563,,,
12,31384,-0.039000947028398514,,,
12,31389,-0.05681765824556351,,,
12,31394,-0.03511198237538338,,,
12,31399,-0.05482257530093193,,,
12,31404,-0.034162815660238266,,,
12,31409,-0.04054659232497215,,,
12,31414,-0.02319866418838501,,,
12,31419,-0.03571213409304619,,,
12,31424,-0.060081444680690765,,,
12,31429,-0.03070467710494995,,,
12,31434,-0.05181141570210457,,,
12,31439,-0.050071366131305695,,,
12,31444,-0.06088896468281746,,,
12,31449,-0.030428458005189896,,,
12,31454,-0.02061649039387703,,,
12,31459,-0.03368290513753891,,,
12,31464,-0.06027473881840706,,,
12,31469,-0.04583960026502609,,,
12,31474,0.0037083271890878677,,,
12,31479,-0.03195520117878914,,,
12,31484,-0.055038467049598694,,,
12,31489,-0.061704013496637344,,,
12,31494,-0.017821356654167175,,,
12,31499,-0.03520585596561432,,,
12,31504,-0.041243843734264374,,,
12,31509,-0.05740378051996231,,,
12,31514,-0.05118466168642044,,,
12,31519,-0.04167693480849266,,,
12,31524,-0.041543710976839066,,,
12,31529,-0.0265340693295002,,,
12,31534,-0.04583347961306572,,,
12,31539,-0.037365421652793884,,,
12,31544,-0.023415852338075638,,,
12,31549,-0.04932897910475731,,,
12,31554,-0.041707348078489304,,,
12,31559,-0.03805488720536232,,,
12,31564,-0.042490556836128235,,,
12,31569,-0.05065473914146423,,,
12,31574,-0.05725825950503349,,,
12,31579,-0.03612106293439865,,,
12,31584,-0.039332225918769836,,,
12,31589,-0.030388815328478813,,,
12,31594,-0.0271608829498291,,,
12,31599,-0.021769855171442032,,,
12,31604,-0.038328416645526886,,,
12,31609,-0.04938047006726265,,,
12,31614,-0.06567370891571045,,,
12,31619,-0.04921310767531395,,,
12,31624,-0.010754704475402832,,,
12,31629,-0.037943851202726364,,,
12,31634,-0.05017811059951782,,,
12,31639,-0.05512214079499245,,,
12,31644,-0.041439544409513474,,,
12,31649,-0.04813149943947792,,,
12,31654,-0.04321064054965973,,,
12,31659,-0.040634289383888245,,,
12,31664,-0.06206594780087471,,,
12,31669,-0.015098671428859234,,,
12,31674,-0.036407068371772766,,,
12,31679,-0.04855122044682503,,,
12,31684,-0.04301333799958229,,,
12,31689,-0.05346028879284859,,,
12,31694,-0.0644778162240982,,,
12,31699,-0.04581470042467117,,,
12,31704,-0.030315957963466644,,,
12,31709,-0.04705987498164177,,,
12,31714,-0.04238679260015488,,,
12,31719,-0.020175239071249962,,,
12,31724,-0.049363136291503906,,,
12,31729,-0.03145161643624306,,,
12,31734,-0.010543805547058582,,,
12,31739,-0.034907266497612,,,
12,31744,-0.042407773435115814,,,
12,31749,-0.049829334020614624,,,
12,31754,-0.06589971482753754,,,
12,31759,-0.05666155368089676,,,
12,31764,-0.03584638983011246,,,
12,31769,-0.02881367690861225,,,
12,31774,-0.030017437413334846,,,
12,31779,-0.05976701155304909,,,
12,31784,-0.05496438592672348,,,
12,31789,-0.05266657471656799,,,
12,31794,-0.06126205250620842,,,
12,31799,-0.01237323135137558,,,
12,31804,-0.054958775639534,,,
12,31809,-0.034187570214271545,,,
12,31814,-0.03271215781569481,,,
12,31819,-0.03232420235872269,,,
12,31824,-0.05204010009765625,,,
12,31829,-0.037090178579092026,,,
12,31834,-0.03835691884160042,,,
12,31839,-0.04600102826952934,,,
12,31844,-0.044254232197999954,,,
12,31849,-0.026601530611515045,,,
12,31854,-0.03452816605567932,,,
12,31859,-0.052397195249795914,,,
12,31864,-0.054860200732946396,,,
12,31869,-0.04733426868915558,,,
12,31874,-0.05110734701156616,,,
12,31879,-0.039727650582790375,,,
12,31884,-0.047960247844457626,,,
12,31889,-0.030915595591068268,,,
12,31894,-0.04865341633558273,,,
12,31899,-0.035143524408340454,,,
12,31904,-0.03500840440392494,,,
12,31909,-0.03946474939584732,,,
12,31914,-0.03248521685600281,,,
12,31919,-0.016028787940740585,,,
12,31924,-0.045531678944826126,,,
12,31929,-0.049295734614133835,,,
12,31934,-0.04910201579332352,,,
12,31939,-0.023667585104703903,,,
12,31944,-0.04800712689757347,,,
12,31949,-0.03658955916762352,,,
12,31954,-0.034987352788448334,,,
12,31959,-0.045596204698085785,,,
12,31964,-0.056537553668022156,,,
12,31969,-0.03964309021830559,,,
12,31974,-0.0400431752204895,,,
12,31979,-0.02714754268527031,,,
12,31984,-0.056685905903577805,,,
12,31989,-0.04621037840843201,,,
12,31994,-0.048861607909202576,,,
12,31999,-0.02377471514046192,,,
12,32004,-0.05436183512210846,,,
12,32009,-0.054280877113342285,,,
12,32014,-0.02775021269917488,,,
12,32019,-0.016115747392177582,,,
12,32024,-0.01911241002380848,,,
12,32029,-0.03052441217005253,,,
12,32034,-0.029988735914230347,,,
12,32039,-0.027170592918992043,,,
12,32044,-0.02507111057639122,,,
12,32049,-0.04708272963762283,,,
12,32054,-0.052297987043857574,,,
12,32059,-0.056812673807144165,,,
12,32064,-0.042096711695194244,,,
12,32069,-0.052206940948963165,,,
12,32074,-0.038507670164108276,,,
12,32079,-0.04027068614959717,,,
12,32084,-0.04622702673077583,,,
12,32089,-0.03664400428533554,,,
12,32094,-0.05775953829288483,,,
12,32099,-0.02788410149514675,,,
12,32104,-0.04972851648926735,,,
12,32109,-0.039029259234666824,,,
12,32114,-0.03634790703654289,,,
12,32119,-0.039373382925987244,,,
12,32124,-0.03660028055310249,,,
12,32129,-0.059382904320955276,,,
12,32134,-0.04312686249613762,,,
12,32139,-0.035516951233148575,,,
12,32144,-0.03140106424689293,,,
12,32149,-0.030994024127721786,,,
12,32154,-0.02368278056383133,,,
12,32159,-0.04476700723171234,,,
12,32164,-0.053143300116062164,,,
12,32169,-0.03802391514182091,,,
12,32174,-0.03764570504426956,,,
12,32179,-0.029680652543902397,,,
12,32184,-0.0579838752746582,,,
12,32189,-0.039287712424993515,,,
12,32194,-0.04654371365904808,,,
12,32199,-0.041624948382377625,,,
12,32204,-0.043815672397613525,,,
12,32209,-0.05475001782178879,,,
12,32214,-0.05328637361526489,,,
12,32219,-0.03695850819349289,,,
12,32224,-0.027932092547416687,,,
12,32229,-0.04429098218679428,,,
12,32234,-0.028312591835856438,,,
12,32239,-0.0523233525454998,,,
12,32244,-0.025290245190262794,,,
12,32249,-0.05653628706932068,,,
12,32254,-0.020200606435537338,,,
12,32259,-0.05322730168700218,,,
12,32264,-0.029492417350411415,,,
12,32269,-0.036238014698028564,,,
12,32274,-0.03334226459264755,,,
12,32279,-0.02391074411571026,,,
12,32284,-0.05511355772614479,,,
12,32289,-0.061476849019527435,,,
12,32294,-0.05053950473666191,,,
12,32299,-0.036226097494363785,,,
12,32304,-0.03504970669746399,,,
12,32309,-0.04468827322125435,,,
12,32314,-0.045214537531137466,,,
12,32319,-0.06109761446714401,,,
12,32324,-0.04250669851899147,,,
12,32329,-0.042946744710206985,,,
12,32334,-0.03851546347141266,,,
12,32339,-0.040629804134368896,,,
12,32344,-0.047870926558971405,,,
12,32349,-0.05415264517068863,,,
12,32354,-0.048192098736763,,,
12,32359,-0.03724243491888046,,,
12,32364,-0.033580467104911804,,,
12,32369,-0.04246062785387039,,,
12,32374,-0.0348372682929039,,,
12,32379,-0.041515085846185684,,,
12,32384,-0.04457446187734604,,,
12,32389,-0.046300143003463745,,,
12,32394,-0.05785452574491501,,,
12,32399,-0.06001392379403114,,,
12,32404,-0.042880766093730927,,,
12,32409,-0.031000027433037758,,,
12,32414,-0.0599914975464344,,,
12,32419,-0.04522724077105522,,,
12,32424,-0.029619654640555382,,,
12,32429,-0.03238440304994583,,,
12,32434,0.003974422812461853,,,
12,32439,-0.04272245615720749,,,
12,32444,-0.039678726345300674,,,
12,32449,-0.03281637653708458,,,
12,32454,-0.05896985903382301,,,
12,32459,-0.059369541704654694,,,
12,32464,-0.03332173824310303,,,
12,32469,-0.05808980017900467,,,
12,32474,-0.035372696816921234,,,
12,32479,-0.05001359060406685,,,
12,32484,-0.06340757012367249,,,
12,32489,-0.04153614863753319,,,
12,32494,-0.043835148215293884,,,
12,32499,-0.04205966368317604,,,
12,32499,,-0.038698989897966385,0.31450000405311584,0.6111464500427246
13,32504,-0.03651774674654007,,,
13,32509,-0.051819413900375366,,,
13,32514,0.12648986279964447,,,
13,32519,-0.03641895949840546,,,
13,32524,-0.029457828029990196,,,
13,32529,-0.0407392643392086,,,
13,32534,-0.037858955562114716,,,
13,32539,-0.05154400318861008,,,
13,32544,-0.032509516924619675,,,
13,32549,-0.05976862460374832,,,
13,32554,-0.04485943540930748,,,
13,32559,-0.004777806811034679,,,
13,32564,-0.0422305129468441,,,
13,32569,-0.055505551397800446,,,
13,32574,-0.044565316289663315,,,
13,32579,-0.012513857334852219,,,
13,32584,-0.05046376585960388,,,
13,32589,-0.06248331069946289,,,
13,32594,-0.033551815897226334,,,
13,32599,-0.051197610795497894,,,
13,32604,-0.03314809501171112,,,
13,32609,-0.04593518376350403,,,
13,32614,-0.05431128293275833,,,
13,32619,-0.05577273294329643,,,
13,32624,-0.0476561114192009,,,
13,32629,-0.0413832850754261,,,
13,32634,-0.03546452522277832,,,
13,32639,-0.04087920859456062,,,
13,32644,-0.028614303097128868,,,
13,32649,-0.041109878569841385,,,
13,32654,-0.043430183082818985,,,
13,32659,-0.042470917105674744,,,
13,32664,-0.014807220548391342,,,
13,32669,-0.028596293181180954,,,
13,32674,-0.054608602076768875,,,
13,32679,-0.03561025112867355,,,
13,32684,-0.034367967396974564,,,
13,32689,-0.027373531833291054,,,
13,32694,-0.052019186317920685,,,
13,32699,-0.05970005691051483,,,
13,32704,-0.059457927942276,,,
13,32709,-0.04791491478681564,,,
13,32714,-0.04767342284321785,,,
13,32719,-0.034502871334552765,,,
13,32724,-0.04192950949072838,,,
13,32729,-0.04250680282711983,,,
13,32734,-0.052380844950675964,,,
13,32739,-0.03685734048485756,,,
13,32744,-0.053896304219961166,,,
13,32749,-0.04182124510407448,,,
13,32754,-0.04406854137778282,,,
13,32759,-0.010651510208845139,,,
13,32764,-0.038827188313007355,,,
13,32769,-0.025744937360286713,,,
13,32774,-0.04475023224949837,,,
13,32779,-0.04325893148779869,,,
13,32784,-0.0440371036529541,,,
13,32789,-0.03771774098277092,,,
13,32794,-0.0314328670501709,,,
13,32799,-0.02541370876133442,,,
13,32804,-0.040101900696754456,,,
13,32809,-0.04517953470349312,,,
13,32814,-0.0417032316327095,,,
13,32819,-0.049160316586494446,,,
13,32824,-0.03382948786020279,,,
13,32829,-0.008669951930642128,,,
13,32834,0.013267887756228447,,,
13,32839,-0.03340134024620056,,,
13,32844,-0.055309999734163284,,,
13,32849,-0.04470854625105858,,,
13,32854,-0.04169179126620293,,,
13,32859,-0.042434804141521454,,,
13,32864,-0.061791129410266876,,,
13,32869,-0.041304539889097214,,,
13,32874,-0.04395679384469986,,,
13,32879,-0.04588489606976509,,,
13,32884,-0.022427331656217575,,,
13,32889,-0.0468251034617424,,,
13,32894,-0.02614588662981987,,,
13,32899,-0.015716541558504105,,,
13,32904,-0.03850697726011276,,,
13,32909,-0.034023772925138474,,,
13,32914,-0.03576945886015892,,,
13,32919,-0.03536183759570122,,,
13,32924,-0.05069888383150101,,,
13,32929,-0.05350809544324875,,,
13,32934,-0.05544121563434601,,,
13,32939,-0.059152573347091675,,,
13,32944,-0.02676539123058319,,,
13,32949,-0.06378084421157837,,,
13,32954,-0.044774752110242844,,,
13,32959,-0.029477879405021667,,,
13,32964,-0.05358889698982239,,,
13,32969,-0.021840237081050873,,,
13,32974,-0.053282249718904495,,,
13,32979,-0.03713759034872055,,,
13,32984,-0.05699204280972481,,,
13,32989,-0.054610975086688995,,,
13,32994,-0.04815644025802612,,,
13,32999,-0.03418979048728943,,,
13,33004,-0.012889217585325241,,,
13,33009,-0.046072088181972504,,,
13,33014,-0.05295811966061592,,,
13,33019,-0.05478573963046074,,,
13,33024,-0.05484200268983841,,,
13,33029,-0.04041055589914322,,,
13,33034,-0.036201201379299164,,,
13,33039,-0.05919807404279709,,,
13,33044,-0.02402588166296482,,,
13,33049,-0.03310629725456238,,,
13,33054,-0.04656679928302765,,,
13,33059,-0.07309211045503616,,,
13,33064,-0.03263293579220772,,,
13,33069,-0.04166581109166145,,,
13,33074,-0.04768868535757065,,,
13,33079,-0.029992640018463135,,,
13,33084,-0.03952646255493164,,,
13,33089,-0.04616241902112961,,,
13,33094,-0.058275844901800156,,,
13,33099,-0.02279386669397354,,,
13,33104,-0.05904988572001457,,,
13,33109,-0.06632572412490845,,,
13,33114,-0.05467185378074646,,,
13,33119,-0.05468638986349106,,,
13,33124,-0.03484979271888733,,,
13,33129,-0.04174862429499626,,,
13,33134,-0.05401306971907616,,,
13,33139,-0.05272407457232475,,,
13,33144,-0.050594575703144073,,,
13,33149,-0.045463237911462784,,,
13,33154,-0.042744480073451996,,,
13,33159,-0.05538906157016754,,,
13,33164,-0.006791730411350727,,,
13,33169,-0.05306444317102432,,,
13,33174,-0.04683593660593033,,,
13,33179,-0.017723988741636276,,,
13,33184,-0.053300902247428894,,,
13,33189,-0.04583181440830231,,,
13,33194,-0.04396902769804001,,,
13,33199,-0.037130165845155716,,,
13,33204,-0.007578352931886911,,,
13,33209,-0.04429589956998825,,,
13,33214,-0.05049315094947815,,,
13,33219,-0.035338740795850754,,,
13,33224,-0.06357066333293915,,,
13,33229,-0.03483651578426361,,,
13,33234,-0.02097996696829796,,,
13,33239,-0.049000419676303864,,,
13,33244,-0.027600623667240143,,,
13,33249,-0.05009401589632034,,,
13,33254,-0.036235298961400986,,,
13,33259,-0.04813532531261444,,,
13,33264,-0.05218461900949478,,,
13,33269,-0.04026484116911888,,,
13,33274,-0.036782242357730865,,,
13,33279,-0.04293728992342949,,,
13,33284,-0.0316978320479393,,,
13,33289,-0.02580079436302185,,,
13,33294,-0.0505426749587059,,,
13,33299,-0.035207636654376984,,,
13,33304,-0.04053156077861786,,,
13,33309,-0.040611132979393005,,,
13,33314,-0.014010576531291008,,,
13,33319,-0.03713780269026756,,,
13,33324,-0.05625081807374954,,,
13,33329,-0.04262961819767952,,,
13,33334,-0.017822975292801857,,,
13,33339,-0.030136452987790108,,,
13,33344,-0.06029167398810387,,,
13,33349,-0.059869434684515,,,
13,33354,-0.03604181483387947,,,
13,33359,-0.02630658820271492,,,
13,33364,-0.03972931578755379,,,
13,33369,-0.039238594472408295,,,
13,33374,-0.045522209256887436,,,
13,33379,-0.051375873386859894,,,
13,33384,-0.041810519993305206,,,
13,33389,-0.03085603192448616,,,
13,33394,-0.049262017011642456,,,
13,33399,-0.03302660584449768,,,
13,33404,-0.025083430111408234,,,
13,33409,-0.04249466955661774,,,
13,33414,-0.05568517744541168,,,
13,33419,-0.06928572803735733,,,
13,33424,-0.06946633756160736,,,
13,33429,-0.035109832882881165,,,
13,33434,-0.038903895765542984,,,
13,33439,-0.025071656331419945,,,
13,33444,-0.029749520123004913,,,
13,33449,-0.033219099044799805,,,
13,33454,-0.04073416441679001,,,
13,33459,-0.016278626397252083,,,
13,33464,-0.032294780015945435,,,
13,33469,-0.043279822915792465,,,
13,33474,-0.050416745245456696,,,
13,33479,-0.03739326447248459,,,
13,33484,-0.04224605858325958,,,
13,33489,-0.0030666745733469725,,,
13,33494,-0.03489142656326294,,,
13,33499,-0.05269037187099457,,,
13,33504,-0.04348918795585632,,,
13,33509,-0.013726378791034222,,,
13,33514,-0.01376290712505579,,,
13,33519,-0.034580595791339874,,,
13,33524,-0.02230929583311081,,,
13,33529,-0.0425882525742054,,,
13,33534,-0.038842394948005676,,,
13,33539,-0.03702499717473984,,,
13,33544,-0.030439728870987892,,,
13,33549,-0.062004026025533676,,,
13,33554,-0.03714098408818245,,,
13,33559,-0.044669076800346375,,,
13,33564,-0.044199854135513306,,,
13,33569,-0.045813966542482376,,,
13,33574,-0.051824308931827545,,,
13,33579,-0.06044473871588707,,,
13,33584,-0.016385704278945923,,,
13,33589,-0.047783397138118744,,,
13,33594,-0.041378457099199295,,,
13,33599,-0.038958195596933365,,,
13,33604,-0.02683846279978752,,,
13,33609,-0.024241650477051735,,,
13,33614,-0.027242479845881462,,,
13,33619,-0.025266986340284348,,,
13,33624,-0.021996479481458664,,,
13,33629,-0.06534262746572495,,,
13,33634,-0.026379624381661415,,,
13,33639,-0.03471209108829498,,,
13,33644,-0.047838736325502396,,,
13,33649,-0.040421318262815475,,,
13,33654,-0.05016321316361427,,,
13,33659,-0.033020976930856705,,,
13,33664,-0.04570024088025093,,,
13,33669,-0.03818012401461601,,,
13,33674,-0.04544556885957718,,,
13,33679,-0.059289246797561646,,,
13,33684,-0.07221423089504242,,,
13,33689,-0.03950976952910423,,,
13,33694,-0.037460725754499435,,,
13,33699,-0.05649136006832123,,,
13,33704,-0.04783504083752632,,,
13,33709,-0.042994290590286255,,,
13,33714,-0.04369930177927017,,,
13,33719,-0.04770027846097946,,,
13,33724,-0.04959655553102493,,,
13,33729,-0.0440618172287941,,,
13,33734,-0.04261112958192825,,,
13,33739,-0.04756374657154083,,,
13,33744,-0.02278779447078705,,,
13,33749,-0.05503567308187485,,,
13,33754,-0.052570246160030365,,,
13,33759,-0.04096689075231552,,,
13,33764,-0.056575238704681396,,,
13,33769,-0.0003056582063436508,,,
13,33774,-0.034941136837005615,,,
13,33779,-0.05735965818166733,,,
13,33784,-0.04841572046279907,,,
13,33789,-0.03150941804051399,,,
13,33794,-0.015022221952676773,,,
13,33799,-0.026757342740893364,,,
13,33804,-0.04385489597916603,,,
13,33809,-0.03836211562156677,,,
13,33814,-0.05376356095075607,,,
13,33819,-0.04778623580932617,,,
13,33824,-0.05234215781092644,,,
13,33829,-0.0698733702301979,,,
13,33834,-0.03317665308713913,,,
13,33839,-0.032453831285238266,,,
13,33844,-0.029209351167082787,,,
13,33849,-0.048380047082901,,,
13,33854,-0.03564910218119621,,,
13,33859,-0.03468305245041847,,,
13,33864,-0.04502401500940323,,,
13,33869,-0.037895120680332184,,,
13,33874,-0.030481575056910515,,,
13,33879,-0.049950823187828064,,,
13,33884,-0.061371952295303345,,,
13,33889,-0.03924911841750145,,,
13,33894,-0.04999292641878128,,,
13,33899,-0.056851476430892944,,,
13,33904,-0.030152028426527977,,,
13,33909,-0.03256761655211449,,,
13,33914,-0.04104309529066086,,,
13,33919,-0.032722555100917816,,,
13,33924,-0.02810436114668846,,,
13,33929,-0.022583184763789177,,,
13,33934,-0.047736477106809616,,,
13,33939,-0.059815917164087296,,,
13,33944,-0.0560610368847847,,,
13,33949,-0.05642298236489296,,,
13,33954,-0.05616628751158714,,,
13,33959,-0.01874445006251335,,,
13,33964,-0.05016544833779335,,,
13,33969,-0.03795609623193741,,,
13,33974,-0.04630131274461746,,,
13,33979,-0.025147419422864914,,,
13,33984,-0.04062424972653389,,,
13,33989,-0.042944036424160004,,,
13,33994,-0.041283681988716125,,,
13,33999,-0.0327179953455925,,,
13,34004,-0.04958892986178398,,,
13,34009,-0.04927932471036911,,,
13,34014,-0.05664448067545891,,,
13,34019,-0.034348007291555405,,,
13,34024,-0.04136606678366661,,,
13,34029,-0.0451606847345829,,,
13,34034,-0.03532039374113083,,,
13,34039,-0.0053076064214110374,,,
13,34044,-0.04056629538536072,,,
13,34049,-0.05574781820178032,,,
13,34054,-0.042860787361860275,,,
13,34059,-0.06322311609983444,,,
13,34064,-0.0791153684258461,,,
13,34069,-0.0394953116774559,,,
13,34074,-0.029505761340260506,,,
13,34079,-0.05263298749923706,,,
13,34084,-0.04384308308362961,,,
13,34089,-0.05862100422382355,,,
13,34094,-0.04988497495651245,,,
13,34099,-0.044197261333465576,,,
13,34104,-0.04389600455760956,,,
13,34109,-0.04173284024000168,,,
13,34114,-0.028572820127010345,,,
13,34119,-0.030479319393634796,,,
13,34124,-0.05818965286016464,,,
13,34129,-0.03711986914277077,,,
13,34134,-0.03757668659090996,,,
13,34139,-0.03120361641049385,,,
13,34144,-0.042881011962890625,,,
13,34149,-0.05773235112428665,,,
13,34154,-0.030262455344200134,,,
13,34159,-0.03622693195939064,,,
13,34164,-0.06069245561957359,,,
13,34169,-0.044424980878829956,,,
13,34174,-0.03591371327638626,,,
13,34179,-0.03581246733665466,,,
13,34184,-0.05769588053226471,,,
13,34189,-0.03649725019931793,,,
13,34194,-0.04141782969236374,,,
13,34199,-0.03806464746594429,,,
13,34204,-0.03485456109046936,,,
13,34209,-0.02764100208878517,,,
13,34214,-0.048331648111343384,,,
13,34219,-0.06840935349464417,,,
13,34224,-0.05270646512508392,,,
13,34229,-0.03975774347782135,,,
13,34234,-0.019515441730618477,,,
13,34239,-0.041122984141111374,,,
13,34244,-0.06288006156682968,,,
13,34249,-0.04426003247499466,,,
13,34254,-0.04111221060156822,,,
13,34259,-0.049654096364974976,,,
13,34264,-0.05420110374689102,,,
13,34269,-0.04306084290146828,,,
13,34274,-0.010296102613210678,,,
13,34279,-0.04408302903175354,,,
13,34284,-0.05012517794966698,,,
13,34289,-0.041536033153533936,,,
13,34294,-0.04287286847829819,,,
13,34299,-0.046321842819452286,,,
13,34304,-0.03326316922903061,,,
13,34309,-0.05234786123037338,,,
13,34314,-0.07748174667358398,,,
13,34319,-0.06392387300729752,,,
13,34324,-0.03842354565858841,,,
13,34329,-0.04868004471063614,,,
13,34334,-0.054185282438993454,,,
13,34339,-0.043521128594875336,,,
13,34344,-0.04779979586601257,,,
13,34349,-0.0457022562623024,,,
13,34354,-0.05088549852371216,,,
13,34359,-0.04004084691405296,,,
13,34364,-0.03588946536183357,,,
13,34369,-0.02360708639025688,,,
13,34374,-0.05502241477370262,,,
13,34379,-0.050126560032367706,,,
13,34384,-0.04991000145673752,,,
13,34389,-0.04517698660492897,,,
13,34394,-0.03848227486014366,,,
13,34399,-0.04937301203608513,,,
13,34404,-0.03514861315488815,,,
13,34409,-0.03999938443303108,,,
13,34414,-0.059163257479667664,,,
13,34419,-0.06471697986125946,,,
13,34424,-0.04420806095004082,,,
13,34429,-0.03986801207065582,,,
13,34434,-0.049648087471723557,,,
13,34439,-0.042159151285886765,,,
13,34444,-0.01112372800707817,,,
13,34449,-0.03294556960463524,,,
13,34454,-0.035969510674476624,,,
13,34459,-0.048973891884088516,,,
13,34464,-0.06107774004340172,,,
13,34469,0.0075614615343511105,,,
13,34474,-0.052821990102529526,,,
13,34479,-0.05827915295958519,,,
13,34484,-0.04049801081418991,,,
13,34489,-0.02366149239242077,,,
13,34494,-0.037670861929655075,,,
13,34499,-0.05440118536353111,,,
13,34504,-0.028956469148397446,,,
13,34509,-0.03936956450343132,,,
13,34514,-0.05899907648563385,,,
13,34519,-0.04760187119245529,,,
13,34524,-0.047571755945682526,,,
13,34529,-0.0520101860165596,,,
13,34534,-0.03831028938293457,,,
13,34539,-0.01769712194800377,,,
13,34544,-0.05031821131706238,,,
13,34549,-0.040013495832681656,,,
13,34554,-0.04575347155332565,,,
13,34559,-0.012717684730887413,,,
13,34564,-0.023952487856149673,,,
13,34569,-0.012479767203330994,,,
13,34574,-0.03798327594995499,,,
13,34579,-0.06881994754076004,,,
13,34584,-0.052734263241291046,,,
13,34589,-0.024148842319846153,,,
13,34594,-0.0503004714846611,,,
13,34599,-0.014463795349001884,,,
13,34604,-0.04122953116893768,,,
13,34609,-0.03681190684437752,,,
13,34614,-0.010402826592326164,,,
13,34619,-0.045143939554691315,,,
13,34624,-0.04086218774318695,,,
13,34629,-0.03194955363869667,,,
13,34634,-0.052353814244270325,,,
13,34639,-0.02637234330177307,,,
13,34644,-0.0630158931016922,,,
13,34649,-0.04265343025326729,,,
13,34654,-0.0507933609187603,,,
13,34659,-0.057772740721702576,,,
13,34664,-0.038923442363739014,,,
13,34669,-0.039545938372612,,,
13,34674,-0.07139980047941208,,,
13,34679,-0.020480597391724586,,,
13,34684,-0.048835329711437225,,,
13,34689,-0.05659342557191849,,,
13,34694,-0.041262369602918625,,,
13,34699,-0.019626062363386154,,,
13,34704,-0.0527983196079731,,,
13,34709,-0.05528336763381958,,,
13,34714,-0.039916425943374634,,,
13,34719,-0.04529200494289398,,,
13,34724,-0.02740970253944397,,,
13,34729,-0.031218156218528748,,,
13,34734,-0.029602644965052605,,,
13,34739,-0.05119088664650917,,,
13,34744,-0.03087017498910427,,,
13,34749,-0.03089192509651184,,,
13,34754,-0.03475693613290787,,,
13,34759,-0.039808984845876694,,,
13,34764,-0.05407616123557091,,,
13,34769,-0.03112778626382351,,,
13,34774,-0.041507918387651443,,,
13,34779,-0.04240696132183075,,,
13,34784,-0.04355217516422272,,,
13,34789,-0.039873428642749786,,,
13,34794,-0.05257408320903778,,,
13,34799,-0.043036703020334244,,,
13,34804,-0.008797237649559975,,,
13,34809,-0.0005905330181121826,,,
13,34814,-0.05034278333187103,,,
13,34819,-0.003437524661421776,,,
13,34824,0.010452786460518837,,,
13,34829,-0.03839155286550522,,,
13,34834,-0.0520220510661602,,,
13,34839,-0.043881069868803024,,,
13,34844,-0.034424230456352234,,,
13,34849,-0.044382743537425995,,,
13,34854,-0.06673034280538559,,,
13,34859,-0.03525909036397934,,,
13,34864,0.043581314384937286,,,
13,34869,-0.053520318120718,,,
13,34874,-0.053490761667490005,,,
13,34879,-0.04857109859585762,,,
13,34884,-0.051416270434856415,,,
13,34889,-0.03248601779341698,,,
13,34894,-0.04532470554113388,,,
13,34899,-0.04289587214589119,,,
13,34904,-0.04607781395316124,,,
13,34909,-0.047519370913505554,,,
13,34914,-0.048305097967386246,,,
13,34919,-0.05465066432952881,,,
13,34924,-0.05644435063004494,,,
13,34929,-0.03456416353583336,,,
13,34934,-0.04750226438045502,,,
13,34939,-0.01009318046271801,,,
13,34944,-0.03220341354608536,,,
13,34949,-0.03946525603532791,,,
13,34954,-0.041413288563489914,,,
13,34959,-0.038356613367795944,,,
13,34964,-0.05387377366423607,,,
13,34969,-0.04903474450111389,,,
13,34974,-0.032297533005476,,,
13,34979,-0.03899969160556793,,,
13,34984,-0.04024646803736687,,,
13,34989,-0.056377947330474854,,,
13,34994,-0.03119596838951111,,,
13,34999,-0.03913866728544235,,,
13,34999,,-0.03814331069588661,0.31610000133514404,0.6122907996177673
14,35004,-0.053809743374586105,,,
14,35009,-0.04212644323706627,,,
14,35014,-0.05496237799525261,,,
14,35019,-0.0621974915266037,,,
14,35024,-0.04088183492422104,,,
14,35029,-0.033982858061790466,,,
14,35034,-0.046446751803159714,,,
14,35039,-0.051289524883031845,,,
14,35044,-0.03213948383927345,,,
14,35049,-0.0485299788415432,,,
14,35054,-0.03743891045451164,,,
14,35059,0.008385274559259415,,,
14,35064,-0.04518141597509384,,,
14,35069,-0.04245693236589432,,,
14,35074,-0.043676428496837616,,,
14,35079,-0.03689730167388916,,,
14,35084,-0.03994430974125862,,,
14,35089,-0.04405355453491211,,,
14,35094,-0.04675411060452461,,,
14,35099,-0.03831728920340538,,,
14,35104,-0.029498109593987465,,,
14,35109,-0.028619296848773956,,,
14,35114,-0.059994716197252274,,,
14,35119,-0.020130468532443047,,,
14,35124,-0.031924501061439514,,,
14,35129,-0.057810813188552856,,,
14,35134,-0.023144258186221123,,,
14,35139,-0.01797446236014366,,,
14,35144,-0.045385412871837616,,,
14,35149,-0.047450099140405655,,,
14,35154,-0.047029294073581696,,,
14,35159,-0.05212446302175522,,,
14,35164,-0.03136766701936722,,,
14,35169,-0.026932809501886368,,,
14,35174,-0.020970094949007034,,,
14,35179,-0.04378451034426689,,,
14,35184,-0.04440059885382652,,,
14,35189,-0.05583422631025314,,,
14,35194,-0.05002765357494354,,,
14,35199,-0.03552577644586563,,,
14,35204,-0.03340407833456993,,,
14,35209,-0.03264518827199936,,,
14,35214,-0.04773484542965889,,,
14,35219,-0.03415847569704056,,,
14,35224,-0.03312380611896515,,,
14,35229,-0.04200651869177818,,,
14,35234,-0.031244952231645584,,,
14,35239,-0.02067960798740387,,,
14,35244,-0.050334345549345016,,,
14,35249,-0.04248225688934326,,,
14,35254,-0.03679979220032692,,,
14,35259,-0.04271780699491501,,,
14,35264,-0.04322148486971855,,,
14,35269,-0.044999271631240845,,,
14,35274,-0.041415415704250336,,,
14,35279,-0.04441475495696068,,,
14,35284,-0.03687484189867973,,,
14,35289,-0.041296880692243576,,,
14,35294,-0.011422079056501389,,,
14,35299,-0.038921959698200226,,,
14,35304,-0.04398756101727486,,,
14,35309,-0.05092761665582657,,,
14,35314,-0.03196144104003906,,,
14,35319,-0.030851200222969055,,,
14,35324,-0.034294795244932175,,,
14,35329,-0.0494258776307106,,,
14,35334,-0.039452556520700455,,,
14,35339,-0.03764865919947624,,,
14,35344,-0.04062924534082413,,,
14,35349,-0.04539069905877113,,,
14,35354,-0.04215418919920921,,,
14,35359,-0.04634267836809158,,,
14,35364,-0.05567663908004761,,,
14,35369,-0.034949369728565216,,,
14,35374,-0.05369361490011215,,,
14,35379,-0.046014297753572464,,,
14,35384,-0.036382902413606644,,,
14,35389,-0.05768027529120445,,,
14,35394,-0.045659903436899185,,,
14,35399,-0.03447265923023224,,,
14,35404,-0.03060389682650566,,,
14,35409,-0.038809191435575485,,,
14,35414,-0.05002988129854202,,,
14,35419,-0.04306034371256828,,,
14,35424,-0.016169702634215355,,,
14,35429,-0.04820290207862854,,,
14,35434,-0.04420272260904312,,,
14,35439,-0.04618087783455849,,,
14,35444,-0.06277457624673843,,,
14,35449,-0.06645739078521729,,,
14,35454,-0.04774193465709686,,,
14,35459,-0.056044161319732666,,,
14,35464,-0.030933015048503876,,,
14,35469,-0.05690415948629379,,,
14,35474,-0.027162041515111923,,,
14,35479,-0.05463528260588646,,,
14,35484,-0.02270713821053505,,,
14,35489,-0.024779781699180603,,,
14,35494,-0.05007769167423248,,,
14,35499,-0.022084835916757584,,,
14,35504,-0.03180011734366417,,,
14,35509,-0.03785061463713646,,,
14,35514,-0.048463381826877594,,,
14,35519,-0.035896629095077515,,,
14,35524,-0.04789205268025398,,,
14,35529,-0.045180544257164,,,
14,35534,-0.007838564924895763,,,
14,35539,-0.03247050195932388,,,
14,35544,-0.06085209175944328,,,
14,35549,-0.03699228912591934,,,
14,35554,-0.035564571619033813,,,
14,35559,-0.046594031155109406,,,
14,35564,-0.026213891804218292,,,
14,35569,-0.03354186192154884,,,
14,35574,-0.03784981369972229,,,
14,35579,-0.04639602452516556,,,
14,35584,-0.04492559656500816,,,
14,35589,-0.037964772433042526,,,
14,35594,-0.026737606152892113,,,
14,35599,-0.0352085679769516,,,
14,35604,-0.01996205374598503,,,
14,35609,-0.03103886917233467,,,
14,35614,-0.04402265325188637,,,
14,35619,-0.06336060911417007,,,
14,35624,-0.051312822848558426,,,
14,35629,-0.053548190742731094,,,
14,35634,-0.04728733003139496,,,
14,35639,-0.025975488126277924,,,
14,35644,-0.03699597343802452,,,
14,35649,-0.04754088819026947,,,
14,35654,-0.04704961180686951,,,
14,35659,-0.05342884361743927,,,
14,35664,-0.045794710516929626,,,
14,35669,-0.02840353362262249,,,
14,35674,-0.028830792754888535,,,
14,35679,-0.028310736641287804,,,
14,35684,-0.029821164906024933,,,
14,35689,-0.059907302260398865,,,
14,35694,-0.04171300679445267,,,
14,35699,-0.03689233213663101,,,
14,35704,-0.030117038637399673,,,
14,35709,-0.04635100066661835,,,
14,35714,-0.025725631043314934,,,
14,35719,-0.048290323466062546,,,
14,35724,-0.04706578701734543,,,
14,35729,-0.028159599751234055,,,
14,35734,-0.033352792263031006,,,
14,35739,-0.04834009334445,,,
14,35744,-0.04220636188983917,,,
14,35749,-0.041486840695142746,,,
14,35754,-0.02902396395802498,,,
14,35759,-0.026015959680080414,,,
14,35764,-0.06427358835935593,,,
14,35769,-0.038488056510686874,,,
14,35774,-0.04468031972646713,,,
14,35779,-0.04102189466357231,,,
14,35784,-0.036533113569021225,,,
14,35789,-0.04956454783678055,,,
14,35794,-0.029572194442152977,,,
14,35799,-0.022749589756131172,,,
14,35804,-0.04250334948301315,,,
14,35809,-0.0452769473195076,,,
14,35814,-0.04098696634173393,,,
14,35819,-0.06595072150230408,,,
14,35824,-0.040551286190748215,,,
14,35829,-0.0329737588763237,,,
14,35834,-0.05477562174201012,,,
14,35839,-0.043186113238334656,,,
14,35844,-0.0491381511092186,,,
14,35849,-0.01534191519021988,,,
14,35854,-0.044362857937812805,,,
14,35859,-0.02782978117465973,,,
14,35864,-0.03892498463392258,,,
14,35869,-0.029895732179284096,,,
14,35874,-0.038789957761764526,,,
14,35879,-0.03995930776000023,,,
14,35884,-0.013582499697804451,,,
14,35889,-0.034320082515478134,,,
14,35894,-0.061358802020549774,,,
14,35899,-0.046085890382528305,,,
14,35904,-0.04380661994218826,,,
14,35909,-0.036656372249126434,,,
14,35914,-0.02672034502029419,,,
14,35919,-0.04827311635017395,,,
14,35924,-0.02178949862718582,,,
14,35929,-0.0392569974064827,,,
14,35934,-0.04772545024752617,,,
14,35939,-0.009299574419856071,,,
14,35944,-0.05846230313181877,,,
14,35949,-0.06346999108791351,,,
14,35954,-0.05261555314064026,,,
14,35959,-0.027650628238916397,,,
14,35964,-0.05074530094861984,,,
14,35969,-0.05737407132983208,,,
14,35974,-0.057386960834264755,,,
14,35979,-0.04378668963909149,,,
14,35984,-0.04904460161924362,,,
14,35989,-0.01925213634967804,,,
14,35994,-0.04905305430293083,,,
14,35999,-0.02798175998032093,,,
14,36004,-0.03876955062150955,,,
14,36009,-0.04620376601815224,,,
14,36014,-0.050492532551288605,,,
14,36019,-0.04690421372652054,,,
14,36024,-0.05107726529240608,,,
14,36029,-0.042579762637615204,,,
14,36034,-0.043107517063617706,,,
14,36039,-0.021329540759325027,,,
14,36044,-0.05190157890319824,,,
14,36049,-0.051246508955955505,,,
14,36054,-0.03155691176652908,,,
14,36059,-0.046084947884082794,,,
14,36064,-0.04577653855085373,,,
14,36069,-0.008824815973639488,,,
14,36074,-0.055168040096759796,,,
14,36079,-0.04968799650669098,,,
14,36084,-0.05613573640584946,,,
14,36089,-0.0547080859541893,,,
14,36094,-0.030253998935222626,,,
14,36099,-0.007551252841949463,,,
14,36104,-0.03833683580160141,,,
14,36109,-0.05309782177209854,,,
14,36114,-0.04024223983287811,,,
14,36119,-0.05838894471526146,,,
14,36124,-0.01758667826652527,,,
14,36129,-0.044773299247026443,,,
14,36134,-0.05297092720866203,,,
14,36139,-0.035063475370407104,,,
14,36144,-0.030989060178399086,,,
14,36149,-0.05071339011192322,,,
14,36154,-0.05360129475593567,,,
14,36159,-0.058200038969516754,,,
14,36164,-0.04843951389193535,,,
14,36169,-0.06251104921102524,,,
14,36174,-0.0370551198720932,,,
14,36179,-0.04797695204615593,,,
14,36184,-0.02444988116621971,,,
14,36189,-0.028627244755625725,,,
14,36194,-0.040382351726293564,,,
14,36199,-0.03952096030116081,,,
14,36204,-0.035033367574214935,,,
14,36209,-0.05001169815659523,,,
14,36214,-0.05420298874378204,,,
14,36219,-0.029424158856272697,,,
14,36224,-0.05329403281211853,,,
14,36229,-0.0391998328268528,,,
14,36234,-0.05170397460460663,,,
14,36239,-0.039783068001270294,,,
14,36244,-0.0055235885083675385,,,
14,36249,-0.04449189454317093,,,
14,36254,-0.04401187226176262,,,
14,36259,-0.06186151131987572,,,
14,36264,-0.04990927875041962,,,
14,36269,-0.05406392738223076,,,
14,36274,-0.03890763223171234,,,
14,36279,-0.038666367530822754,,,
14,36284,-0.004229437559843063,,,
14,36289,-0.03871137276291847,,,
14,36294,-0.026764098554849625,,,
14,36299,-0.04989055171608925,,,
14,36304,-0.037288084626197815,,,
14,36309,-0.04367273300886154,,,
14,36314,-0.05682904273271561,,,
14,36319,-0.04042516276240349,,,
14,36324,-0.04794417321681976,,,
14,36329,-0.042806126177310944,,,
14,36334,-0.03038216196000576,,,
14,36339,-0.039404429495334625,,,
14,36344,-0.06486329436302185,,,
14,36349,-0.022574689239263535,,,
14,36354,-0.045216720551252365,,,
14,36359,-0.03241610899567604,,,
14,36364,-0.04636259377002716,,,
14,36369,-0.03811556100845337,,,
14,36374,-0.03293885290622711,,,
14,36379,-0.019710153341293335,,,
14,36384,-0.031494516879320145,,,
14,36389,-0.02073485404253006,,,
14,36394,-0.05058576166629791,,,
14,36399,-0.01962321251630783,,,
14,36404,-0.04377346485853195,,,
14,36409,-0.04745374619960785,,,
14,36414,-0.038906265050172806,,,
14,36419,-0.04647287726402283,,,
14,36424,-0.04718327522277832,,,
14,36429,-0.0582943931221962,,,
14,36434,-0.05004626885056496,,,
14,36439,-0.021424513310194016,,,
14,36444,-0.04765195772051811,,,
14,36449,-0.04767879843711853,,,
14,36454,-0.03230448439717293,,,
14,36459,-0.023227637633681297,,,
14,36464,-0.031597722321748734,,,
14,36469,-0.04453309252858162,,,
14,36474,-0.019425559788942337,,,
14,36479,-0.036760684102773666,,,
14,36484,-0.034436047077178955,,,
14,36489,-0.01526670902967453,,,
14,36494,-0.05271231383085251,,,
14,36499,-0.050414830446243286,,,
14,36504,-0.03105342946946621,,,
14,36509,-0.030696528032422066,,,
14,36514,-0.03903653845191002,,,
14,36519,-0.022960767149925232,,,
14,36524,-0.03568209707736969,,,
14,36529,-0.05279330536723137,,,
14,36534,-0.04363945871591568,,,
14,36539,-0.058150529861450195,,,
14,36544,-0.03924562782049179,,,
14,36549,-0.05040984973311424,,,
14,36554,-0.01317112147808075,,,
14,36559,-0.037085920572280884,,,
14,36564,-0.04254935681819916,,,
14,36569,-0.034383174031972885,,,
14,36574,-0.04587313160300255,,,
14,36579,-0.05324162170290947,,,
14,36584,-0.03803955763578415,,,
14,36589,-0.044269245117902756,,,
14,36594,-0.03813043609261513,,,
14,36599,-0.04165990278124809,,,
14,36604,-0.02656259760260582,,,
14,36609,-0.045540280640125275,,,
14,36614,-0.004022147972136736,,,
14,36619,-0.034956466406583786,,,
14,36624,-0.054312434047460556,,,
14,36629,-0.03956858068704605,,,
14,36634,-0.04580516368150711,,,
14,36639,-0.022480815649032593,,,
14,36644,-0.05172862857580185,,,
14,36649,-0.04006946086883545,,,
14,36654,-0.05352601781487465,,,
14,36659,-0.038274314254522324,,,
14,36664,-0.028034154325723648,,,
14,36669,-0.055419065058231354,,,
14,36674,-0.04323099926114082,,,
14,36679,-0.04279043525457382,,,
14,36684,-0.05676090344786644,,,
14,36689,-0.03982878103852272,,,
14,36694,-0.029356898739933968,,,
14,36699,-0.04422934725880623,,,
14,36704,-0.04530569165945053,,,
14,36709,-0.041753850877285004,,,
14,36714,-0.029839666560292244,,,
14,36719,-0.05178451910614967,,,
14,36724,-0.05123220384120941,,,
14,36729,-0.04938992112874985,,,
14,36734,-0.035909008234739304,,,
14,36739,-0.05416605621576309,,,
14,36744,-0.044841911643743515,,,
14,36749,-0.03304492309689522,,,
14,36754,-0.018683645874261856,,,
14,36759,-0.03741985559463501,,,
14,36764,-0.03643703833222389,,,
14,36769,-0.057877812534570694,,,
14,36774,-0.019423380494117737,,,
14,36779,-0.04644625633955002,,,
14,36784,-0.023343753069639206,,,
14,36789,-0.04425918310880661,,,
14,36794,-0.06019802391529083,,,
14,36799,-0.06586413830518723,,,
14,36804,-0.061928700655698776,,,
14,36809,-0.031443506479263306,,,
14,36814,-0.057615768164396286,,,
14,36819,-0.05151812359690666,,,
14,36824,-0.04635370150208473,,,
14,36829,-0.05083131417632103,,,
14,36834,-0.05164073035120964,,,
14,36839,-0.04389530047774315,,,
14,36844,-0.044381991028785706,,,
14,36849,-0.04627380147576332,,,
14,36854,-0.04886121675372124,,,
14,36859,-0.04039910435676575,,,
14,36864,-0.03985542058944702,,,
14,36869,-0.039879828691482544,,,
14,36874,-0.02731439843773842,,,
14,36879,-0.06077902019023895,,,
14,36884,-0.0427636057138443,,,
14,36889,-0.047410015016794205,,,
14,36894,-0.029731828719377518,,,
14,36899,-0.05746741592884064,,,
14,36904,-0.05318490415811539,,,
14,36909,-0.0496298186480999,,,
14,36914,-0.016048697754740715,,,
14,36919,-0.03778926283121109,,,
14,36924,-0.051318179816007614,,,
14,36929,-0.045373208820819855,,,
14,36934,-0.04646270349621773,,,
14,36939,-0.05902962386608124,,,
14,36944,-0.024295780807733536,,,
14,36949,-0.030217990279197693,,,
14,36954,-0.023537853732705116,,,
14,36959,-0.016032587736845016,,,
14,36964,-0.03027205541729927,,,
14,36969,-0.05231928452849388,,,
14,36974,-0.03799303248524666,,,
14,36979,-0.04167604446411133,,,
14,36984,-0.04134216159582138,,,
14,36989,-0.0363440178334713,,,
14,36994,-0.02497928775846958,,,
14,36999,-0.007139704190194607,,,
14,37004,-0.03149747475981712,,,
14,37009,-0.05616374686360359,,,
14,37014,-0.04406101629137993,,,
14,37019,-0.05483532324433327,,,
14,37024,-0.04123956710100174,,,
14,37029,-0.047569554299116135,,,
14,37034,-0.038204044103622437,,,
14,37039,-0.01449958048760891,,,
14,37044,-0.04468835890293121,,,
14,37049,-0.034443918615579605,,,
14,37054,-0.04666663706302643,,,
14,37059,-0.034469448029994965,,,
14,37064,-0.0357949361205101,,,
14,37069,-0.03819479048252106,,,
14,37074,-0.04410611838102341,,,
14,37079,-0.04603209346532822,,,
14,37084,-0.039837293326854706,,,
14,37089,-0.045237064361572266,,,
14,37094,-0.02986731380224228,,,
14,37099,-0.06239015609025955,,,
14,37104,-0.029083585366606712,,,
14,37109,-0.03354570269584656,,,
14,37114,-0.033287618309259415,,,
14,37119,-0.027715114876627922,,,
14,37124,-0.03669215738773346,,,
14,37129,-0.0475362092256546,,,
14,37134,-0.018055427819490433,,,
14,37139,-0.051627203822135925,,,
14,37144,-0.03847957402467728,,,
14,37149,-0.04631863161921501,,,
14,37154,-0.04138939455151558,,,
14,37159,-0.0697512999176979,,,
14,37164,-0.035511910915374756,,,
14,37169,-0.04820830002427101,,,
14,37174,-0.040018755942583084,,,
14,37179,-0.04344269260764122,,,
14,37184,-0.037627238780260086,,,
14,37189,-0.04400964081287384,,,
14,37194,-0.021424248814582825,,,
14,37199,-0.059910763055086136,,,
14,37204,-0.03452204912900925,,,
14,37209,-0.04036051779985428,,,
14,37214,-0.04796510189771652,,,
14,37219,-0.040161725133657455,,,
14,37224,-0.031361497938632965,,,
14,37229,-0.06274492293596268,,,
14,37234,-0.06714412569999695,,,
14,37239,-0.058860596269369125,,,
14,37244,0.015711292624473572,,,
14,37249,-0.04584299772977829,,,
14,37254,-0.017315246164798737,,,
14,37259,0.0287783220410347,,,
14,37264,-0.07306737452745438,,,
14,37269,-0.04721379280090332,,,
14,37274,-0.06189998611807823,,,
14,37279,-0.04827466607093811,,,
14,37284,-0.02203659899532795,,,
14,37289,-0.01429177075624466,,,
14,37294,-0.032556504011154175,,,
14,37299,-0.03495094180107117,,,
14,37304,-0.05198461562395096,,,
14,37309,-0.053150635212659836,,,
14,37314,-0.047055505216121674,,,
14,37319,-0.05514692887663841,,,
14,37324,-0.046338409185409546,,,
14,37329,-0.004796061664819717,,,
14,37334,-0.04835689812898636,,,
14,37339,-0.040334850549697876,,,
14,37344,-0.051076740026474,,,
14,37349,-0.05161939561367035,,,
14,37354,-0.05968412756919861,,,
14,37359,-0.04944992810487747,,,
14,37364,-0.03624372184276581,,,
14,37369,-0.05714939534664154,,,
14,37374,-0.045381516218185425,,,
14,37379,-0.03684639930725098,,,
14,37384,-0.05780006945133209,,,
14,37389,-0.04875588044524193,,,
14,37394,-0.04986153542995453,,,
14,37399,-0.02379729226231575,,,
14,37404,-0.048388078808784485,,,
14,37409,-0.03410495072603226,,,
14,37414,-0.039524808526039124,,,
14,37419,9.941542521119118e-05,,,
14,37424,-0.05887475982308388,,,
14,37429,-0.04448699206113815,,,
14,37434,-0.04070907086133957,,,
14,37439,-0.0427747517824173,,,
14,37444,-0.0416981466114521,,,
14,37449,-0.04834381863474846,,,
14,37454,-0.04195862635970116,,,
14,37459,-0.052201926708221436,,,
14,37464,-0.04523751884698868,,,
14,37469,-0.035771630704402924,,,
14,37474,-0.04676913842558861,,,
14,37479,-0.05164748802781105,,,
14,37484,-0.03785748779773712,,,
14,37489,-0.0504564493894577,,,
14,37494,-0.0480816476047039,,,
14,37499,-0.024559427052736282,,,
14,37499,,-0.033080533146858215,0.3125999867916107,0.617251992225647
15,37504,-0.04548013582825661,,,
15,37509,-0.03079012967646122,,,
15,37514,-0.05596255138516426,,,
15,37519,-0.03626759350299835,,,
15,37524,-0.05156070739030838,,,
15,37529,-0.06280660629272461,,,
15,37534,-0.040161874145269394,,,
15,37539,-0.04646305367350578,,,
15,37544,-0.04694971814751625,,,
15,37549,-0.04547697305679321,,,
15,37554,-0.04874296858906746,,,
15,37559,-0.049875542521476746,,,
15,37564,-0.000623621977865696,,,
15,37569,-0.022862784564495087,,,
15,37574,-0.04451075196266174,,,
15,37579,-0.0543806292116642,,,
15,37584,-0.03180824592709541,,,
15,37589,-0.049261223524808884,,,
15,37594,-0.04679251089692116,,,
15,37599,-0.03795119374990463,,,
15,37604,-0.05212555453181267,,,
15,37609,-0.03706851229071617,,,
15,37614,-0.044865839183330536,,,
15,37619,-0.019703440368175507,,,
15,37624,-0.02976166643202305,,,
15,37629,-0.051289670169353485,,,
15,37634,-0.0673796683549881,,,
15,37639,-0.05051036179065704,,,
15,37644,-0.04357370734214783,,,
15,37649,-0.03561766445636749,,,
15,37654,-0.04817391186952591,,,
15,37659,-0.03975481539964676,,,
15,37664,-0.039078086614608765,,,
15,37669,-0.029967352747917175,,,
15,37674,-0.03605205565690994,,,
15,37679,-0.01745307445526123,,,
15,37684,-0.053372710943222046,,,
15,37689,-0.03477327898144722,,,
15,37694,-0.007249939255416393,,,
15,37699,-0.03210405632853508,,,
15,37704,-0.065803162753582,,,
15,37709,-0.053948383778333664,,,
15,37714,-0.05674260854721069,,,
15,37719,-0.050985828042030334,,,
15,37724,-0.011044224724173546,,,
15,37729,-0.025167888030409813,,,
15,37734,-0.02644277550280094,,,
15,37739,-0.03989285230636597,,,
15,37744,-0.049846015870571136,,,
15,37749,-0.05016036331653595,,,
15,37754,-0.03759486600756645,,,
15,37759,-0.049049511551856995,,,
15,37764,-0.04728199169039726,,,
15,37769,-0.0758470669388771,,,
15,37774,-0.06725140661001205,,,
15,37779,-0.038480211049318314,,,
15,37784,-0.03325206786394119,,,
15,37789,-0.040424760431051254,,,
15,37794,-0.026392729952931404,,,
15,37799,-0.0398501455783844,,,
15,37804,-0.04851088300347328,,,
15,37809,-0.020958706736564636,,,
15,37814,-0.05329301208257675,,,
15,37819,-0.04808751866221428,,,
15,37824,-0.0508958175778389,,,
15,37829,-0.05854922533035278,,,
15,37834,-0.04787726700305939,,,
15,37839,-0.03208179399371147,,,
15,37844,-0.05223431810736656,,,
15,37849,-0.056155942380428314,,,
15,37854,-0.03174053877592087,,,
15,37859,-0.03192617744207382,,,
15,37864,-0.06449726223945618,,,
15,37869,-0.04066276177763939,,,
15,37874,-0.029621047899127007,,,
15,37879,-0.0429878756403923,,,
15,37884,-0.05236687883734703,,,
15,37889,-0.04866015911102295,,,
15,37894,-0.01999516226351261,,,
15,37899,-0.051544930785894394,,,
15,37904,-0.04440266638994217,,,
15,37909,-0.04115145280957222,,,
15,37914,-0.03183816745877266,,,
15,37919,-0.054735202342271805,,,
15,37924,-0.04564101994037628,,,
15,37929,-0.044020287692546844,,,
15,37934,-0.02978021278977394,,,
15,37939,-0.036102499812841415,,,
15,37944,-0.040149617940187454,,,
15,37949,-0.04509810358285904,,,
15,37954,-0.031004490330815315,,,
15,37959,-0.03533392399549484,,,
15,37964,-0.042099758982658386,,,
15,37969,-0.018629424273967743,,,
15,37974,-0.03182380646467209,,,
15,37979,-0.03840717300772667,,,
15,37984,-0.02975768968462944,,,
15,37989,-0.0544242300093174,,,
15,37994,-0.017819786444306374,,,
15,37999,-0.057521041482686996,,,
15,38004,-0.0607573427259922,,,
15,38009,-0.02831844426691532,,,
15,38014,-0.05117257311940193,,,
15,38019,-0.0298248790204525,,,
15,38024,-0.04647836461663246,,,
15,38029,-0.054651353508234024,,,
15,38034,-0.043092332780361176,,,
15,38039,-0.038029931485652924,,,
15,38044,-0.05496736615896225,,,
15,38049,-0.037504129111766815,,,
15,38054,-0.05126114934682846,,,
15,38059,-0.028588220477104187,,,
15,38064,-0.03110409900546074,,,
15,38069,-0.03318336233496666,,,
15,38074,-0.04519323259592056,,,
15,38079,-0.04832301288843155,,,
15,38084,-0.05220406875014305,,,
15,38089,-0.04928631708025932,,,
15,38094,-0.03365129232406616,,,
15,38099,-0.025965552777051926,,,
15,38104,-0.04352632164955139,,,
15,38109,-0.037508826702833176,,,
15,38114,-0.01737448200583458,,,
15,38119,-0.026044350117444992,,,
15,38124,-0.06348659843206406,,,
15,38129,-0.05021638795733452,,,
15,38134,-0.026146842166781425,,,
15,38139,-0.051682647317647934,,,
15,38144,-0.03357825428247452,,,
15,38149,-0.04114844650030136,,,
15,38154,-0.048668332397937775,,,
15,38159,-0.04782654717564583,,,
15,38164,-0.0449211522936821,,,
15,38169,-0.05410270020365715,,,
15,38174,-0.04186953231692314,,,
15,38179,-0.04802316427230835,,,
15,38184,-0.04163460060954094,,,
15,38189,-0.048784807324409485,,,
15,38194,-0.0492207407951355,,,
15,38199,-0.05245465785264969,,,
15,38204,-0.04671470448374748,,,
15,38209,-0.026282044127583504,,,
15,38214,-0.04208049923181534,,,
15,38219,-0.037501536309719086,,,
15,38224,-0.0334390327334404,,,
15,38229,-0.021731596440076828,,,
15,38234,-0.051148414611816406,,,
15,38239,-0.046916767954826355,,,
15,38244,-0.04529828578233719,,,
15,38249,-0.027837974950671196,,,
15,38254,-0.04620470479130745,,,
15,38259,-0.061586350202560425,,,
15,38264,-0.03085332363843918,,,
15,38269,-0.04639758914709091,,,
15,38274,-0.03842593729496002,,,
15,38279,-0.034311797469854355,,,
15,38284,-0.04260856658220291,,,
15,38289,-0.033134035766124725,,,
15,38294,-0.014190716668963432,,,
15,38299,-0.05626495182514191,,,
15,38304,-0.042995281517505646,,,
15,38309,-0.04098536819219589,,,
15,38314,-0.020647194236516953,,,
15,38319,-0.030383197590708733,,,
15,38324,-0.0064043644815683365,,,
15,38329,-0.03255371376872063,,,
15,38334,-0.05567289888858795,,,
15,38339,-0.03938024491071701,,,
15,38344,-0.028800033032894135,,,
15,38349,-0.040212687104940414,,,
15,38354,-0.029810814186930656,,,
15,38359,-0.0451262965798378,,,
15,38364,-0.04308677092194557,,,
15,38369,-0.04902356490492821,,,
15,38374,-0.04136647656559944,,,
15,38379,-0.04504624009132385,,,
15,38384,-0.024541202932596207,,,
15,38389,-0.03840625286102295,,,
15,38394,-0.05259428173303604,,,
15,38399,-0.028227999806404114,,,
15,38404,-0.043593212962150574,,,
15,38409,-0.03974088281393051,,,
15,38414,-0.018603697419166565,,,
15,38419,-0.013901576399803162,,,
15,38424,-0.04716622456908226,,,
15,38429,-0.046861954033374786,,,
15,38434,-0.039445847272872925,,,
15,38439,-0.02145448513329029,,,
15,38444,-0.0339488759636879,,,
15,38449,-0.05780334025621414,,,
15,38454,-0.015939978882670403,,,
15,38459,-0.041820984333753586,,,
15,38464,-0.02207070402801037,,,
15,38469,-0.030566632747650146,,,
15,38474,-0.06064210087060928,,,
15,38479,-0.020350268110632896,,,
15,38484,-0.054340481758117676,,,
15,38489,-0.03894244134426117,,,
15,38494,-0.05376088619232178,,,
15,38499,-0.035021260380744934,,,
15,38504,-0.02604702301323414,,,
15,38509,-0.03213674575090408,,,
15,38514,-0.027602316811680794,,,
15,38519,-0.022851059213280678,,,
15,38524,-0.050605498254299164,,,
15,38529,-0.04375706985592842,,,
15,38534,-0.04665008932352066,,,
15,38539,-0.027354851365089417,,,
15,38544,-0.023846320807933807,,,
15,38549,-0.03771544247865677,,,
15,38554,-0.05426120012998581,,,
15,38559,-0.057325102388858795,,,
15,38564,-0.036332547664642334,,,
15,38569,-0.008138599805533886,,,
15,38574,-0.033877983689308167,,,
15,38579,-0.029910050332546234,,,
15,38584,-0.045708123594522476,,,
15,38589,-0.03960828855633736,,,
15,38594,-0.051850825548172,,,
15,38599,-0.053680792450904846,,,
15,38604,-0.03421028330922127,,,
15,38609,-0.054245609790086746,,,
15,38614,-0.04292982816696167,,,
15,38619,-0.008066223002970219,,,
15,38624,-0.034885089844465256,,,
15,38629,-0.02585478499531746,,,
15,38634,-0.0344870425760746,,,
15,38639,-0.019240275025367737,,,
15,38644,-0.05120540410280228,,,
15,38649,-0.014469381421804428,,,
15,38654,-0.049800168722867966,,,
15,38659,-0.03683818131685257,,,
15,38664,-0.034262754023075104,,,
15,38669,-0.0418090857565403,,,
15,38674,-0.05002787709236145,,,
15,38679,-0.031165940687060356,,,
15,38684,-0.008752193301916122,,,
15,38689,-0.0291572418063879,,,
15,38694,-0.029519211500883102,,,
15,38699,-0.04798509553074837,,,
15,38704,-0.030375326052308083,,,
15,38709,-0.02109203115105629,,,
15,38714,-0.025314966216683388,,,
15,38719,-0.041308533400297165,,,
15,38724,-0.04847187176346779,,,
15,38729,-0.05424720048904419,,,
15,38734,-0.03644310310482979,,,
15,38739,-0.04369213804602623,,,
15,38744,-0.020241551101207733,,,
15,38749,-0.026505040004849434,,,
15,38754,-0.04611794278025627,,,
15,38759,-0.02879124879837036,,,
15,38764,-0.03489720821380615,,,
15,38769,-0.06141914054751396,,,
15,38774,-0.0325617715716362,,,
15,38779,-0.05253663286566734,,,
15,38784,-0.04915142431855202,,,
15,38789,-0.041658367961645126,,,
15,38794,-0.04808569699525833,,,
15,38799,-0.0320562943816185,,,
15,38804,-0.03701607137918472,,,
15,38809,-0.02993476763367653,,,
15,38814,-0.0326424166560173,,,
15,38819,-0.04282312095165253,,,
15,38824,-0.040965575724840164,,,
15,38829,-0.03435998409986496,,,
15,38834,-0.026248695328831673,,,
15,38839,-0.042647186666727066,,,
15,38844,-0.04736632481217384,,,
15,38849,-0.0485977828502655,,,
15,38854,-0.040848568081855774,,,
15,38859,-0.030061423778533936,,,
15,38864,-0.03207448497414589,,,
15,38869,-0.06587006151676178,,,
15,38874,-0.050902508199214935,,,
15,38879,-0.054617393761873245,,,
15,38884,-0.045092660933732986,,,
15,38889,-0.03334229066967964,,,
15,38894,-0.04926643520593643,,,
15,38899,-0.032537247985601425,,,
15,38904,-0.03688575327396393,,,
15,38909,-0.030063990503549576,,,
15,38914,-0.03838758543133736,,,
15,38919,-0.03236246109008789,,,
15,38924,-0.042196374386548996,,,
15,38929,-0.041645437479019165,,,
15,38934,-0.04155842959880829,,,
15,38939,-0.043651025742292404,,,
15,38944,-0.044874437153339386,,,
15,38949,-0.044318582862615585,,,
15,38954,-0.03199159726500511,,,
15,38959,-0.04211445897817612,,,
15,38964,-0.04524695500731468,,,
15,38969,-0.046469055116176605,,,
15,38974,-0.052274927496910095,,,
15,38979,-0.05780007690191269,,,
15,38984,-0.04972293972969055,,,
15,38989,-0.04448501765727997,,,
15,38994,-0.04460890591144562,,,
15,38999,-0.015148204751312733,,,
15,39004,-0.043420806527137756,,,
15,39009,-0.0380813367664814,,,
15,39014,-0.04072614759206772,,,
15,39019,-0.04143895208835602,,,
15,39024,-0.04661320149898529,,,
15,39029,-0.04738442227244377,,,
15,39034,-0.04813971742987633,,,
15,39039,-0.02769448608160019,,,
15,39044,-0.042380042374134064,,,
15,39049,-0.029505055397748947,,,
15,39054,-0.0413484089076519,,,
15,39059,-0.04618968069553375,,,
15,39064,-0.04751431196928024,,,
15,39069,-0.048517558723688126,,,
15,39074,-0.051688019186258316,,,
15,39079,-0.03343426436185837,,,
15,39084,-0.04861409589648247,,,
15,39089,-0.028452683240175247,,,
15,39094,-0.033571694046258926,,,
15,39099,-0.044009920209646225,,,
15,39104,-0.04548972100019455,,,
15,39109,-0.039328720420598984,,,
15,39114,-0.04960371553897858,,,
15,39119,-0.033289555460214615,,,
15,39124,-0.05652337893843651,,,
15,39129,-0.016533246263861656,,,
15,39134,-0.05816332995891571,,,
15,39139,-0.04450205713510513,,,
15,39144,-0.05081051215529442,,,
15,39149,-0.05818888545036316,,,
15,39154,-0.051226794719696045,,,
15,39159,-0.05105098709464073,,,
15,39164,-0.04103245213627815,,,
15,39169,-0.04665917158126831,,,
15,39174,-0.02418241649866104,,,
15,39179,-0.04271356761455536,,,
15,39184,-0.04876738786697388,,,
15,39189,-0.0471869632601738,,,
15,39194,-0.03497698903083801,,,
15,39199,-0.05282622203230858,,,
15,39204,-0.04445505142211914,,,
15,39209,-0.045901909470558167,,,
15,39214,-0.020396262407302856,,,
15,39219,-0.04902709275484085,,,
15,39224,-0.0594867467880249,,,
15,39229,-0.04984594136476517,,,
15,39234,-0.04109545052051544,,,
15,39239,-0.041404176503419876,,,
15,39244,-0.02855629101395607,,,
15,39249,-0.04405876249074936,,,
15,39254,-0.06241190433502197,,,
15,39259,-0.040734127163887024,,,
15,39264,-0.0421561524271965,,,
15,39269,-0.04128606989979744,,,
15,39274,-0.059598229825496674,,,
15,39279,-0.03894941508769989,,,
15,39284,-0.02515830658376217,,,
15,39289,-0.0641598254442215,,,
15,39294,-0.049436427652835846,,,
15,39299,-0.03663459047675133,,,
15,39304,-0.02586580067873001,,,
15,39309,-0.07246489822864532,,,
15,39314,-0.024482417851686478,,,
15,39319,-0.04366568475961685,,,
15,39324,-0.04858686029911041,,,
15,39329,-0.02889223024249077,,,
15,39334,-0.03763218969106674,,,
15,39339,-0.04839572682976723,,,
15,39344,-0.03287145495414734,,,
15,39349,-0.03077724575996399,,,
15,39354,-0.029602007940411568,,,
15,39359,-0.04709894210100174,,,
15,39364,-0.04935779422521591,,,
15,39369,-0.04490211606025696,,,
15,39374,-0.06255631893873215,,,
15,39379,-0.023206109181046486,,,
15,39384,-0.048644058406353,,,
15,39389,-0.05124635621905327,,,
15,39394,-0.048264823853969574,,,
15,39399,-0.04542427882552147,,,
15,39404,-0.0361487902700901,,,
15,39409,-0.033282577991485596,,,
15,39414,-0.044509828090667725,,,
15,39419,0.009235273115336895,,,
15,39424,-0.05252714455127716,,,
15,39429,-0.055059079080820084,,,
15,39434,-0.030460694804787636,,,
15,39439,-0.03925333172082901,,,
15,39444,-0.027595482766628265,,,
15,39449,-0.0487266480922699,,,
15,39454,-0.02115727588534355,,,
15,39459,-0.030108362436294556,,,
15,39464,-0.051278676837682724,,,
15,39469,-0.06674354523420334,,,
15,39474,-0.04733647406101227,,,
15,39479,-0.05162788927555084,,,
15,39484,-0.0377340167760849,,,
15,39489,-0.02628999389708042,,,
15,39494,-0.0324980691075325,,,
15,39499,-0.026900263503193855,,,
15,39504,-0.0329974889755249,,,
15,39509,-0.04856681823730469,,,
15,39514,-0.036502428352832794,,,
15,39519,-0.03368420526385307,,,
15,39524,-0.00322320987470448,,,
15,39529,-0.023634590208530426,,,
15,39534,-0.04187438637018204,,,
15,39539,-0.04848224297165871,,,
15,39544,-0.03776709362864494,,,
15,39549,-0.04303920641541481,,,
15,39554,-0.03415800258517265,,,
15,39559,-0.03472988307476044,,,
15,39564,-0.026524286717176437,,,
15,39569,-0.05538911744952202,,,
15,39574,-0.0388784222304821,,,
15,39579,-0.021980829536914825,,,
15,39584,-0.04330507293343544,,,
15,39589,-0.05001966655254364,,,
15,39594,-0.04733958840370178,,,
15,39599,-0.056172892451286316,,,
15,39604,0.0036426447331905365,,,
15,39609,-0.03922677040100098,,,
15,39614,-0.03549377992749214,,,
15,39619,-0.04357429966330528,,,
15,39624,-0.06450633704662323,,,
15,39629,-0.04430141672492027,,,
15,39634,-0.03868956118822098,,,
15,39639,-0.03804590180516243,,,
15,39644,-0.027542833238840103,,,
15,39649,-0.048097163438797,,,
15,39654,-0.015263156034052372,,,
15,39659,-0.00515204481780529,,,
15,39664,-0.05100836604833603,,,
15,39669,-0.04604019969701767,,,
15,39674,-0.02413746900856495,,,
15,39679,-0.042762868106365204,,,
15,39684,-0.047891825437545776,,,
15,39689,-0.047811515629291534,,,
15,39694,-0.021886445581912994,,,
15,39699,-0.03824092447757721,,,
15,39704,-0.03812685236334801,,,
15,39709,-0.036726392805576324,,,
15,39714,-0.024992534890770912,,,
15,39719,-0.060596805065870285,,,
15,39724,-0.040579527616500854,,,
15,39729,-0.04869206249713898,,,
15,39734,-0.024156615138053894,,,
15,39739,-0.03233443573117256,,,
15,39744,-0.0582883283495903,,,
15,39749,-0.01359322015196085,,,
15,39754,-0.04553329199552536,,,
15,39759,-0.0301147922873497,,,
15,39764,-0.05562108755111694,,,
15,39769,-0.03588467091321945,,,
15,39774,-0.0493227057158947,,,
15,39779,-0.06009560823440552,,,
15,39784,-0.020510133355855942,,,
15,39789,-0.04458945244550705,,,
15,39794,-0.04043984040617943,,,
15,39799,-0.057334400713443756,,,
15,39804,-0.06139130890369415,,,
15,39809,-0.06160581856966019,,,
15,39814,-0.027450282126665115,,,
15,39819,-0.04850378260016441,,,
15,39824,-0.050935111939907074,,,
15,39829,-0.05225498974323273,,,
15,39834,-0.04247555881738663,,,
15,39839,-0.03566759079694748,,,
15,39844,-0.036131612956523895,,,
15,39849,-0.029239598661661148,,,
15,39854,-0.041383691132068634,,,
15,39859,-0.05186619609594345,,,
15,39864,-0.03936614841222763,,,
15,39869,-0.04907258599996567,,,
15,39874,-0.0357779860496521,,,
15,39879,-0.03615926206111908,,,
15,39884,-0.045718636363744736,,,
15,39889,-0.0391291119158268,,,
15,39894,-0.04053827002644539,,,
15,39899,-0.06459862738847733,,,
15,39904,-0.029247216880321503,,,
15,39909,-0.05875159054994583,,,
15,39914,-0.05682746693491936,,,
15,39919,-0.049148838967084885,,,
15,39924,-0.04331245645880699,,,
15,39929,-0.048014696687459946,,,
15,39934,-0.05587317422032356,,,
15,39939,-0.0569043830037117,,,
15,39944,-0.03856753557920456,,,
15,39949,-0.03965349495410919,,,
15,39954,-0.024228964000940323,,,
15,39959,-0.04200638085603714,,,
15,39964,-0.055143892765045166,,,
15,39969,-0.03286723047494888,,,
15,39974,-0.03771427646279335,,,
15,39979,-0.0378318652510643,,,
15,39984,-0.04526939615607262,,,
15,39989,-0.03767973929643631,,,
15,39994,-0.014424880035221577,,,
15,39999,-0.04571857675909996,,,
15,39999,,-0.037767741829156876,0.29660001397132874,0.5932958722114563
16,40004,-0.0233206357806921,,,
16,40009,-0.01880420185625553,,,
16,40014,-0.06901267170906067,,,
16,40019,-0.049925558269023895,,,
16,40024,-0.03624115139245987,,,
16,40029,-0.04426071047782898,,,
16,40034,-0.024988066405057907,,,
16,40039,-0.031463928520679474,,,
16,40044,-0.05398689955472946,,,
16,40049,-0.03593098744750023,,,
16,40054,-0.06569898128509521,,,
16,40059,-0.062176413834095,,,
16,40064,-0.04737284407019615,,,
16,40069,-0.03529120236635208,,,
16,40074,-0.024525931105017662,,,
16,40079,-0.040127962827682495,,,
16,40084,-0.05068159103393555,,,
16,40089,-0.05559742823243141,,,
16,40094,-0.044245604425668716,,,
16,40099,-0.05642159283161163,,,
16,40104,-0.05501663684844971,,,
16,40109,-0.02967313677072525,,,
16,40114,-0.006760524585843086,,,
16,40119,-0.04475056752562523,,,
16,40124,-0.038293007761240005,,,
16,40129,-0.039694350212812424,,,
16,40134,-0.03238365426659584,,,
16,40139,-0.04378568381071091,,,
16,40144,-0.025009365752339363,,,
16,40149,-0.02699710801243782,,,
16,40154,-0.02550637163221836,,,
16,40159,-0.025429416447877884,,,
16,40164,-0.0522335059940815,,,
16,40169,-0.05306718498468399,,,
16,40174,-0.0419069305062294,,,
16,40179,-0.04319792985916138,,,
16,40184,-0.029983358457684517,,,
16,40189,-0.05229674279689789,,,
16,40194,-0.052121326327323914,,,
16,40199,-0.039917536079883575,,,
16,40204,-0.0416865311563015,,,
16,40209,-0.030150867998600006,,,
16,40214,-0.03480298072099686,,,
16,40219,-0.044845663011074066,,,
16,40224,-0.061663273721933365,,,
16,40229,-0.04355481639504433,,,
16,40234,-0.04579729959368706,,,
16,40239,-0.049412842839956284,,,
16,40244,-0.04994245246052742,,,
16,40249,-0.027234643697738647,,,
16,40254,-0.05329994857311249,,,
16,40259,-0.036376144737005234,,,
16,40264,-0.032827574759721756,,,
16,40269,-0.03225523978471756,,,
16,40274,-0.040362171828746796,,,
16,40279,-0.03493082895874977,,,
16,40284,-0.0345795564353466,,,
16,40289,-0.04734407737851143,,,
16,40294,-0.03714938089251518,,,
16,40299,-0.02628413215279579,,,
16,40304,-0.04962647706270218,,,
16,40309,-0.045368097722530365,,,
16,40314,-0.03863991051912308,,,
16,40319,-0.037354838103055954,,,
16,40324,-0.0238198135048151,,,
16,40329,-0.013671575114130974,,,
16,40334,-0.050856951624155045,,,
16,40339,-0.0646958202123642,,,
16,40344,-0.03708725795149803,,,
16,40349,-0.03416767343878746,,,
16,40354,-0.051527075469493866,,,
16,40359,-0.03446239233016968,,,
16,40364,-0.010464958846569061,,,
16,40369,-0.04082866758108139,,,
16,40374,-0.05467284470796585,,,
16,40379,-0.049754548817873,,,
16,40384,-0.020303983241319656,,,
16,40389,-0.05819004774093628,,,
16,40394,-0.04003715515136719,,,
16,40399,-0.03955947980284691,,,
16,40404,-0.027720682322978973,,,
16,40409,-0.038089390844106674,,,
16,40414,-0.029696432873606682,,,
16,40419,-0.04530581086874008,,,
16,40424,-0.04850952327251434,,,
16,40429,-0.04934365302324295,,,
16,40434,-0.030621258541941643,,,
16,40439,-0.05093620344996452,,,
16,40444,-0.03374128416180611,,,
16,40449,-0.057905055582523346,,,
16,40454,-0.04871335253119469,,,
16,40459,-0.043506961315870285,,,
16,40464,-0.04004138335585594,,,
16,40469,-0.03698785603046417,,,
16,40474,-0.038387808948755264,,,
16,40479,-0.05081251263618469,,,
16,40484,-0.052561841905117035,,,
16,40489,-0.02718721516430378,,,
16,40494,-0.05634802579879761,,,
16,40499,-0.02473679557442665,,,
16,40504,-0.04471563175320625,,,
16,40509,-0.028855986893177032,,,
16,40514,-0.042675185948610306,,,
16,40519,-0.03876132145524025,,,
16,40524,-0.02351042628288269,,,
16,40529,-0.05648265779018402,,,
16,40534,-0.038192231208086014,,,
16,40539,-0.05339547619223595,,,
16,40544,-0.05097136273980141,,,
16,40549,-0.06163589283823967,,,
16,40554,-0.04836219549179077,,,
16,40559,-0.048580799251794815,,,
16,40564,-0.04240246117115021,,,
16,40569,-0.052056685090065,,,
16,40574,-0.03783377632498741,,,
16,40579,-0.051935192197561264,,,
16,40584,-0.04819539561867714,,,
16,40589,-0.06377941370010376,,,
16,40594,-0.04286773130297661,,,
16,40599,-0.03888929262757301,,,
16,40604,-0.046492330729961395,,,
16,40609,-0.04988934472203255,,,
16,40614,-0.029828444123268127,,,
16,40619,-0.04243836924433708,,,
16,40624,-0.05384024605154991,,,
16,40629,-0.05032593011856079,,,
16,40634,-0.03701112046837807,,,
16,40639,-0.04542497545480728,,,
16,40644,-0.03961113467812538,,,
16,40649,-0.05251186713576317,,,
16,40654,-0.05860910192131996,,,
16,40659,-0.0425303690135479,,,
16,40664,-0.015365191735327244,,,
16,40669,-0.03598427772521973,,,
16,40674,-0.03522888198494911,,,
16,40679,-0.02764420211315155,,,
16,40684,-0.026504715904593468,,,
16,40689,-0.0419558584690094,,,
16,40694,-0.04465100169181824,,,
16,40699,-0.04113248363137245,,,
16,40704,-0.05885367467999458,,,
16,40709,-0.03641488403081894,,,
16,40714,-0.0438823327422142,,,
16,40719,-0.04371648281812668,,,
16,40724,-0.029801033437252045,,,
16,40729,-0.05083698406815529,,,
16,40734,-0.01479309145361185,,,
16,40739,-0.04970759153366089,,,
16,40744,-0.022712843492627144,,,
16,40749,-0.049623265862464905,,,
16,40754,-0.038053739815950394,,,
16,40759,-0.044358111917972565,,,
16,40764,-0.046066757291555405,,,
16,40769,-0.031576160341501236,,,
16,40774,-0.043720073997974396,,,
16,40779,-0.05289921909570694,,,
16,40784,-0.06747408211231232,,,
16,40789,-0.023811770603060722,,,
16,40794,-0.06685929745435715,,,
16,40799,-0.045033182948827744,,,
16,40804,-0.035044990479946136,,,
16,40809,-0.04890169948339462,,,
16,40814,-0.03108293190598488,,,
16,40819,-0.039243750274181366,,,
16,40824,-0.04107070341706276,,,
16,40829,-0.0330238975584507,,,
16,40834,-0.030132371932268143,,,
16,40839,-0.03460153192281723,,,
16,40844,-0.052838653326034546,,,
16,40849,-0.05199357122182846,,,
16,40854,-0.046347007155418396,,,
16,40859,-0.03893248364329338,,,
16,40864,-0.03660312294960022,,,
16,40869,-0.03986470401287079,,,
16,40874,-0.035941947251558304,,,
16,40879,-0.03643600270152092,,,
16,40884,-0.0161608774214983,,,
16,40889,-0.03918016329407692,,,
16,40894,-0.04474407806992531,,,
16,40899,-0.026197975501418114,,,
16,40904,-0.05106917396187782,,,
16,40909,-0.03619750216603279,,,
16,40914,-0.04963395744562149,,,
16,40919,-0.02626984566450119,,,
16,40924,-0.04437801614403725,,,
16,40929,-0.03857123851776123,,,
16,40934,-0.06481530517339706,,,
16,40939,-0.02366541139781475,,,
16,40944,-0.03876497223973274,,,
16,40949,-0.04040490835905075,,,
16,40954,-0.03156192600727081,,,
16,40959,-0.04335622861981392,,,
16,40964,-0.045712124556303024,,,
16,40969,-0.01818387769162655,,,
16,40974,-0.041621990501880646,,,
16,40979,-0.038618795573711395,,,
16,40984,-0.04411463066935539,,,
16,40989,-0.04759533703327179,,,
16,40994,-0.03767366707324982,,,
16,40999,-0.018394000828266144,,,
16,41004,-0.05167967081069946,,,
16,41009,-0.03673635423183441,,,
16,41014,-0.035600632429122925,,,
16,41019,-0.03161703795194626,,,
16,41024,-0.03676622360944748,,,
16,41029,-0.04036533087491989,,,
16,41034,-0.040211666375398636,,,
16,41039,-0.010538005270063877,,,
16,41044,-0.041712164878845215,,,
16,41049,-0.03631143644452095,,,
16,41054,-0.04896550253033638,,,
16,41059,-0.026077751070261,,,
16,41064,-0.046071168035268784,,,
16,41069,-0.04508845508098602,,,
16,41074,-0.04922971501946449,,,
16,41079,-0.0326114185154438,,,
16,41084,-0.049973051995038986,,,
16,41089,-0.05164363980293274,,,
16,41094,-0.040984295308589935,,,
16,41099,-0.04469040781259537,,,
16,41104,-0.024855678901076317,,,
16,41109,-0.04660645127296448,,,
16,41114,-0.025766152888536453,,,
16,41119,-0.02441653423011303,,,
16,41124,-0.035346899181604385,,,
16,41129,-0.05199362337589264,,,
16,41134,-0.03576182574033737,,,
16,41139,-0.04647620767354965,,,
16,41144,-0.023840710520744324,,,
16,41149,-0.03938109427690506,,,
16,41154,-0.05115106701850891,,,
16,41159,-0.019110336899757385,,,
16,41164,-0.04585627466440201,,,
16,41169,-0.04198375716805458,,,
16,41174,-0.040976688265800476,,,
16,41179,-0.042038507759571075,,,
16,41184,-0.04752855747938156,,,
16,41189,-0.05237651616334915,,,
16,41194,-0.045290131121873856,,,
16,41199,-0.045356638729572296,,,
16,41204,-0.021854545921087265,,,
16,41209,-0.048087120056152344,,,
16,41214,-0.03834749013185501,,,
16,41219,-0.050806090235710144,,,
16,41224,-0.04339728131890297,,,
16,41229,-0.0472523495554924,,,
16,41234,-0.0356026366353035,,,
16,41239,-0.04418472945690155,,,
16,41244,-0.034311652183532715,,,
16,41249,-0.015907717868685722,,,
16,41254,-0.041371896862983704,,,
16,41259,-0.04137491434812546,,,
16,41264,-0.022531472146511078,,,
16,41269,-0.04546157643198967,,,
16,41274,-0.044447410851716995,,,
16,41279,-0.044695183634757996,,,
16,41284,-0.033316124230623245,,,
16,41289,-0.05835553631186485,,,
16,41294,-0.034306272864341736,,,
16,41299,-0.042024511843919754,,,
16,41304,-0.03523838147521019,,,
16,41309,-0.047331154346466064,,,
16,41314,-0.03810938075184822,,,
16,41319,-0.019596435129642487,,,
16,41324,-0.03730439022183418,,,
16,41329,-0.04689769446849823,,,
16,41334,-0.055410318076610565,,,
16,41339,-0.02830865979194641,,,
16,41344,-0.06550870090723038,,,
16,41349,0.038393519818782806,,,
16,41354,-0.05112176015973091,,,
16,41359,-0.04420636221766472,,,
16,41364,-0.029409829527139664,,,
16,41369,-0.020595503970980644,,,
16,41374,-0.044713880866765976,,,
16,41379,-0.05058341473340988,,,
16,41384,-0.04437510669231415,,,
16,41389,-0.04960227757692337,,,
16,41394,-0.04784971848130226,,,
16,41399,-0.0340137705206871,,,
16,41404,-0.029985344037413597,,,
16,41409,-0.04375262185931206,,,
16,41414,-0.01875433698296547,,,
16,41419,-0.02548236772418022,,,
16,41424,-0.036676883697509766,,,
16,41429,-0.0378677099943161,,,
16,41434,-0.04106384143233299,,,
16,41439,-0.04258476942777634,,,
16,41444,-0.0437522791326046,,,
16,41449,-0.034564308822155,,,
16,41454,-0.05002781003713608,,,
16,41459,-0.04108966141939163,,,
16,41464,-0.05543434992432594,,,
16,41469,-0.04601341485977173,,,
16,41474,-0.04143955931067467,,,
16,41479,-0.05563866347074509,,,
16,41484,-0.049271099269390106,,,
16,41489,-0.04988420382142067,,,
16,41494,-0.02702876552939415,,,
16,41499,-0.041027892380952835,,,
16,41504,-0.04340343177318573,,,
16,41509,-0.04649454355239868,,,
16,41514,0.002234695479273796,,,
16,41519,-0.05303741246461868,,,
16,41524,-0.060145303606987,,,
16,41529,-0.03788544237613678,,,
16,41534,-0.046036530286073685,,,
16,41539,-0.0462355837225914,,,
16,41544,-0.058062463998794556,,,
16,41549,-0.03849995881319046,,,
16,41554,-0.04221135005354881,,,
16,41559,-0.0565134659409523,,,
16,41564,-0.033398568630218506,,,
16,41569,-0.05340553820133209,,,
16,41574,-0.039212264120578766,,,
16,41579,-0.04783158004283905,,,
16,41584,-0.04224395006895065,,,
16,41589,-0.012816421687602997,,,
16,41594,-0.059184104204177856,,,
16,41599,-0.046629101037979126,,,
16,41604,-0.033355921506881714,,,
16,41609,-0.04208522289991379,,,
16,41614,-0.05719568580389023,,,
16,41619,-0.04380198195576668,,,
16,41624,-0.03504820540547371,,,
16,41629,-0.048130255192518234,,,
16,41634,-0.029362255707383156,,,
16,41639,-0.050035085529088974,,,
16,41644,-0.042243100702762604,,,
16,41649,-0.03126746788620949,,,
16,41654,-0.02813205122947693,,,
16,41659,-0.05069790408015251,,,
16,41664,-0.057071998715400696,,,
16,41669,-0.030883722007274628,,,
16,41674,-0.04050420597195625,,,
16,41679,-0.043084803968667984,,,
16,41684,-0.02306024730205536,,,
16,41689,-0.05094509944319725,,,
16,41694,-0.038897160440683365,,,
16,41699,-0.03333628177642822,,,
16,41704,-0.035901643335819244,,,
16,41709,-0.03397156298160553,,,
16,41714,-0.045446764677762985,,,
16,41719,-0.04124734178185463,,,
16,41724,-0.034045640379190445,,,
16,41729,-0.05240234360098839,,,
16,41734,-0.022712331265211105,,,
16,41739,-0.03846989944577217,,,
16,41744,-0.045089371502399445,,,
16,41749,-0.03460421413183212,,,
16,41754,-0.03981149569153786,,,
16,41759,-0.04295802116394043,,,
16,41764,-0.03584205359220505,,,
16,41769,-0.04634032025933266,,,
16,41774,-0.04381498694419861,,,
16,41779,-0.02523505501449108,,,
16,41784,-0.03196698799729347,,,
16,41789,-0.047241274267435074,,,
16,41794,-0.0057761999778449535,,,
16,41799,-0.0597558319568634,,,
16,41804,-0.031233854591846466,,,
16,41809,-0.04326733201742172,,,
16,41814,-0.04641050845384598,,,
16,41819,-0.06053537875413895,,,
16,41824,-0.03772873431444168,,,
16,41829,-0.025305068120360374,,,
16,41834,-0.019926099106669426,,,
16,41839,-0.04373104125261307,,,
16,41844,-0.059095900505781174,,,
16,41849,-0.050411999225616455,,,
16,41854,-0.0594671294093132,,,
16,41859,-0.043978266417980194,,,
16,41864,-0.03445608168840408,,,
16,41869,-0.05530119314789772,,,
16,41874,-0.04032238945364952,,,
16,41879,-0.06605678796768188,,,
16,41884,-0.03111359290778637,,,
16,41889,-0.05126474052667618,,,
16,41894,-0.018228888511657715,,,
16,41899,-0.048252273350954056,,,
16,41904,-0.03319970518350601,,,
16,41909,-0.04732471704483032,,,
16,41914,-0.01947251707315445,,,
16,41919,-0.03065240941941738,,,
16,41924,-0.04818780720233917,,,
16,41929,-0.009818530641496181,,,
16,41934,-0.039403416216373444,,,
16,41939,-0.03381146490573883,,,
16,41944,-0.06294512003660202,,,
16,41949,-0.047833919525146484,,,
16,41954,-0.023377064615488052,,,
16,41959,-0.04977406933903694,,,
16,41964,-0.05406613275408745,,,
16,41969,-0.024551626294851303,,,
16,41974,-0.036497823894023895,,,
16,41979,-0.024705583229660988,,,
16,41984,-0.015303632244467735,,,
16,41989,-0.0874025747179985,,,
16,41994,-0.04584585875272751,,,
16,41999,-0.03334115818142891,,,
16,42004,-0.04210783913731575,,,
16,42009,-0.027356751263141632,,,
16,42014,-0.03540131077170372,,,
16,42019,-0.053010374307632446,,,
16,42024,-0.034295305609703064,,,
16,42029,-0.058775968849658966,,,
16,42034,-0.04550311714410782,,,
16,42039,-0.05620645731687546,,,
16,42044,-0.031622882932424545,,,
16,42049,-0.041500918567180634,,,
16,42054,-0.041621334850788116,,,
16,42059,-0.04379632696509361,,,
16,42064,-0.04899921640753746,,,
16,42069,-0.03468737006187439,,,
16,42074,-0.047175854444503784,,,
16,42079,-0.04431792348623276,,,
16,42084,-0.04238913208246231,,,
16,42089,-0.0542871318757534,,,
16,42094,-0.05006510019302368,,,
16,42099,-0.03762713447213173,,,
16,42104,-0.04850185289978981,,,
16,42109,-0.044358544051647186,,,
16,42114,-0.03463006019592285,,,
16,42119,-0.03182888776063919,,,
16,42124,-0.024152100086212158,,,
16,42129,-0.05727209523320198,,,
16,42134,-0.053706277161836624,,,
16,42139,-0.028328411281108856,,,
16,42144,-0.04147005453705788,,,
16,42149,-0.04341384768486023,,,
16,42154,-0.035653289407491684,,,
16,42159,-0.034045472741127014,,,
16,42164,-0.015164492651820183,,,
16,42169,-0.02704118937253952,,,
16,42174,-0.028650853782892227,,,
16,42179,-0.036318339407444,,,
16,42184,-0.04759659990668297,,,
16,42189,-0.04814678803086281,,,
16,42194,-0.03990298882126808,,,
16,42199,-0.04820315167307854,,,
16,42204,-0.03967277333140373,,,
16,42209,-0.04410013183951378,,,
16,42214,-0.04221908003091812,,,
16,42219,-0.03911847621202469,,,
16,42224,-0.04658912494778633,,,
16,42229,-0.05434834584593773,,,
16,42234,-0.03711387887597084,,,
16,42239,-0.039325714111328125,,,
16,42244,-0.02869352139532566,,,
16,42249,-0.031900130212306976,,,
16,42254,-0.03748836740851402,,,
16,42259,-0.03470543399453163,,,
16,42264,-0.017004773020744324,,,
16,42269,-0.03751542419195175,,,
16,42274,-0.02362263761460781,,,
16,42279,-0.04308510199189186,,,
16,42284,-0.04766827076673508,,,
16,42289,-0.034833963960409164,,,
16,42294,-0.04696810618042946,,,
16,42299,-0.03773174434900284,,,
16,42304,-0.03936368227005005,,,
16,42309,-0.054149627685546875,,,
16,42314,-0.03853191062808037,,,
16,42319,-0.05632750689983368,,,
16,42324,-0.035576894879341125,,,
16,42329,-0.04466281831264496,,,
16,42334,-0.046476613730192184,,,
16,42339,-0.03181969374418259,,,
16,42344,-0.03120112605392933,,,
16,42349,-0.048127103596925735,,,
16,42354,-0.05359897017478943,,,
16,42359,-0.027355216443538666,,,
16,42364,-0.041472867131233215,,,
16,42369,-0.04171925038099289,,,
16,42374,-0.043564572930336,,,
16,42379,-0.04162273555994034,,,
16,42384,-0.04419904947280884,,,
16,42389,-0.04052804782986641,,,
16,42394,-0.049161043018102646,,,
16,42399,-0.038619641214609146,,,
16,42404,-0.041766755282878876,,,
16,42409,-0.011224339716136456,,,
16,42414,-0.03914687782526016,,,
16,42419,-0.038434550166130066,,,
16,42424,-0.026539266109466553,,,
16,42429,-0.04603944718837738,,,
16,42434,-0.03328705579042435,,,
16,42439,-0.04778283089399338,,,
16,42444,-0.045117348432540894,,,
16,42449,-0.05267247185111046,,,
16,42454,-0.034974779933691025,,,
16,42459,-0.011505166999995708,,,
16,42464,-0.04786550626158714,,,
16,42469,0.010469797067344189,,,
16,42474,-0.0520724281668663,,,
16,42479,-0.05868144705891609,,,
16,42484,-0.04068496823310852,,,
16,42489,-0.04193679615855217,,,
16,42494,-0.03962836042046547,,,
16,42499,-0.022482862696051598,,,
16,42499,,-0.029863791540265083,0.31619998812675476,0.6128621697425842
17,42504,-0.05357486754655838,,,
17,42509,-0.059909649193286896,,,
17,42514,-0.020106270909309387,,,
17,42519,-0.020859884098172188,,,
17,42524,-0.0362350158393383,,,
17,42529,-0.03957410156726837,,,
17,42534,-0.035777680575847626,,,
17,42539,-0.038374945521354675,,,
17,42544,-0.02411850355565548,,,
17,42549,-0.03482753038406372,,,
17,42554,-0.047919124364852905,,,
17,42559,-0.050784818828105927,,,
17,42564,-0.05473143979907036,,,
17,42569,-0.043245550245046616,,,
17,42574,-0.034005191177129745,,,
17,42579,-0.03538253903388977,,,
17,42584,-0.05325952172279358,,,
17,42589,-0.06004311889410019,,,
17,42594,-0.022276513278484344,,,
17,42599,-0.03486870229244232,,,
17,42604,-0.02773580700159073,,,
17,42609,-0.05404520407319069,,,
17,42614,-0.051274679601192474,,,
17,42619,-0.031696394085884094,,,
17,42624,-0.05304540693759918,,,
17,42629,-0.03666840121150017,,,
17,42634,-0.02307634800672531,,,
17,42639,-0.040465448051691055,,,
17,42644,-0.04200296103954315,,,
17,42649,-0.03577174246311188,,,
17,42654,-0.05186977609992027,,,
17,42659,-0.04049801826477051,,,
17,42664,-0.02366052381694317,,,
17,42669,-0.03542955219745636,,,
17,42674,-0.034223008900880814,,,
17,42679,-0.03908516839146614,,,
17,42684,-0.019952069967985153,,,
17,42689,-0.03407759219408035,,,
17,42694,-0.039300791919231415,,,
17,42699,-0.048842646181583405,,,
17,42704,-0.05839836224913597,,,
17,42709,-0.03233204782009125,,,
17,42714,-0.04791285842657089,,,
17,42719,-0.03397032991051674,,,
17,42724,-0.029931338503956795,,,
17,42729,-0.03884381800889969,,,
17,42734,-0.056797608733177185,,,
17,42739,-0.04354299604892731,,,
17,42744,-0.021633952856063843,,,
17,42749,0.011714584194123745,,,
17,42754,-0.036038536578416824,,,
17,42759,-0.03675578162074089,,,
17,42764,-0.03069177269935608,,,
17,42769,-0.0509287491440773,,,
17,42774,-0.03868246078491211,,,
17,42779,-0.026844576001167297,,,
17,42784,-0.03242696821689606,,,
17,42789,-0.015667088329792023,,,
17,42794,-0.04615700989961624,,,
17,42799,-0.03719417005777359,,,
17,42804,-0.031066151335835457,,,
17,42809,-0.04926853999495506,,,
17,42814,-0.04160527139902115,,,
17,42819,-0.044689588248729706,,,
17,42824,-0.053658854216337204,,,
17,42829,-0.051102831959724426,,,
17,42834,-0.04806331917643547,,,
17,42839,-0.04843318834900856,,,
17,42844,-0.03829215094447136,,,
17,42849,-0.0369890071451664,,,
17,42854,-0.02398134022951126,,,
17,42859,-0.03360546752810478,,,
17,42864,-0.05119500681757927,,,
17,42869,-0.05262027680873871,,,
17,42874,-0.030829617753624916,,,
17,42879,-0.051628053188323975,,,
17,42884,-0.023992545902729034,,,
17,42889,-0.04116100072860718,,,
17,42894,-0.03448159247636795,,,
17,42899,-0.027510590851306915,,,
17,42904,-0.03780896216630936,,,
17,42909,-0.05879535153508186,,,
17,42914,-0.04430790990591049,,,
17,42919,-0.05502843111753464,,,
17,42924,-0.03008374013006687,,,
17,42929,-0.052597906440496445,,,
17,42934,-0.01584543287754059,,,
17,42939,-0.03941381350159645,,,
17,42944,-0.021989962086081505,,,
17,42949,-0.046483658254146576,,,
17,42954,-0.042432285845279694,,,
17,42959,-0.03379552811384201,,,
17,42964,-0.04609568044543266,,,
17,42969,-0.0476851612329483,,,
17,42974,-0.049770526587963104,,,
17,42979,-0.0493476502597332,,,
17,42984,-0.04446421191096306,,,
17,42989,-0.030322283506393433,,,
17,42994,-0.03243804723024368,,,
17,42999,-0.04459291324019432,,,
17,43004,-0.011851515620946884,,,
17,43009,-0.017957279458642006,,,
17,43014,-0.042584128677845,,,
17,43019,-0.04923341050744057,,,
17,43024,-0.05199282243847847,,,
17,43029,-0.04087265953421593,,,
17,43034,0.0037581627257168293,,,
17,43039,-0.048276856541633606,,,
17,43044,-0.05681677535176277,,,
17,43049,-0.03939764201641083,,,
17,43054,-0.039435889571905136,,,
17,43059,-0.05667484551668167,,,
17,43064,-0.04755348339676857,,,
17,43069,-0.051850270479917526,,,
17,43074,-0.049006469547748566,,,
17,43079,-0.04293973371386528,,,
17,43084,-0.03890612721443176,,,
17,43089,-0.03781081736087799,,,
17,43094,-0.055054694414138794,,,
17,43099,-0.038517363369464874,,,
17,43104,-0.024544842541217804,,,
17,43109,-0.04345874860882759,,,
17,43114,-0.051233235746622086,,,
17,43119,-0.05857815593481064,,,
17,43124,-0.03860455006361008,,,
17,43129,-0.01997191272675991,,,
17,43134,-0.030447538942098618,,,
17,43139,-0.042922768741846085,,,
17,43144,-0.04716150462627411,,,
17,43149,-0.05375761166214943,,,
17,43154,-0.0289850402623415,,,
17,43159,-0.0348341278731823,,,
17,43164,-0.031073031947016716,,,
17,43169,-0.028325393795967102,,,
17,43174,-0.029586832970380783,,,
17,43179,-0.048152074217796326,,,
17,43184,-0.05178586766123772,,,
17,43189,-0.04562719166278839,,,
17,43194,-0.040135011076927185,,,
17,43199,-0.05435944348573685,,,
17,43204,-0.03966040909290314,,,
17,43209,-0.047650717198848724,,,
17,43214,-0.03471790999174118,,,
17,43219,-0.04049205034971237,,,
17,43224,-0.03435645252466202,,,
17,43229,-0.03102455846965313,,,
17,43234,-0.04861173406243324,,,
17,43239,-0.052701424807310104,,,
17,43244,-0.026681428775191307,,,
17,43249,-0.04628374055027962,,,
17,43254,-0.033236563205718994,,,
17,43259,-0.018401578068733215,,,
17,43264,-0.03711451217532158,,,
17,43269,-0.04599495977163315,,,
17,43274,-0.04577508941292763,,,
17,43279,-0.05059240385890007,,,
17,43284,-0.04468424618244171,,,
17,43289,-0.05347961187362671,,,
17,43294,-0.04736635088920593,,,
17,43299,-0.029525484889745712,,,
17,43304,-0.03560975193977356,,,
17,43309,-0.04755439981818199,,,
17,43314,-0.029310274869203568,,,
17,43319,-0.02930017188191414,,,
17,43324,-0.049973394721746445,,,
17,43329,-0.04780007526278496,,,
17,43334,-0.027549438178539276,,,
17,43339,-0.03573942184448242,,,
17,43344,-0.06278600543737411,,,
17,43349,-0.033031903207302094,,,
17,43354,-0.02789059653878212,,,
17,43359,-0.033693693578243256,,,
17,43364,-0.04664655402302742,,,
17,43369,-0.061349302530288696,,,
17,43374,-0.05270858108997345,,,
17,43379,-0.026930443942546844,,,
17,43384,-0.040002815425395966,,,
17,43389,-0.05641508847475052,,,
17,43394,-0.049428898841142654,,,
17,43399,-0.02342844381928444,,,
17,43404,-0.04002384841442108,,,
17,43409,-0.03417937830090523,,,
17,43414,-0.04949018359184265,,,
17,43419,-0.03488118574023247,,,
17,43424,-0.04669833555817604,,,
17,43429,-0.04702949523925781,,,
17,43434,-0.023334689438343048,,,
17,43439,-0.03580588847398758,,,
17,43444,-0.01739603653550148,,,
17,43449,-0.032090961933135986,,,
17,43454,-0.04651997238397598,,,
17,43459,-0.06317321211099625,,,
17,43464,-0.05626590549945831,,,
17,43469,-0.03597547858953476,,,
17,43474,-0.0019436273723840714,,,
17,43479,-0.032767388969659805,,,
17,43484,-0.04128442704677582,,,
17,43489,-0.03427155688405037,,,
17,43494,-0.060511209070682526,,,
17,43499,-0.05180683732032776,,,
17,43504,-0.03815522789955139,,,
17,43509,-0.017987722530961037,,,
17,43514,-0.042512450367212296,,,
17,43519,-0.043828219175338745,,,
17,43524,-0.03170778602361679,,,
17,43529,-0.03705853223800659,,,
17,43534,-0.040046606212854385,,,
17,43539,-0.04467949643731117,,,
17,43544,-0.04357288032770157,,,
17,43549,-0.04293244704604149,,,
17,43554,-0.03317101299762726,,,
17,43559,-0.038221996277570724,,,
17,43564,-0.054884135723114014,,,
17,43569,-0.02895062044262886,,,
17,43574,-0.038017455488443375,,,
17,43579,-0.053447969257831573,,,
17,43584,-0.050329986959695816,,,
17,43589,-0.033020101487636566,,,
17,43594,-0.03292576223611832,,,
17,43599,-0.050413914024829865,,,
17,43604,-0.03571789711713791,,,
17,43609,-0.04441022872924805,,,
17,43614,-0.02557564713060856,,,
17,43619,-0.04126586765050888,,,
17,43624,-0.05327069014310837,,,
17,43629,-0.017237836495041847,,,
17,43634,-0.01711043156683445,,,
17,43639,-0.03994526341557503,,,
17,43644,-0.03470674157142639,,,
17,43649,-0.04771648347377777,,,
17,43654,-0.05931037664413452,,,
17,43659,-0.046326957643032074,,,
17,43664,-0.04336605966091156,,,
17,43669,-0.0461890771985054,,,
17,43674,-0.050098128616809845,,,
17,43679,-0.04120337590575218,,,
17,43684,-0.033223822712898254,,,
17,43689,-0.0483265295624733,,,
17,43694,-0.053833071142435074,,,
17,43699,-0.04518958181142807,,,
17,43704,-0.04899720847606659,,,
17,43709,-0.03908476233482361,,,
17,43714,-0.04650457575917244,,,
17,43719,-0.04914385452866554,,,
17,43724,-0.011224467307329178,,,
17,43729,-0.03492201492190361,,,
17,43734,-0.04470375180244446,,,
17,43739,-0.03106936439871788,,,
17,43744,-0.052231788635253906,,,
17,43749,-0.03982236981391907,,,
17,43754,-0.03871023654937744,,,
17,43759,-0.029169779270887375,,,
17,43764,-0.014844298362731934,,,
17,43769,-0.05008845031261444,,,
17,43774,-0.03812912851572037,,,
17,43779,-0.05832713097333908,,,
17,43784,-0.03979181498289108,,,
17,43789,-0.05308877304196358,,,
17,43794,-0.023592080920934677,,,
17,43799,-0.03627357259392738,,,
17,43804,-0.029965432360768318,,,
17,43809,-0.0474541150033474,,,
17,43814,-0.020664473995566368,,,
17,43819,-0.037504177540540695,,,
17,43824,-0.035374965518713,,,
17,43829,-0.02013508602976799,,,
17,43834,-0.04862421751022339,,,
17,43839,-0.061739955097436905,,,
17,43844,-0.03713975474238396,,,
17,43849,-0.031555622816085815,,,
17,43854,-0.030466629192233086,,,
17,43859,-0.04353247582912445,,,
17,43864,-0.045927587896585464,,,
17,43869,-0.034018080681562424,,,
17,43874,-0.042953234165906906,,,
17,43879,0.002610543742775917,,,
17,43884,-0.03393471986055374,,,
17,43889,-0.05217648297548294,,,
17,43894,-0.03016670234501362,,,
17,43899,-0.041248444467782974,,,
17,43904,-0.037120867520570755,,,
17,43909,-0.02775367721915245,,,
17,43914,-0.05025029927492142,,,
17,43919,-0.03181634843349457,,,
17,43924,-0.05105362832546234,,,
17,43929,-0.05251597985625267,,,
17,43934,-0.04218924418091774,,,
17,43939,-0.0011369488202035427,,,
17,43944,-0.051843151450157166,,,
17,43949,-0.03685237467288971,,,
17,43954,-0.03667159378528595,,,
17,43959,-0.04432867467403412,,,
17,43964,-0.03710131719708443,,,
17,43969,-0.04398956149816513,,,
17,43974,-0.03193742409348488,,,
17,43979,-0.04225706681609154,,,
17,43984,-0.0443953312933445,,,
17,43989,-0.04264449700713158,,,
17,43994,-0.033808644860982895,,,
17,43999,-0.03672752529382706,,,
17,44004,-0.05083294212818146,,,
17,44009,-0.04241269826889038,,,
17,44014,-0.04888207092881203,,,
17,44019,-0.03860122710466385,,,
17,44024,-0.02852530963718891,,,
17,44029,-0.04037125036120415,,,
17,44034,-0.05089294910430908,,,
17,44039,-0.04379357025027275,,,
17,44044,-0.05402960255742073,,,
17,44049,-0.0426921509206295,,,
17,44054,-0.0349760465323925,,,
17,44059,-0.048240646719932556,,,
17,44064,-0.05196318030357361,,,
17,44069,-0.04883149638772011,,,
17,44074,-0.023544739931821823,,,
17,44079,-0.04887940362095833,,,
17,44084,-0.04173576086759567,,,
17,44089,-0.03393381088972092,,,
17,44094,-0.015054522082209587,,,
17,44099,-0.03449610620737076,,,
17,44104,-0.03160911425948143,,,
17,44109,-0.05277670547366142,,,
17,44114,-0.026509633287787437,,,
17,44119,-0.048367202281951904,,,
17,44124,-0.04942333325743675,,,
17,44129,-0.04369162768125534,,,
17,44134,-0.025636645033955574,,,
17,44139,-0.0393858402967453,,,
17,44144,-0.03367390111088753,,,
17,44149,-0.03870558366179466,,,
17,44154,-0.032550714910030365,,,
17,44159,-0.047253597527742386,,,
17,44164,-0.027118798345327377,,,
17,44169,-0.043654054403305054,,,
17,44174,-0.04752468690276146,,,
17,44179,-0.035524480044841766,,,
17,44184,-0.04091251268982887,,,
17,44189,-0.05539660528302193,,,
17,44194,-0.0413544662296772,,,
17,44199,-0.044878020882606506,,,
17,44204,-0.052243348211050034,,,
17,44209,-0.045584000647068024,,,
17,44214,-0.042957853525877,,,
17,44219,-0.02215591073036194,,,
17,44224,-0.031284742057323456,,,
17,44229,-0.03104887157678604,,,
17,44234,-0.04082110896706581,,,
17,44239,-0.04137616977095604,,,
17,44244,-0.040085047483444214,,,
17,44249,-0.040556684136390686,,,
17,44254,-0.040825020521879196,,,
17,44259,-0.04413759708404541,,,
17,44264,-0.05140044167637825,,,
17,44269,-0.03331203758716583,,,
17,44274,0.012386584654450417,,,
17,44279,-0.04066016525030136,,,
17,44284,-0.049982912838459015,,,
17,44289,-0.04071006178855896,,,
17,44294,-0.03127264603972435,,,
17,44299,-0.03831037878990173,,,
17,44304,-0.04566052928566933,,,
17,44309,-0.02047772705554962,,,
17,44314,-0.044676780700683594,,,
17,44319,-0.03785005956888199,,,
17,44324,-0.057907864451408386,,,
17,44329,-0.03781894966959953,,,
17,44334,-0.05075085535645485,,,
17,44339,-0.025693098083138466,,,
17,44344,-0.0357406847178936,,,
17,44349,-0.034059878438711166,,,
17,44354,-0.05818735808134079,,,
17,44359,-0.0252746120095253,,,
17,44364,-0.02467562071979046,,,
17,44369,-0.04580347239971161,,,
17,44374,-0.048887379467487335,,,
17,44379,-0.03881082683801651,,,
17,44384,-0.017560523003339767,,,
17,44389,-0.04889656975865364,,,
17,44394,-0.039170000702142715,,,
17,44399,-0.03653459623456001,,,
17,44404,-0.03810477256774902,,,
17,44409,-0.06544765830039978,,,
17,44414,-0.045676879584789276,,,
17,44419,-0.028735844418406487,,,
17,44424,-0.040395934134721756,,,
17,44429,-0.02881690301001072,,,
17,44434,-0.03188837692141533,,,
17,44439,-0.05154254660010338,,,
17,44444,-0.009081345051527023,,,
17,44449,-0.03946463018655777,,,
17,44454,-0.04161323606967926,,,
17,44459,-0.03243955969810486,,,
17,44464,-0.019577035680413246,,,
17,44469,-0.06177389249205589,,,
17,44474,-0.04915005341172218,,,
17,44479,-0.02819160930812359,,,
17,44484,-0.044766154140233994,,,
17,44489,-0.03960709273815155,,,
17,44494,-0.056548822671175,,,
17,44499,-0.025583697482943535,,,
17,44504,-0.045463986694812775,,,
17,44509,-0.0365462601184845,,,
17,44514,-0.0245760940015316,,,
17,44519,-0.03266558796167374,,,
17,44524,-0.016956614330410957,,,
17,44529,-0.04087335988879204,,,
17,44534,-0.05079047009348869,,,
17,44539,-0.03747379779815674,,,
17,44544,-0.04697488248348236,,,
17,44549,-0.04634673893451691,,,
17,44554,-0.05666199326515198,,,
17,44559,-0.03238941729068756,,,
17,44564,-0.0429198183119297,,,
17,44569,-0.04156375676393509,,,
17,44574,-0.026119107380509377,,,
17,44579,-0.04063284397125244,,,
17,44584,-0.037381645292043686,,,
17,44589,-0.031610265374183655,,,
17,44594,-0.036732397973537445,,,
17,44599,-0.035180505365133286,,,
17,44604,-0.04746172949671745,,,
17,44609,-0.02980179712176323,,,
17,44614,-0.031004417687654495,,,
17,44619,-0.06322234869003296,,,
17,44624,-0.02572149969637394,,,
17,44629,-0.020153403282165527,,,
17,44634,-0.05103227496147156,,,
17,44639,-0.041894543915987015,,,
17,44644,-0.037083640694618225,,,
17,44649,-0.024349140003323555,,,
17,44654,-0.022977255284786224,,,
17,44659,-0.030112041160464287,,,
17,44664,-0.05711042508482933,,,
17,44669,-0.03114059939980507,,,
17,44674,-0.028434664011001587,,,
17,44679,-0.01251942291855812,,,
17,44684,-0.038925424218177795,,,
17,44689,-0.0291026309132576,,,
17,44694,-0.04918567091226578,,,
17,44699,-0.04586857557296753,,,
17,44704,-0.05120253562927246,,,
17,44709,-0.017396530136466026,,,
17,44714,-0.04446122795343399,,,
17,44719,-0.023626837879419327,,,
17,44724,-0.04277125746011734,,,
17,44729,-0.04615706950426102,,,
17,44734,-0.04415539279580116,,,
17,44739,-0.02959403395652771,,,
17,44744,-0.029950574040412903,,,
17,44749,-0.04294075071811676,,,
17,44754,-0.035708919167518616,,,
17,44759,-0.0007559454534202814,,,
17,44764,-0.0563664548099041,,,
17,44769,-0.041387736797332764,,,
17,44774,-0.030122466385364532,,,
17,44779,-0.0496569462120533,,,
17,44784,-0.04079209268093109,,,
17,44789,-0.06103120371699333,,,
17,44794,-0.04341510310769081,,,
17,44799,-0.05205555632710457,,,
17,44804,-0.05457504093647003,,,
17,44809,-0.044121671468019485,,,
17,44814,-0.03477805107831955,,,
17,44819,-0.04357967898249626,,,
17,44824,-0.042582470923662186,,,
17,44829,-0.038534048944711685,,,
17,44834,-0.03973197191953659,,,
17,44839,-0.04437147080898285,,,
17,44844,-0.03104444593191147,,,
17,44849,-0.03400580957531929,,,
17,44854,-0.016231922432780266,,,
17,44859,-0.05641741678118706,,,
17,44864,-0.05454400181770325,,,
17,44869,-0.050059445202350616,,,
17,44874,-0.051280517131090164,,,
17,44879,-0.04016093164682388,,,
17,44884,-0.03044923022389412,,,
17,44889,0.006692714523524046,,,
17,44894,-0.045176319777965546,,,
17,44899,-0.060425832867622375,,,
17,44904,-0.04782801866531372,,,
17,44909,-0.06501094251871109,,,
17,44914,-0.03776180371642113,,,
17,44919,-0.05063638091087341,,,
17,44924,-0.04428739473223686,,,
17,44929,-0.04858526214957237,,,
17,44934,-0.04241015762090683,,,
17,44939,-0.04114006459712982,,,
17,44944,-0.041124649345874786,,,
17,44949,-0.03703863546252251,,,
17,44954,-0.0519171841442585,,,
17,44959,-0.0362560898065567,,,
17,44964,-0.025958877056837082,,,
17,44969,-0.047705065459012985,,,
17,44974,-0.05304211750626564,,,
17,44979,-0.03495141118764877,,,
17,44984,-0.048739057034254074,,,
17,44989,-0.0356798991560936,,,
17,44994,-0.05311989039182663,,,
17,44999,-0.0387270487844944,,,
17,44999,,-0.03807451203465462,0.304500013589859,0.6024118065834045
18,45004,-0.02923390455543995,,,
18,45009,-0.038754940032958984,,,
18,45014,-0.0023270994424819946,,,
18,45019,-0.043381985276937485,,,
18,45024,-0.03558173030614853,,,
18,45029,-0.042566463351249695,,,
18,45034,-0.061684321612119675,,,
18,45039,-0.04729094356298447,,,
18,45044,-0.04373951628804207,,,
18,45049,-0.03882180526852608,,,
18,45054,-0.015312857925891876,,,
18,45059,-0.021517299115657806,,,
18,45064,-0.043286506086587906,,,
18,45069,-0.03888508304953575,,,
18,45074,-0.03725168853998184,,,
18,45079,-0.03880612924695015,,,
18,45084,-0.030467532575130463,,,
18,45089,-0.0439932756125927,,,
18,45094,-0.029861660674214363,,,
18,45099,-0.022135837003588676,,,
18,45104,-0.015112943947315216,,,
18,45109,-0.03664546459913254,,,
18,45114,-0.04404392093420029,,,
18,45119,-0.03356005996465683,,,
18,45124,-0.03461742028594017,,,
18,45129,-0.04775859788060188,,,
18,45134,-0.04030707851052284,,,
18,45139,-0.03839645907282829,,,
18,45144,-0.045738399028778076,,,
18,45149,-0.04488521069288254,,,
18,45154,-0.03888361155986786,,,
18,45159,-0.028715383261442184,,,
18,45164,-0.037231333553791046,,,
18,45169,-0.023497257381677628,,,
18,45174,-0.03615164756774902,,,
18,45179,-0.03647226840257645,,,
18,45184,-0.0526638999581337,,,
18,45189,-0.02880300208926201,,,
18,45194,-0.03497176244854927,,,
18,45199,-0.05260917544364929,,,
18,45204,-0.03737793490290642,,,
18,45209,-0.018558068200945854,,,
18,45214,-0.048384666442871094,,,
18,45219,-0.04954830929636955,,,
18,45224,-0.04115540534257889,,,
18,45229,-0.032537080347537994,,,
18,45234,-0.03412358835339546,,,
18,45239,-0.03978075832128525,,,
18,45244,-0.039702966809272766,,,
18,45249,-0.02710605412721634,,,
18,45254,-0.027863243594765663,,,
18,45259,-0.04142872244119644,,,
18,45264,-0.04087020084261894,,,
18,45269,-0.029891645535826683,,,
18,45274,-0.03435676544904709,,,
18,45279,-0.03887748718261719,,,
18,45284,-0.05778199061751366,,,
18,45289,-0.0430322140455246,,,
18,45294,-0.051638249307870865,,,
18,45299,-0.049459926784038544,,,
18,45304,-0.04655066132545471,,,
18,45309,-0.05092107504606247,,,
18,45314,-0.03554394096136093,,,
18,45319,-0.05054035410284996,,,
18,45324,-0.0470769964158535,,,
18,45329,-0.03735470026731491,,,
18,45334,-0.05151188373565674,,,
18,45339,-0.045829568058252335,,,
18,45344,-0.05479564145207405,,,
18,45349,-0.042030226439237595,,,
18,45354,-0.05110891908407211,,,
18,45359,-0.04925224557518959,,,
18,45364,-0.04369968920946121,,,
18,45369,-0.05649332329630852,,,
18,45374,-0.03368931636214256,,,
18,45379,-0.034829266369342804,,,
18,45384,-0.03469644486904144,,,
18,45389,-0.05973546579480171,,,
18,45394,-0.04026640206575394,,,
18,45399,-0.020497683435678482,,,
18,45404,-0.04387007653713226,,,
18,45409,-0.024813275784254074,,,
18,45414,-0.039852406829595566,,,
18,45419,-0.021759167313575745,,,
18,45424,-0.026343893259763718,,,
18,45429,-0.040300775319337845,,,
18,45434,-0.056301869451999664,,,
18,45439,-0.030969837680459023,,,
18,45444,-0.035856693983078,,,
18,45449,-0.04685154929757118,,,
18,45454,-0.042096178978681564,,,
18,45459,-0.03823573514819145,,,
18,45464,-0.022751063108444214,,,
18,45469,-0.06160379573702812,,,
18,45474,-0.0326092503964901,,,
18,45479,-0.04800446704030037,,,
18,45484,-0.04969875141978264,,,
18,45489,-0.03607973828911781,,,
18,45494,-0.04055800288915634,,,
18,45499,-0.013690190389752388,,,
18,45504,-0.03933270275592804,,,
18,45509,-0.034612562507390976,,,
18,45514,-0.017923614010214806,,,
18,45519,-0.05784830078482628,,,
18,45524,-0.038076676428318024,,,
18,45529,-0.025274410843849182,,,
18,45534,-0.04825402796268463,,,
18,45539,-0.04346108436584473,,,
18,45544,-0.048597946763038635,,,
18,45549,-0.00639341538771987,,,
18,45554,-0.048752687871456146,,,
18,45559,-0.019885076209902763,,,
18,45564,-0.04042578488588333,,,
18,45569,-0.045690376311540604,,,
18,45574,-0.03899707645177841,,,
18,45579,-0.04832213371992111,,,
18,45584,-0.04422527551651001,,,
18,45589,-0.0389220304787159,,,
18,45594,-0.042843423783779144,,,
18,45599,-0.041541218757629395,,,
18,45604,-0.04009704664349556,,,
18,45609,-0.040846217423677444,,,
18,45614,-0.04389528930187225,,,
18,45619,-0.044704366475343704,,,
18,45624,-0.013143006712198257,,,
18,45629,-0.007732386235147715,,,
18,45634,-0.04809088259935379,,,
18,45639,-0.029206085950136185,,,
18,45644,-0.02973848208785057,,,
18,45649,-0.04799798130989075,,,
18,45654,-0.03188494220376015,,,
18,45659,-0.03956162929534912,,,
18,45664,-0.045355040580034256,,,
18,45669,-0.029635751619935036,,,
18,45674,-0.06128540262579918,,,
18,45679,-0.032652176916599274,,,
18,45684,-0.04009857773780823,,,
18,45689,-0.04318451136350632,,,
18,45694,-0.029438575729727745,,,
18,45699,-0.03997281193733215,,,
18,45704,-0.03385354205965996,,,
18,45709,-0.040242359042167664,,,
18,45714,-0.04246828332543373,,,
18,45719,-0.04301253706216812,,,
18,45724,-0.03581571206450462,,,
18,45729,-0.04688342660665512,,,
18,45734,-0.02834439091384411,,,
18,45739,-0.044472504407167435,,,
18,45744,-0.03445940464735031,,,
18,45749,-0.015895333141088486,,,
18,45754,-0.04784771054983139,,,
18,45759,-0.036812447011470795,,,
18,45764,-0.023600522428750992,,,
18,45769,-0.04955639690160751,,,
18,45774,-0.03568840026855469,,,
18,45779,-0.026336735114455223,,,
18,45784,-0.033785346895456314,,,
18,45789,-0.03641669079661369,,,
18,45794,-0.04312647879123688,,,
18,45799,-0.05919298157095909,,,
18,45804,-0.02959590032696724,,,
18,45809,-0.033184051513671875,,,
18,45814,-0.03215749189257622,,,
18,45819,-0.05448848009109497,,,
18,45824,-0.03756141662597656,,,
18,45829,-0.04816024377942085,,,
18,45834,-0.04102908819913864,,,
18,45839,-0.04076520726084709,,,
18,45844,-0.01421280112117529,,,
18,45849,-0.03922084718942642,,,
18,45854,-0.04811974614858627,,,
18,45859,-0.017879920080304146,,,
18,45864,-0.027922233566641808,,,
18,45869,-0.04559028893709183,,,
18,45874,-0.04323188215494156,,,
18,45879,-0.016097061336040497,,,
18,45884,-0.03753280267119408,,,
18,45889,-0.05756824091076851,,,
18,45894,-0.04584091156721115,,,
18,45899,-0.03145086020231247,,,
18,45904,-0.04645758122205734,,,
18,45909,-0.05172141268849373,,,
18,45914,-0.04041820392012596,,,
18,45919,-0.038135822862386703,,,
18,45924,-0.03659535199403763,,,
18,45929,-0.05643796548247337,,,
18,45934,-0.06605604290962219,,,
18,45939,-0.05190141499042511,,,
18,45944,-0.047881849110126495,,,
18,45949,-0.028352705761790276,,,
18,45954,-0.04330455884337425,,,
18,45959,-0.027929790318012238,,,
18,45964,-0.05748039484024048,,,
18,45969,-0.0460040308535099,,,
18,45974,-0.03654102981090546,,,
18,45979,-0.05298994854092598,,,
18,45984,-0.03355630859732628,,,
18,45989,-0.028755785897374153,,,
18,45994,-0.006669130176305771,,,
18,45999,-0.0474633052945137,,,
18,46004,-0.0453292541205883,,,
18,46009,-0.023083416745066643,,,
18,46014,-0.03247038275003433,,,
18,46019,-0.023798147216439247,,,
18,46024,-0.025160180404782295,,,
18,46029,-0.049265436828136444,,,
18,46034,-0.028840787708759308,,,
18,46039,-0.030954577028751373,,,
18,46044,-0.04012356698513031,,,
18,46049,-0.056921277195215225,,,
18,46054,-0.06036840379238129,,,
18,46059,-0.04204552620649338,,,
18,46064,-0.029238324612379074,,,
18,46069,-0.04902319237589836,,,
18,46074,-0.0314159132540226,,,
18,46079,0.004841395653784275,,,
18,46084,-0.0533011257648468,,,
18,46089,-0.04382500797510147,,,
18,46094,-0.052574701607227325,,,
18,46099,-0.04765649884939194,,,
18,46104,-0.0491875521838665,,,
18,46109,-0.0515165850520134,,,
18,46114,-0.05813120678067207,,,
18,46119,-0.037591785192489624,,,
18,46124,-0.0381278432905674,,,
18,46129,-0.032089196145534515,,,
18,46134,-0.03577127307653427,,,
18,46139,-0.030877307057380676,,,
18,46144,-0.027158338576555252,,,
18,46149,-0.0384315550327301,,,
18,46154,-0.0273901280015707,,,
18,46159,-0.05892565846443176,,,
18,46164,-0.03493548929691315,,,
18,46169,-0.03103451430797577,,,
18,46174,-0.04380093887448311,,,
18,46179,-0.048523928970098495,,,
18,46184,-0.019182004034519196,,,
18,46189,-0.031275417655706406,,,
18,46194,-0.04775073379278183,,,
18,46199,-0.045179009437561035,,,
18,46204,-0.02188800275325775,,,
18,46209,-0.051552727818489075,,,
18,46214,-0.01895477995276451,,,
18,46219,-0.058333881199359894,,,
18,46224,-0.045465461909770966,,,
18,46229,-0.035149380564689636,,,
18,46234,-0.03793986141681671,,,
18,46239,-0.06170692667365074,,,
18,46244,-0.04124828055500984,,,
18,46249,-0.027006886899471283,,,
18,46254,-0.04030277580022812,,,
18,46259,-0.031784962862730026,,,
18,46264,-0.07207214087247849,,,
18,46269,-0.018440810963511467,,,
18,46274,-0.042008478194475174,,,
18,46279,-0.018929805606603622,,,
18,46284,-0.04169636219739914,,,
18,46289,-0.04127123951911926,,,
18,46294,-0.05385041609406471,,,
18,46299,-0.054391223937273026,,,
18,46304,-0.0459904782474041,,,
18,46309,-0.03778579458594322,,,
18,46314,-0.03735394403338432,,,
18,46319,-0.030128177255392075,,,
18,46324,-0.04144904017448425,,,
18,46329,-0.03996970131993294,,,
18,46334,-0.03841374069452286,,,
18,46339,-0.04550511762499809,,,
18,46344,-0.0572957806289196,,,
18,46349,-0.048107996582984924,,,
18,46354,-0.03560097888112068,,,
18,46359,-0.03164389729499817,,,
18,46364,-0.047855228185653687,,,
18,46369,-0.04631335660815239,,,
18,46374,-0.05904022231698036,,,
18,46379,-0.057242829352617264,,,
18,46384,-0.05059261620044708,,,
18,46389,-0.044440776109695435,,,
18,46394,-0.02945047616958618,,,
18,46399,-0.046378325670957565,,,
18,46404,-0.03016669861972332,,,
18,46409,-0.03387806564569473,,,
18,46414,-0.044391240924596786,,,
18,46419,-0.0356755256652832,,,
18,46424,-0.026355227455496788,,,
18,46429,-0.04910201206803322,,,
18,46434,-0.05214225500822067,,,
18,46439,-0.04364379122853279,,,
18,46444,-0.049847524613142014,,,
18,46449,-0.04323193058371544,,,
18,46454,-0.020602675154805183,,,
18,46459,-0.028083177283406258,,,
18,46464,-0.024096954613924026,,,
18,46469,-0.051993515342473984,,,
18,46474,-0.045098669826984406,,,
18,46479,-0.04178392514586449,,,
18,46484,-0.0473245233297348,,,
18,46489,-0.04699134826660156,,,
18,46494,-0.03680843487381935,,,
18,46499,-0.05157512426376343,,,
18,46504,-0.04887864738702774,,,
18,46509,-0.05037812143564224,,,
18,46514,-0.03407229110598564,,,
18,46519,-0.05621401593089104,,,
18,46524,-0.032188985496759415,,,
18,46529,-0.04430199787020683,,,
18,46534,-0.0444299541413784,,,
18,46539,-0.03674519062042236,,,
18,46544,-0.014000953175127506,,,
18,46549,-0.04703383520245552,,,
18,46554,-0.014466024935245514,,,
18,46559,-0.04665115475654602,,,
18,46564,-0.038769304752349854,,,
18,46569,-0.062052153050899506,,,
18,46574,-0.030601145699620247,,,
18,46579,-0.03181489557027817,,,
18,46584,-0.046977974474430084,,,
18,46589,-0.046470388770103455,,,
18,46594,-0.006288944743573666,,,
18,46599,-0.021660100668668747,,,
18,46604,-0.03964097797870636,,,
18,46609,-0.03549916297197342,,,
18,46614,-0.04422945901751518,,,
18,46619,-0.05300316587090492,,,
18,46624,-0.0562417209148407,,,
18,46629,-0.0531967431306839,,,
18,46634,-0.04818259924650192,,,
18,46639,-0.020467517897486687,,,
18,46644,-0.012394849210977554,,,
18,46649,-0.04667094349861145,,,
18,46654,-0.04488847404718399,,,
18,46659,-0.04885145276784897,,,
18,46664,-0.035927269607782364,,,
18,46669,-0.03645981103181839,,,
18,46674,-0.02452693320810795,,,
18,46679,-0.04544290527701378,,,
18,46684,-0.04745403304696083,,,
18,46689,-0.048398569226264954,,,
18,46694,-0.037763457745313644,,,
18,46699,-0.01443338394165039,,,
18,46704,-0.04379156976938248,,,
18,46709,-0.0553915835916996,,,
18,46714,-0.04462313652038574,,,
18,46719,-0.031827088445425034,,,
18,46724,-0.060024283826351166,,,
18,46729,-0.04013446345925331,,,
18,46734,-0.0382709838449955,,,
18,46739,-0.016891933977603912,,,
18,46744,-0.05624173581600189,,,
18,46749,-0.05278003588318825,,,
18,46754,-0.03573530912399292,,,
18,46759,-0.05252113193273544,,,
18,46764,-0.02405625954270363,,,
18,46769,-0.024590421468019485,,,
18,46774,-0.03804006800055504,,,
18,46779,-0.0437738411128521,,,
18,46784,-0.03152429684996605,,,
18,46789,-0.03203999996185303,,,
18,46794,-0.033302780240774155,,,
18,46799,-0.02818933315575123,,,
18,46804,-0.03000430390238762,,,
18,46809,-0.013087776489555836,,,
18,46814,-0.045649804174900055,,,
18,46819,-0.05361506715416908,,,
18,46824,-0.046939365565776825,,,
18,46829,-0.043326109647750854,,,
18,46834,-0.027992723509669304,,,
18,46839,-0.02542840875685215,,,
18,46844,-0.022047758102416992,,,
18,46849,-0.033041950315237045,,,
18,46854,-0.04225967451930046,,,
18,46859,-0.048700205981731415,,,
18,46864,-0.046101752668619156,,,
18,46869,-0.03561624139547348,,,
18,46874,-0.012457557953894138,,,
18,46879,-0.03201596438884735,,,
18,46884,-0.05629587918519974,,,
18,46889,-0.027861278504133224,,,
18,46894,-0.049505021423101425,,,
18,46899,-0.030558792874217033,,,
18,46904,-0.04303530231118202,,,
18,46909,-0.035679545253515244,,,
18,46914,-0.04652738198637962,,,
18,46919,-0.04756578058004379,,,
18,46924,-0.018926309421658516,,,
18,46929,-0.025870375335216522,,,
18,46934,-0.031883034855127335,,,
18,46939,-0.009519696235656738,,,
18,46944,-0.04335412010550499,,,
18,46949,-0.04336266592144966,,,
18,46954,-0.04937839135527611,,,
18,46959,-0.04925334081053734,,,
18,46964,-0.046423524618148804,,,
18,46969,-0.030813157558441162,,,
18,46974,-0.058498501777648926,,,
18,46979,-0.04484770447015762,,,
18,46984,-0.03183242678642273,,,
18,46989,-0.04388170689344406,,,
18,46994,-0.044842302799224854,,,
18,46999,-0.04409436881542206,,,
18,47004,-0.04400373622775078,,,
18,47009,-0.05534408614039421,,,
18,47014,-0.047401174902915955,,,
18,47019,-0.042661093175411224,,,
18,47024,-0.05737841874361038,,,
18,47029,-0.017569703981280327,,,
18,47034,-0.027263926342129707,,,
18,47039,-0.014564133249223232,,,
18,47044,0.007416755426675081,,,
18,47049,-0.03678862005472183,,,
18,47054,-0.04279228672385216,,,
18,47059,-0.03876655548810959,,,
18,47064,-0.055353887379169464,,,
18,47069,-0.03510231897234917,,,
18,47074,-0.03865811973810196,,,
18,47079,-0.01905733346939087,,,
18,47084,-0.03562343493103981,,,
18,47089,-0.025854449719190598,,,
18,47094,-0.0338309109210968,,,
18,47099,-0.038781002163887024,,,
18,47104,-0.048487864434719086,,,
18,47109,-0.025484874844551086,,,
18,47114,-0.04085236415266991,,,
18,47119,-0.03893161937594414,,,
18,47124,-0.05522029101848602,,,
18,47129,-0.05172969028353691,,,
18,47134,-0.04023020714521408,,,
18,47139,-0.05438579246401787,,,
18,47144,-0.06470836699008942,,,
18,47149,-0.033674027770757675,,,
18,47154,-0.04876832664012909,,,
18,47159,-0.044584620743989944,,,
18,47164,-0.03241359069943428,,,
18,47169,-0.04200667887926102,,,
18,47174,-0.033594124019145966,,,
18,47179,-0.042479731142520905,,,
18,47184,-0.03788236901164055,,,
18,47189,-0.03898468241095543,,,
18,47194,-0.03958584740757942,,,
18,47199,-0.04669716954231262,,,
18,47204,-0.05488286167383194,,,
18,47209,-0.041150979697704315,,,
18,47214,-0.06401325762271881,,,
18,47219,-0.030448149889707565,,,
18,47224,-0.02134084701538086,,,
18,47229,-0.042898986488580704,,,
18,47234,-0.03648827597498894,,,
18,47239,-0.044978611171245575,,,
18,47244,-0.029715728014707565,,,
18,47249,-0.03726895898580551,,,
18,47254,-0.06153116747736931,,,
18,47259,-0.04644395783543587,,,
18,47264,-0.03740214556455612,,,
18,47269,-0.06282979249954224,,,
18,47274,-0.05470767617225647,,,
18,47279,-0.030023086816072464,,,
18,47284,-0.04949447885155678,,,
18,47289,-0.05015470087528229,,,
18,47294,-0.021902620792388916,,,
18,47299,-0.052848607301712036,,,
18,47304,-0.03406009450554848,,,
18,47309,-0.0007628379389643669,,,
18,47314,-0.026885248720645905,,,
18,47319,-0.053226470947265625,,,
18,47324,-0.05465695261955261,,,
18,47329,-0.040598414838314056,,,
18,47334,-0.03306110203266144,,,
18,47339,-0.041911136358976364,,,
18,47344,-0.022436020895838737,,,
18,47349,-0.022167060524225235,,,
18,47354,-0.04733913764357567,,,
18,47359,-0.03405869007110596,,,
18,47364,-0.02790628746151924,,,
18,47369,-0.05300430580973625,,,
18,47374,-0.03544320911169052,,,
18,47379,-0.046375297009944916,,,
18,47384,-0.04275468364357948,,,
18,47389,-0.034548431634902954,,,
18,47394,-0.06282864511013031,,,
18,47399,-0.05007440596818924,,,
18,47404,-0.0429445281624794,,,
18,47409,-0.04499942809343338,,,
18,47414,-0.03419123589992523,,,
18,47419,-0.04190651327371597,,,
18,47424,-0.03308485820889473,,,
18,47429,-0.021205933764576912,,,
18,47434,-0.03813629969954491,,,
18,47439,-0.05727360025048256,,,
18,47444,-0.04216758534312248,,,
18,47449,-0.030819792300462723,,,
18,47454,-0.03639041632413864,,,
18,47459,-0.0469297394156456,,,
18,47464,-0.04536507651209831,,,
18,47469,-0.02566077560186386,,,
18,47474,-0.042755551636219025,,,
18,47479,-0.041329625993967056,,,
18,47484,-0.007684733718633652,,,
18,47489,-0.053932271897792816,,,
18,47494,-0.0582563579082489,,,
18,47499,-0.03184463083744049,,,
18,47499,,-0.03439449146389961,0.32919999957084656,0.6228964924812317
19,47504,-0.046567462384700775,,,
19,47509,-0.05910038203001022,,,
19,47514,-0.04286240041255951,,,
19,47519,-0.017073094844818115,,,
19,47524,-0.03812696039676666,,,
19,47529,-0.05163984000682831,,,
19,47534,-0.03708716854453087,,,
19,47539,-0.032293614000082016,,,
19,47544,-0.03899729996919632,,,
19,47549,-0.014954566955566406,,,
19,47554,-0.041222065687179565,,,
19,47559,-0.02172711305320263,,,
19,47564,-0.03593253344297409,,,
19,47569,-0.04409686103463173,,,
19,47574,-0.05197836458683014,,,
19,47579,-0.03438479080796242,,,
19,47584,-0.04509703814983368,,,
19,47589,-0.03730439394712448,,,
19,47594,-0.05606333911418915,,,
19,47599,-0.032732658088207245,,,
19,47604,-0.03633745387196541,,,
19,47609,-0.04958069324493408,,,
19,47614,-0.04897241294384003,,,
19,47619,-0.03366980329155922,,,
19,47624,-0.01845274120569229,,,
19,47629,-0.05285923555493355,,,
19,47634,-0.055447351187467575,,,
19,47639,-0.04767681658267975,,,
19,47644,-0.03238978981971741,,,
19,47649,-0.042571842670440674,,,
19,47654,-0.05167335271835327,,,
19,47659,-0.042492687702178955,,,
19,47664,-0.045771464705467224,,,
19,47669,-0.034237246960401535,,,
19,47674,-0.038786016404628754,,,
19,47679,-0.030380694195628166,,,
19,47684,-0.047395214438438416,,,
19,47689,-0.03860734403133392,,,
19,47694,-0.03447246178984642,,,
19,47699,-0.04091726988554001,,,
19,47704,-0.028476307168602943,,,
19,47709,-0.05039782449603081,,,
19,47714,-0.03754360228776932,,,
19,47719,-0.0350414514541626,,,
19,47724,-0.06120629608631134,,,
19,47729,-0.07097528874874115,,,
19,47734,-0.05553648993372917,,,
19,47739,-0.03559776395559311,,,
19,47744,-0.05663972347974777,,,
19,47749,-0.04524047672748566,,,
19,47754,-0.025254249572753906,,,
19,47759,-0.02100377529859543,,,
19,47764,-0.018238386139273643,,,
19,47769,-0.052242908626794815,,,
19,47774,-0.040304671972990036,,,
19,47779,-0.037102777510881424,,,
19,47784,-0.04699980467557907,,,
19,47789,-0.03474395349621773,,,
19,47794,-0.04270507022738457,,,
19,47799,-0.024601174518465996,,,
19,47804,-0.043986812233924866,,,
19,47809,-0.06452737003564835,,,
19,47814,-0.03152958303689957,,,
19,47819,-0.05127401277422905,,,
19,47824,-0.0424325168132782,,,
19,47829,-0.04285449907183647,,,
19,47834,-0.05227041244506836,,,
19,47839,-0.029393929988145828,,,
19,47844,-0.054946452379226685,,,
19,47849,-0.05121467262506485,,,
19,47854,-0.04134996980428696,,,
19,47859,-0.04684657230973244,,,
19,47864,-0.019507180899381638,,,
19,47869,-0.023134857416152954,,,
19,47874,-0.04272664710879326,,,
19,47879,-0.02502833679318428,,,
19,47884,-0.02985866367816925,,,
19,47889,-0.027175920084118843,,,
19,47894,-0.058479879051446915,,,
19,47899,-0.02920057252049446,,,
19,47904,-0.033633969724178314,,,
19,47909,-0.04425705224275589,,,
19,47914,-0.053379714488983154,,,
19,47919,-0.04548070579767227,,,
19,47924,-0.040458887815475464,,,
19,47929,-0.050835780799388885,,,
19,47934,-0.05243217572569847,,,
19,47939,-0.05349492281675339,,,
19,47944,-0.051988523453474045,,,
19,47949,-0.041941072791814804,,,
19,47954,-0.03254290297627449,,,
19,47959,-0.04288199543952942,,,
19,47964,-0.0557008758187294,,,
19,47969,-0.042774565517902374,,,
19,47974,-0.04536369442939758,,,
19,47979,-0.022488165646791458,,,
19,47984,-0.02882404997944832,,,
19,47989,-0.027820011600852013,,,
19,47994,-0.024473857134580612,,,
19,47999,-0.04445536807179451,,,
19,48004,-0.048802830278873444,,,
19,48009,-0.04628240689635277,,,
19,48014,-0.03243342414498329,,,
19,48019,-0.05652245879173279,,,
19,48024,-0.023016156628727913,,,
19,48029,-0.03611939772963524,,,
19,48034,-0.033050063997507095,,,
19,48039,-0.02010008692741394,,,
19,48044,-0.04787316918373108,,,
19,48049,-0.023721829056739807,,,
19,48054,-0.05793091654777527,,,
19,48059,-0.04976215213537216,,,
19,48064,-0.043874308466911316,,,
19,48069,-0.039808984845876694,,,
19,48074,-0.050464071333408356,,,
19,48079,-0.041002124547958374,,,
19,48084,-0.047854095697402954,,,
19,48089,-0.037760406732559204,,,
19,48094,-0.043736107647418976,,,
19,48099,-0.043847110122442245,,,
19,48104,-0.04617929086089134,,,
19,48109,-0.04346902668476105,,,
19,48114,-0.043653033673763275,,,
19,48119,-0.018825992941856384,,,
19,48124,-0.021458394825458527,,,
19,48129,-0.04949966073036194,,,
19,48134,-0.042908743023872375,,,
19,48139,-0.034584373235702515,,,
19,48144,-0.05051406845450401,,,
19,48149,-0.045561496168375015,,,
19,48154,-0.06158896163105965,,,
19,48159,-0.03811038285493851,,,
19,48164,-0.03214745596051216,,,
19,48169,-0.03707089647650719,,,
19,48174,-0.057476215064525604,,,
19,48179,-0.045566678047180176,,,
19,48184,-0.03781169280409813,,,
19,48189,-0.03889653831720352,,,
19,48194,-0.04424275830388069,,,
19,48199,-0.04077586904168129,,,
19,48204,-0.058261267840862274,,,
19,48209,-0.030323533341288567,,,
19,48214,-0.053421396762132645,,,
19,48219,-0.041598785668611526,,,
19,48224,-0.037271179258823395,,,
19,48229,-0.051380615681409836,,,
19,48234,-0.03568493574857712,,,
19,48239,-0.051680903881788254,,,
19,48244,-0.046344056725502014,,,
19,48249,-0.04000965505838394,,,
19,48254,-0.031894441694021225,,,
19,48259,-0.045192159712314606,,,
19,48264,-0.03159882128238678,,,
19,48269,-0.036020539700984955,,,
19,48274,-0.03976873680949211,,,
19,48279,-0.017148565500974655,,,
19,48284,-0.0346626453101635,,,
19,48289,-0.028262224048376083,,,
19,48294,-0.04723576456308365,,,
19,48299,-0.03491438180208206,,,
19,48304,-0.02662864327430725,,,
19,48309,-0.0434485524892807,,,
19,48314,-0.042297590523958206,,,
19,48319,-0.02922220528125763,,,
19,48324,-0.03663318231701851,,,
19,48329,-0.06278291344642639,,,
19,48334,-0.03747263178229332,,,
19,48339,-0.04695505648851395,,,
19,48344,-0.03850339725613594,,,
19,48349,-0.021881677210330963,,,
19,48354,-0.03245958685874939,,,
19,48359,-0.02587067149579525,,,
19,48364,-0.02925439178943634,,,
19,48369,-0.03289329260587692,,,
19,48374,-0.02458449825644493,,,
19,48379,-0.03315616771578789,,,
19,48384,-0.05496181920170784,,,
19,48389,-0.045792534947395325,,,
19,48394,-0.04316341131925583,,,
19,48399,-0.05039377510547638,,,
19,48404,-0.0518660806119442,,,
19,48409,-0.03259251266717911,,,
19,48414,-0.02652568183839321,,,
19,48419,-0.04569632560014725,,,
19,48424,-0.03855346888303757,,,
19,48429,-0.03481689840555191,,,
19,48434,-0.03945054113864899,,,
19,48439,-0.029955776408314705,,,
19,48444,-0.05629947409033775,,,
19,48449,-0.02388862706720829,,,
19,48454,-0.03916683420538902,,,
19,48459,-0.04530933499336243,,,
19,48464,-0.0220051147043705,,,
19,48469,-0.04135255515575409,,,
19,48474,-0.05310681089758873,,,
19,48479,-0.03928513079881668,,,
19,48484,-0.03159568831324577,,,
19,48489,-0.05269801989197731,,,
19,48494,-0.045340485870838165,,,
19,48499,-0.0600917786359787,,,
19,48504,-0.0351051427423954,,,
19,48509,-0.025704966858029366,,,
19,48514,-0.027475731447339058,,,
19,48519,-0.04667042940855026,,,
19,48524,-0.022638102993369102,,,
19,48529,-0.04298824444413185,,,
19,48534,-0.03084675967693329,,,
19,48539,-0.035655319690704346,,,
19,48544,-0.015355851501226425,,,
19,48549,-0.046945612877607346,,,
19,48554,-0.03734404593706131,,,
19,48559,-0.0563967302441597,,,
19,48564,-0.04153694584965706,,,
19,48569,-0.037741195410490036,,,
19,48574,-0.04621627554297447,,,
19,48579,-0.0507124587893486,,,
19,48584,-0.046503905206918716,,,
19,48589,-0.04099258407950401,,,
19,48594,-0.03124832548201084,,,
19,48599,-0.042657993733882904,,,
19,48604,-0.028554974123835564,,,
19,48609,-0.029724745079874992,,,
19,48614,-0.04113973677158356,,,
19,48619,-0.017682984471321106,,,
19,48624,-0.061101268976926804,,,
19,48629,-0.04263146594166756,,,
19,48634,-0.03175337612628937,,,
19,48639,-0.05125856399536133,,,
19,48644,-0.03574269637465477,,,
19,48649,-0.05704076960682869,,,
19,48654,-0.020843086764216423,,,
19,48659,-0.003951868042349815,,,
19,48664,-0.038029998540878296,,,
19,48669,-0.035563308745622635,,,
19,48674,-0.0398891307413578,,,
19,48679,0.009998150169849396,,,
19,48684,-0.0513623021543026,,,
19,48689,-0.05153829604387283,,,
19,48694,-0.027420809492468834,,,
19,48699,-0.032622940838336945,,,
19,48704,-0.04717009887099266,,,
19,48709,-0.03314702957868576,,,
19,48714,-0.030459173023700714,,,
19,48719,-0.03688622638583183,,,
19,48724,-0.010330824181437492,,,
19,48729,-0.039436742663383484,,,
19,48734,-0.05880368873476982,,,
19,48739,-0.03932160139083862,,,
19,48744,-0.04123086854815483,,,
19,48749,-0.025853928178548813,,,
19,48754,-0.05097750201821327,,,
19,48759,-0.03622954338788986,,,
19,48764,-0.035736504942178726,,,
19,48769,-0.05153876543045044,,,
19,48774,-0.025378888472914696,,,
19,48779,-0.05104483664035797,,,
19,48784,-0.045488305389881134,,,
19,48789,-0.05337760969996452,,,
19,48794,-0.041442617774009705,,,
19,48799,-0.038168106228113174,,,
19,48804,-0.03369167074561119,,,
19,48809,-0.05112209543585777,,,
19,48814,-0.0569048747420311,,,
19,48819,-0.05350062996149063,,,
19,48824,-0.03633929044008255,,,
19,48829,-0.046942681074142456,,,
19,48834,-0.041120078414678574,,,
19,48839,-0.032834697514772415,,,
19,48844,-0.05368693917989731,,,
19,48849,-0.053024496883153915,,,
19,48854,-0.04132254049181938,,,
19,48859,-0.034075647592544556,,,
19,48864,-0.03503989800810814,,,
19,48869,-0.01899118721485138,,,
19,48874,-0.03006068430840969,,,
19,48879,-0.04190382733941078,,,
19,48884,-0.03642796725034714,,,
19,48889,-0.03128014877438545,,,
19,48894,-0.038291171193122864,,,
19,48899,-0.04255247861146927,,,
19,48904,-0.052811168134212494,,,
19,48909,-0.024759402498602867,,,
19,48914,-0.03017379902303219,,,
19,48919,-0.021893564611673355,,,
19,48924,-0.04161927103996277,,,
19,48929,-0.06515486538410187,,,
19,48934,-0.007370933890342712,,,
19,48939,-0.04597596079111099,,,
19,48944,-0.037374336272478104,,,
19,48949,-0.03763498365879059,,,
19,48954,-0.04276913404464722,,,
19,48959,-0.02554699033498764,,,
19,48964,-0.05603665113449097,,,
19,48969,-0.04120596870779991,,,
19,48974,-0.049327995628118515,,,
19,48979,-0.040224697440862656,,,
19,48984,-0.025843903422355652,,,
19,48989,-0.052841994911432266,,,
19,48994,-0.04951544106006622,,,
19,48999,-0.046556394547224045,,,
19,49004,-0.03071763552725315,,,
19,49009,-0.06485532224178314,,,
19,49014,-0.04307716339826584,,,
19,49019,-0.017847612500190735,,,
19,49024,-0.039878442883491516,,,
19,49029,-0.04552706331014633,,,
19,49034,-0.04060664027929306,,,
19,49039,-0.049944691359996796,,,
19,49044,-0.05313057824969292,,,
19,49049,-0.051375821232795715,,,
19,49054,-0.03469529002904892,,,
19,49059,-0.038086142390966415,,,
19,49064,-0.04443952068686485,,,
19,49069,-0.0349806547164917,,,
19,49074,-0.05614575743675232,,,
19,49079,-0.021192653104662895,,,
19,49084,-0.018862945958971977,,,
19,49089,-0.05137753486633301,,,
19,49094,-0.04692164808511734,,,
19,49099,-0.04791932553052902,,,
19,49104,-0.033698856830596924,,,
19,49109,-0.028144994750618935,,,
19,49114,-0.03654975816607475,,,
19,49119,-0.04269077256321907,,,
19,49124,-0.03755728155374527,,,
19,49129,-0.015015454962849617,,,
19,49134,-0.03283541277050972,,,
19,49139,-0.024012068286538124,,,
19,49144,-0.022277891635894775,,,
19,49149,-0.03700675070285797,,,
19,49154,-0.04677674546837807,,,
19,49159,-0.04876108840107918,,,
19,49164,-0.045127201825380325,,,
19,49169,-0.031054716557264328,,,
19,49174,-0.03701552748680115,,,
19,49179,-0.04619120806455612,,,
19,49184,-0.042345594614744186,,,
19,49189,-0.03315384313464165,,,
19,49194,-0.025448238477110863,,,
19,49199,-0.06561602652072906,,,
19,49204,-0.032750945538282394,,,
19,49209,-0.044009242206811905,,,
19,49214,-0.04318790137767792,,,
19,49219,-0.06373980641365051,,,
19,49224,-0.027454564347863197,,,
19,49229,-0.052946195006370544,,,
19,49234,-0.049636974930763245,,,
19,49239,-0.049604713916778564,,,
19,49244,-0.048885054886341095,,,
19,49249,-0.02026795595884323,,,
19,49254,-0.03052733652293682,,,
19,49259,-0.06350836157798767,,,
19,49264,-0.029981382191181183,,,
19,49269,-0.0641661062836647,,,
19,49274,0.0023977719247341156,,,
19,49279,-0.0573880635201931,,,
19,49284,-0.04452775418758392,,,
19,49289,-0.038636788725852966,,,
19,49294,-0.03765849769115448,,,
19,49299,-0.05330541729927063,,,
19,49304,-0.04070410132408142,,,
19,49309,-0.04455925524234772,,,
19,49314,-0.05930320918560028,,,
19,49319,-0.02899833954870701,,,
19,49324,-0.03607244789600372,,,
19,49329,-0.038190800696611404,,,
19,49334,-0.04769406467676163,,,
19,49339,-0.05011758580803871,,,
19,49344,-0.047302015125751495,,,
19,49349,-0.04595603421330452,,,
19,49354,-0.04066375643014908,,,
19,49359,-0.04107990488409996,,,
19,49364,-0.0331537202000618,,,
19,49369,-0.010248957201838493,,,
19,49374,-0.03957246243953705,,,
19,49379,-0.008562231436371803,,,
19,49384,-0.024426832795143127,,,
19,49389,-0.04808744043111801,,,
19,49394,-0.029672233387827873,,,
19,49399,-0.031702592968940735,,,
19,49404,-0.0349622443318367,,,
19,49409,-0.0722859650850296,,,
19,49414,-0.049311235547065735,,,
19,49419,-0.04747537150979042,,,
19,49424,-0.0031115489546209574,,,
19,49429,-0.057788509875535965,,,
19,49434,-0.020710498094558716,,,
19,49439,-0.03493547439575195,,,
19,49444,-0.03056998737156391,,,
19,49449,-0.04393303021788597,,,
19,49454,-0.05130399391055107,,,
19,49459,-0.061644330620765686,,,
19,49464,-0.03956109285354614,,,
19,49469,-0.05307489633560181,,,
19,49474,-0.0491635724902153,,,
19,49479,-0.03547755256295204,,,
19,49484,-0.029874306172132492,,,
19,49489,-0.04182225465774536,,,
19,49494,-0.056644637137651443,,,
19,49499,-0.05305459350347519,,,
19,49504,-0.04319709539413452,,,
19,49509,-0.03693829104304314,,,
19,49514,-0.024801600724458694,,,
19,49519,-0.047636885195970535,,,
19,49524,-0.03912185877561569,,,
19,49529,-0.06120435893535614,,,
19,49534,-0.03405953198671341,,,
19,49539,-0.03000682219862938,,,
19,49544,-0.03398638591170311,,,
19,49549,-0.006763015408068895,,,
19,49554,-0.032732587307691574,,,
19,49559,-0.04428795725107193,,,
19,49564,-0.042580269277095795,,,
19,49569,-0.03682241216301918,,,
19,49574,-0.04281218349933624,,,
19,49579,-0.014972896315157413,,,
19,49584,-0.03902693837881088,,,
19,49589,-0.0368075929582119,,,
19,49594,-0.03955581411719322,,,
19,49599,-0.02637714333832264,,,
19,49604,-0.043843284249305725,,,
19,49609,-0.057366564869880676,,,
19,49614,-0.039872270077466965,,,
19,49619,-0.045222267508506775,,,
19,49624,-0.030201030895113945,,,
19,49629,-0.03545084968209267,,,
19,49634,-0.02840113453567028,,,
19,49639,-0.028290633112192154,,,
19,49644,-0.03735015541315079,,,
19,49649,-0.027650095522403717,,,
19,49654,-0.034905802458524704,,,
19,49659,-0.04206039384007454,,,
19,49664,-0.046704892069101334,,,
19,49669,-0.04957268759608269,,,
19,49674,-0.04996112734079361,,,
19,49679,-0.044034503400325775,,,
19,49684,-0.04129694402217865,,,
19,49689,-0.04178003966808319,,,
19,49694,-0.04356926307082176,,,
19,49699,-0.025172099471092224,,,
19,49704,-0.030188243836164474,,,
19,49709,-0.033814676105976105,,,
19,49714,-0.027850991114974022,,,
19,49719,-0.03229786455631256,,,
19,49724,-0.04368492215871811,,,
19,49729,-0.05101989954710007,,,
19,49734,-0.038140155375003815,,,
19,49739,-0.03504831716418266,,,
19,49744,-0.045802630484104156,,,
19,49749,-0.03259095549583435,,,
19,49754,-0.01647914946079254,,,
19,49759,-0.02897256799042225,,,
19,49764,-0.0514306016266346,,,
19,49769,-0.048983119428157806,,,
19,49774,-0.030195193365216255,,,
19,49779,-0.051559701561927795,,,
19,49784,-0.023233599960803986,,,
19,49789,-0.04333431273698807,,,
19,49794,-0.048559386283159256,,,
19,49799,-0.042261961847543716,,,
19,49804,-0.039895061403512955,,,
19,49809,-0.04641285538673401,,,
19,49814,-0.04051167145371437,,,
19,49819,-0.03582929074764252,,,
19,49824,-0.05049896240234375,,,
19,49829,-0.040999606251716614,,,
19,49834,-0.039727285504341125,,,
19,49839,-0.04044421389698982,,,
19,49844,-0.044631388038396835,,,
19,49849,-0.03089546412229538,,,
19,49854,-0.030293673276901245,,,
19,49859,-0.034905191510915756,,,
19,49864,-0.06007317081093788,,,
19,49869,-0.032380472868680954,,,
19,49874,-0.02688821405172348,,,
19,49879,-0.05060199648141861,,,
19,49884,-0.04357533901929855,,,
19,49889,-0.051405441015958786,,,
19,49894,-0.039194151759147644,,,
19,49899,-0.04232914745807648,,,
19,49904,-0.062221795320510864,,,
19,49909,-0.05535733699798584,,,
19,49914,-0.040682241320610046,,,
19,49919,-0.04292101413011551,,,
19,49924,-0.04461561143398285,,,
19,49929,-0.037785809487104416,,,
19,49934,-0.023931246250867844,,,
19,49939,-0.04122091829776764,,,
19,49944,-0.03839264437556267,,,
19,49949,-0.043214716017246246,,,
19,49954,-0.020459424704313278,,,
19,49959,0.02024035155773163,,,
19,49964,-0.05365579202771187,,,
19,49969,-0.039698582142591476,,,
19,49974,-0.028262194246053696,,,
19,49979,-0.027735482901334763,,,
19,49984,-0.05734730139374733,,,
19,49989,-0.04911240190267563,,,
19,49994,-0.060674235224723816,,,
19,49999,-0.041437868028879166,,,
19,49999,,-0.02830292098224163,0.3109999895095825,0.6086049675941467
20,50004,-0.021020209416747093,,,
20,50009,-0.03527611866593361,,,
20,50014,-0.01660599559545517,,,
20,50019,-0.03465120866894722,,,
20,50024,-0.03098394349217415,,,
20,50029,-0.04306904226541519,,,
20,50034,-0.03552836552262306,,,
20,50039,-0.012083921581506729,,,
20,50044,-0.01592840813100338,,,
20,50049,-0.04140371084213257,,,
20,50054,-0.041029058396816254,,,
20,50059,-0.04525916650891304,,,
20,50064,-0.03619466349482536,,,
20,50069,-0.042962200939655304,,,
20,50074,-0.03300686925649643,,,
20,50079,-0.03471533581614494,,,
20,50084,-0.03833848237991333,,,
20,50089,-0.0159304179251194,,,
20,50094,-0.04142154008150101,,,
20,50099,-0.028748106211423874,,,
20,50104,-0.0170120969414711,,,
20,50109,-0.030631348490715027,,,
20,50114,-0.056620094925165176,,,
20,50119,-0.04502691701054573,,,
20,50124,-0.042933154851198196,,,
20,50129,-0.042150940746068954,,,
20,50134,-0.04109857603907585,,,
20,50139,-0.0452352911233902,,,
20,50144,-0.028747834265232086,,,
20,50149,-0.03393404558300972,,,
20,50154,-0.04092276841402054,,,
20,50159,-0.013862088322639465,,,
20,50164,-0.05362876132130623,,,
20,50169,-0.0469491146504879,,,
20,50174,-0.04128124937415123,,,
20,50179,-0.029577508568763733,,,
20,50184,-0.04167037829756737,,,
20,50189,-0.03869786858558655,,,
20,50194,-0.040638796985149384,,,
20,50199,-0.046474725008010864,,,
20,50204,-0.03103727474808693,,,
20,50209,-0.04944939166307449,,,
20,50214,-0.041952334344387054,,,
20,50219,-0.037538185715675354,,,
20,50224,-0.04771353676915169,,,
20,50229,-0.05428380146622658,,,
20,50234,-0.04030407592654228,,,
20,50239,-0.041966184973716736,,,
20,50244,-0.05707398056983948,,,
20,50249,-0.021312478929758072,,,
20,50254,-0.03080330230295658,,,
20,50259,-0.03776749595999718,,,
20,50264,-0.0356183685362339,,,
20,50269,-0.041570570319890976,,,
20,50274,-0.03621111810207367,,,
20,50279,-0.05458682030439377,,,
20,50284,-0.03821709379553795,,,
20,50289,-0.05006927624344826,,,
20,50294,-0.046654049307107925,,,
20,50299,-0.05962642282247543,,,
20,50304,-0.040399644523859024,,,
20,50309,-0.044718530029058456,,,
20,50314,-0.046673838049173355,,,
20,50319,-0.030773214995861053,,,
20,50324,-0.024626599624753,,,
20,50329,-0.040150731801986694,,,
20,50334,-0.039957195520401,,,
20,50339,-0.02718704380095005,,,
20,50344,-0.025055766105651855,,,
20,50349,-0.044646382331848145,,,
20,50354,-0.05397439002990723,,,
20,50359,-0.052028853446245193,,,
20,50364,-0.017493272200226784,,,
20,50369,-0.04313661903142929,,,
20,50374,-0.047896578907966614,,,
20,50379,-0.03578505665063858,,,
20,50384,-0.03579659014940262,,,
20,50389,-0.04677944630384445,,,
20,50394,-0.03955227881669998,,,
20,50399,-0.04958321899175644,,,
20,50404,-0.041316647082567215,,,
20,50409,-0.03381782025098801,,,
20,50414,-0.030593199655413628,,,
20,50419,-0.04775092005729675,,,
20,50424,-0.028320180252194405,,,
20,50429,-0.04245731607079506,,,
20,50434,-0.036887459456920624,,,
20,50439,-0.0448845699429512,,,
20,50444,-0.0427694246172905,,,
20,50449,-0.04019055515527725,,,
20,50454,-0.05524364858865738,,,
20,50459,-0.041047967970371246,,,
20,50464,-0.0494508370757103,,,
20,50469,-0.04324743524193764,,,
20,50474,-0.04221755266189575,,,
20,50479,-0.051248662173748016,,,
20,50484,-0.013164306059479713,,,
20,50489,-0.049489837139844894,,,
20,50494,-0.04069460928440094,,,
20,50499,-0.03585187718272209,,,
20,50504,-0.05361514165997505,,,
20,50509,-0.04824252054095268,,,
20,50514,-0.044289764016866684,,,
20,50519,-0.03471789509057999,,,
20,50524,-0.03950272500514984,,,
20,50529,-0.030030470341444016,,,
20,50534,-0.008491599932312965,,,
20,50539,-0.045168936252593994,,,
20,50544,-0.04811180755496025,,,
20,50549,-0.03529402241110802,,,
20,50554,-0.022914092987775803,,,
20,50559,-0.03820202499628067,,,
20,50564,-0.05218508839607239,,,
20,50569,-0.04672937095165253,,,
20,50574,-0.035555120557546616,,,
20,50579,-0.047948334366083145,,,
20,50584,-0.037107374519109726,,,
20,50589,-0.03258620202541351,,,
20,50594,-0.0478859543800354,,,
20,50599,-0.04807176813483238,,,
20,50604,-0.05435405671596527,,,
20,50609,-0.05511227995157242,,,
20,50614,-0.016053512692451477,,,
20,50619,-0.05352141335606575,,,
20,50624,-0.029272323474287987,,,
20,50629,-0.04382413625717163,,,
20,50634,-0.051520343869924545,,,
20,50639,-0.04928673058748245,,,
20,50644,-0.031732626259326935,,,
20,50649,-0.04220692813396454,,,
20,50654,-0.0385429672896862,,,
20,50659,-0.03336913138628006,,,
20,50664,-0.02903662994503975,,,
20,50669,-0.04495808109641075,,,
20,50674,-0.0417020283639431,,,
20,50679,-0.023119039833545685,,,
20,50684,-0.041270993649959564,,,
20,50689,-0.042862847447395325,,,
20,50694,-0.035596732050180435,,,
20,50699,-0.03146126866340637,,,
20,50704,-0.02978670783340931,,,
20,50709,-0.04634443670511246,,,
20,50714,-0.045671265572309494,,,
20,50719,-0.01763014867901802,,,
20,50724,-0.0433780662715435,,,
20,50729,-0.014930740930140018,,,
20,50734,-0.03157730773091316,,,
20,50739,-0.022471969947218895,,,
20,50744,-0.03725416213274002,,,
20,50749,-0.056294865906238556,,,
20,50754,-0.034029778093099594,,,
20,50759,-0.013935417868196964,,,
20,50764,-0.040620289742946625,,,
20,50769,-0.03904184699058533,,,
20,50774,-0.01850123517215252,,,
20,50779,-0.033698417246341705,,,
20,50784,-0.04247235506772995,,,
20,50789,-0.05381208658218384,,,
20,50794,-0.04419122263789177,,,
20,50799,-0.048740994185209274,,,
20,50804,-0.03068416565656662,,,
20,50809,-0.0507458820939064,,,
20,50814,-0.04959212243556976,,,
20,50819,-0.0288161002099514,,,
20,50824,-0.07079347968101501,,,
20,50829,-0.048181552439928055,,,
20,50834,-0.01526743546128273,,,
20,50839,-0.06562003493309021,,,
20,50844,-0.023975864052772522,,,
20,50849,-0.037171490490436554,,,
20,50854,-0.04162071645259857,,,
20,50859,-0.048062313348054886,,,
20,50864,-0.04532644525170326,,,
20,50869,-0.04607578366994858,,,
20,50874,-0.017827937379479408,,,
20,50879,-0.04152129590511322,,,
20,50884,-0.0495549775660038,,,
20,50889,-0.030464982613921165,,,
20,50894,-0.05692588537931442,,,
20,50899,-0.03944290056824684,,,
20,50904,-0.044934459030628204,,,
20,50909,-0.055683355778455734,,,
20,50914,-0.035821810364723206,,,
20,50919,-0.02381064184010029,,,
20,50924,-0.041041843593120575,,,
20,50929,-0.03601422533392906,,,
20,50934,-0.04724481701850891,,,
20,50939,-0.048193514347076416,,,
20,50944,-0.046360231935977936,,,
20,50949,-0.026659809052944183,,,
20,50954,-0.036972776055336,,,
20,50959,-0.03593825176358223,,,
20,50964,-0.04855591431260109,,,
20,50969,-0.039719775319099426,,,
20,50974,-0.04719345271587372,,,
20,50979,-0.04275716096162796,,,
20,50984,-0.050516046583652496,,,
20,50989,-0.03852933272719383,,,
20,50994,-0.04546062648296356,,,
20,50999,-0.0236422847956419,,,
20,51004,-0.03320930525660515,,,
20,51009,-0.05719335377216339,,,
20,51014,-0.03561908006668091,,,
20,51019,-0.041286394000053406,,,
20,51024,-0.017431514337658882,,,
20,51029,-0.037723857909440994,,,
20,51034,-0.04084925353527069,,,
20,51039,-0.03832852840423584,,,
20,51044,-0.018314290791749954,,,
20,51049,-0.05047212541103363,,,
20,51054,-0.03420722857117653,,,
20,51059,-0.06454147398471832,,,
20,51064,-0.03813791647553444,,,
20,51069,-0.029145892709493637,,,
20,51074,-0.03472466766834259,,,
20,51079,-0.038165900856256485,,,
20,51084,-0.04025360941886902,,,
20,51089,-0.04394012317061424,,,
20,51094,-0.05545876920223236,,,
20,51099,-0.045357950031757355,,,
20,51104,-0.03470664098858833,,,
20,51109,-0.035107728093862534,,,
20,51114,-0.03332918882369995,,,
20,51119,-0.05221293866634369,,,
20,51124,-0.05001239478588104,,,
20,51129,-0.040290724486112595,,,
20,51134,-0.04225194826722145,,,
20,51139,-0.030231257900595665,,,
20,51144,-0.03217544034123421,,,
20,51149,-0.03551477566361427,,,
20,51154,-0.01594729907810688,,,
20,51159,-0.05117161199450493,,,
20,51164,-0.02933938056230545,,,
20,51169,-0.02774587646126747,,,
20,51174,-0.038763996213674545,,,
20,51179,-0.03294510394334793,,,
20,51184,-0.027079042047262192,,,
20,51189,-0.02567489817738533,,,
20,51194,-0.04061151295900345,,,
20,51199,-0.040904704481363297,,,
20,51204,-0.061720144003629684,,,
20,51209,-0.04378810152411461,,,
20,51214,-0.03285576403141022,,,
20,51219,-0.009973647072911263,,,
20,51224,-0.0465921014547348,,,
20,51229,-0.04291607439517975,,,
20,51234,-0.03961915522813797,,,
20,51239,-0.05229804664850235,,,
20,51244,-0.050779808312654495,,,
20,51249,-0.053381796926259995,,,
20,51254,-0.03910026326775551,,,
20,51259,-0.027955738827586174,,,
20,51264,-0.04682772234082222,,,
20,51269,-0.02979106269776821,,,
20,51274,-0.021183976903557777,,,
20,51279,-0.049406569451093674,,,
20,51284,-0.051037780940532684,,,
20,51289,-0.061124131083488464,,,
20,51294,-0.03749328479170799,,,
20,51299,-0.044622596353292465,,,
20,51304,-0.036912426352500916,,,
20,51309,-0.04244954511523247,,,
20,51314,-0.03264140337705612,,,
20,51319,-0.03387271985411644,,,
20,51324,-0.04245731234550476,,,
20,51329,-0.0195645559579134,,,
20,51334,-0.04082851856946945,,,
20,51339,-0.03804071247577667,,,
20,51344,-0.034634675830602646,,,
20,51349,-0.002058147918432951,,,
20,51354,-0.04756809398531914,,,
20,51359,-0.05325726419687271,,,
20,51364,-0.035919189453125,,,
20,51369,-0.04906810447573662,,,
20,51374,-0.045320671051740646,,,
20,51379,-0.04862342029809952,,,
20,51384,-0.053605563938617706,,,
20,51389,-0.0349421426653862,,,
20,51394,-0.04603499174118042,,,
20,51399,-0.06093690171837807,,,
20,51404,-0.052875980734825134,,,
20,51409,-0.02384306490421295,,,
20,51414,-0.03780562803149223,,,
20,51419,-0.046479180455207825,,,
20,51424,-0.0442887581884861,,,
20,51429,-0.02401660569012165,,,
20,51434,-0.032043930143117905,,,
20,51439,-0.04879654571413994,,,
20,51444,-0.0368838794529438,,,
20,51449,-0.03345230594277382,,,
20,51454,-0.03640415146946907,,,
20,51459,-0.044198404997587204,,,
20,51464,-0.028698623180389404,,,
20,51469,-0.03758974373340607,,,
20,51474,-0.024689465761184692,,,
20,51479,-0.04138397425413132,,,
20,51484,-0.03672172501683235,,,
20,51489,-0.04643489047884941,,,
20,51494,-0.01936141960322857,,,
20,51499,-0.031146463006734848,,,
20,51504,-0.04936392232775688,,,
20,51509,-0.03333735838532448,,,
20,51514,-0.043077465146780014,,,
20,51519,-0.028548508882522583,,,
20,51524,-0.04530990123748779,,,
20,51529,-0.05116870626807213,,,
20,51534,-0.042617324739694595,,,
20,51539,-0.018926221877336502,,,
20,51544,-0.029083482921123505,,,
20,51549,-0.02510427124798298,,,
20,51554,-0.017184162512421608,,,
20,51559,-0.027386894449591637,,,
20,51564,-0.05205991119146347,,,
20,51569,-0.02870628982782364,,,
20,51574,-0.02968754805624485,,,
20,51579,-0.019494198262691498,,,
20,51584,-0.06359446793794632,,,
20,51589,-0.062044329941272736,,,
20,51594,-0.037750665098428726,,,
20,51599,-0.0436791330575943,,,
20,51604,-0.0020121848210692406,,,
20,51609,-0.054887138307094574,,,
20,51614,-0.04753020405769348,,,
20,51619,-0.04846757650375366,,,
20,51624,-0.06375807523727417,,,
20,51629,-0.031446345150470734,,,
20,51634,-0.040412627160549164,,,
20,51639,-0.03727392479777336,,,
20,51644,-0.036046162247657776,,,
20,51649,-0.046370264142751694,,,
20,51654,-0.01347262505441904,,,
20,51659,-0.02985679730772972,,,
20,51664,-0.04950316250324249,,,
20,51669,-0.047159262001514435,,,
20,51674,-0.03592068329453468,,,
20,51679,-0.04134829342365265,,,
20,51684,-0.03103741630911827,,,
20,51689,-0.04398399591445923,,,
20,51694,-0.04119768366217613,,,
20,51699,-0.0401369109749794,,,
20,51704,-0.05551306530833244,,,
20,51709,-0.04611750319600105,,,
20,51714,-0.04226929321885109,,,
20,51719,-0.04326341301202774,,,
20,51724,-0.04607292637228966,,,
20,51729,-0.02911270596086979,,,
20,51734,-0.004679592326283455,,,
20,51739,-0.020602473989129066,,,
20,51744,-0.05090960115194321,,,
20,51749,-0.034560322761535645,,,
20,51754,-0.017672143876552582,,,
20,51759,-0.034694913774728775,,,
20,51764,-0.03777991607785225,,,
20,51769,-0.060787975788116455,,,
20,51774,-0.04638613015413284,,,
20,51779,-0.05000794306397438,,,
20,51784,-0.03967420011758804,,,
20,51789,-0.028373487293720245,,,
20,51794,-0.028473231941461563,,,
20,51799,-0.046243589371442795,,,
20,51804,-0.024345476180315018,,,
20,51809,-0.01803368330001831,,,
20,51814,-0.03980134427547455,,,
20,51819,-0.03451891615986824,,,
20,51824,-0.04369700327515602,,,
20,51829,-0.035636790096759796,,,
20,51834,-0.04310008883476257,,,
20,51839,-0.05501896142959595,,,
20,51844,-0.044056784361600876,,,
20,51849,-0.04776272922754288,,,
20,51854,-0.054016854614019394,,,
20,51859,-0.054761409759521484,,,
20,51864,-0.03683415800333023,,,
20,51869,-0.05505833774805069,,,
20,51874,-0.030222907662391663,,,
20,51879,-0.03226739168167114,,,
20,51884,-0.019013920798897743,,,
20,51889,-0.06686363369226456,,,
20,51894,-0.034489378333091736,,,
20,51899,-0.04245458543300629,,,
20,51904,-0.04690288007259369,,,
20,51909,-0.021201280876994133,,,
20,51914,-0.042800936847925186,,,
20,51919,-0.023894615471363068,,,
20,51924,-0.027808910235762596,,,
20,51929,-0.04607587307691574,,,
20,51934,-0.04578597843647003,,,
20,51939,-0.04818016290664673,,,
20,51944,-0.0305920522660017,,,
20,51949,-0.04077320545911789,,,
20,51954,-0.028238093480467796,,,
20,51959,-0.025014862418174744,,,
20,51964,-0.026147358119487762,,,
20,51969,-0.0591404102742672,,,
20,51974,-0.04789917543530464,,,
20,51979,-0.053301628679037094,,,
20,51984,-0.06013147905468941,,,
20,51989,-0.04704466462135315,,,
20,51994,-0.024639345705509186,,,
20,51999,-0.037768565118312836,,,
20,52004,-0.04926421865820885,,,
20,52009,-0.0033643965143710375,,,
20,52014,-0.04173839092254639,,,
20,52019,-0.03280078247189522,,,
20,52024,-0.027063466608524323,,,
20,52029,-0.05352873355150223,,,
20,52034,-0.04579933360219002,,,
20,52039,-0.05215432494878769,,,
20,52044,-0.044961631298065186,,,
20,52049,-0.038511112332344055,,,
20,52054,-0.019402798265218735,,,
20,52059,-0.03867682069540024,,,
20,52064,-0.027116021141409874,,,
20,52069,-0.012923246249556541,,,
20,52074,-0.05033126473426819,,,
20,52079,-0.0498325489461422,,,
20,52084,-0.03835035860538483,,,
20,52089,-0.030896607786417007,,,
20,52094,-0.041836678981781006,,,
20,52099,-0.039101433008909225,,,
20,52104,-0.05024043470621109,,,
20,52109,-0.0451764278113842,,,
20,52114,-0.0419703833758831,,,
20,52119,-0.038913484662771225,,,
20,52124,-0.03655529022216797,,,
20,52129,-0.049659572541713715,,,
20,52134,-0.03878841549158096,,,
20,52139,-0.044285088777542114,,,
20,52144,-0.043463386595249176,,,
20,52149,-0.018530001863837242,,,
20,52154,-0.031375862658023834,,,
20,52159,-0.043344635516405106,,,
20,52164,-0.03831884264945984,,,
20,52169,-0.0498267337679863,,,
20,52174,-0.04065992683172226,,,
20,52179,-0.0394749753177166,,,
20,52184,-0.025934122502803802,,,
20,52189,-0.02998768538236618,,,
20,52194,0.003761710599064827,,,
20,52199,-0.04595364257693291,,,
20,52204,-0.052621349692344666,,,
20,52209,-0.036119893193244934,,,
20,52214,-0.03527998924255371,,,
20,52219,-0.01941767893731594,,,
20,52224,-0.043817855417728424,,,
20,52229,-0.03054182231426239,,,
20,52234,-0.048485614359378815,,,
20,52239,-0.04808438941836357,,,
20,52244,-0.028302133083343506,,,
20,52249,-0.05368043854832649,,,
20,52254,-0.04276739060878754,,,
20,52259,-0.034764256328344345,,,
20,52264,-0.03355715423822403,,,
20,52269,-0.04738486930727959,,,
20,52274,-0.026838356629014015,,,
20,52279,-0.048072461038827896,,,
20,52284,-0.0282976645976305,,,
20,52289,-0.03429669514298439,,,
20,52294,-0.05989552289247513,,,
20,52299,-0.042582087218761444,,,
20,52304,-0.0553729273378849,,,
20,52309,-0.01811319775879383,,,
20,52314,-0.04266417399048805,,,
20,52319,-0.045278776437044144,,,
20,52324,-0.04043438285589218,,,
20,52329,-0.05592036247253418,,,
20,52334,-0.00499474722892046,,,
20,52339,-0.05113949999213219,,,
20,52344,-0.06305040419101715,,,
20,52349,-0.04856675863265991,,,
20,52354,-0.05033346638083458,,,
20,52359,-0.028288310393691063,,,
20,52364,-0.001643856056034565,,,
20,52369,-0.03443176671862602,,,
20,52374,-0.046750593930482864,,,
20,52379,-0.017471596598625183,,,
20,52384,-0.039909522980451584,,,
20,52389,-0.03541470319032669,,,
20,52394,-0.04156218096613884,,,
20,52399,-0.04235522449016571,,,
20,52404,-0.03304215148091316,,,
20,52409,-0.0395401194691658,,,
20,52414,-0.033558234572410583,,,
20,52419,-0.004712899215519428,,,
20,52424,-0.024642184376716614,,,
20,52429,-0.057819779962301254,,,
20,52434,-0.031989213079214096,,,
20,52439,-0.03634962812066078,,,
20,52444,-0.03530317172408104,,,
20,52449,-0.023169688880443573,,,
20,52454,-0.04214148223400116,,,
20,52459,-0.05122654139995575,,,
20,52464,-0.0576152577996254,,,
20,52469,-0.0442882776260376,,,
20,52474,-0.037837401032447815,,,
20,52479,-0.040822189301252365,,,
20,52484,-0.03617043420672417,,,
20,52489,0.0005906317383050919,,,
20,52494,-0.041784919798374176,,,
20,52499,-0.032572295516729355,,,
20,52499,,-0.029733644798398018,0.2913999855518341,0.5860034227371216
21,52504,-0.05085590109229088,,,
21,52509,-0.04001600667834282,,,
21,52514,-0.03071480616927147,,,
21,52519,-0.042720768600702286,,,
21,52524,-0.04441661760210991,,,
21,52529,-0.043608762323856354,,,
21,52534,-0.030363954603672028,,,
21,52539,-0.05516444519162178,,,
21,52544,-0.04146286100149155,,,
21,52549,-0.01878773793578148,,,
21,52554,-0.03701774775981903,,,
21,52559,-0.046194471418857574,,,
21,52564,-0.03836139291524887,,,
21,52569,-0.04582881182432175,,,
21,52574,-0.03848090395331383,,,
21,52579,-0.04487445950508118,,,
21,52584,-0.03948549926280975,,,
21,52589,-0.03513725474476814,,,
21,52594,-0.04423476383090019,,,
21,52599,-0.04647789150476456,,,
21,52604,-0.05135369300842285,,,
21,52609,-0.030546439811587334,,,
21,52614,-0.047935113310813904,,,
21,52619,-0.03657747432589531,,,
21,52624,-0.04504840075969696,,,
21,52629,-0.04515128582715988,,,
21,52634,-0.04425627365708351,,,
21,52639,-0.030318638309836388,,,
21,52644,-0.046969301998615265,,,
21,52649,-0.031505659222602844,,,
21,52654,-0.04358552396297455,,,
21,52659,-0.04144083335995674,,,
21,52664,-0.04401150345802307,,,
21,52669,-0.039829548448324203,,,
21,52674,-0.044354960322380066,,,
21,52679,-0.037150248885154724,,,
21,52684,-0.031617388129234314,,,
21,52689,-0.03512957692146301,,,
21,52694,-0.015005810186266899,,,
21,52699,-0.0401989109814167,,,
21,52704,-0.05382876098155975,,,
21,52709,-0.04229109361767769,,,
21,52714,-0.056137699633836746,,,
21,52719,-0.031141914427280426,,,
21,52724,-0.034410733729600906,,,
21,52729,-0.01718057319521904,,,
21,52734,-0.023537874221801758,,,
21,52739,-0.02856612019240856,,,
21,52744,-0.04354041814804077,,,
21,52749,-0.045336540788412094,,,
21,52754,-0.03909772261977196,,,
21,52759,-0.036693692207336426,,,
21,52764,-0.04472047835588455,,,
21,52769,-0.05638955906033516,,,
21,52774,-0.04673943296074867,,,
21,52779,-0.030093014240264893,,,
21,52784,-0.051516979932785034,,,
21,52789,-0.04797399044036865,,,
21,52794,-0.04819031432271004,,,
21,52799,-0.0485219806432724,,,
21,52804,-0.035553041845560074,,,
21,52809,-0.04339122772216797,,,
21,52814,-0.03762933239340782,,,
21,52819,-0.044065557420253754,,,
21,52824,-0.03540489822626114,,,
21,52829,-0.030669471248984337,,,
21,52834,-0.03200947865843773,,,
21,52839,-0.025360070168972015,,,
21,52844,-0.03387332707643509,,,
21,52849,-0.04577597975730896,,,
21,52854,-0.04101041704416275,,,
21,52859,-0.038721490651369095,,,
21,52864,-0.03440125659108162,,,
21,52869,-0.04790147766470909,,,
21,52874,-0.020351268351078033,,,
21,52879,-0.031896598637104034,,,
21,52884,-0.021434398368000984,,,
21,52889,-0.040614329278469086,,,
21,52894,-0.04780406504869461,,,
21,52899,-0.059199120849370956,,,
21,52904,-0.060549888759851456,,,
21,52909,-0.04036497324705124,,,
21,52914,-0.0342087596654892,,,
21,52919,-0.043101716786623,,,
21,52924,-0.029728921130299568,,,
21,52929,-0.039648592472076416,,,
21,52934,-0.025187712162733078,,,
21,52939,-0.04348679259419441,,,
21,52944,-0.03864455595612526,,,
21,52949,-0.03728644177317619,,,
21,52954,-0.02785119041800499,,,
21,52959,-0.04044884070754051,,,
21,52964,-0.03941754996776581,,,
21,52969,-0.0438033826649189,,,
21,52974,-0.0471910759806633,,,
21,52979,-0.03873639553785324,,,
21,52984,-0.025916537269949913,,,
21,52989,-0.030425256118178368,,,
21,52994,-0.05131888762116432,,,
21,52999,-0.03287123143672943,,,
21,53004,-0.04673350229859352,,,
21,53009,-0.03872784972190857,,,
21,53014,0.0012664636597037315,,,
21,53019,-0.0375431589782238,,,
21,53024,-0.038331396877765656,,,
21,53029,-0.049609582871198654,,,
21,53034,-0.041474055498838425,,,
21,53039,-0.03788651525974274,,,
21,53044,-0.05083587020635605,,,
21,53049,-0.05368873104453087,,,
21,53054,-0.03502378240227699,,,
21,53059,-0.03152376785874367,,,
21,53064,-0.03235610947012901,,,
21,53069,-0.03292902931571007,,,
21,53074,-0.04499617591500282,,,
21,53079,-0.023519348353147507,,,
21,53084,-0.033174529671669006,,,
21,53089,-0.041227422654628754,,,
21,53094,-0.058052949607372284,,,
21,53099,-0.05047883093357086,,,
21,53104,-0.035524919629096985,,,
21,53109,-0.048622749745845795,,,
21,53114,-0.04556940868496895,,,
21,53119,-0.03632281348109245,,,
21,53124,-0.046062443405389786,,,
21,53129,-0.04745369404554367,,,
21,53134,-0.04851523041725159,,,
21,53139,-0.0428462028503418,,,
21,53144,-0.04049310088157654,,,
21,53149,-0.027698859572410583,,,
21,53154,-0.04740886762738228,,,
21,53159,-0.046629808843135834,,,
21,53164,-0.04095829278230667,,,
21,53169,-0.019568901509046555,,,
21,53174,-0.038537781685590744,,,
21,53179,-0.03305276110768318,,,
21,53184,-0.05198105797171593,,,
21,53189,-0.041009485721588135,,,
21,53194,-0.03258559852838516,,,
21,53199,-0.0503833070397377,,,
21,53204,-0.04021124169230461,,,
21,53209,-0.0468684621155262,,,
21,53214,-0.03862939774990082,,,
21,53219,-0.013367148116230965,,,
21,53224,-0.03637105971574783,,,
21,53229,-0.04076031222939491,,,
21,53234,-0.017474517226219177,,,
21,53239,-0.03512705862522125,,,
21,53244,-0.050962869077920914,,,
21,53249,-0.03331247344613075,,,
21,53254,-0.04053989797830582,,,
21,53259,-0.04783397540450096,,,
21,53264,-0.027389872819185257,,,
21,53269,-0.039226025342941284,,,
21,53274,-0.05352545529603958,,,
21,53279,-0.04081597924232483,,,
21,53284,-0.04870859533548355,,,
21,53289,-0.04167625308036804,,,
21,53294,-0.01360485889017582,,,
21,53299,-0.039061471819877625,,,
21,53304,-0.04541822895407677,,,
21,53309,-0.04463290795683861,,,
21,53314,-0.019632719457149506,,,
21,53319,-0.04347691312432289,,,
21,53324,-0.03782203793525696,,,
21,53329,-0.04086460918188095,,,
21,53334,-0.051361750811338425,,,
21,53339,-0.051755353808403015,,,
21,53344,-0.05598444491624832,,,
21,53349,-0.03800233453512192,,,
21,53354,-0.04571634158492088,,,
21,53359,-0.03153034299612045,,,
21,53364,-0.03940959647297859,,,
21,53369,-0.034370504319667816,,,
21,53374,-0.036035750061273575,,,
21,53379,-0.038849733769893646,,,
21,53384,-0.031123464927077293,,,
21,53389,-0.03637603670358658,,,
21,53394,-0.052760083228349686,,,
21,53399,-0.04325226694345474,,,
21,53404,-0.026903575286269188,,,
21,53409,-0.03927529603242874,,,
21,53414,-0.03739852458238602,,,
21,53419,-0.029688261449337006,,,
21,53424,-0.05628737062215805,,,
21,53429,-0.04041878506541252,,,
21,53434,-0.04674462974071503,,,
21,53439,-0.03811483830213547,,,
21,53444,-0.039290059357881546,,,
21,53449,-0.05525393411517143,,,
21,53454,-0.03797508031129837,,,
21,53459,-0.03847205266356468,,,
21,53464,-0.029421065002679825,,,
21,53469,-0.039132025092840195,,,
21,53474,-0.04284350201487541,,,
21,53479,-0.009431513957679272,,,
21,53484,-0.04683200269937515,,,
21,53489,-0.039493121206760406,,,
21,53494,-0.016251154243946075,,,
21,53499,-0.04372498765587807,,,
21,53504,-0.03289445862174034,,,
21,53509,-0.017057208344340324,,,
21,53514,-0.03046947903931141,,,
21,53519,-0.054569341242313385,,,
21,53524,-0.017834823578596115,,,
21,53529,-0.04162514582276344,,,
21,53534,-0.042002953588962555,,,
21,53539,-0.021483248099684715,,,
21,53544,-0.03246832266449928,,,
21,53549,-0.015431657433509827,,,
21,53554,-0.0506587028503418,,,
21,53559,-0.04873116314411163,,,
21,53564,-0.02287723682820797,,,
21,53569,-0.011631907895207405,,,
21,53574,-0.0495714470744133,,,
21,53579,-0.05297186225652695,,,
21,53584,-0.0415734127163887,,,
21,53589,-0.03536132723093033,,,
21,53594,-0.036725107580423355,,,
21,53599,-0.047412559390068054,,,
21,53604,-0.0417560413479805,,,
21,53609,-0.02321544475853443,,,
21,53614,-0.042626455426216125,,,
21,53619,-0.03867829591035843,,,
21,53624,-0.034233249723911285,,,
21,53629,-0.033722054213285446,,,
21,53634,-0.024713503196835518,,,
21,53639,-0.047206562012434006,,,
21,53644,-0.019066935405135155,,,
21,53649,-0.035938724875450134,,,
21,53654,-0.031168218702077866,,,
21,53659,-0.02222786471247673,,,
21,53664,-0.03863104432821274,,,
21,53669,-0.05358123779296875,,,
21,53674,-0.042243681848049164,,,
21,53679,-0.022403640672564507,,,
21,53684,-0.035779647529125214,,,
21,53689,-0.028007982298731804,,,
21,53694,-0.04067746549844742,,,
21,53699,-0.03595731779932976,,,
21,53704,-0.042539797723293304,,,
21,53709,-0.04534228891134262,,,
21,53714,-0.03249099850654602,,,
21,53719,-0.043250054121017456,,,
21,53724,-0.04274965077638626,,,
21,53729,-0.005176813341677189,,,
21,53734,-0.016720589250326157,,,
21,53739,-0.03382040560245514,,,
21,53744,-0.02899097464978695,,,
21,53749,-0.050833672285079956,,,
21,53754,-0.04678285866975784,,,
21,53759,-0.04776529222726822,,,
21,53764,-0.03254113346338272,,,
21,53769,-0.03706899285316467,,,
21,53774,-0.040022362023591995,,,
21,53779,-0.04297998175024986,,,
21,53784,-0.04099947586655617,,,
21,53789,-0.055746398866176605,,,
21,53794,-0.0491381473839283,,,
21,53799,-0.034803975373506546,,,
21,53804,-0.04013650119304657,,,
21,53809,-0.036538638174533844,,,
21,53814,-0.031871333718299866,,,
21,53819,-0.050393301993608475,,,
21,53824,-0.029685042798519135,,,
21,53829,-0.04208654165267944,,,
21,53834,-0.05491403490304947,,,
21,53839,-0.032270677387714386,,,
21,53844,-0.04436085373163223,,,
21,53849,-0.028305865824222565,,,
21,53854,-0.03619122505187988,,,
21,53859,-0.03794980049133301,,,
21,53864,-0.05017615854740143,,,
21,53869,-0.03255220875144005,,,
21,53874,-0.028480617329478264,,,
21,53879,-0.05085182934999466,,,
21,53884,-0.05690969526767731,,,
21,53889,-0.04275529831647873,,,
21,53894,-0.03316708654165268,,,
21,53899,-0.043926987797021866,,,
21,53904,-0.04373585432767868,,,
21,53909,-0.027453377842903137,,,
21,53914,-0.040344420820474625,,,
21,53919,-0.020674580708146095,,,
21,53924,-0.03431296348571777,,,
21,53929,-0.01920553296804428,,,
21,53934,-0.03504450246691704,,,
21,53939,-0.035519808530807495,,,
21,53944,-0.04167503863573074,,,
21,53949,-0.03788689523935318,,,
21,53954,-0.030421074479818344,,,
21,53959,-0.05237460136413574,,,
21,53964,-0.04122329130768776,,,
21,53969,-0.044584713876247406,,,
21,53974,-0.0180639810860157,,,
21,53979,-0.05494402348995209,,,
21,53984,-0.028969522565603256,,,
21,53989,-0.03876468539237976,,,
21,53994,-0.03376859053969383,,,
21,53999,-0.039478641003370285,,,
21,54004,-0.04056161642074585,,,
21,54009,-0.030236098915338516,,,
21,54014,-0.04853583499789238,,,
21,54019,-0.03211931884288788,,,
21,54024,-0.020082753151655197,,,
21,54029,-0.020689699798822403,,,
21,54034,-0.04687449336051941,,,
21,54039,-0.04886949062347412,,,
21,54044,-0.04404217377305031,,,
21,54049,-0.03525321185588837,,,
21,54054,-0.03687720745801926,,,
21,54059,-0.02855234593153,,,
21,54064,-0.028302792459726334,,,
21,54069,-0.05511436238884926,,,
21,54074,-0.04496190324425697,,,
21,54079,-0.029926802963018417,,,
21,54084,-0.05924165993928909,,,
21,54089,-0.04761718958616257,,,
21,54094,-0.030880659818649292,,,
21,54099,-0.032770153135061264,,,
21,54104,-0.04153771698474884,,,
21,54109,-0.04098251834511757,,,
21,54114,-0.026814477518200874,,,
21,54119,-0.03583123907446861,,,
21,54124,-0.06041630730032921,,,
21,54129,-0.0671548917889595,,,
21,54134,-0.0538085512816906,,,
21,54139,-0.032343797385692596,,,
21,54144,-0.05115090683102608,,,
21,54149,-0.012733541429042816,,,
21,54154,-0.059067919850349426,,,
21,54159,-0.040956705808639526,,,
21,54164,-0.039664123207330704,,,
21,54169,-0.04947450011968613,,,
21,54174,-0.037239525467157364,,,
21,54179,-0.053460076451301575,,,
21,54184,-0.03783121332526207,,,
21,54189,-0.06093486770987511,,,
21,54194,-0.026821255683898926,,,
21,54199,-0.042107269167900085,,,
21,54204,-0.027428576722741127,,,
21,54209,-0.026902969926595688,,,
21,54214,-0.027921192348003387,,,
21,54219,-0.0013008457608520985,,,
21,54224,-0.058058515191078186,,,
21,54229,-0.02764580398797989,,,
21,54234,-0.05586988851428032,,,
21,54239,-0.030949758365750313,,,
21,54244,-0.04056863114237785,,,
21,54249,-0.018306445330381393,,,
21,54254,-0.034291304647922516,,,
21,54259,-0.043724216520786285,,,
21,54264,-0.04251996427774429,,,
21,54269,-0.032055385410785675,,,
21,54274,-0.05841629207134247,,,
21,54279,-0.03755094110965729,,,
21,54284,-0.054722368717193604,,,
21,54289,-0.033693209290504456,,,
21,54294,-0.0248698852956295,,,
21,54299,-0.038716770708560944,,,
21,54304,-0.04443268105387688,,,
21,54309,-0.046674665063619614,,,
21,54314,-0.02382689341902733,,,
21,54319,-0.051153115928173065,,,
21,54324,-0.04751279577612877,,,
21,54329,-0.06030150502920151,,,
21,54334,-0.04387281835079193,,,
21,54339,-0.040874745696783066,,,
21,54344,-0.046082787215709686,,,
21,54349,-0.02440047264099121,,,
21,54354,-0.04029843583703041,,,
21,54359,-0.033619996160268784,,,
21,54364,-0.03515748307108879,,,
21,54369,-0.05750017985701561,,,
21,54374,-0.015810731798410416,,,
21,54379,-0.031509336084127426,,,
21,54384,-0.03861861675977707,,,
21,54389,-0.03794233128428459,,,
21,54394,-0.02908114716410637,,,
21,54399,-0.024288849905133247,,,
21,54404,-0.03322317823767662,,,
21,54409,-0.0255226232111454,,,
21,54414,-0.05285186320543289,,,
21,54419,-0.03843774273991585,,,
21,54424,-0.04898235574364662,,,
21,54429,-0.031065186485648155,,,
21,54434,-0.043649911880493164,,,
21,54439,-0.04632668197154999,,,
21,54444,-0.012515074573457241,,,
21,54449,-0.04377683252096176,,,
21,54454,-0.026187874376773834,,,
21,54459,-0.04551158845424652,,,
21,54464,-0.043322741985321045,,,
21,54469,-0.05339907109737396,,,
21,54474,-0.030862892046570778,,,
21,54479,-0.05163046717643738,,,
21,54484,-0.02629854902625084,,,
21,54489,-0.018114563077688217,,,
21,54494,-0.052028555423021317,,,
21,54499,-0.043470319360494614,,,
21,54504,-0.05071233958005905,,,
21,54509,-0.031148292124271393,,,
21,54514,-0.03202170133590698,,,
21,54519,-0.044611163437366486,,,
21,54524,-0.04581107944250107,,,
21,54529,-0.03886062651872635,,,
21,54534,-0.04626408591866493,,,
21,54539,-0.04041995853185654,,,
21,54544,-0.05178258568048477,,,
21,54549,-0.020937733352184296,,,
21,54554,-0.05974120646715164,,,
21,54559,-0.04429472237825394,,,
21,54564,-0.02348596602678299,,,
21,54569,-0.02381078153848648,,,
21,54574,-0.039477117359638214,,,
21,54579,-0.04080389812588692,,,
21,54584,-0.0259723961353302,,,
21,54589,-0.03623196855187416,,,
21,54594,-0.023975590243935585,,,
21,54599,-0.03814252093434334,,,
21,54604,-0.05683515965938568,,,
21,54609,-0.04874921590089798,,,
21,54614,-0.018946809694170952,,,
21,54619,-0.046013008803129196,,,
21,54624,-0.05176461115479469,,,
21,54629,-0.051540348678827286,,,
21,54634,-0.049008555710315704,,,
21,54639,-0.04477652534842491,,,
21,54644,-0.039703961461782455,,,
21,54649,-0.04323263466358185,,,
21,54654,-0.031310245394706726,,,
21,54659,-0.03224532678723335,,,
21,54664,-0.03966347873210907,,,
21,54669,-0.03004850260913372,,,
21,54674,-0.038691118359565735,,,
21,54679,-0.03682897984981537,,,
21,54684,-0.038505975157022476,,,
21,54689,-0.03318074718117714,,,
21,54694,-0.040820807218551636,,,
21,54699,-0.01986807771027088,,,
21,54704,-0.04086693748831749,,,
21,54709,-0.04312245547771454,,,
21,54714,-0.04986036196351051,,,
21,54719,-0.04197792708873749,,,
21,54724,-0.0385604128241539,,,
21,54729,-0.051526885479688644,,,
21,54734,-0.04825393855571747,,,
21,54739,-0.055389951914548874,,,
21,54744,-0.03508634492754936,,,
21,54749,-0.038666367530822754,,,
21,54754,-0.05193931981921196,,,
21,54759,-0.03389992192387581,,,
21,54764,-0.04393741488456726,,,
21,54769,-0.05819673836231232,,,
21,54774,-0.020118147134780884,,,
21,54779,-0.03726447373628616,,,
21,54784,-0.03003690205514431,,,
21,54789,-0.02316851168870926,,,
21,54794,-0.034878406673669815,,,
21,54799,-0.038387175649404526,,,
21,54804,-0.05247572064399719,,,
21,54809,-0.0417727455496788,,,
21,54814,-0.035810865461826324,,,
21,54819,-0.0285076554864645,,,
21,54824,-0.03635524958372116,,,
21,54829,-0.03532306104898453,,,
21,54834,-0.04584604129195213,,,
21,54839,-0.06261909008026123,,,
21,54844,-0.03767438977956772,,,
21,54849,-0.023054853081703186,,,
21,54854,-0.04221535846590996,,,
21,54859,-0.014692187309265137,,,
21,54864,-0.027210751548409462,,,
21,54869,-0.03687966242432594,,,
21,54874,-0.035221755504608154,,,
21,54879,-0.06661901623010635,,,
21,54884,-0.053305014967918396,,,
21,54889,-0.04888491332530975,,,
21,54894,-0.04296911135315895,,,
21,54899,-0.024945253506302834,,,
21,54904,-0.05825187265872955,,,
21,54909,-0.02638639509677887,,,
21,54914,-0.03813343122601509,,,
21,54919,-0.019505511969327927,,,
21,54924,-0.04766746610403061,,,
21,54929,-0.04284186288714409,,,
21,54934,-0.040375716984272,,,
21,54939,-0.05139315873384476,,,
21,54944,-0.015383035875856876,,,
21,54949,-0.03510594367980957,,,
21,54954,0.009713605046272278,,,
21,54959,-0.04977373406291008,,,
21,54964,-0.035715073347091675,,,
21,54969,-0.0301766749471426,,,
21,54974,-0.038776252418756485,,,
21,54979,-0.043553583323955536,,,
21,54984,-0.032716527581214905,,,
21,54989,-0.04361620172858238,,,
21,54994,-0.04566781222820282,,,
21,54999,-0.03346236050128937,,,
21,54999,,-0.03731754794716835,0.29980000853538513,0.5948109030723572
22,55004,-0.038382820785045624,,,
22,55009,-0.036164291203022,,,
22,55014,-0.03939484432339668,,,
22,55019,-0.029424048960208893,,,
22,55024,-0.042937278747558594,,,
22,55029,-0.05143049359321594,,,
22,55034,-0.046367377042770386,,,
22,55039,-0.03345996513962746,,,
22,55044,-0.050644729286432266,,,
22,55049,-0.042590923607349396,,,
22,55054,-0.03870818018913269,,,
22,55059,-0.030270976945757866,,,
22,55064,-0.03985312581062317,,,
22,55069,-0.03473323583602905,,,
22,55074,-0.031041759997606277,,,
22,55079,-0.04680168628692627,,,
22,55084,-0.03777511045336723,,,
22,55089,-0.028678784146904945,,,
22,55094,-0.04133434593677521,,,
22,55099,-0.01975758746266365,,,
22,55104,-0.04965732619166374,,,
22,55109,-0.05031181871891022,,,
22,55114,-0.04873061180114746,,,
22,55119,-0.022535229101777077,,,
22,55124,-0.03299572318792343,,,
22,55129,-0.03719482570886612,,,
22,55134,-0.05199349671602249,,,
22,55139,-0.025127843022346497,,,
22,55144,-0.04637305438518524,,,
22,55149,-0.03776482492685318,,,
22,55154,-0.044727399945259094,,,
22,55159,-0.024261735379695892,,,
22,55164,-0.04690329730510712,,,
22,55169,-0.04098246619105339,,,
22,55174,-0.050373733043670654,,,
22,55179,-0.04192905128002167,,,
22,55184,-0.033303018659353256,,,
22,55189,-0.02847936749458313,,,
22,55194,-0.03854886814951897,,,
22,55199,-0.048437267541885376,,,
22,55204,-0.036333587020635605,,,
22,55209,-0.03715160861611366,,,
22,55214,-0.038384485989809036,,,
22,55219,-0.04181209206581116,,,
22,55224,-0.04579593986272812,,,
22,55229,-0.038001518696546555,,,
22,55234,-0.034527961164712906,,,
22,55239,-0.030143093317747116,,,
22,55244,-0.04092104732990265,,,
22,55249,-0.0267294030636549,,,
22,55254,-0.050736140459775925,,,
22,55259,-0.03805425390601158,,,
22,55264,-0.012900443747639656,,,
22,55269,-0.04093426465988159,,,
22,55274,-0.04983127489686012,,,
22,55279,-0.031118184328079224,,,
22,55284,-0.029954316094517708,,,
22,55289,-0.03204335644841194,,,
22,55294,-0.0317796990275383,,,
22,55299,-0.033564068377017975,,,
22,55304,-0.0344494953751564,,,
22,55309,-0.043830644339323044,,,
22,55314,-0.021305620670318604,,,
22,55319,-0.048425864428281784,,,
22,55324,-0.05549023300409317,,,
22,55329,-0.043439626693725586,,,
22,55334,-0.026761285960674286,,,
22,55339,-0.04399442300200462,,,
22,55344,-0.02728007175028324,,,
22,55349,-0.012183340266346931,,,
22,55354,-0.0384795181453228,,,
22,55359,-0.03374292328953743,,,
22,55364,-0.043967075645923615,,,
22,55369,-0.0581110417842865,,,
22,55374,-0.04437333345413208,,,
22,55379,-0.04629477113485336,,,
22,55384,-0.04065893962979317,,,
22,55389,-0.045026712119579315,,,
22,55394,-0.06591629236936569,,,
22,55399,-0.029934700578451157,,,
22,55404,-0.04174796864390373,,,
22,55409,-0.045888274908065796,,,
22,55414,-0.03652394190430641,,,
22,55419,-0.03515634313225746,,,
22,55424,-0.04299238696694374,,,
22,55429,-0.03655761107802391,,,
22,55434,-0.048923321068286896,,,
22,55439,-0.046415332704782486,,,
22,55444,-0.05762406438589096,,,
22,55449,-0.032794833183288574,,,
22,55454,-0.03641021251678467,,,
22,55459,-0.04797939956188202,,,
22,55464,-0.05227259173989296,,,
22,55469,-0.05243548005819321,,,
22,55474,-0.04797036945819855,,,
22,55479,-0.042907048016786575,,,
22,55484,-0.03578589856624603,,,
22,55489,-0.028645412996411324,,,
22,55494,-0.03856921195983887,,,
22,55499,-0.03383275121450424,,,
22,55504,-0.03614391013979912,,,
22,55509,-0.05537553131580353,,,
22,55514,-0.028046663850545883,,,
22,55519,-0.044507674872875214,,,
22,55524,-0.037116289138793945,,,
22,55529,-0.024601811543107033,,,
22,55534,-0.004518336616456509,,,
22,55539,-0.030653543770313263,,,
22,55544,-0.04302172362804413,,,
22,55549,-0.037025995552539825,,,
22,55554,-0.0350324809551239,,,
22,55559,-0.04520978778600693,,,
22,55564,-0.046937696635723114,,,
22,55569,-0.04403656721115112,,,
22,55574,-0.01927899941802025,,,
22,55579,-0.04885886609554291,,,
22,55584,-0.028508033603429794,,,
22,55589,-0.04831070452928543,,,
22,55594,-0.007891621440649033,,,
22,55599,-0.041896454989910126,,,
22,55604,-0.0331868939101696,,,
22,55609,-0.031944941729307175,,,
22,55614,-0.04812353476881981,,,
22,55619,-0.009339707903563976,,,
22,55624,-0.044451773166656494,,,
22,55629,-0.03903897479176521,,,
22,55634,-0.0075736092403531075,,,
22,55639,-0.05666925758123398,,,
22,55644,-0.04091651737689972,,,
22,55649,-0.017444688826799393,,,
22,55654,-0.044032417237758636,,,
22,55659,-0.0280515868216753,,,
22,55664,-0.01473376713693142,,,
22,55669,-0.02534438483417034,,,
22,55674,-0.03757496550679207,,,
22,55679,-0.05526697635650635,,,
22,55684,-0.011927715502679348,,,
22,55689,-0.02231939323246479,,,
22,55694,-0.05134044960141182,,,
22,55699,-0.053406089544296265,,,
22,55704,-0.04692859202623367,,,
22,55709,-0.03980756923556328,,,
22,55714,-0.037590667605400085,,,
22,55719,-0.028217075392603874,,,
22,55724,-0.04682311788201332,,,
22,55729,-0.04662992060184479,,,
22,55734,-0.02437835931777954,,,
22,55739,-0.05280536785721779,,,
22,55744,-0.03971152752637863,,,
22,55749,-0.03969203308224678,,,
22,55754,-0.035198651254177094,,,
22,55759,-0.03732237592339516,,,
22,55764,-0.04090360179543495,,,
22,55769,-0.029573708772659302,,,
22,55774,-0.014463873580098152,,,
22,55779,-0.05599403753876686,,,
22,55784,-0.030251912772655487,,,
22,55789,-0.04973556846380234,,,
22,55794,-0.049420371651649475,,,
22,55799,-0.04494466632604599,,,
22,55804,-0.03684024140238762,,,
22,55809,-0.04297968000173569,,,
22,55814,-0.044987548142671585,,,
22,55819,-0.042002856731414795,,,
22,55824,-0.04316359758377075,,,
22,55829,-0.031943269073963165,,,
22,55834,-0.03614664077758789,,,
22,55839,-0.03599720448255539,,,
22,55844,-0.049774859100580215,,,
22,55849,-0.04007692262530327,,,
22,55854,-0.034766145050525665,,,
22,55859,-0.03462684154510498,,,
22,55864,-0.006136133335530758,,,
22,55869,-0.038866717368364334,,,
22,55874,-0.04414120316505432,,,
22,55879,-0.023710425943136215,,,
22,55884,-0.04310871660709381,,,
22,55889,-0.03708914294838905,,,
22,55894,-0.023172160610556602,,,
22,55899,-0.06094730645418167,,,
22,55904,-0.03361793980002403,,,
22,55909,-0.030251160264015198,,,
22,55914,-0.0492367260158062,,,
22,55919,-0.040874190628528595,,,
22,55924,-0.03626386076211929,,,
22,55929,-0.03564411401748657,,,
22,55934,-0.030531706288456917,,,
22,55939,-0.029867328703403473,,,
22,55944,-0.033037975430488586,,,
22,55949,-0.04255089536309242,,,
22,55954,-0.03763246536254883,,,
22,55959,-0.033820126205682755,,,
22,55964,-0.03937126323580742,,,
22,55969,0.0014097616076469421,,,
22,55974,-0.04243210703134537,,,
22,55979,-0.06287946552038193,,,
22,55984,-0.051932550966739655,,,
22,55989,-0.02496360056102276,,,
22,55994,-0.03258689120411873,,,
22,55999,-0.04119986295700073,,,
22,56004,-0.03594315052032471,,,
22,56009,-0.021697144955396652,,,
22,56014,-0.03768027946352959,,,
22,56019,-0.03322947397828102,,,
22,56024,-0.03419648855924606,,,
22,56029,-0.04553132876753807,,,
22,56034,-0.042562372982501984,,,
22,56039,-0.006813515443354845,,,
22,56044,-0.03519449755549431,,,
22,56049,-0.04671092331409454,,,
22,56054,-0.037946417927742004,,,
22,56059,-0.0597669743001461,,,
22,56064,-0.0311529953032732,,,
22,56069,-0.04815373569726944,,,
22,56074,-0.03742089495062828,,,
22,56079,-0.04837628826498985,,,
22,56084,-0.033101025968790054,,,
22,56089,-0.039548639208078384,,,
22,56094,-0.026316646486520767,,,
22,56099,-0.03736207261681557,,,
22,56104,-0.051736436784267426,,,
22,56109,-0.05813126266002655,,,
22,56114,-0.04789958894252777,,,
22,56119,-0.04569953680038452,,,
22,56124,-0.046184685081243515,,,
22,56129,-0.039699215441942215,,,
22,56134,-0.02934436872601509,,,
22,56139,-0.05066804960370064,,,
22,56144,-0.04639559984207153,,,
22,56149,-0.025062458589673042,,,
22,56154,-0.05243171378970146,,,
22,56159,-0.06199779361486435,,,
22,56164,-0.02437455765902996,,,
22,56169,-0.06904695928096771,,,
22,56174,-0.058995816856622696,,,
22,56179,-0.03912080079317093,,,
22,56184,-0.04968826472759247,,,
22,56189,-0.059821613132953644,,,
22,56194,-0.03803133964538574,,,
22,56199,-0.020780567079782486,,,
22,56204,-0.04803669452667236,,,
22,56209,-0.036455363035202026,,,
22,56214,-0.046834547072649,,,
22,56219,-0.04607202485203743,,,
22,56224,-0.041957058012485504,,,
22,56229,-0.029075410217046738,,,
22,56234,-0.041126549243927,,,
22,56239,-0.06388550996780396,,,
22,56244,-0.027560532093048096,,,
22,56249,-0.03593765199184418,,,
22,56254,-0.037573475390672684,,,
22,56259,-0.023169588297605515,,,
22,56264,-0.013094505295157433,,,
22,56269,-0.030391685664653778,,,
22,56274,0.007974684238433838,,,
22,56279,-0.027975499629974365,,,
22,56284,-0.01363456342369318,,,
22,56289,-0.05125344172120094,,,
22,56294,-0.038601815700531006,,,
22,56299,-0.02929683029651642,,,
22,56304,-0.02754203788936138,,,
22,56309,-0.03898807615041733,,,
22,56314,-0.05297347903251648,,,
22,56319,-0.03654416650533676,,,
22,56324,-0.02663257345557213,,,
22,56329,-0.025647129863500595,,,
22,56334,-0.040659889578819275,,,
22,56339,-0.038141198456287384,,,
22,56344,-0.03420405834913254,,,
22,56349,-0.04783996194601059,,,
22,56354,-0.03856205195188522,,,
22,56359,-0.04290207847952843,,,
22,56364,-0.040943700820207596,,,
22,56369,-0.0301373153924942,,,
22,56374,-0.004299694672226906,,,
22,56379,-0.03428999334573746,,,
22,56384,-0.02547963336110115,,,
22,56389,-0.02844126895070076,,,
22,56394,-0.04483168199658394,,,
22,56399,-0.038861215114593506,,,
22,56404,-0.04708758369088173,,,
22,56409,-0.05018293112516403,,,
22,56414,-0.04520007222890854,,,
22,56419,-0.04655570909380913,,,
22,56424,-0.02992561273276806,,,
22,56429,-0.047421205788850784,,,
22,56434,-0.030290808528661728,,,
22,56439,-0.03275880217552185,,,
22,56444,-0.03769218921661377,,,
22,56449,-0.034065455198287964,,,
22,56454,-0.05081676319241524,,,
22,56459,-0.044049061834812164,,,
22,56464,-0.05071786046028137,,,
22,56469,-0.022496704012155533,,,
22,56474,-0.03607843071222305,,,
22,56479,-0.018143627792596817,,,
22,56484,-0.05013624206185341,,,
22,56489,-0.03778751939535141,,,
22,56494,-0.0111822709441185,,,
22,56499,-0.050461433827877045,,,
22,56504,-0.04579572007060051,,,
22,56509,-0.04022032395005226,,,
22,56514,-0.03493119776248932,,,
22,56519,-0.04713112488389015,,,
22,56524,-0.034499216824769974,,,
22,56529,-0.041131749749183655,,,
22,56534,-0.04616858437657356,,,
22,56539,-0.028560344129800797,,,
22,56544,-0.012504509650170803,,,
22,56549,-0.041624680161476135,,,
22,56554,-0.02006244659423828,,,
22,56559,-0.040329042822122574,,,
22,56564,-0.04581929370760918,,,
22,56569,-0.033039987087249756,,,
22,56574,-0.03626296669244766,,,
22,56579,-0.04883647337555885,,,
22,56584,-0.03627033531665802,,,
22,56589,-0.040567103773355484,,,
22,56594,-0.03837510570883751,,,
22,56599,-0.03789293020963669,,,
22,56604,-0.039881736040115356,,,
22,56609,-0.037575863301754,,,
22,56614,-0.02850188873708248,,,
22,56619,-0.05319669470191002,,,
22,56624,-0.043321188539266586,,,
22,56629,-0.04032641276717186,,,
22,56634,-0.02725224569439888,,,
22,56639,-0.039027031511068344,,,
22,56644,-0.05152669548988342,,,
22,56649,-0.040584418922662735,,,
22,56654,-0.035962559282779694,,,
22,56659,-0.030978672206401825,,,
22,56664,-0.04168502986431122,,,
22,56669,-0.04304840415716171,,,
22,56674,-0.035321757197380066,,,
22,56679,-0.04193143546581268,,,
22,56684,-0.03919188678264618,,,
22,56689,-0.020779691636562347,,,
22,56694,-0.044295765459537506,,,
22,56699,-0.030396046116948128,,,
22,56704,-0.03292328119277954,,,
22,56709,-0.05055946111679077,,,
22,56714,-0.037563469260931015,,,
22,56719,-0.04278947040438652,,,
22,56724,-0.04300761967897415,,,
22,56729,-0.03525407239794731,,,
22,56734,-0.04746232181787491,,,
22,56739,-0.040636882185935974,,,
22,56744,-0.044972267001867294,,,
22,56749,-0.039687179028987885,,,
22,56754,-0.04285413399338722,,,
22,56759,-0.031930092722177505,,,
22,56764,-0.019630389288067818,,,
22,56769,-0.03234812989830971,,,
22,56774,-0.03970186039805412,,,
22,56779,-0.04536612331867218,,,
22,56784,-0.046713050454854965,,,
22,56789,-0.04649496078491211,,,
22,56794,-0.020268231630325317,,,
22,56799,-0.02525520510971546,,,
22,56804,-0.04228699207305908,,,
22,56809,-0.037114646285772324,,,
22,56814,-0.026802079752087593,,,
22,56819,-0.03841026499867439,,,
22,56824,-0.03835742920637131,,,
22,56829,-0.03554176166653633,,,
22,56834,-0.019830062985420227,,,
22,56839,-0.012853395193815231,,,
22,56844,-0.048662763088941574,,,
22,56849,-0.053004421293735504,,,
22,56854,-0.04900424927473068,,,
22,56859,-0.06026657670736313,,,
22,56864,-0.051179852336645126,,,
22,56869,-0.034384649246931076,,,
22,56874,-0.0317949540913105,,,
22,56879,-0.020742429420351982,,,
22,56884,-0.04639387130737305,,,
22,56889,-0.032049816101789474,,,
22,56894,-0.02703631855547428,,,
22,56899,-0.023172687739133835,,,
22,56904,-0.051003310829401016,,,
22,56909,-0.04112272709608078,,,
22,56914,-0.04327758029103279,,,
22,56919,-0.054225705564022064,,,
22,56924,-0.04101947695016861,,,
22,56929,-0.030157234519720078,,,
22,56934,-0.04830896481871605,,,
22,56939,-0.0430363304913044,,,
22,56944,-0.04558365046977997,,,
22,56949,-0.04003996402025223,,,
22,56954,-0.03617993742227554,,,
22,56959,-0.029061997309327126,,,
22,56964,-0.038358382880687714,,,
22,56969,-0.033812861889600754,,,
22,56974,-0.04407389461994171,,,
22,56979,-0.05173145979642868,,,
22,56984,-0.029385561123490334,,,
22,56989,-0.04438202455639839,,,
22,56994,-0.04424057900905609,,,
22,56999,-0.0531582236289978,,,
22,57004,-0.04499390721321106,,,
22,57009,-0.040217090398073196,,,
22,57014,-0.02502451278269291,,,
22,57019,-0.026480257511138916,,,
22,57024,-0.03526865318417549,,,
22,57029,-0.031145166605710983,,,
22,57034,-0.057105619460344315,,,
22,57039,-0.05373786762356758,,,
22,57044,-0.031217630952596664,,,
22,57049,-0.03399072214961052,,,
22,57054,-0.02522701397538185,,,
22,57059,-0.06001809239387512,,,
22,57064,-0.04206312075257301,,,
22,57069,-0.02200154960155487,,,
22,57074,-0.024382783100008965,,,
22,57079,-0.052020154893398285,,,
22,57084,-0.04554648697376251,,,
22,57089,-0.04395567625761032,,,
22,57094,-0.044147465378046036,,,
22,57099,-0.045603711158037186,,,
22,57104,-0.03915781527757645,,,
22,57109,-0.04375869408249855,,,
22,57114,-0.02116614580154419,,,
22,57119,-0.050361327826976776,,,
22,57124,-0.01731007918715477,,,
22,57129,-0.03058936446905136,,,
22,57134,-0.033783361315727234,,,
22,57139,-0.03868240863084793,,,
22,57144,-0.028893206268548965,,,
22,57149,-0.04144081100821495,,,
22,57154,-0.05446155369281769,,,
22,57159,-0.033988043665885925,,,
22,57164,-0.054334431886672974,,,
22,57169,-0.035946089774370193,,,
22,57174,-0.03772784397006035,,,
22,57179,-0.035395264625549316,,,
22,57184,-0.03600117191672325,,,
22,57189,-0.049996618181467056,,,
22,57194,-0.03475822135806084,,,
22,57199,-0.05296702682971954,,,
22,57204,-0.022969892248511314,,,
22,57209,-0.04038931429386139,,,
22,57214,-0.04955977201461792,,,
22,57219,-0.02227597124874592,,,
22,57224,-0.03482874855399132,,,
22,57229,-0.03902360424399376,,,
22,57234,-0.03571704402565956,,,
22,57239,-0.057021792978048325,,,
22,57244,-0.022500822320580482,,,
22,57249,-0.04628244787454605,,,
22,57254,-0.02814924716949463,,,
22,57259,-0.04814741015434265,,,
22,57264,-0.0340525358915329,,,
22,57269,-0.04449790343642235,,,
22,57274,-0.030009446665644646,,,
22,57279,-0.03904438391327858,,,
22,57284,-0.03749968856573105,,,
22,57289,-0.04224388673901558,,,
22,57294,-0.03533444553613663,,,
22,57299,-0.052044935524463654,,,
22,57304,-0.06356406956911087,,,
22,57309,-0.05103909596800804,,,
22,57314,-0.02586897648870945,,,
22,57319,-0.0351635217666626,,,
22,57324,-0.05053398013114929,,,
22,57329,-0.04371895268559456,,,
22,57334,-0.050223078578710556,,,
22,57339,-0.0258159376680851,,,
22,57344,-0.05086524039506912,,,
22,57349,-0.05207204446196556,,,
22,57354,-0.03573721647262573,,,
22,57359,-0.03200491517782211,,,
22,57364,-0.033480167388916016,,,
22,57369,-0.03369488939642906,,,
22,57374,-0.0332498736679554,,,
22,57379,-0.02863375097513199,,,
22,57384,-0.05650680139660835,,,
22,57389,-0.045608874410390854,,,
22,57394,-0.03246884047985077,,,
22,57399,-0.033939581364393234,,,
22,57404,-0.050191693007946014,,,
22,57409,-0.034600257873535156,,,
22,57414,-0.0529322549700737,,,
22,57419,-0.04787493124604225,,,
22,57424,-0.03439699113368988,,,
22,57429,-0.039519090205430984,,,
22,57434,-0.02496872842311859,,,
22,57439,-0.04373856633901596,,,
22,57444,-0.03725998476147652,,,
22,57449,-0.04225010424852371,,,
22,57454,-0.03648281842470169,,,
22,57459,-0.03130660578608513,,,
22,57464,-0.04977485537528992,,,
22,57469,-0.03725314140319824,,,
22,57474,-0.031029794365167618,,,
22,57479,-0.047239288687705994,,,
22,57484,-0.055342964828014374,,,
22,57489,-0.03451649844646454,,,
22,57494,-0.05265120789408684,,,
22,57499,-0.010395637713372707,,,
22,57499,,-0.028129998594522476,0.29750001430511475,0.6029096245765686
23,57504,-0.038741160184144974,,,
23,57509,-0.05599712207913399,,,
23,57514,-0.04226711764931679,,,
23,57519,-0.03793742135167122,,,
23,57524,-0.047543130815029144,,,
23,57529,-0.0474642738699913,,,
23,57534,-0.02307859994471073,,,
23,57539,-0.04325124993920326,,,
23,57544,-0.025128616020083427,,,
23,57549,-0.023899564519524574,,,
23,57554,-0.04043478146195412,,,
23,57559,-0.05372774600982666,,,
23,57564,-0.04350645840167999,,,
23,57569,-0.04808816686272621,,,
23,57574,-0.046600308269262314,,,
23,57579,-0.04019487276673317,,,
23,57584,-0.0478980727493763,,,
23,57589,-0.02796030230820179,,,
23,57594,-0.027778103947639465,,,
23,57599,-0.043348364531993866,,,
23,57604,-0.025700794532895088,,,
23,57609,-0.02985142171382904,,,
23,57614,-0.04714694246649742,,,
23,57619,-0.025514231994748116,,,
23,57624,-0.023773904889822006,,,
23,57629,-0.05164669454097748,,,
23,57634,-0.019060727208852768,,,
23,57639,-0.05399187654256821,,,
23,57644,-0.06043437495827675,,,
23,57649,-0.027392970398068428,,,
23,57654,-0.02683393657207489,,,
23,57659,-0.03577965125441551,,,
23,57664,-0.05789157375693321,,,
23,57669,-0.02451116032898426,,,
23,57674,-0.04877752438187599,,,
23,57679,-0.03339345008134842,,,
23,57684,-0.029733916744589806,,,
23,57689,-0.035150326788425446,,,
23,57694,-0.03727859631180763,,,
23,57699,-0.04234008118510246,,,
23,57704,-0.04501914232969284,,,
23,57709,-0.04985109344124794,,,
23,57714,-0.03514934331178665,,,
23,57719,-0.026470566168427467,,,
23,57724,-0.05253716558218002,,,
23,57729,-0.039716850966215134,,,
23,57734,-0.0342116542160511,,,
23,57739,-0.03220697492361069,,,
23,57744,-0.053950946778059006,,,
23,57749,-0.0341072753071785,,,
23,57754,-0.0419100821018219,,,
23,57759,-0.03584965318441391,,,
23,57764,-0.03621610254049301,,,
23,57769,-0.03434080258011818,,,
23,57774,-0.031905412673950195,,,
23,57779,-0.04745723679661751,,,
23,57784,-0.025693479925394058,,,
23,57789,-0.045167624950408936,,,
23,57794,-0.024690868332982063,,,
23,57799,-0.04348980635404587,,,
23,57804,-0.027600102126598358,,,
23,57809,-0.05185622721910477,,,
23,57814,-0.04734237492084503,,,
23,57819,-0.03587961569428444,,,
23,57824,-0.038151346147060394,,,
23,57829,-0.035249341279268265,,,
23,57834,-0.04320944845676422,,,
23,57839,-0.046098727732896805,,,
23,57844,-0.012685162015259266,,,
23,57849,-0.057146430015563965,,,
23,57854,-0.05051102861762047,,,
23,57859,-0.03831613436341286,,,
23,57864,-0.039600107818841934,,,
23,57869,-0.04649753123521805,,,
23,57874,-0.0466720387339592,,,
23,57879,-0.019842479377985,,,
23,57884,-0.0506962351500988,,,
23,57889,-0.03514133021235466,,,
23,57894,-0.036961209028959274,,,
23,57899,-0.0118619529530406,,,
23,57904,-0.034292664378881454,,,
23,57909,-0.03936993330717087,,,
23,57914,-0.03245169296860695,,,
23,57919,-0.0412934273481369,,,
23,57924,-0.04880697652697563,,,
23,57929,-0.021345792338252068,,,
23,57934,-0.028688739985227585,,,
23,57939,-0.03967630863189697,,,
23,57944,-0.049543507397174835,,,
23,57949,-0.03349900245666504,,,
23,57954,-0.020009472966194153,,,
23,57959,-0.04291994124650955,,,
23,57964,-0.043471306562423706,,,
23,57969,-0.040917471051216125,,,
23,57974,-0.047874391078948975,,,
23,57979,-0.052150286734104156,,,
23,57984,-0.05310295149683952,,,
23,57989,-0.03719745948910713,,,
23,57994,-0.028695326298475266,,,
23,57999,-0.03875947371125221,,,
23,58004,-0.01991036906838417,,,
23,58009,-0.04810041934251785,,,
23,58014,-0.04666075110435486,,,
23,58019,-0.038642942905426025,,,
23,58024,-0.036026664078235626,,,
23,58029,-0.036568883806467056,,,
23,58034,-0.04396964982151985,,,
23,58039,-0.03964761272072792,,,
23,58044,-0.03337873890995979,,,
23,58049,-0.03868573531508446,,,
23,58054,-0.030332598835229874,,,
23,58059,-0.014234138652682304,,,
23,58064,-0.045974887907505035,,,
23,58069,-0.05183841660618782,,,
23,58074,-0.03251644968986511,,,
23,58079,-0.01986830309033394,,,
23,58084,-0.042644090950489044,,,
23,58089,-0.01861315593123436,,,
23,58094,-0.029844146221876144,,,
23,58099,-0.024550413712859154,,,
23,58104,-0.039450883865356445,,,
23,58109,-0.04230542853474617,,,
23,58114,-0.04371677339076996,,,
23,58119,-0.01694009080529213,,,
23,58124,-0.0045168837532401085,,,
23,58129,-0.030662279576063156,,,
23,58134,-0.04592716321349144,,,
23,58139,-0.057676561176776886,,,
23,58144,-0.034468647092580795,,,
23,58149,-0.043622937053442,,,
23,58154,-0.05242767184972763,,,
23,58159,-0.02804732322692871,,,
23,58164,-0.026837121695280075,,,
23,58169,-0.047485362738370895,,,
23,58174,-0.04699895530939102,,,
23,58179,-0.042615558952093124,,,
23,58184,-0.040175020694732666,,,
23,58189,-0.027698801830410957,,,
23,58194,-0.034085847437381744,,,
23,58199,-0.038330987095832825,,,
23,58204,-0.028476666659116745,,,
23,58209,-0.040983665734529495,,,
23,58214,-0.03188247233629227,,,
23,58219,-0.03642427176237106,,,
23,58224,-0.03327333554625511,,,
23,58229,-0.05355513095855713,,,
23,58234,-0.04409410431981087,,,
23,58239,-0.05086911469697952,,,
23,58244,-0.03329761326313019,,,
23,58249,-0.03599797934293747,,,
23,58254,-0.04120943695306778,,,
23,58259,-0.04291944578289986,,,
23,58264,-0.02669641748070717,,,
23,58269,-0.0513964518904686,,,
23,58274,-0.05129224807024002,,,
23,58279,-0.034726884216070175,,,
23,58284,-0.04463522136211395,,,
23,58289,-0.052566565573215485,,,
23,58294,-0.03219156339764595,,,
23,58299,-0.04161721467971802,,,
23,58304,-0.03751999884843826,,,
23,58309,-0.03426501154899597,,,
23,58314,-0.03153281286358833,,,
23,58319,-0.04327043145895004,,,
23,58324,-0.055274009704589844,,,
23,58329,-0.05481342971324921,,,
23,58334,-0.030808594077825546,,,
23,58339,-0.017286013811826706,,,
23,58344,-0.012926800176501274,,,
23,58349,-0.03477349504828453,,,
23,58354,-0.026002509519457817,,,
23,58359,-0.03521452471613884,,,
23,58364,-0.01004578173160553,,,
23,58369,-0.02855192869901657,,,
23,58374,-0.0520118847489357,,,
23,58379,-0.049724478274583817,,,
23,58384,-0.05458255484700203,,,
23,58389,-0.06353385746479034,,,
23,58394,-0.028481202200055122,,,
23,58399,-0.03667168319225311,,,
23,58404,-0.009520442225039005,,,
23,58409,-0.03775592893362045,,,
23,58414,-0.04620352387428284,,,
23,58419,-0.031783632934093475,,,
23,58424,-0.04031025990843773,,,
23,58429,-0.03648357838392258,,,
23,58434,-0.031185036525130272,,,
23,58439,-0.04095467925071716,,,
23,58444,-0.039820365607738495,,,
23,58449,-0.04041443020105362,,,
23,58454,-0.024023450911045074,,,
23,58459,-0.04860195890069008,,,
23,58464,-0.048618629574775696,,,
23,58469,-0.02545343153178692,,,
23,58474,-0.0518026240170002,,,
23,58479,-0.051807671785354614,,,
23,58484,-0.029455607756972313,,,
23,58489,-0.045306239277124405,,,
23,58494,-0.0336584635078907,,,
23,58499,-0.04849475622177124,,,
23,58504,-0.048408299684524536,,,
23,58509,-0.028795145452022552,,,
23,58514,-0.024104198440909386,,,
23,58519,-0.03622664883732796,,,
23,58524,-0.050396595150232315,,,
23,58529,-0.04854264855384827,,,
23,58534,-0.052857886999845505,,,
23,58539,-0.026284165680408478,,,
23,58544,-0.03388545662164688,,,
23,58549,-0.031407374888658524,,,
23,58554,-0.03704628348350525,,,
23,58559,-0.03758396580815315,,,
23,58564,-0.02539137192070484,,,
23,58569,-0.054064761847257614,,,
23,58574,-0.04001300409436226,,,
23,58579,-0.04069346562027931,,,
23,58584,-0.03565293923020363,,,
23,58589,-0.04972263425588608,,,
23,58594,-0.03448152542114258,,,
23,58599,-0.03387577086687088,,,
23,58604,-0.0540049709379673,,,
23,58609,-0.023524753749370575,,,
23,58614,-0.043448567390441895,,,
23,58619,-0.037101808935403824,,,
23,58624,-0.035852860659360886,,,
23,58629,-0.04875796288251877,,,
23,58634,-0.0008380047511309385,,,
23,58639,-0.04597622528672218,,,
23,58644,-0.04092523083090782,,,
23,58649,-0.03140325844287872,,,
23,58654,-0.02163308672606945,,,
23,58659,-0.039869993925094604,,,
23,58664,-0.04332464560866356,,,
23,58669,-0.024275541305541992,,,
23,58674,-0.025971993803977966,,,
23,58679,-0.046382658183574677,,,
23,58684,-0.029974738135933876,,,
23,58689,-0.02423514612019062,,,
23,58694,-0.042388759553432465,,,
23,58699,-0.03994816541671753,,,
23,58704,-0.01799192652106285,,,
23,58709,-0.043334200978279114,,,
23,58714,-0.031927440315485,,,
23,58719,-0.037742555141448975,,,
23,58724,-0.0515558235347271,,,
23,58729,-0.028910640627145767,,,
23,58734,-0.0385718010365963,,,
23,58739,-0.03995170444250107,,,
23,58744,-0.027961866930127144,,,
23,58749,-0.040338292717933655,,,
23,58754,-0.0431099534034729,,,
23,58759,-0.04505341500043869,,,
23,58764,-0.04266276955604553,,,
23,58769,-0.03096570074558258,,,
23,58774,-0.03802461549639702,,,
23,58779,-0.04845074936747551,,,
23,58784,-0.037099242210388184,,,
23,58789,-0.028472738340497017,,,
23,58794,-0.03357161954045296,,,
23,58799,-0.055483315140008926,,,
23,58804,-0.039974991232156754,,,
23,58809,-0.04248223081231117,,,
23,58814,-0.013284528627991676,,,
23,58819,-0.04272856190800667,,,
23,58824,-0.04362350329756737,,,
23,58829,-0.03721565380692482,,,
23,58834,-0.033575061708688736,,,
23,58839,-0.04433557391166687,,,
23,58844,-0.03482493758201599,,,
23,58849,-0.035158753395080566,,,
23,58854,-0.035348448902368546,,,
23,58859,-0.04347117617726326,,,
23,58864,-0.035167910158634186,,,
23,58869,-0.04870987311005592,,,
23,58874,-0.03677201271057129,,,
23,58879,-0.04595505818724632,,,
23,58884,-0.030052967369556427,,,
23,58889,-0.040636636316776276,,,
23,58894,-0.0483974926173687,,,
23,58899,-0.046931251883506775,,,
23,58904,-0.04087626561522484,,,
23,58909,-0.043227940797805786,,,
23,58914,-0.05267982557415962,,,
23,58919,-0.048537567257881165,,,
23,58924,-0.04337301477789879,,,
23,58929,-0.03798000514507294,,,
23,58934,-0.040117114782333374,,,
23,58939,-0.02856368012726307,,,
23,58944,-0.03829534724354744,,,
23,58949,-0.039678461849689484,,,
23,58954,-0.03430935740470886,,,
23,58959,-0.043188780546188354,,,
23,58964,-0.0551743283867836,,,
23,58969,-0.04464467614889145,,,
23,58974,-0.0434730127453804,,,
23,58979,-0.04774884134531021,,,
23,58984,-0.03419656306505203,,,
23,58989,-0.02842620387673378,,,
23,58994,-0.03888345882296562,,,
23,58999,-0.04454199969768524,,,
23,59004,-0.034568510949611664,,,
23,59009,-0.03687340393662453,,,
23,59014,-0.04657551273703575,,,
23,59019,-0.04120560362935066,,,
23,59024,-0.04979770630598068,,,
23,59029,-0.03033078834414482,,,
23,59034,-0.03616628423333168,,,
23,59039,-0.03980058431625366,,,
23,59044,-0.02383451536297798,,,
23,59049,-0.029854118824005127,,,
23,59054,-0.05049976333975792,,,
23,59059,-0.03206256031990051,,,
23,59064,-0.03985326364636421,,,
23,59069,-0.024010159075260162,,,
23,59074,-0.034161318093538284,,,
23,59079,-0.04367053508758545,,,
23,59084,-0.028392333537340164,,,
23,59089,-0.022160504013299942,,,
23,59094,0.002002728171646595,,,
23,59099,-0.04331425949931145,,,
23,59104,-0.045489877462387085,,,
23,59109,-0.026499701663851738,,,
23,59114,-0.048590369522571564,,,
23,59119,-0.04740343987941742,,,
23,59124,-0.04311823099851608,,,
23,59129,-0.04513545334339142,,,
23,59134,-0.03537184000015259,,,
23,59139,-0.055646076798439026,,,
23,59144,-0.04402907192707062,,,
23,59149,-0.03761380538344383,,,
23,59154,-0.042474452406167984,,,
23,59159,-0.04425091668963432,,,
23,59164,-0.04827422648668289,,,
23,59169,-0.036760084331035614,,,
23,59174,-0.04724952206015587,,,
23,59179,-0.03054169937968254,,,
23,59184,-0.04209581017494202,,,
23,59189,-0.029667356982827187,,,
23,59194,-0.03798207640647888,,,
23,59199,-0.040342845022678375,,,
23,59204,-0.04148034751415253,,,
23,59209,-0.036023881286382675,,,
23,59214,-0.024417992681264877,,,
23,59219,-0.03561066463589668,,,
23,59224,-0.046736858785152435,,,
23,59229,-0.03274612873792648,,,
23,59234,-0.027468275278806686,,,
23,59239,-0.03255385905504227,,,
23,59244,-0.025899741798639297,,,
23,59249,-0.03737584501504898,,,
23,59254,-0.015304084867238998,,,
23,59259,-0.04457789286971092,,,
23,59264,-0.05829658359289169,,,
23,59269,-0.05141850933432579,,,
23,59274,-0.02696297876536846,,,
23,59279,-0.0498553141951561,,,
23,59284,-0.019534744322299957,,,
23,59289,-0.049441125243902206,,,
23,59294,-0.03139270842075348,,,
23,59299,-0.04621593654155731,,,
23,59304,-0.04474073648452759,,,
23,59309,-0.04304678365588188,,,
23,59314,-0.05028393119573593,,,
23,59319,-0.03465034067630768,,,
23,59324,-0.025487534701824188,,,
23,59329,-0.07270465791225433,,,
23,59334,-0.033226363360881805,,,
23,59339,0.00015122676268219948,,,
23,59344,-0.04519450664520264,,,
23,59349,-0.052289798855781555,,,
23,59354,-0.05056566745042801,,,
23,59359,-0.04421074315905571,,,
23,59364,-0.04829779639840126,,,
23,59369,-0.028785135596990585,,,
23,59374,-0.03181157633662224,,,
23,59379,-0.050903573632240295,,,
23,59384,-0.041295818984508514,,,
23,59389,-0.044440433382987976,,,
23,59394,-0.05987846851348877,,,
23,59399,-0.04286932572722435,,,
23,59404,-0.03824926167726517,,,
23,59409,-0.04351186752319336,,,
23,59414,-0.056247811764478683,,,
23,59419,-0.044331010431051254,,,
23,59424,-0.041410788893699646,,,
23,59429,-0.023871609941124916,,,
23,59434,-0.04151667281985283,,,
23,59439,-0.038966234773397446,,,
23,59444,-0.04445356875658035,,,
23,59449,-0.02070220559835434,,,
23,59454,-0.04773058369755745,,,
23,59459,-0.037039801478385925,,,
23,59464,-0.002072292845696211,,,
23,59469,-0.05151725187897682,,,
23,59474,-0.04276915267109871,,,
23,59479,-0.05464641749858856,,,
23,59484,-0.044535212218761444,,,
23,59489,-0.05239465832710266,,,
23,59494,-0.04479299485683441,,,
23,59499,-0.02603551745414734,,,
23,59504,-0.04461638256907463,,,
23,59509,-0.026165056973695755,,,
23,59514,-0.044344641268253326,,,
23,59519,-0.025522250682115555,,,
23,59524,-0.03551887720823288,,,
23,59529,-0.05390910059213638,,,
23,59534,-0.03838833421468735,,,
23,59539,-0.023587515577673912,,,
23,59544,-0.048720698803663254,,,
23,59549,-0.03836328536272049,,,
23,59554,-0.025862324982881546,,,
23,59559,-0.061935897916555405,,,
23,59564,-0.02718694694340229,,,
23,59569,-0.011181360110640526,,,
23,59574,-0.04898004233837128,,,
23,59579,-0.033514607697725296,,,
23,59584,-0.06071566790342331,,,
23,59589,-0.03161820024251938,,,
23,59594,-0.05257564038038254,,,
23,59599,-0.0184137225151062,,,
23,59604,-0.03889432176947594,,,
23,59609,-0.045971132814884186,,,
23,59614,-0.02996283955872059,,,
23,59619,-0.034378331154584885,,,
23,59624,-0.044848375022411346,,,
23,59629,-0.048649899661540985,,,
23,59634,-0.04585385322570801,,,
23,59639,-0.042018692940473557,,,
23,59644,-0.041337039321660995,,,
23,59649,-0.04012739285826683,,,
23,59654,-0.03350802883505821,,,
23,59659,-0.03829266130924225,,,
23,59664,-0.04860389977693558,,,
23,59669,-0.03995566442608833,,,
23,59674,-0.038076795637607574,,,
23,59679,-0.039342883974313736,,,
23,59684,-0.03654574602842331,,,
23,59689,-0.05530675873160362,,,
23,59694,-0.019143199548125267,,,
23,59699,-0.057809680700302124,,,
23,59704,-0.021302497014403343,,,
23,59709,-0.008520875126123428,,,
23,59714,-0.04336325451731682,,,
23,59719,-0.04062351956963539,,,
23,59724,-0.04058045893907547,,,
23,59729,-0.041675131767988205,,,
23,59734,-0.03925125300884247,,,
23,59739,-0.035973258316516876,,,
23,59744,-0.05555807799100876,,,
23,59749,-0.04395085945725441,,,
23,59754,-0.042442116886377335,,,
23,59759,-0.03726379573345184,,,
23,59764,-0.03552577644586563,,,
23,59769,-0.03876309096813202,,,
23,59774,-0.04445703327655792,,,
23,59779,-0.05940636992454529,,,
23,59784,-0.04118115454912186,,,
23,59789,0.009429935365915298,,,
23,59794,-0.03971279039978981,,,
23,59799,-0.02869672328233719,,,
23,59804,-0.04147416725754738,,,
23,59809,-0.038714077323675156,,,
23,59814,-0.04652533680200577,,,
23,59819,-0.035502370446920395,,,
23,59824,-0.0015483828028663993,,,
23,59829,-0.05119192600250244,,,
23,59834,-0.024991996586322784,,,
23,59839,-0.04690399020910263,,,
23,59844,-0.04693751037120819,,,
23,59849,-0.05265694856643677,,,
23,59854,-0.022441770881414413,,,
23,59859,-0.02137506753206253,,,
23,59864,-0.04175104200839996,,,
23,59869,-0.03600302338600159,,,
23,59874,-0.030464474111795425,,,
23,59879,-0.04213716834783554,,,
23,59884,-0.036677855998277664,,,
23,59889,-0.03268046677112579,,,
23,59894,-0.05802144855260849,,,
23,59899,-0.032478898763656616,,,
23,59904,-0.03658152371644974,,,
23,59909,-0.02362898364663124,,,
23,59914,-0.04060041904449463,,,
23,59919,-0.02904406748712063,,,
23,59924,-0.029525695368647575,,,
23,59929,-0.04080114886164665,,,
23,59934,-0.03895153850317001,,,
23,59939,-0.052081480622291565,,,
23,59944,-0.03989041969180107,,,
23,59949,-0.026154622435569763,,,
23,59954,-0.013789176009595394,,,
23,59959,0.006281297653913498,,,
23,59964,-0.048124540597200394,,,
23,59969,-0.05736091732978821,,,
23,59974,-0.04021655395627022,,,
23,59979,-0.05706760659813881,,,
23,59984,-0.04953848943114281,,,
23,59989,-0.02082999423146248,,,
23,59994,-0.03075505420565605,,,
23,59999,-0.04260983318090439,,,
23,59999,,-0.032550275325775146,0.28949999809265137,0.5886425375938416
24,60004,-0.040417205542325974,,,
24,60009,-0.04841472953557968,,,
24,60014,-0.04674556478857994,,,
24,60019,-0.03759461268782616,,,
24,60024,-0.037904735654592514,,,
24,60029,-0.04661376774311066,,,
24,60034,-0.038894910365343094,,,
24,60039,-0.048693735152482986,,,
24,60044,-0.035039324313402176,,,
24,60049,-0.049614690244197845,,,
24,60054,-0.0553598627448082,,,
24,60059,-0.05186477676033974,,,
24,60064,-0.05375321954488754,,,
24,60069,-0.03455105423927307,,,
24,60074,-0.03140340372920036,,,
24,60079,-0.03967016935348511,,,
24,60084,-0.03281692415475845,,,
24,60089,-0.03204473853111267,,,
24,60094,-0.04890564829111099,,,
24,60099,-0.039193205535411835,,,
24,60104,-0.057699982076883316,,,
24,60109,-0.03175041079521179,,,
24,60114,-0.0321931466460228,,,
24,60119,-0.03897486627101898,,,
24,60124,-0.03697996959090233,,,
24,60129,-0.03696742653846741,,,
24,60134,-0.035570234060287476,,,
24,60139,-0.03179428353905678,,,
24,60144,-0.03822074458003044,,,
24,60149,-0.03440145030617714,,,
24,60154,-0.040111999958753586,,,
24,60159,-0.0408935546875,,,
24,60164,-0.027514340355992317,,,
24,60169,-0.03282487392425537,,,
24,60174,-0.038724035024642944,,,
24,60179,-0.038505684584379196,,,
24,60184,-0.043756622821092606,,,
24,60189,-0.04190745949745178,,,
24,60194,-0.050780221819877625,,,
24,60199,-0.0354430265724659,,,
24,60204,-0.04667644947767258,,,
24,60209,-0.05023248493671417,,,
24,60214,-0.0407571941614151,,,
24,60219,-0.04549938440322876,,,
24,60224,-0.030157867819070816,,,
24,60229,-0.049187999218702316,,,
24,60234,-0.03589706867933273,,,
24,60239,-0.03879758343100548,,,
24,60244,-0.022133735939860344,,,
24,60249,-0.050285689532756805,,,
24,60254,-0.047966986894607544,,,
24,60259,-0.027904612943530083,,,
24,60264,-0.027586612850427628,,,
24,60269,-0.03421514481306076,,,
24,60274,-0.038706980645656586,,,
24,60279,-0.04446527361869812,,,
24,60284,-0.028969423845410347,,,
24,60289,-0.04500606283545494,,,
24,60294,-0.034135933965444565,,,
24,60299,-0.046555377542972565,,,
24,60304,-0.03388502076268196,,,
24,60309,-0.004293089732527733,,,
24,60314,-0.03109690733253956,,,
24,60319,-0.0331493616104126,,,
24,60324,-0.03503596782684326,,,
24,60329,-0.03804049640893936,,,
24,60334,-0.04572971910238266,,,
24,60339,-0.031589075922966,,,
24,60344,-0.01630202680826187,,,
24,60349,-0.022180568426847458,,,
24,60354,-0.03228147327899933,,,
24,60359,-0.03451075404882431,,,
24,60364,-0.033752407878637314,,,
24,60369,-0.026801135390996933,,,
24,60374,-0.054406922310590744,,,
24,60379,-0.05338473245501518,,,
24,60384,-0.041597940027713776,,,
24,60389,-0.038041576743125916,,,
24,60394,-0.04857031628489494,,,
24,60399,-0.04822384566068649,,,
24,60404,-0.048989079892635345,,,
24,60409,-0.04385051503777504,,,
24,60414,-0.04475987330079079,,,
24,60419,-0.055042486637830734,,,
24,60424,-0.048094842582941055,,,
24,60429,-0.04479113221168518,,,
24,60434,-0.0399361215531826,,,
24,60439,-0.020883038640022278,,,
24,60444,-0.034943219274282455,,,
24,60449,-0.045200079679489136,,,
24,60454,-0.046443697065114975,,,
24,60459,-0.048372235149145126,,,
24,60464,-0.03920729085803032,,,
24,60469,-0.03277561813592911,,,
24,60474,-0.03673321008682251,,,
24,60479,-0.03421327471733093,,,
24,60484,-0.05852684751152992,,,
24,60489,-0.03587694838643074,,,
24,60494,-0.03610090911388397,,,
24,60499,-0.03283132612705231,,,
24,60504,-0.037250272929668427,,,
24,60509,-0.056657277047634125,,,
24,60514,-0.03332049772143364,,,
24,60519,-0.024869404733181,,,
24,60524,-0.04603093862533569,,,
24,60529,-0.041076671332120895,,,
24,60534,-0.03188159689307213,,,
24,60539,-0.05529875308275223,,,
24,60544,-0.028725534677505493,,,
24,60549,-0.03598314896225929,,,
24,60554,-0.05758502706885338,,,
24,60559,-0.03391414135694504,,,
24,60564,-0.05326797813177109,,,
24,60569,-0.039968520402908325,,,
24,60574,-0.0479709766805172,,,
24,60579,-0.04562043771147728,,,
24,60584,-0.04769474267959595,,,
24,60589,-0.0428498275578022,,,
24,60594,-0.03855596482753754,,,
24,60599,-0.0372595489025116,,,
24,60604,-0.03380538523197174,,,
24,60609,-0.03394249826669693,,,
24,60614,-0.051360681653022766,,,
24,60619,-0.03201501816511154,,,
24,60624,-0.025126896798610687,,,
24,60629,-0.027858393266797066,,,
24,60634,-0.026910359039902687,,,
24,60639,-0.02517489343881607,,,
24,60644,-0.040531985461711884,,,
24,60649,-0.029490821063518524,,,
24,60654,-0.046326037496328354,,,
24,60659,-0.03719072416424751,,,
24,60664,-0.0518193356692791,,,
24,60669,-0.03981190174818039,,,
24,60674,-0.04260077700018883,,,
24,60679,-0.03232744336128235,,,
24,60684,-0.04291776567697525,,,
24,60689,-0.03353390470147133,,,
24,60694,-0.04971131309866905,,,
24,60699,-0.03047647885978222,,,
24,60704,-0.03942354395985603,,,
24,60709,-0.03422907739877701,,,
24,60714,-0.030307181179523468,,,
24,60719,-0.03192957863211632,,,
24,60724,0.012774812057614326,,,
24,60729,-0.038437217473983765,,,
24,60734,-0.04640621691942215,,,
24,60739,-0.043422870337963104,,,
24,60744,-0.04397621378302574,,,
24,60749,-0.0437256284058094,,,
24,60754,-0.04520873352885246,,,
24,60759,-0.03898514434695244,,,
24,60764,-0.05310611426830292,,,
24,60769,-0.023735204711556435,,,
24,60774,-0.04273088648915291,,,
24,60779,-0.03489632159471512,,,
24,60784,-0.033065274357795715,,,
24,60789,-0.037717077881097794,,,
24,60794,-0.034264881163835526,,,
24,60799,-0.04410548508167267,,,
24,60804,-0.040016911923885345,,,
24,60809,-0.04051312804222107,,,
24,60814,-0.05226033180952072,,,
24,60819,-0.058759741485118866,,,
24,60824,-0.06117984279990196,,,
24,60829,-0.0594397634267807,,,
24,60834,-0.035256996750831604,,,
24,60839,-0.03510367497801781,,,
24,60844,-0.0324772447347641,,,
24,60849,-0.04144582524895668,,,
24,60854,-0.04546140879392624,,,
24,60859,-0.061012208461761475,,,
24,60864,-0.024818267673254013,,,
24,60869,-0.035385727882385254,,,
24,60874,-0.04440053179860115,,,
24,60879,-0.0336739756166935,,,
24,60884,-0.038927510380744934,,,
24,60889,-0.04666434973478317,,,
24,60894,-0.04350246861577034,,,
24,60899,-0.03998424857854843,,,
24,60904,-0.03868965432047844,,,
24,60909,-0.03648972883820534,,,
24,60914,-0.04280772805213928,,,
24,60919,-0.042543962597846985,,,
24,60924,-0.051472488790750504,,,
24,60929,-0.0346856452524662,,,
24,60934,-0.04475710541009903,,,
24,60939,-0.030425161123275757,,,
24,60944,-0.049490801990032196,,,
24,60949,-0.053726453334093094,,,
24,60954,-0.026953579857945442,,,
24,60959,-0.02676195651292801,,,
24,60964,-0.039959318935871124,,,
24,60969,-0.04810180515050888,,,
24,60974,-0.03556704893708229,,,
24,60979,-0.044922806322574615,,,
24,60984,-0.04930324852466583,,,
24,60989,-0.033699650317430496,,,
24,60994,-0.0458403006196022,,,
24,60999,-0.043288953602313995,,,
24,61004,-0.056023284792900085,,,
24,61009,-0.03352724760770798,,,
24,61014,-0.031939614564180374,,,
24,61019,-0.06499988585710526,,,
24,61024,-0.028603725135326385,,,
24,61029,-0.05026260018348694,,,
24,61034,-0.030590450391173363,,,
24,61039,-0.032209016382694244,,,
24,61044,-0.01714533567428589,,,
24,61049,-0.03179900720715523,,,
24,61054,-0.05454070866107941,,,
24,61059,-0.046024251729249954,,,
24,61064,-0.024842603132128716,,,
24,61069,-0.015472574159502983,,,
24,61074,-0.056306563317775726,,,
24,61079,-0.03884259611368179,,,
24,61084,-0.024149149656295776,,,
24,61089,-0.020817847922444344,,,
24,61094,-0.041516050696372986,,,
24,61099,-0.04417557641863823,,,
24,61104,-0.04006137326359749,,,
24,61109,-0.05795975401997566,,,
24,61114,-0.03448385372757912,,,
24,61119,-0.0548839308321476,,,
24,61124,-0.014283871278166771,,,
24,61129,-0.04524410888552666,,,
24,61134,-0.028222454711794853,,,
24,61139,-0.02514023333787918,,,
24,61144,-0.0413428395986557,,,
24,61149,-0.03887574002146721,,,
24,61154,-0.037163715809583664,,,
24,61159,-0.016522740945219994,,,
24,61164,-0.05472985655069351,,,
24,61169,-0.037961747497320175,,,
24,61174,-0.0453760139644146,,,
24,61179,-0.039422206580638885,,,
24,61184,-0.03308074548840523,,,
24,61189,-0.0569939985871315,,,
24,61194,-0.04304923489689827,,,
24,61199,-0.043766312301158905,,,
24,61204,-0.04068148136138916,,,
24,61209,-0.03234194219112396,,,
24,61214,-0.032350778579711914,,,
24,61219,-0.02761411853134632,,,
24,61224,-0.04307975620031357,,,
24,61229,-0.04763446003198624,,,
24,61234,-0.040407948195934296,,,
24,61239,-0.04502388834953308,,,
24,61244,-0.03790906071662903,,,
24,61249,-0.047542814165353775,,,
24,61254,-0.03624315187335014,,,
24,61259,-0.02898564375936985,,,
24,61264,-0.03193400800228119,,,
24,61269,-0.033685024827718735,,,
24,61274,-0.02875886671245098,,,
24,61279,-0.044207409024238586,,,
24,61284,-0.04147026315331459,,,
24,61289,-0.038682568818330765,,,
24,61294,-0.03357594832777977,,,
24,61299,-0.04596317186951637,,,
24,61304,-0.05086230859160423,,,
24,61309,-0.04599013552069664,,,
24,61314,-0.025329332798719406,,,
24,61319,-0.03466339409351349,,,
24,61324,-0.030061719939112663,,,
24,61329,-0.03556037321686745,,,
24,61334,-0.034849125891923904,,,
24,61339,-0.050250016152858734,,,
24,61344,-0.020007068291306496,,,
24,61349,-0.016484811902046204,,,
24,61354,-0.03250965476036072,,,
24,61359,-0.037929460406303406,,,
24,61364,-0.030595066025853157,,,
24,61369,-0.0460311695933342,,,
24,61374,-0.030924107879400253,,,
24,61379,-0.047606319189071655,,,
24,61384,-0.021663641557097435,,,
24,61389,-0.0375506728887558,,,
24,61394,-0.05049420893192291,,,
24,61399,-0.017944898456335068,,,
24,61404,-0.02980024553835392,,,
24,61409,-0.042406003922224045,,,
24,61414,-0.033454276621341705,,,
24,61419,-0.05210961028933525,,,
24,61424,-0.05679640173912048,,,
24,61429,-0.03714347258210182,,,
24,61434,-0.051906660199165344,,,
24,61439,-0.020602121949195862,,,
24,61444,-0.033025212585926056,,,
24,61449,-0.051635485142469406,,,
24,61454,-0.04061347618699074,,,
24,61459,-0.03528408333659172,,,
24,61464,-0.034099988639354706,,,
24,61469,-0.03736358508467674,,,
24,61474,-0.04328671842813492,,,
24,61479,-0.042053382843732834,,,
24,61484,-0.05462973192334175,,,
24,61489,-0.050373539328575134,,,
24,61494,-0.0508907251060009,,,
24,61499,-0.03355918824672699,,,
24,61504,-0.042502809315919876,,,
24,61509,-0.03769014775753021,,,
24,61514,-0.033929672092199326,,,
24,61519,-0.05377453938126564,,,
24,61524,-0.04776138439774513,,,
24,61529,-0.03916766494512558,,,
24,61534,-0.03256477788090706,,,
24,61539,-0.028941906988620758,,,
24,61544,-0.038839541375637054,,,
24,61549,-0.05142540484666824,,,
24,61554,-0.058688290417194366,,,
24,61559,-0.04745607450604439,,,
24,61564,-0.03247256204485893,,,
24,61569,-0.0441950187087059,,,
24,61574,-0.05180533602833748,,,
24,61579,-0.03724527731537819,,,
24,61584,-0.018692288547754288,,,
24,61589,-0.04409249871969223,,,
24,61594,-0.035792961716651917,,,
24,61599,-0.05731544643640518,,,
24,61604,-0.042860716581344604,,,
24,61609,-0.046554192900657654,,,
24,61614,-0.05058076232671738,,,
24,61619,-0.050596147775650024,,,
24,61624,-0.047177474945783615,,,
24,61629,-0.031841009855270386,,,
24,61634,-0.04568948224186897,,,
24,61639,-0.04964097589254379,,,
24,61644,-0.026461640372872353,,,
24,61649,-0.04924480617046356,,,
24,61654,-0.05309819430112839,,,
24,61659,-0.027885686606168747,,,
24,61664,-0.03506225347518921,,,
24,61669,-0.03791036084294319,,,
24,61674,-0.030728425830602646,,,
24,61679,-0.03823664039373398,,,
24,61684,-0.042020801454782486,,,
24,61689,-0.04661780968308449,,,
24,61694,0.04505489766597748,,,
24,61699,-0.03284318745136261,,,
24,61704,-0.042203355580568314,,,
24,61709,-0.024832557886838913,,,
24,61714,-0.04460768401622772,,,
24,61719,-0.04864119365811348,,,
24,61724,-0.03252888098359108,,,
24,61729,-0.021682780236005783,,,
24,61734,-0.053463175892829895,,,
24,61739,-0.031213462352752686,,,
24,61744,-0.03318675979971886,,,
24,61749,-0.03442338854074478,,,
24,61754,-0.05075490102171898,,,
24,61759,-0.024138163775205612,,,
24,61764,-0.05171036347746849,,,
24,61769,-0.05254988372325897,,,
24,61774,-0.023925313726067543,,,
24,61779,-0.029510745778679848,,,
24,61784,-0.05270754545927048,,,
24,61789,-0.04890190064907074,,,
24,61794,-0.028781339526176453,,,
24,61799,-0.03218570351600647,,,
24,61804,-0.060121312737464905,,,
24,61809,-0.032229796051979065,,,
24,61814,-0.05273197218775749,,,
24,61819,-0.044521015137434006,,,
24,61824,-0.017054535448551178,,,
24,61829,-0.04330777749419212,,,
24,61834,-0.043987322598695755,,,
24,61839,-0.027020219713449478,,,
24,61844,-0.051887135952711105,,,
24,61849,-0.06143035367131233,,,
24,61854,-0.03841622918844223,,,
24,61859,-0.04501097649335861,,,
24,61864,-0.05044836178421974,,,
24,61869,-0.03038463182747364,,,
24,61874,-0.036481261253356934,,,
24,61879,-0.022228393703699112,,,
24,61884,-0.03473968431353569,,,
24,61889,-0.03582737222313881,,,
24,61894,-0.0300229974091053,,,
24,61899,-0.03008180484175682,,,
24,61904,-0.006294216029345989,,,
24,61909,-0.02086755260825157,,,
24,61914,-0.050532858818769455,,,
24,61919,-0.058774422854185104,,,
24,61924,-0.03810332715511322,,,
24,61929,-0.052373006939888,,,
24,61934,-0.02668839320540428,,,
24,61939,-0.032038215547800064,,,
24,61944,-0.04030027985572815,,,
24,61949,-0.05332089960575104,,,
24,61954,-0.048482686281204224,,,
24,61959,-0.03609598055481911,,,
24,61964,-0.037641916424036026,,,
24,61969,-0.04474454000592232,,,
24,61974,-0.025754762813448906,,,
24,61979,-0.04777052253484726,,,
24,61984,-0.026582926511764526,,,
24,61989,-0.029247773811221123,,,
24,61994,-0.027006668969988823,,,
24,61999,-0.040446165949106216,,,
24,62004,-0.04612200707197189,,,
24,62009,-0.03032132238149643,,,
24,62014,-0.046039000153541565,,,
24,62019,-0.05901140347123146,,,
24,62024,-0.04336822032928467,,,
24,62029,-0.030837854370474815,,,
24,62034,-0.03493254631757736,,,
24,62039,-0.05009672790765762,,,
24,62044,-0.05449867248535156,,,
24,62049,-0.04119016230106354,,,
24,62054,-0.043047793209552765,,,
24,62059,-0.03221835941076279,,,
24,62064,-0.03865843266248703,,,
24,62069,-0.04018886014819145,,,
24,62074,-0.025064801797270775,,,
24,62079,-0.037649840116500854,,,
24,62084,-0.034914981573820114,,,
24,62089,-0.021718434989452362,,,
24,62094,-0.023718807846307755,,,
24,62099,-0.033118583261966705,,,
24,62104,-0.03127903491258621,,,
24,62109,-0.048238180577754974,,,
24,62114,-0.05203656107187271,,,
24,62119,-0.044553667306900024,,,
24,62124,-0.04458562284708023,,,
24,62129,-0.04770619794726372,,,
24,62134,-0.039823707193136215,,,
24,62139,-0.025095267221331596,,,
24,62144,-0.0352470800280571,,,
24,62149,-0.03907501697540283,,,
24,62154,-0.05394178256392479,,,
24,62159,-0.043094441294670105,,,
24,62164,-0.05492016300559044,,,
24,62169,-0.027748670428991318,,,
24,62174,-0.03982215374708176,,,
24,62179,-0.03581561520695686,,,
24,62184,-0.01862204447388649,,,
24,62189,-0.03574163839221001,,,
24,62194,-0.038295891135931015,,,
24,62199,-0.0427028052508831,,,
24,62204,-0.044955186545848846,,,
24,62209,-0.028962023556232452,,,
24,62214,-0.05883551761507988,,,
24,62219,-0.04345632717013359,,,
24,62224,-0.04608713090419769,,,
24,62229,-0.04206135869026184,,,
24,62234,-0.02372903563082218,,,
24,62239,-0.04333701357245445,,,
24,62244,-0.028818143531680107,,,
24,62249,-0.0410086065530777,,,
24,62254,-0.04113394021987915,,,
24,62259,-0.03957289084792137,,,
24,62264,-0.027240818366408348,,,
24,62269,-0.04374422878026962,,,
24,62274,-0.030612904578447342,,,
24,62279,-0.03710108995437622,,,
24,62284,-0.04005929455161095,,,
24,62289,-0.041845034807920456,,,
24,62294,-0.0510694719851017,,,
24,62299,-0.04452444612979889,,,
24,62304,-0.028226781636476517,,,
24,62309,-0.056150078773498535,,,
24,62314,-0.037595778703689575,,,
24,62319,-0.04251215606927872,,,
24,62324,-0.044272590428590775,,,
24,62329,-0.05947132408618927,,,
24,62334,-0.04299398511648178,,,
24,62339,-0.056020982563495636,,,
24,62344,-0.036640714854002,,,
24,62349,-0.04994742199778557,,,
24,62354,-0.036996882408857346,,,
24,62359,-0.03819148615002632,,,
24,62364,-0.03938848152756691,,,
24,62369,-0.041724793612957,,,
24,62374,-0.04499852657318115,,,
24,62379,-0.04245106130838394,,,
24,62384,-0.040636029094457626,,,
24,62389,-0.02526998706161976,,,
24,62394,-0.023300549015402794,,,
24,62399,-0.029894717037677765,,,
24,62404,-0.025233052670955658,,,
24,62409,-0.029963653534650803,,,
24,62414,-0.043893661350011826,,,
24,62419,-0.056839507073163986,,,
24,62424,-0.053205035626888275,,,
24,62429,-0.03111121617257595,,,
24,62434,-0.03549008443951607,,,
24,62439,-0.01778789982199669,,,
24,62444,-0.03958084061741829,,,
24,62449,-0.045940790325403214,,,
24,62454,-0.02996436506509781,,,
24,62459,-0.04325246065855026,,,
24,62464,-0.043079011142253876,,,
24,62469,-0.042094066739082336,,,
24,62474,-0.03656766191124916,,,
24,62479,-0.026408154517412186,,,
24,62484,-0.049245450645685196,,,
24,62489,-0.034261614084243774,,,
24,62494,-0.04626791551709175,,,
24,62499,-0.025497667491436005,,,
24,62499,,-0.031479913741350174,0.29440000653266907,0.5890670418739319
25,62504,-0.04796809330582619,,,
25,62509,-0.04601707309484482,,,
25,62514,-0.021968036890029907,,,
25,62519,-0.04054265469312668,,,
25,62524,-0.05652579292654991,,,
25,62529,-0.012359349057078362,,,
25,62534,-0.04053755849599838,,,
25,62539,-0.03795362263917923,,,
25,62544,-0.04346515238285065,,,
25,62549,-0.03912007808685303,,,
25,62554,-0.05262228846549988,,,
25,62559,-0.04265977069735527,,,
25,62564,-0.03618174046278,,,
25,62569,-0.028611375018954277,,,
25,62574,-0.04705725610256195,,,
25,62579,-0.022857075557112694,,,
25,62584,-0.029364287853240967,,,
25,62589,-0.033385537564754486,,,
25,62594,-0.02637176588177681,,,
25,62599,-0.04090806841850281,,,
25,62604,-0.04183678328990936,,,
25,62609,-0.048748791217803955,,,
25,62614,-0.03760635852813721,,,
25,62619,-0.03187412768602371,,,
25,62624,-0.04435419663786888,,,
25,62629,-0.040858156979084015,,,
25,62634,-0.027676425874233246,,,
25,62639,-0.04212198406457901,,,
25,62644,-0.038383256644010544,,,
25,62649,-0.022425122559070587,,,
25,62654,-0.0550365224480629,,,
25,62659,-0.03645431250333786,,,
25,62664,-0.038473136723041534,,,
25,62669,-0.041319943964481354,,,
25,62674,-0.041705623269081116,,,
25,62679,-0.03382856026291847,,,
25,62684,-0.04320124536752701,,,
25,62689,-0.034918636083602905,,,
25,62694,-0.0431651808321476,,,
25,62699,-0.02602197788655758,,,
25,62704,-0.046002328395843506,,,
25,62709,-0.02580285631120205,,,
25,62714,-0.02826865017414093,,,
25,62719,-0.027665743604302406,,,
25,62724,-0.02792193740606308,,,
25,62729,-0.03964275121688843,,,
25,62734,-0.0354250967502594,,,
25,62739,-0.035974305123090744,,,
25,62744,-0.043985482305288315,,,
25,62749,-0.051063474267721176,,,
25,62754,-0.037488147616386414,,,
25,62759,-0.028147641569375992,,,
25,62764,-0.03015529364347458,,,
25,62769,-0.037243109196424484,,,
25,62774,-0.04095038026571274,,,
25,62779,-0.05354465916752815,,,
25,62784,-0.022499460726976395,,,
25,62789,-0.030597958713769913,,,
25,62794,-0.046284083276987076,,,
25,62799,-0.02275538444519043,,,
25,62804,-0.046891048550605774,,,
25,62809,-0.05496439337730408,,,
25,62814,-0.03738608956336975,,,
25,62819,-0.04887789115309715,,,
25,62824,-0.038974639028310776,,,
25,62829,-0.049260709434747696,,,
25,62834,-0.030670050531625748,,,
25,62839,-0.05670600384473801,,,
25,62844,-0.038353171199560165,,,
25,62849,-0.045312054455280304,,,
25,62854,-0.03435903042554855,,,
25,62859,-0.03644030541181564,,,
25,62864,-0.03776136413216591,,,
25,62869,-0.026309171691536903,,,
25,62874,-0.04273949936032295,,,
25,62879,-0.010649888776242733,,,
25,62884,-0.06608344614505768,,,
25,62889,-0.029765643179416656,,,
25,62894,-0.048611145466566086,,,
25,62899,-0.04884359985589981,,,
25,62904,-0.04701694846153259,,,
25,62909,-0.0447750985622406,,,
25,62914,-0.04487885907292366,,,
25,62919,-0.03691284731030464,,,
25,62924,-0.04694662615656853,,,
25,62929,-0.04499095678329468,,,
25,62934,-0.039391253143548965,,,
25,62939,-0.04318023473024368,,,
25,62944,-0.034547463059425354,,,
25,62949,-0.03525640442967415,,,
25,62954,-0.03898779675364494,,,
25,62959,-0.044745612889528275,,,
25,62964,-0.02864568866789341,,,
25,62969,-0.0371672697365284,,,
25,62974,-0.02356807515025139,,,
25,62979,-0.041362665593624115,,,
25,62984,-0.012313916347920895,,,
25,62989,-0.032993804663419724,,,
25,62994,-0.06492695957422256,,,
25,62999,-0.05026410520076752,,,
25,63004,-0.015929242596030235,,,
25,63009,-0.029064375907182693,,,
25,63014,-0.04914728179574013,,,
25,63019,-0.0221012681722641,,,
25,63024,-0.03470347449183464,,,
25,63029,-0.05348225310444832,,,
25,63034,-0.050520557910203934,,,
25,63039,-0.06388895958662033,,,
25,63044,-0.04894733428955078,,,
25,63049,-0.018042748793959618,,,
25,63054,-0.04877141863107681,,,
25,63059,-0.032040514051914215,,,
25,63064,-0.01642640307545662,,,
25,63069,-0.029955511912703514,,,
25,63074,-0.035067807883024216,,,
25,63079,-0.03125711902976036,,,
25,63084,-0.012150630354881287,,,
25,63089,-0.05882812291383743,,,
25,63094,-0.03444094955921173,,,
25,63099,-0.048031825572252274,,,
25,63104,-0.05245271325111389,,,
25,63109,-0.014532206580042839,,,
25,63114,-0.030340909957885742,,,
25,63119,-0.0478801354765892,,,
25,63124,-0.04050934314727783,,,
25,63129,-0.05497467890381813,,,
25,63134,-0.04358084872364998,,,
25,63139,-0.04539196565747261,,,
25,63144,-0.018630342558026314,,,
25,63149,-0.04731150344014168,,,
25,63154,-0.04119174927473068,,,
25,63159,-0.015375018119812012,,,
25,63164,-0.016895495355129242,,,
25,63169,-0.05257074534893036,,,
25,63174,-0.03496284410357475,,,
25,63179,-0.04799690842628479,,,
25,63184,-0.031253695487976074,,,
25,63189,-0.04680508002638817,,,
25,63194,-0.027942636981606483,,,
25,63199,-0.04217509180307388,,,
25,63204,-0.026788607239723206,,,
25,63209,-0.01253349706530571,,,
25,63214,-0.04679177328944206,,,
25,63219,-0.03047880530357361,,,
25,63224,-0.04230443760752678,,,
25,63229,-0.052940234541893005,,,
25,63234,-0.04622834175825119,,,
25,63239,-0.038518890738487244,,,
25,63244,-0.046682488173246384,,,
25,63249,-0.04546824470162392,,,
25,63254,-0.03148019313812256,,,
25,63259,-0.03398517146706581,,,
25,63264,-0.0339900478720665,,,
25,63269,-0.038504235446453094,,,
25,63274,-0.05196510627865791,,,
25,63279,-0.0511876717209816,,,
25,63284,-0.03993455320596695,,,
25,63289,-0.05856235325336456,,,
25,63294,-0.04247856140136719,,,
25,63299,-0.04600115120410919,,,
25,63304,-0.023276377469301224,,,
25,63309,-0.03282283619046211,,,
25,63314,-0.024569977074861526,,,
25,63319,-0.028696682304143906,,,
25,63324,-0.04322691634297371,,,
25,63329,-0.041455041617155075,,,
25,63334,-0.02920396253466606,,,
25,63339,-0.0322411023080349,,,
25,63344,-0.04269279167056084,,,
25,63349,-0.03298632428050041,,,
25,63354,-0.04905542731285095,,,
25,63359,-0.02595028653740883,,,
25,63364,-0.02595982700586319,,,
25,63369,-0.0036046747118234634,,,
25,63374,-0.038531605154275894,,,
25,63379,-0.029931051656603813,,,
25,63384,-0.025533488020300865,,,
25,63389,-0.041601333767175674,,,
25,63394,-0.029360974207520485,,,
25,63399,-0.04053404927253723,,,
25,63404,-0.04464652016758919,,,
25,63409,-0.03039337322115898,,,
25,63414,-0.04726568982005119,,,
25,63419,-0.03361968696117401,,,
25,63424,-0.04127868637442589,,,
25,63429,-0.03094111755490303,,,
25,63434,-0.05385219305753708,,,
25,63439,-0.04121294617652893,,,
25,63444,-0.02092808298766613,,,
25,63449,-0.019455965608358383,,,
25,63454,-0.03594404458999634,,,
25,63459,-0.022204935550689697,,,
25,63464,-0.034193456172943115,,,
25,63469,-0.04343750327825546,,,
25,63474,-0.017284024506807327,,,
25,63479,-0.043680690228939056,,,
25,63484,-0.043002381920814514,,,
25,63489,-0.03351756930351257,,,
25,63494,-0.029953239485621452,,,
25,63499,-0.02497318759560585,,,
25,63504,-0.034745942801237106,,,
25,63509,-0.03651667386293411,,,
25,63514,-0.03693607449531555,,,
25,63519,-0.03574182093143463,,,
25,63524,-0.03771040588617325,,,
25,63529,-0.059430185705423355,,,
25,63534,-0.051111556589603424,,,
25,63539,-0.05433335527777672,,,
25,63544,-0.04882529750466347,,,
25,63549,-0.04443957656621933,,,
25,63554,-0.03933199867606163,,,
25,63559,-0.05221118777990341,,,
25,63564,-0.04599200561642647,,,
25,63569,-0.05781751498579979,,,
25,63574,-0.03828387334942818,,,
25,63579,-0.04011353477835655,,,
25,63584,-0.038786839693784714,,,
25,63589,-0.04711037501692772,,,
25,63594,-0.0305674709379673,,,
25,63599,-0.03856224939227104,,,
25,63604,-0.04459309205412865,,,
25,63609,0.0018167565576732159,,,
25,63614,-0.03795502334833145,,,
25,63619,-0.045208826661109924,,,
25,63624,-0.038449615240097046,,,
25,63629,-0.03601808473467827,,,
25,63634,-0.04580490663647652,,,
25,63639,-0.03773247078061104,,,
25,63644,-0.026942696422338486,,,
25,63649,-0.05077839642763138,,,
25,63654,-0.04221859574317932,,,
25,63659,-0.056852031499147415,,,
25,63664,-0.043119341135025024,,,
25,63669,-0.037820491939783096,,,
25,63674,-0.040682949125766754,,,
25,63679,-0.03642277047038078,,,
25,63684,-0.032067686319351196,,,
25,63689,-0.023722682148218155,,,
25,63694,-0.04149257764220238,,,
25,63699,-0.03877175599336624,,,
25,63704,-0.03633592277765274,,,
25,63709,-0.04369006305932999,,,
25,63714,-0.04625708609819412,,,
25,63719,-0.026720380410552025,,,
25,63724,-0.045169129967689514,,,
25,63729,-0.043396223336458206,,,
25,63734,-0.030678987503051758,,,
25,63739,-0.05250859260559082,,,
25,63744,-0.03676460310816765,,,
25,63749,-0.03797445073723793,,,
25,63754,-0.04451654106378555,,,
25,63759,-0.019680572673678398,,,
25,63764,-0.022392304614186287,,,
25,63769,-0.04179779812693596,,,
25,63774,-0.04065673425793648,,,
25,63779,-0.03107861615717411,,,
25,63784,-0.03747498244047165,,,
25,63789,-0.030167073011398315,,,
25,63794,-0.04700003191828728,,,
25,63799,-0.05238380283117294,,,
25,63804,-0.053710274398326874,,,
25,63809,-0.036125391721725464,,,
25,63814,-0.03607829660177231,,,
25,63819,-0.02635912224650383,,,
25,63824,-0.045268937945365906,,,
25,63829,-0.038549162447452545,,,
25,63834,-0.059668995440006256,,,
25,63839,-0.039887793362140656,,,
25,63844,-0.03519158810377121,,,
25,63849,-0.04912673681974411,,,
25,63854,-0.0343189500272274,,,
25,63859,-0.04138972982764244,,,
25,63864,-0.055797360837459564,,,
25,63869,-0.027036163955926895,,,
25,63874,-0.030258147045969963,,,
25,63879,-0.03042442351579666,,,
25,63884,-0.04492149502038956,,,
25,63889,-0.04536368325352669,,,
25,63894,-0.043788958340883255,,,
25,63899,-0.03999922797083855,,,
25,63904,-0.04332901909947395,,,
25,63909,-0.031068775802850723,,,
25,63914,-0.030338726937770844,,,
25,63919,-0.05561178922653198,,,
25,63924,-0.014968573115766048,,,
25,63929,-0.042808324098587036,,,
25,63934,-0.03388897702097893,,,
25,63939,-0.05131053552031517,,,
25,63944,-0.033443134278059006,,,
25,63949,-0.04237016662955284,,,
25,63954,-0.04665356129407883,,,
25,63959,-0.031636662781238556,,,
25,63964,-0.0367719940841198,,,
25,63969,-0.058705464005470276,,,
25,63974,-0.03783255070447922,,,
25,63979,-0.031127402558922768,,,
25,63984,-0.03908915817737579,,,
25,63989,-0.05184081941843033,,,
25,63994,-0.04318135976791382,,,
25,63999,-0.03833046555519104,,,
25,64004,-0.042535290122032166,,,
25,64009,-0.046219147741794586,,,
25,64014,-0.023122603073716164,,,
25,64019,-0.02138466015458107,,,
25,64024,-0.022489087656140327,,,
25,64029,-0.03802669048309326,,,
25,64034,-0.043204519897699356,,,
25,64039,-0.03511662781238556,,,
25,64044,-0.018729981034994125,,,
25,64049,-0.025557806715369225,,,
25,64054,-0.04183558374643326,,,
25,64059,-0.053654007613658905,,,
25,64064,-0.026092514395713806,,,
25,64069,-0.04495278000831604,,,
25,64074,-0.027746805921196938,,,
25,64079,-0.053704120218753815,,,
25,64084,-0.05026152729988098,,,
25,64089,-0.04327470809221268,,,
25,64094,-0.039536893367767334,,,
25,64099,-0.04464229941368103,,,
25,64104,-0.04413989558815956,,,
25,64109,-0.05041458085179329,,,
25,64114,-0.022199703380465508,,,
25,64119,-0.027486341074109077,,,
25,64124,-0.04500041902065277,,,
25,64129,-0.0385856069624424,,,
25,64134,-0.049707088619470596,,,
25,64139,-0.04105507209897041,,,
25,64144,-0.03915104642510414,,,
25,64149,-0.03438465669751167,,,
25,64154,-0.03924426808953285,,,
25,64159,-0.019082985818386078,,,
25,64164,-0.04077499732375145,,,
25,64169,-0.041241422295570374,,,
25,64174,-0.04277094081044197,,,
25,64179,-0.03245268017053604,,,
25,64184,-0.04055891931056976,,,
25,64189,-0.036453478038311005,,,
25,64194,-0.03428037464618683,,,
25,64199,-0.05106133967638016,,,
25,64204,-0.06946162134408951,,,
25,64209,-0.05483958497643471,,,
25,64214,-0.04390651732683182,,,
25,64219,-0.03666938468813896,,,
25,64224,-0.054482072591781616,,,
25,64229,-0.05909000337123871,,,
25,64234,-0.04437033832073212,,,
25,64239,-0.050906628370285034,,,
25,64244,-0.034579113125801086,,,
25,64249,-0.03938472270965576,,,
25,64254,-0.036975547671318054,,,
25,64259,-0.04300539568066597,,,
25,64264,-0.043847352266311646,,,
25,64269,-0.043200165033340454,,,
25,64274,-0.049764689058065414,,,
25,64279,-0.04153300076723099,,,
25,64284,-0.05150395259261131,,,
25,64289,-0.02770761027932167,,,
25,64294,-0.034226756542921066,,,
25,64299,-0.036612194031476974,,,
25,64304,-0.0491449348628521,,,
25,64309,-0.046925876289606094,,,
25,64314,-0.04088093712925911,,,
25,64319,-0.042482733726501465,,,
25,64324,-0.03271014615893364,,,
25,64329,-0.02947654016315937,,,
25,64334,-0.019397331401705742,,,
25,64339,-0.052038419991731644,,,
25,64344,-0.04087039455771446,,,
25,64349,-0.044906407594680786,,,
25,64354,-0.044037386775016785,,,
25,64359,-0.04452747851610184,,,
25,64364,-0.03081841766834259,,,
25,64369,-0.0338125042617321,,,
25,64374,-0.0380997434258461,,,
25,64379,-0.03719191625714302,,,
25,64384,-0.03400714322924614,,,
25,64389,-0.03302542492747307,,,
25,64394,-0.03502463921904564,,,
25,64399,-0.03432345390319824,,,
25,64404,-0.046958643943071365,,,
25,64409,-0.05071546882390976,,,
25,64414,-0.04215170070528984,,,
25,64419,-0.033140286803245544,,,
25,64424,-0.03826187923550606,,,
25,64429,-0.04383784905076027,,,
25,64434,-0.042541731148958206,,,
25,64439,-0.05357703939080238,,,
25,64444,-0.04653184115886688,,,
25,64449,-0.03462906926870346,,,
25,64454,-0.01790311001241207,,,
25,64459,-0.04089171439409256,,,
25,64464,-0.03532968461513519,,,
25,64469,-0.031162865459918976,,,
25,64474,-0.04147640988230705,,,
25,64479,-0.039840683341026306,,,
25,64484,-0.04076654464006424,,,
25,64489,-0.04325990751385689,,,
25,64494,-0.03447529673576355,,,
25,64499,-0.021372713148593903,,,
25,64504,-0.057377975434064865,,,
25,64509,-0.03127945214509964,,,
25,64514,-0.05003729462623596,,,
25,64519,-0.05182129889726639,,,
25,64524,-0.019168322905898094,,,
25,64529,-0.0580328032374382,,,
25,64534,-0.031221088021993637,,,
25,64539,-0.04909485578536987,,,
25,64544,-0.0314350500702858,,,
25,64549,-0.03858809918165207,,,
25,64554,-0.009804628789424896,,,
25,64559,-0.03821270540356636,,,
25,64564,-0.024549946188926697,,,
25,64569,-0.05345974862575531,,,
25,64574,-0.051626887172460556,,,
25,64579,-0.025747627019882202,,,
25,64584,-0.06288173794746399,,,
25,64589,-0.04760916158556938,,,
25,64594,-0.037194058299064636,,,
25,64599,-0.009156533516943455,,,
25,64604,-0.027281373739242554,,,
25,64609,-0.03912053629755974,,,
25,64614,-0.04428547993302345,,,
25,64619,-0.036330025643110275,,,
25,64624,-0.042441703379154205,,,
25,64629,-0.0315156951546669,,,
25,64634,-0.061383116990327835,,,
25,64639,-0.03414495661854744,,,
25,64644,-0.022362641990184784,,,
25,64649,-0.045307330787181854,,,
25,64654,-0.044672753661870956,,,
25,64659,-0.035606469959020615,,,
25,64664,0.0010317428968846798,,,
25,64669,-0.04139314219355583,,,
25,64674,-0.017552796751260757,,,
25,64679,-0.040421146899461746,,,
25,64684,-0.05754094570875168,,,
25,64689,-0.04239746183156967,,,
25,64694,-0.05130154639482498,,,
25,64699,-0.0233817957341671,,,
25,64704,-0.04282280057668686,,,
25,64709,-0.03667575493454933,,,
25,64714,-0.03589390963315964,,,
25,64719,-0.050770148634910583,,,
25,64724,-0.020668640732765198,,,
25,64729,-0.03965180739760399,,,
25,64734,-0.03147544339299202,,,
25,64739,-0.03110692650079727,,,
25,64744,-0.033094216138124466,,,
25,64749,-0.04837896674871445,,,
25,64754,-0.05574260279536247,,,
25,64759,-0.03941583260893822,,,
25,64764,-0.0366332121193409,,,
25,64769,-0.036497749388217926,,,
25,64774,-0.04433863237500191,,,
25,64779,-0.029971450567245483,,,
25,64784,-0.0427442267537117,,,
25,64789,-0.008242838084697723,,,
25,64794,-0.043107666075229645,,,
25,64799,-0.04205780103802681,,,
25,64804,-0.043327149003744125,,,
25,64809,-0.023400772362947464,,,
25,64814,-0.041600704193115234,,,
25,64819,-0.03497563302516937,,,
25,64824,-0.059627074748277664,,,
25,64829,-0.04402162507176399,,,
25,64834,-0.03058672323822975,,,
25,64839,-0.04462040215730667,,,
25,64844,-0.02606765180826187,,,
25,64849,-0.04147069901227951,,,
25,64854,-0.032212693244218826,,,
25,64859,-0.03718862310051918,,,
25,64864,-0.06033974885940552,,,
25,64869,-0.033276695758104324,,,
25,64874,-0.06720302999019623,,,
25,64879,0.01661766692996025,,,
25,64884,-0.042711324989795685,,,
25,64889,-0.0325266495347023,,,
25,64894,-0.02609398029744625,,,
25,64899,-0.045600175857543945,,,
25,64904,-0.03622547537088394,,,
25,64909,-0.04518261179327965,,,
25,64914,-0.045930035412311554,,,
25,64919,-0.05168356001377106,,,
25,64924,-0.04775000736117363,,,
25,64929,-0.03582451492547989,,,
25,64934,-0.04676814004778862,,,
25,64939,-0.03203003853559494,,,
25,64944,-0.03229523450136185,,,
25,64949,-0.02714141644537449,,,
25,64954,-0.034490302205085754,,,
25,64959,-0.04077504575252533,,,
25,64964,-0.025574414059519768,,,
25,64969,-0.04536747187376022,,,
25,64974,-0.03549334034323692,,,
25,64979,-0.04315418750047684,,,
25,64984,-0.036624349653720856,,,
25,64989,-0.03693213313817978,,,
25,64994,-0.025879379361867905,,,
25,64999,-0.014278905466198921,,,
25,64999,,-0.030564462766051292,0.29269999265670776,0.5835238099098206
26,65004,-0.04032200947403908,,,
26,65009,-0.030662864446640015,,,
26,65014,-0.041469939053058624,,,
26,65019,-0.043668027967214584,,,
26,65024,-0.03841797262430191,,,
26,65029,-0.024770095944404602,,,
26,65034,-0.03996527940034866,,,
26,65039,-0.025199338793754578,,,
26,65044,-0.05164062976837158,,,
26,65049,-0.028675252571702003,,,
26,65054,-0.03321737423539162,,,
26,65059,-0.04917888343334198,,,
26,65064,-0.030793532729148865,,,
26,65069,-0.03833897039294243,,,
26,65074,-0.04027647525072098,,,
26,65079,-0.03777004033327103,,,
26,65084,-0.02725479006767273,,,
26,65089,-0.0528402179479599,,,
26,65094,-0.03435086831450462,,,
26,65099,-0.03783947229385376,,,
26,65104,-0.03345043957233429,,,
26,65109,-0.046125948429107666,,,
26,65114,-0.023967882618308067,,,
26,65119,-0.03827497363090515,,,
26,65124,-0.04181855916976929,,,
26,65129,-0.04144049063324928,,,
26,65134,-0.047928810119628906,,,
26,65139,-0.033535175025463104,,,
26,65144,-0.05650671571493149,,,
26,65149,-0.049420423805713654,,,
26,65154,-0.04043290391564369,,,
26,65159,-0.05300142243504524,,,
26,65164,-0.03287690505385399,,,
26,65169,-0.03561975434422493,,,
26,65174,-0.03249085694551468,,,
26,65179,-0.0404222197830677,,,
26,65184,-0.03629935905337334,,,
26,65189,-0.05106428265571594,,,
26,65194,-0.04349594935774803,,,
26,65199,-0.03994937613606453,,,
26,65204,-0.04210924357175827,,,
26,65209,-0.04796125367283821,,,
26,65214,-0.05771136283874512,,,
26,65219,-0.01969718560576439,,,
26,65224,-0.03294706344604492,,,
26,65229,-0.03544830530881882,,,
26,65234,-0.037167515605688095,,,
26,65239,-0.042355503886938095,,,
26,65244,-0.0342610739171505,,,
26,65249,-0.04390665516257286,,,
26,65254,-0.017319703474640846,,,
26,65259,-0.04081885144114494,,,
26,65264,-0.01787804812192917,,,
26,65269,-0.02090727910399437,,,
26,65274,-0.0261291041970253,,,
26,65279,-0.052777085453271866,,,
26,65284,-0.022800523787736893,,,
26,65289,0.0020249872468411922,,,
26,65294,-0.03088121861219406,,,
26,65299,-0.04102499037981033,,,
26,65304,-0.041806384921073914,,,
26,65309,-0.051907338201999664,,,
26,65314,-0.0018307464197278023,,,
26,65319,-0.054652150720357895,,,
26,65324,-0.047004006803035736,,,
26,65329,-0.02972377836704254,,,
26,65334,-0.029839780181646347,,,
26,65339,-0.05946267396211624,,,
26,65344,-0.05350158363580704,,,
26,65349,-0.042746178805828094,,,
26,65354,-0.03362157195806503,,,
26,65359,-0.04384080693125725,,,
26,65364,-0.03515928238630295,,,
26,65369,-0.04539669677615166,,,
26,65374,-0.024430541321635246,,,
26,65379,-0.04537799954414368,,,
26,65384,-0.027363276109099388,,,
26,65389,-0.04214245080947876,,,
26,65394,-0.04303588345646858,,,
26,65399,-0.045198868960142136,,,
26,65404,-0.05218341946601868,,,
26,65409,-0.03185318410396576,,,
26,65414,-0.042751848697662354,,,
26,65419,-0.04736734554171562,,,
26,65424,-0.055542077869176865,,,
26,65429,-0.02656787447631359,,,
26,65434,-0.024686288088560104,,,
26,65439,-0.03570597991347313,,,
26,65444,-0.04465373232960701,,,
26,65449,-0.03646484762430191,,,
26,65454,-0.029986441135406494,,,
26,65459,-0.040875256061553955,,,
26,65464,-0.03627490997314453,,,
26,65469,-0.023347798734903336,,,
26,65474,-0.028190145269036293,,,
26,65479,-0.05112752690911293,,,
26,65484,-0.04130612686276436,,,
26,65489,-0.038898203521966934,,,
26,65494,-0.0522087961435318,,,
26,65499,-0.037558477371931076,,,
26,65504,-0.05454801023006439,,,
26,65509,-0.04958701878786087,,,
26,65514,-0.0472797267138958,,,
26,65519,-0.024502571672201157,,,
26,65524,-0.028309965506196022,,,
26,65529,-0.030940257012844086,,,
26,65534,-0.046804655343294144,,,
26,65539,-0.036967046558856964,,,
26,65544,-0.04072768986225128,,,
26,65549,-0.031146042048931122,,,
26,65554,-0.04557839781045914,,,
26,65559,-0.039031848311424255,,,
26,65564,-0.02382720448076725,,,
26,65569,-0.03379959240555763,,,
26,65574,-0.049973003566265106,,,
26,65579,-0.03108641691505909,,,
26,65584,-0.04559553414583206,,,
26,65589,-0.05144178494811058,,,
26,65594,-0.059210486710071564,,,
26,65599,-0.04637308791279793,,,
26,65604,-0.05231872573494911,,,
26,65609,-0.05094866454601288,,,
26,65614,-0.032825566828250885,,,
26,65619,-0.037522658705711365,,,
26,65624,-0.04614076390862465,,,
26,65629,-0.046815771609544754,,,
26,65634,-0.04454568028450012,,,
26,65639,-0.04165858402848244,,,
26,65644,-0.035225577652454376,,,
26,65649,-0.047137223184108734,,,
26,65654,-0.03500860556960106,,,
26,65659,-0.02406843565404415,,,
26,65664,-0.03537397459149361,,,
26,65669,-0.021151386201381683,,,
26,65674,-0.03487155959010124,,,
26,65679,-0.01668039709329605,,,
26,65684,-0.024730298668146133,,,
26,65689,-0.038952868431806564,,,
26,65694,-0.04488878697156906,,,
26,65699,-0.03563434258103371,,,
26,65704,-0.054072730243206024,,,
26,65709,-0.02906779572367668,,,
26,65714,-0.04070756956934929,,,
26,65719,-0.019138038158416748,,,
26,65724,-0.028705012053251266,,,
26,65729,-0.039169736206531525,,,
26,65734,-0.031524740159511566,,,
26,65739,-0.042048223316669464,,,
26,65744,-0.033336274325847626,,,
26,65749,-0.03474367409944534,,,
26,65754,-0.044072993099689484,,,
26,65759,-0.0340319387614727,,,
26,65764,-0.03406839817762375,,,
26,65769,-0.03593500331044197,,,
26,65774,-0.03043210692703724,,,
26,65779,-0.03657868504524231,,,
26,65784,-0.040210872888565063,,,
26,65789,-0.02118143066763878,,,
26,65794,-0.04340585693717003,,,
26,65799,-0.039347853511571884,,,
26,65804,-0.03708076849579811,,,
26,65809,-0.03187190741300583,,,
26,65814,-0.03153300657868385,,,
26,65819,-0.04593802988529205,,,
26,65824,-0.030462441965937614,,,
26,65829,-0.042993854731321335,,,
26,65834,-0.035132188349962234,,,
26,65839,-0.04545356333255768,,,
26,65844,-0.03901749104261398,,,
26,65849,-0.05784503370523453,,,
26,65854,-0.03586743026971817,,,
26,65859,-0.039828862994909286,,,
26,65864,-0.04333306476473808,,,
26,65869,-0.045383270829916,,,
26,65874,-0.03925120085477829,,,
26,65879,-0.03955383226275444,,,
26,65884,-0.04016875848174095,,,
26,65889,-0.04486696422100067,,,
26,65894,-0.04125770926475525,,,
26,65899,-0.03549819067120552,,,
26,65904,-0.05000708997249603,,,
26,65909,-0.04376336187124252,,,
26,65914,-0.03955798223614693,,,
26,65919,-0.025892358273267746,,,
26,65924,-0.04998636618256569,,,
26,65929,-0.04784221202135086,,,
26,65934,-0.036692190915346146,,,
26,65939,-0.019496195018291473,,,
26,65944,-0.041056763380765915,,,
26,65949,-0.05154292285442352,,,
26,65954,-0.04359405115246773,,,
26,65959,-0.03446649760007858,,,
26,65964,-0.03779793903231621,,,
26,65969,-0.02581385150551796,,,
26,65974,-0.04453505575656891,,,
26,65979,-0.03169243037700653,,,
26,65984,-0.05512700602412224,,,
26,65989,-0.038015216588974,,,
26,65994,-0.04462616890668869,,,
26,65999,-0.028307409957051277,,,
26,66004,-0.03764317184686661,,,
26,66009,-0.05235426127910614,,,
26,66014,-0.03973951190710068,,,
26,66019,-0.03528100252151489,,,
26,66024,-0.04485693946480751,,,
26,66029,-0.019813712686300278,,,
26,66034,0.005794727709144354,,,
26,66039,-0.04210895299911499,,,
26,66044,-0.06672278046607971,,,
26,66049,-0.037963397800922394,,,
26,66054,-0.02976902574300766,,,
26,66059,-0.045137517154216766,,,
26,66064,-0.0381782092154026,,,
26,66069,-0.04568547010421753,,,
26,66074,-0.031265534460544586,,,
26,66079,-0.04180372133851051,,,
26,66084,-0.02120949886739254,,,
26,66089,-0.03868812695145607,,,
26,66094,-0.034674022346735,,,
26,66099,-0.03603902831673622,,,
26,66104,-0.036882009357213974,,,
26,66109,-0.02096591144800186,,,
26,66114,-0.038488999009132385,,,
26,66119,-0.03828179091215134,,,
26,66124,-0.04845735430717468,,,
26,66129,-0.03348416090011597,,,
26,66134,-0.04344170540571213,,,
26,66139,-0.033714473247528076,,,
26,66144,-0.04041115194559097,,,
26,66149,-0.031590092927217484,,,
26,66154,-0.03925999253988266,,,
26,66159,-0.04704943671822548,,,
26,66164,-0.059402696788311005,,,
26,66169,-0.025440027937293053,,,
26,66174,-0.03987986594438553,,,
26,66179,-0.007500802166759968,,,
26,66184,-0.03529683127999306,,,
26,66189,-0.02170484885573387,,,
26,66194,-0.05252537131309509,,,
26,66199,-0.041783176362514496,,,
26,66204,-0.04457699507474899,,,
26,66209,-0.044142331928014755,,,
26,66214,-0.04999440163373947,,,
26,66219,-0.04305084049701691,,,
26,66224,-0.03815560042858124,,,
26,66229,-0.03901644051074982,,,
26,66234,-0.021234486252069473,,,
26,66239,-0.01567438431084156,,,
26,66244,-0.033915452659130096,,,
26,66249,-0.049875304102897644,,,
26,66254,-0.04138053208589554,,,
26,66259,0.003518347628414631,,,
26,66264,-0.02000114694237709,,,
26,66269,-0.052218131721019745,,,
26,66274,-0.04906652867794037,,,
26,66279,-0.050152670592069626,,,
26,66284,-0.03080509603023529,,,
26,66289,-0.040039487183094025,,,
26,66294,-0.04480065405368805,,,
26,66299,-0.04436814412474632,,,
26,66304,-0.03447125107049942,,,
26,66309,-0.03031201846897602,,,
26,66314,-0.034637048840522766,,,
26,66319,-0.042608100920915604,,,
26,66324,-0.023556258529424667,,,
26,66329,-0.029977887868881226,,,
26,66334,-0.03473854064941406,,,
26,66339,-0.020495276898145676,,,
26,66344,-0.04123065620660782,,,
26,66349,-0.03698115050792694,,,
26,66354,-0.04046087712049484,,,
26,66359,-0.03355221450328827,,,
26,66364,-0.035696305334568024,,,
26,66369,-0.037181392312049866,,,
26,66374,-0.029601681977510452,,,
26,66379,-0.051974788308143616,,,
26,66384,-0.05666748061776161,,,
26,66389,-0.02999415062367916,,,
26,66394,-0.03679851442575455,,,
26,66399,-0.04678766056895256,,,
26,66404,-0.05101090297102928,,,
26,66409,-0.046891506761312485,,,
26,66414,-0.023845668882131577,,,
26,66419,-0.038761984556913376,,,
26,66424,-0.05748206004500389,,,
26,66429,-0.04970446601510048,,,
26,66434,-0.04957671836018562,,,
26,66439,-0.049610454589128494,,,
26,66444,-0.04697047173976898,,,
26,66449,-0.034776680171489716,,,
26,66454,-0.04296845197677612,,,
26,66459,-0.030653411522507668,,,
26,66464,-0.027237728238105774,,,
26,66469,-0.0462874136865139,,,
26,66474,-0.030100056901574135,,,
26,66479,-0.03557555377483368,,,
26,66484,-0.04032929241657257,,,
26,66489,-0.02427038736641407,,,
26,66494,-0.030160076916217804,,,
26,66499,-0.03200777247548103,,,
26,66504,-0.037511829286813736,,,
26,66509,-0.01119285449385643,,,
26,66514,-0.054381247609853745,,,
26,66519,-0.044762689620256424,,,
26,66524,-0.04188163951039314,,,
26,66529,-0.045122645795345306,,,
26,66534,-0.028629720211029053,,,
26,66539,-0.05650888755917549,,,
26,66544,-0.052105508744716644,,,
26,66549,-0.03860132768750191,,,
26,66554,-0.0432659275829792,,,
26,66559,-0.05057496950030327,,,
26,66564,-0.023202460259199142,,,
26,66569,-0.050337083637714386,,,
26,66574,-0.04047596454620361,,,
26,66579,-0.0102169718593359,,,
26,66584,-0.0260230153799057,,,
26,66589,-0.013025880791246891,,,
26,66594,-0.04394486919045448,,,
26,66599,-0.04247166961431503,,,
26,66604,-0.036835771054029465,,,
26,66609,-0.04069601744413376,,,
26,66614,-0.05876264348626137,,,
26,66619,-0.03975372761487961,,,
26,66624,-0.03823235258460045,,,
26,66629,-0.0379457101225853,,,
26,66634,-0.048960261046886444,,,
26,66639,-0.05465327948331833,,,
26,66644,-0.019684618338942528,,,
26,66649,-0.029623277485370636,,,
26,66654,-0.05375700443983078,,,
26,66659,-0.041324228048324585,,,
26,66664,-0.02059542015194893,,,
26,66669,-0.051503874361515045,,,
26,66674,-0.058055270463228226,,,
26,66679,-0.04250452667474747,,,
26,66684,-0.026730280369520187,,,
26,66689,-0.04229908064007759,,,
26,66694,-0.030844252556562424,,,
26,66699,-0.057188160717487335,,,
26,66704,-0.035274479538202286,,,
26,66709,-0.046837352216243744,,,
26,66714,-0.021099835634231567,,,
26,66719,-0.03453410044312477,,,
26,66724,-0.05328445881605148,,,
26,66729,-0.030238475650548935,,,
26,66734,-0.04336666315793991,,,
26,66739,-0.031066231429576874,,,
26,66744,-0.03093961626291275,,,
26,66749,-0.03704863786697388,,,
26,66754,-0.04339396581053734,,,
26,66759,-0.0498434454202652,,,
26,66764,-0.029037892818450928,,,
26,66769,-0.048213500529527664,,,
26,66774,-0.04250939190387726,,,
26,66779,-0.026723947376012802,,,
26,66784,-0.02229234389960766,,,
26,66789,-0.05181006342172623,,,
26,66794,-0.03678575158119202,,,
26,66799,-0.04350364953279495,,,
26,66804,-0.05469560995697975,,,
26,66809,-0.038877226412296295,,,
26,66814,-0.03643454983830452,,,
26,66819,-0.031334418803453445,,,
26,66824,-0.02494196593761444,,,
26,66829,-0.044754792004823685,,,
26,66834,-0.03053317219018936,,,
26,66839,-0.0321112796664238,,,
26,66844,-0.030116576701402664,,,
26,66849,-0.05514765903353691,,,
26,66854,-0.04635835811495781,,,
26,66859,-0.038469839841127396,,,
26,66864,-0.03649643063545227,,,
26,66869,-0.04798227176070213,,,
26,66874,-0.05251544713973999,,,
26,66879,-0.04042844846844673,,,
26,66884,-0.020816948264837265,,,
26,66889,-0.03946162760257721,,,
26,66894,-0.033258792012929916,,,
26,66899,-0.03560569882392883,,,
26,66904,-0.05274695158004761,,,
26,66909,-0.01438607182353735,,,
26,66914,-0.051897451281547546,,,
26,66919,-0.03051145002245903,,,
26,66924,-0.020298857241868973,,,
26,66929,-0.03426025062799454,,,
26,66934,-0.027394641190767288,,,
26,66939,-0.032136011868715286,,,
26,66944,-0.01702781580388546,,,
26,66949,-0.04254705458879471,,,
26,66954,-0.04182258993387222,,,
26,66959,-0.04794427379965782,,,
26,66964,-0.04635608196258545,,,
26,66969,-0.05036327242851257,,,
26,66974,-0.0253470279276371,,,
26,66979,-0.051557790488004684,,,
26,66984,-0.03572050854563713,,,
26,66989,-0.032744456082582474,,,
26,66994,-0.030050812289118767,,,
26,66999,-0.013119757175445557,,,
26,67004,-0.03378983587026596,,,
26,67009,-0.05993451550602913,,,
26,67014,-0.040031492710113525,,,
26,67019,-0.036446720361709595,,,
26,67024,-0.03999721258878708,,,
26,67029,-0.03246283531188965,,,
26,67034,-0.04246026650071144,,,
26,67039,-0.04475259780883789,,,
26,67044,-0.03542512655258179,,,
26,67049,-0.03860372677445412,,,
26,67054,-0.04155714064836502,,,
26,67059,-0.034762974828481674,,,
26,67064,-0.004072163719683886,,,
26,67069,-0.043988365679979324,,,
26,67074,-0.0480249859392643,,,
26,67079,-0.03643079847097397,,,
26,67084,-0.03794700279831886,,,
26,67089,-0.022878969088196754,,,
26,67094,-0.030051618814468384,,,
26,67099,-0.03432808816432953,,,
26,67104,-0.045417800545692444,,,
26,67109,-0.0462300069630146,,,
26,67114,-0.029863722622394562,,,
26,67119,-0.03008170798420906,,,
26,67124,-0.01249776966869831,,,
26,67129,-0.0356002114713192,,,
26,67134,-0.03445541486144066,,,
26,67139,-0.04510791227221489,,,
26,67144,-0.03355095162987709,,,
26,67149,-0.046603091061115265,,,
26,67154,-0.052139878273010254,,,
26,67159,-0.04005804657936096,,,
26,67164,-0.02902182936668396,,,
26,67169,-0.03563917428255081,,,
26,67174,-0.030679216608405113,,,
26,67179,-0.04514875262975693,,,
26,67184,-0.04470808058977127,,,
26,67189,-0.031237836927175522,,,
26,67194,-0.056433819234371185,,,
26,67199,-0.02811330184340477,,,
26,67204,0.0030615171417593956,,,
26,67209,-0.05878963693976402,,,
26,67214,-0.04920158535242081,,,
26,67219,-0.04013044014573097,,,
26,67224,-0.04198788106441498,,,
26,67229,-0.03590202331542969,,,
26,67234,-0.030001146718859673,,,
26,67239,-0.02780095487833023,,,
26,67244,-0.02661382406949997,,,
26,67249,-0.045537613332271576,,,
26,67254,-0.05423592031002045,,,
26,67259,-0.058324649930000305,,,
26,67264,-0.041232362389564514,,,
26,67269,-0.05243593081831932,,,
26,67274,-0.02963986247777939,,,
26,67279,-0.02441985346376896,,,
26,67284,-0.02285776101052761,,,
26,67289,-0.03349696472287178,,,
26,67294,-0.041019782423973083,,,
26,67299,-0.026523640379309654,,,
26,67304,-0.04152817279100418,,,
26,67309,-0.05809894949197769,,,
26,67314,-0.042055994272232056,,,
26,67319,-0.032136525958776474,,,
26,67324,-0.01829526200890541,,,
26,67329,-0.041444331407547,,,
26,67334,-0.02239605411887169,,,
26,67339,-0.02784588374197483,,,
26,67344,-0.031222037971019745,,,
26,67349,-0.027232658118009567,,,
26,67354,-0.04082907736301422,,,
26,67359,-0.045860376209020615,,,
26,67364,-0.06095701828598976,,,
26,67369,-0.03816230595111847,,,
26,67374,-0.04965578019618988,,,
26,67379,-0.026391981169581413,,,
26,67384,-0.03286846727132797,,,
26,67389,-0.039672985672950745,,,
26,67394,-0.05270271748304367,,,
26,67399,-0.04846568778157234,,,
26,67404,-0.04876204952597618,,,
26,67409,-0.012361336499452591,,,
26,67414,-0.04268050938844681,,,
26,67419,-0.05959497392177582,,,
26,67424,-0.05353046953678131,,,
26,67429,-0.04440067708492279,,,
26,67434,-0.05528586730360985,,,
26,67439,-0.04757054150104523,,,
26,67444,-0.026174483820796013,,,
26,67449,-0.02247486636042595,,,
26,67454,-0.03633791208267212,,,
26,67459,-0.03887159749865532,,,
26,67464,-0.026846766471862793,,,
26,67469,-0.03700005263090134,,,
26,67474,-0.04044025018811226,,,
26,67479,-0.051678113639354706,,,
26,67484,-0.0453261099755764,,,
26,67489,-0.041038282215595245,,,
26,67494,-0.039875611662864685,,,
26,67499,-0.03298461437225342,,,
26,67499,,-0.0316784642636776,0.28630000352859497,0.5819793939590454
27,67504,-0.044122546911239624,,,
27,67509,-0.05105826258659363,,,
27,67514,-0.04789489507675171,,,
27,67519,-0.036438729614019394,,,
27,67524,-0.03438274934887886,,,
27,67529,-0.038069140166044235,,,
27,67534,-0.03948777914047241,,,
27,67539,-0.06105435639619827,,,
27,67544,-0.036631662398576736,,,
27,67549,-0.0333830751478672,,,
27,67554,-0.029709812253713608,,,
27,67559,-0.027609441429376602,,,
27,67564,-0.04374971613287926,,,
27,67569,-0.04657142609357834,,,
27,67574,-0.01921004429459572,,,
27,67579,-0.03734571859240532,,,
27,67584,-0.04194353148341179,,,
27,67589,-0.033528730273246765,,,
27,67594,-0.0427975133061409,,,
27,67599,-0.029440514743328094,,,
27,67604,-0.03393184766173363,,,
27,67609,-0.038783520460128784,,,
27,67614,-0.028505288064479828,,,
27,67619,-0.04120371490716934,,,
27,67624,-0.038435131311416626,,,
27,67629,-0.028981925919651985,,,
27,67634,-0.009552291594445705,,,
27,67639,-0.05397360026836395,,,
27,67644,-0.027254434302449226,,,
27,67649,-0.033209215849637985,,,
27,67654,-0.04651586711406708,,,
27,67659,-0.04328963905572891,,,
27,67664,-0.05123324692249298,,,
27,67669,-0.03997079282999039,,,
27,67674,-0.03658260032534599,,,
27,67679,-0.04237261414527893,,,
27,67684,-0.039572376757860184,,,
27,67689,-0.04735881835222244,,,
27,67694,-0.023439424112439156,,,
27,67699,-0.049361251294612885,,,
27,67704,-0.042048487812280655,,,
27,67709,-0.05483792722225189,,,
27,67714,-0.055727675557136536,,,
27,67719,-0.04763941466808319,,,
27,67724,-0.037146344780921936,,,
27,67729,-0.023685971274971962,,,
27,67734,-0.03050921857357025,,,
27,67739,-0.05110768601298332,,,
27,67744,-0.031544338911771774,,,
27,67749,-0.05147334560751915,,,
27,67754,-0.03939533978700638,,,
27,67759,-0.041727758944034576,,,
27,67764,-0.03354917839169502,,,
27,67769,-0.0401916578412056,,,
27,67774,-0.03530319035053253,,,
27,67779,-0.0548534020781517,,,
27,67784,-0.04263661801815033,,,
27,67789,-0.048495206981897354,,,
27,67794,-0.049665361642837524,,,
27,67799,-0.03522491082549095,,,
27,67804,-0.02204420045018196,,,
27,67809,-0.017050424590706825,,,
27,67814,-0.03391120210289955,,,
27,67819,-0.026307392865419388,,,
27,67824,-0.03823526203632355,,,
27,67829,-0.029062651097774506,,,
27,67834,-0.04902965575456619,,,
27,67839,-0.0432647243142128,,,
27,67844,-0.04428493604063988,,,
27,67849,-0.04302317276597023,,,
27,67854,-0.03739115595817566,,,
27,67859,-0.040378767997026443,,,
27,67864,-0.03678212687373161,,,
27,67869,-0.03743724897503853,,,
27,67874,-0.02354619652032852,,,
27,67879,-0.036318302154541016,,,
27,67884,-0.03280900791287422,,,
27,67889,-0.02330102026462555,,,
27,67894,-0.041781507432460785,,,
27,67899,-0.02679390273988247,,,
27,67904,-0.059054065495729446,,,
27,67909,-0.04861558973789215,,,
27,67914,-0.03831427916884422,,,
27,67919,-0.046132080256938934,,,
27,67924,-0.0538635179400444,,,
27,67929,-0.05046307295560837,,,
27,67934,-0.01948457956314087,,,
27,67939,-0.04774915426969528,,,
27,67944,-0.039287012070417404,,,
27,67949,-0.05504231154918671,,,
27,67954,-0.038865044713020325,,,
27,67959,-0.04152541607618332,,,
27,67964,-0.02145252749323845,,,
27,67969,-0.03635472059249878,,,
27,67974,-0.04114606976509094,,,
27,67979,-0.04915051534771919,,,
27,67984,-0.03716403990983963,,,
27,67989,-0.02165347710251808,,,
27,67994,-0.04922565445303917,,,
27,67999,-0.0445580929517746,,,
27,68004,-0.04046398773789406,,,
27,68009,-0.04005876183509827,,,
27,68014,-0.036451153457164764,,,
27,68019,-0.043434835970401764,,,
27,68024,-0.03982098400592804,,,
27,68029,-0.027526462450623512,,,
27,68034,-0.04584252089262009,,,
27,68039,-0.028265785425901413,,,
27,68044,-0.04768022149801254,,,
27,68049,-0.0262455977499485,,,
27,68054,-0.021756283938884735,,,
27,68059,-0.050124429166316986,,,
27,68064,-0.04054846614599228,,,
27,68069,-0.0352405421435833,,,
27,68074,-0.034426383674144745,,,
27,68079,-0.03536519408226013,,,
27,68084,-0.03592981398105621,,,
27,68089,-0.03733321279287338,,,
27,68094,-0.03269036114215851,,,
27,68099,-0.04282490164041519,,,
27,68104,-0.02703395113348961,,,
27,68109,-0.011060970835387707,,,
27,68114,-0.03305882215499878,,,
27,68119,-0.028544114902615547,,,
27,68124,-0.03928724303841591,,,
27,68129,-0.046899132430553436,,,
27,68134,-0.05467652529478073,,,
27,68139,-0.026166681200265884,,,
27,68144,-0.04896904528141022,,,
27,68149,-0.04612165689468384,,,
27,68154,-0.03681914508342743,,,
27,68159,-0.029334405437111855,,,
27,68164,-0.05008287727832794,,,
27,68169,-0.0311888474971056,,,
27,68174,-0.054530415683984756,,,
27,68179,-0.05104972794651985,,,
27,68184,-0.03900490701198578,,,
27,68189,-0.04346770793199539,,,
27,68194,-0.03416571021080017,,,
27,68199,-0.0354832224547863,,,
27,68204,-0.046832602471113205,,,
27,68209,-0.03869369626045227,,,
27,68214,-0.03938106447458267,,,
27,68219,-0.04005996882915497,,,
27,68224,-0.05511735379695892,,,
27,68229,-0.04063456505537033,,,
27,68234,-0.04016931354999542,,,
27,68239,-0.052911125123500824,,,
27,68244,-0.02869424596428871,,,
27,68249,-0.02442147210240364,,,
27,68254,-0.04009861871600151,,,
27,68259,-0.029573561623692513,,,
27,68264,-0.019400928169488907,,,
27,68269,-0.044307660311460495,,,
27,68274,-0.04298091679811478,,,
27,68279,-0.05405227094888687,,,
27,68284,-0.038411010056734085,,,
27,68289,-0.028130237013101578,,,
27,68294,-0.04137963056564331,,,
27,68299,-0.02586323954164982,,,
27,68304,-0.032897815108299255,,,
27,68309,-0.04911523684859276,,,
27,68314,-0.02196173369884491,,,
27,68319,-0.03838038444519043,,,
27,68324,-0.03331068530678749,,,
27,68329,-0.035985834896564484,,,
27,68334,-0.023281529545783997,,,
27,68339,-0.03507358580827713,,,
27,68344,-0.047520920634269714,,,
27,68349,-0.043352335691452026,,,
27,68354,-0.04107136279344559,,,
27,68359,-0.04360530152916908,,,
27,68364,-0.03898399695754051,,,
27,68369,-0.037760790437459946,,,
27,68374,-0.024371346458792686,,,
27,68379,-0.031579598784446716,,,
27,68384,-0.028677593916654587,,,
27,68389,-0.04227035492658615,,,
27,68394,-0.0553116500377655,,,
27,68399,-0.03309432789683342,,,
27,68404,-0.03650768846273422,,,
27,68409,-0.04593806713819504,,,
27,68414,-0.035990938544273376,,,
27,68419,-0.043356407433748245,,,
27,68424,-0.042315542697906494,,,
27,68429,-0.04333503171801567,,,
27,68434,-0.05228225514292717,,,
27,68439,-0.024297161027789116,,,
27,68444,-0.03832263872027397,,,
27,68449,-0.031996630132198334,,,
27,68454,-0.0347464419901371,,,
27,68459,-0.03233882784843445,,,
27,68464,-0.03742097318172455,,,
27,68469,-0.03876197338104248,,,
27,68474,-0.03592502325773239,,,
27,68479,-0.04373922944068909,,,
27,68484,-0.03841719403862953,,,
27,68489,-0.04107889160513878,,,
27,68494,-0.03857196867465973,,,
27,68499,-0.043759193271398544,,,
27,68504,-0.03842070698738098,,,
27,68509,-0.04809122905135155,,,
27,68514,-0.05066244304180145,,,
27,68519,-0.037423692643642426,,,
27,68524,-0.04895954951643944,,,
27,68529,-0.020664194598793983,,,
27,68534,-0.04088904708623886,,,
27,68539,-0.03692463040351868,,,
27,68544,-0.03264379873871803,,,
27,68549,-0.03741362690925598,,,
27,68554,-0.041695863008499146,,,
27,68559,-0.04118318483233452,,,
27,68564,-0.04103514924645424,,,
27,68569,-0.021259546279907227,,,
27,68574,-0.06058092042803764,,,
27,68579,-0.03716638311743736,,,
27,68584,-0.045940566807985306,,,
27,68589,-0.046790961176157,,,
27,68594,-0.03715997561812401,,,
27,68599,-0.02369070239365101,,,
27,68604,-0.03194306418299675,,,
27,68609,-0.04584340378642082,,,
27,68614,-0.0474003367125988,,,
27,68619,-0.04952431097626686,,,
27,68624,-0.039057657122612,,,
27,68629,-0.04788544774055481,,,
27,68634,-0.04081699252128601,,,
27,68639,-0.035336218774318695,,,
27,68644,-0.043609797954559326,,,
27,68649,-0.05613824352622032,,,
27,68654,-0.025592107325792313,,,
27,68659,-0.02672429382801056,,,
27,68664,-0.040350575000047684,,,
27,68669,-0.038765422999858856,,,
27,68674,-0.04945864528417587,,,
27,68679,-0.03086777590215206,,,
27,68684,-0.04904857277870178,,,
27,68689,-0.03809784725308418,,,
27,68694,-0.03863650932908058,,,
27,68699,-0.049208011478185654,,,
27,68704,-0.03354385495185852,,,
27,68709,-0.03292745351791382,,,
27,68714,-0.04322926327586174,,,
27,68719,-0.043428048491477966,,,
27,68724,-0.02867932617664337,,,
27,68729,-0.026814095675945282,,,
27,68734,-0.034378815442323685,,,
27,68739,-0.04780195280909538,,,
27,68744,-0.05321604758501053,,,
27,68749,-0.04102491959929466,,,
27,68754,-0.036972906440496445,,,
27,68759,-0.04214880242943764,,,
27,68764,-0.041995007544755936,,,
27,68769,-0.041936472058296204,,,
27,68774,-0.02335873804986477,,,
27,68779,-0.039934344589710236,,,
27,68784,-0.047763098031282425,,,
27,68789,-0.03245922550559044,,,
27,68794,-0.026065614074468613,,,
27,68799,-0.03967881202697754,,,
27,68804,-0.04647526517510414,,,
27,68809,-0.03962472826242447,,,
27,68814,-0.028433769941329956,,,
27,68819,-0.04069310054183006,,,
27,68824,-0.02292001247406006,,,
27,68829,-0.03640347346663475,,,
27,68834,-0.02972361631691456,,,
27,68839,-0.03896390274167061,,,
27,68844,-0.03604317456483841,,,
27,68849,-0.02493002638220787,,,
27,68854,-0.03744161128997803,,,
27,68859,-0.05937265604734421,,,
27,68864,-0.04909314215183258,,,
27,68869,-0.0510404109954834,,,
27,68874,-0.03749601170420647,,,
27,68879,-0.04155012592673302,,,
27,68884,-0.03761947154998779,,,
27,68889,-0.034691911190748215,,,
27,68894,-0.05103669688105583,,,
27,68899,-0.04317720606923103,,,
27,68904,-0.02994982898235321,,,
27,68909,-0.017429793253540993,,,
27,68914,-0.03084641881287098,,,
27,68919,-0.028422987088561058,,,
27,68924,-0.03594743460416794,,,
27,68929,-0.04035136103630066,,,
27,68934,-0.0362323559820652,,,
27,68939,-0.044811587780714035,,,
27,68944,-0.03826846554875374,,,
27,68949,-0.05080394819378853,,,
27,68954,-0.029070699587464333,,,
27,68959,-0.04013928771018982,,,
27,68964,-0.03707146644592285,,,
27,68969,-0.05197210609912872,,,
27,68974,-0.047394849359989166,,,
27,68979,-0.025019314140081406,,,
27,68984,-0.04073570668697357,,,
27,68989,-0.037555161863565445,,,
27,68994,-0.04410409927368164,,,
27,68999,-0.04444459080696106,,,
27,69004,-0.04395366460084915,,,
27,69009,-0.06303060799837112,,,
27,69014,-0.055205605924129486,,,
27,69019,-0.06297727674245834,,,
27,69024,-0.04402448236942291,,,
27,69029,-0.04771539568901062,,,
27,69034,-0.036833759397268295,,,
27,69039,-0.03416132926940918,,,
27,69044,-0.046560563147068024,,,
27,69049,-0.011910298839211464,,,
27,69054,-0.03691858798265457,,,
27,69059,-0.049033138900995255,,,
27,69064,-0.028337955474853516,,,
27,69069,-0.04279766604304314,,,
27,69074,-0.03833502158522606,,,
27,69079,-0.029602203518152237,,,
27,69084,-0.04590491205453873,,,
27,69089,-0.01630011573433876,,,
27,69094,-0.03860454633831978,,,
27,69099,-0.04108571633696556,,,
27,69104,-0.037875786423683167,,,
27,69109,-0.039464082568883896,,,
27,69114,-0.025669274851679802,,,
27,69119,-0.036032333970069885,,,
27,69124,-0.054286353290081024,,,
27,69129,-0.04171903058886528,,,
27,69134,-0.054363396018743515,,,
27,69139,-0.02800019457936287,,,
27,69144,-0.04736968129873276,,,
27,69149,-0.04695317894220352,,,
27,69154,-0.03524916246533394,,,
27,69159,-0.028454717248678207,,,
27,69164,-0.03288579732179642,,,
27,69169,-0.054588742554187775,,,
27,69174,-0.04501701146364212,,,
27,69179,-0.05022650957107544,,,
27,69184,-0.04641227424144745,,,
27,69189,-0.030772361904382706,,,
27,69194,-0.03687923774123192,,,
27,69199,-0.030915476381778717,,,
27,69204,-0.03335915878415108,,,
27,69209,-0.04525044560432434,,,
27,69214,-0.04555470123887062,,,
27,69219,-0.0574335940182209,,,
27,69224,-0.034504543989896774,,,
27,69229,-0.02286798506975174,,,
27,69234,-0.022722532972693443,,,
27,69239,-0.03842577710747719,,,
27,69244,-0.05315466225147247,,,
27,69249,-0.0487663559615612,,,
27,69254,-0.037981294095516205,,,
27,69259,-0.041538212448358536,,,
27,69264,0.01824377104640007,,,
27,69269,-0.011048359796404839,,,
27,69274,-0.015737449750304222,,,
27,69279,-0.024946443736553192,,,
27,69284,-0.038825623691082,,,
27,69289,-0.03286755830049515,,,
27,69294,-0.042684853076934814,,,
27,69299,-0.04393257573246956,,,
27,69304,-0.03266947716474533,,,
27,69309,-0.034458741545677185,,,
27,69314,-0.05141570791602135,,,
27,69319,-0.04004523903131485,,,
27,69324,-0.035660453140735626,,,
27,69329,-0.04921695217490196,,,
27,69334,-0.021677499637007713,,,
27,69339,-0.06432196497917175,,,
27,69344,-0.019142597913742065,,,
27,69349,-0.057541489601135254,,,
27,69354,-0.047897905111312866,,,
27,69359,-0.03195970132946968,,,
27,69364,-0.04626808315515518,,,
27,69369,-0.05226399004459381,,,
27,69374,-0.05287203937768936,,,
27,69379,-0.05496225506067276,,,
27,69384,-0.03603977710008621,,,
27,69389,-0.03498344123363495,,,
27,69394,-0.024809692054986954,,,
27,69399,-0.038777872920036316,,,
27,69404,-0.04056701064109802,,,
27,69409,-0.03698338568210602,,,
27,69414,-0.021949689835309982,,,
27,69419,-0.04422100633382797,,,
27,69424,-0.04340928792953491,,,
27,69429,-0.032593972980976105,,,
27,69434,-0.0459306538105011,,,
27,69439,-0.02063775062561035,,,
27,69444,-0.04543701186776161,,,
27,69449,-0.04109602048993111,,,
27,69454,-0.03721507266163826,,,
27,69459,-0.04044226557016373,,,
27,69464,-0.025910083204507828,,,
27,69469,-0.04523758590221405,,,
27,69474,-0.04587218165397644,,,
27,69479,-0.02252381481230259,,,
27,69484,-0.015348982997238636,,,
27,69489,-0.04464226961135864,,,
27,69494,-0.006522456184029579,,,
27,69499,-0.0399729385972023,,,
27,69504,-0.04927550256252289,,,
27,69509,-0.03610323369503021,,,
27,69514,-0.029301490634679794,,,
27,69519,-0.04654984548687935,,,
27,69524,-0.04272792860865593,,,
27,69529,-0.0435323603451252,,,
27,69534,-0.04905683547258377,,,
27,69539,-0.042129114270210266,,,
27,69544,-0.0321974977850914,,,
27,69549,-0.039341866970062256,,,
27,69554,-0.04619978368282318,,,
27,69559,-0.04638579860329628,,,
27,69564,-0.039389267563819885,,,
27,69569,-0.028630245476961136,,,
27,69574,-0.025121241807937622,,,
27,69579,-0.02537701465189457,,,
27,69584,-0.044420309364795685,,,
27,69589,-0.03493008762598038,,,
27,69594,-0.05155443027615547,,,
27,69599,-0.0013453257270157337,,,
27,69604,-0.03740759938955307,,,
27,69609,-0.019107205793261528,,,
27,69614,-0.04227875545620918,,,
27,69619,-0.04713740199804306,,,
27,69624,-0.053048133850097656,,,
27,69629,-0.03913557156920433,,,
27,69634,-0.03307674080133438,,,
27,69639,-0.03311067819595337,,,
27,69644,-0.04849078506231308,,,
27,69649,-0.04711128771305084,,,
27,69654,-0.05093749240040779,,,
27,69659,0.0029166946187615395,,,
27,69664,-0.03721620514988899,,,
27,69669,-0.049062684178352356,,,
27,69674,-0.03390711545944214,,,
27,69679,-0.016314122825860977,,,
27,69684,-0.033882223069667816,,,
27,69689,-0.04526248574256897,,,
27,69694,-0.02298641763627529,,,
27,69699,-0.043743349611759186,,,
27,69704,-0.009185940027236938,,,
27,69709,-0.0214981772005558,,,
27,69714,-0.053743015974760056,,,
27,69719,-0.03745254874229431,,,
27,69724,-0.04409176856279373,,,
27,69729,-0.04369664192199707,,,
27,69734,-0.04772859811782837,,,
27,69739,-0.0430649109184742,,,
27,69744,-0.03761672601103783,,,
27,69749,-0.023704495280981064,,,
27,69754,-0.04309980571269989,,,
27,69759,-0.03792772442102432,,,
27,69764,-0.025567064061760902,,,
27,69769,-0.04246364161372185,,,
27,69774,-0.034983765333890915,,,
27,69779,-0.03634195402264595,,,
27,69784,-0.042391031980514526,,,
27,69789,-0.052485428750514984,,,
27,69794,-0.03874043747782707,,,
27,69799,-0.041398487985134125,,,
27,69804,-0.03630810230970383,,,
27,69809,-0.03485206514596939,,,
27,69814,-0.04015985131263733,,,
27,69819,-0.031367938965559006,,,
27,69824,-0.022765927016735077,,,
27,69829,-0.04049418121576309,,,
27,69834,-0.042425479739904404,,,
27,69839,-0.03975420817732811,,,
27,69844,-0.04467231035232544,,,
27,69849,-0.043750811368227005,,,
27,69854,-0.04692847281694412,,,
27,69859,-0.028154263272881508,,,
27,69864,-0.03590890392661095,,,
27,69869,-0.0503229983150959,,,
27,69874,-0.03486153483390808,,,
27,69879,-0.03443776071071625,,,
27,69884,-0.04185489937663078,,,
27,69889,-0.043875839561223984,,,
27,69894,-0.02388397790491581,,,
27,69899,-0.02755753882229328,,,
27,69904,-0.03470654785633087,,,
27,69909,-0.03753255680203438,,,
27,69914,-0.044022347778081894,,,
27,69919,-0.04704082012176514,,,
27,69924,-0.012947361916303635,,,
27,69929,-0.03878044709563255,,,
27,69934,-0.04931337758898735,,,
27,69939,-0.027530912309885025,,,
27,69944,-0.046938758343458176,,,
27,69949,-0.03835101053118706,,,
27,69954,-0.05202517658472061,,,
27,69959,-0.04259476810693741,,,
27,69964,-0.040204137563705444,,,
27,69969,-0.02782284840941429,,,
27,69974,-0.03489217534661293,,,
27,69979,-0.04530729353427887,,,
27,69984,-0.031029395759105682,,,
27,69989,-0.019428696483373642,,,
27,69994,-0.03673148155212402,,,
27,69999,-0.04874398186802864,,,
27,69999,,-0.032658930867910385,0.29260000586509705,0.5905929207801819
28,70004,-0.028628338128328323,,,
28,70009,-0.041774727404117584,,,
28,70014,-0.04150375351309776,,,
28,70019,-0.028147857636213303,,,
28,70024,-0.04409100487828255,,,
28,70029,-0.04619259387254715,,,
28,70034,-0.03837093710899353,,,
28,70039,-0.030854059383273125,,,
28,70044,-0.053595319390296936,,,
28,70049,-0.030383659526705742,,,
28,70054,-0.04572702571749687,,,
28,70059,-0.04485988989472389,,,
28,70064,-0.03599163889884949,,,
28,70069,-0.0334223210811615,,,
28,70074,-0.03247331827878952,,,
28,70079,-0.030764944851398468,,,
28,70084,-0.04793008416891098,,,
28,70089,-0.04981198534369469,,,
28,70094,-0.05380987375974655,,,
28,70099,-0.03904463350772858,,,
28,70104,-0.03172852098941803,,,
28,70109,-0.04175344482064247,,,
28,70114,-0.02593713440001011,,,
28,70119,-0.03984290361404419,,,
28,70124,-0.030430926010012627,,,
28,70129,-0.028453748673200607,,,
28,70134,-0.04589995741844177,,,
28,70139,-0.03419977426528931,,,
28,70144,-0.03723404183983803,,,
28,70149,-0.038875412195920944,,,
28,70154,-0.04604952037334442,,,
28,70159,-0.041855283081531525,,,
28,70164,-0.03205917030572891,,,
28,70169,-0.026634102687239647,,,
28,70174,-0.02840495854616165,,,
28,70179,-0.033301882445812225,,,
28,70184,-0.02805652841925621,,,
28,70189,-0.030393898487091064,,,
28,70194,-0.05835402384400368,,,
28,70199,-0.04744066670536995,,,
28,70204,-0.03578759729862213,,,
28,70209,-0.030820755288004875,,,
28,70214,-0.054264940321445465,,,
28,70219,-0.04537108540534973,,,
28,70224,-0.04490094631910324,,,
28,70229,-0.030954895541071892,,,
28,70234,-0.03752949833869934,,,
28,70239,-0.030617879703640938,,,
28,70244,-0.03514329716563225,,,
28,70249,-0.04992508515715599,,,
28,70254,-0.028664905577898026,,,
28,70259,-0.028285516425967216,,,
28,70264,-0.028802979737520218,,,
28,70269,-0.03275524452328682,,,
28,70274,-0.029902242124080658,,,
28,70279,-0.04763098433613777,,,
28,70284,-0.0509306900203228,,,
28,70289,-0.039307814091444016,,,
28,70294,-0.03504054993391037,,,
28,70299,-0.035150010138750076,,,
28,70304,-0.043353065848350525,,,
28,70309,-0.03634246438741684,,,
28,70314,-0.015202530659735203,,,
28,70319,-0.0560169443488121,,,
28,70324,-0.05180337652564049,,,
28,70329,-0.03946381062269211,,,
28,70334,-0.043182000517845154,,,
28,70339,-0.04717104509472847,,,
28,70344,-0.04115452617406845,,,
28,70349,-0.046191245317459106,,,
28,70354,-0.03269553929567337,,,
28,70359,-0.028816120699048042,,,
28,70364,-0.02831740863621235,,,
28,70369,-0.044312722980976105,,,
28,70374,-0.053448110818862915,,,
28,70379,-0.04464999958872795,,,
28,70384,-0.03459903225302696,,,
28,70389,-0.006820111535489559,,,
28,70394,-0.015784183517098427,,,
28,70399,-0.0319480262696743,,,
28,70404,-0.038984574377536774,,,
28,70409,-0.04881080612540245,,,
28,70414,-0.04045643284916878,,,
28,70419,-0.0474412776529789,,,
28,70424,-0.057272884994745255,,,
28,70429,-0.026548441499471664,,,
28,70434,-0.03845058009028435,,,
28,70439,-0.04000313952565193,,,
28,70444,-0.0395955853164196,,,
28,70449,-0.037744730710983276,,,
28,70454,-0.028325624763965607,,,
28,70459,-0.03636035695672035,,,
28,70464,-0.029319971799850464,,,
28,70469,-0.021014684811234474,,,
28,70474,-0.03214127570390701,,,
28,70479,-0.017913993448019028,,,
28,70484,-0.03125493600964546,,,
28,70489,-0.032324086874723434,,,
28,70494,-0.04142872989177704,,,
28,70499,-0.0442328155040741,,,
28,70504,-0.04441959783434868,,,
28,70509,-0.009063966572284698,,,
28,70514,-0.03944886103272438,,,
28,70519,-0.045128390192985535,,,
28,70524,-0.03226352483034134,,,
28,70529,-0.045881591737270355,,,
28,70534,-0.030816329643130302,,,
28,70539,-0.04689930006861687,,,
28,70544,-0.039777129888534546,,,
28,70549,-0.028775030747056007,,,
28,70554,-0.023712126538157463,,,
28,70559,-0.032944660633802414,,,
28,70564,-0.03815759718418121,,,
28,70569,-0.029605671763420105,,,
28,70574,-0.03277680650353432,,,
28,70579,-0.04274410381913185,,,
28,70584,-0.030032942071557045,,,
28,70589,-0.036156896501779556,,,
28,70594,-0.03171046823263168,,,
28,70599,-0.04118596389889717,,,
28,70604,-0.038467105478048325,,,
28,70609,-0.03163539618253708,,,
28,70614,-0.04370243102312088,,,
28,70619,-0.0397987961769104,,,
28,70624,-0.0346575528383255,,,
28,70629,-0.041001949459314346,,,
28,70634,-0.05159908905625343,,,
28,70639,-0.05442411080002785,,,
28,70644,-0.04456445947289467,,,
28,70649,-0.04214216396212578,,,
28,70654,-0.04635104537010193,,,
28,70659,-0.03939296305179596,,,
28,70664,-0.02952864207327366,,,
28,70669,-0.04739570617675781,,,
28,70674,-0.03137674182653427,,,
28,70679,-0.05150419473648071,,,
28,70684,-0.0417267307639122,,,
28,70689,-0.008360017091035843,,,
28,70694,-0.05096001923084259,,,
28,70699,-0.04665888100862503,,,
28,70704,-0.05691860616207123,,,
28,70709,-0.040739502757787704,,,
28,70714,-0.0477282740175724,,,
28,70719,-0.026861008256673813,,,
28,70724,-0.03065050207078457,,,
28,70729,-0.0388067290186882,,,
28,70734,-0.04795383661985397,,,
28,70739,-0.0357072651386261,,,
28,70744,-0.03392699360847473,,,
28,70749,-0.03370524197816849,,,
28,70754,-0.041128210723400116,,,
28,70759,-0.03736887127161026,,,
28,70764,-0.02880869433283806,,,
28,70769,-0.050409652292728424,,,
28,70774,-0.03889836370944977,,,
28,70779,-0.03637935221195221,,,
28,70784,-0.03571191057562828,,,
28,70789,-0.04100113734602928,,,
28,70794,-0.039914797991514206,,,
28,70799,-0.037635087966918945,,,
28,70804,-0.029995163902640343,,,
28,70809,-0.03294061869382858,,,
28,70814,-0.04843737930059433,,,
28,70819,-0.03464973717927933,,,
28,70824,-0.03438686951994896,,,
28,70829,-0.03359267860651016,,,
28,70834,-0.05480640009045601,,,
28,70839,-0.047304198145866394,,,
28,70844,-0.03969267010688782,,,
28,70849,-0.04164636507630348,,,
28,70854,-0.03918822854757309,,,
28,70859,-0.03384983167052269,,,
28,70864,-0.042002175003290176,,,
28,70869,-0.04566825181245804,,,
28,70874,-0.046620216220617294,,,
28,70879,-0.04762403666973114,,,
28,70884,-0.05956938862800598,,,
28,70889,-0.037297993898391724,,,
28,70894,-0.028710070997476578,,,
28,70899,-0.03618033230304718,,,
28,70904,-0.0292245801538229,,,
28,70909,-0.03902667015790939,,,
28,70914,-0.029990926384925842,,,
28,70919,-0.043409064412117004,,,
28,70924,-0.04028709977865219,,,
28,70929,-0.05483778938651085,,,
28,70934,-0.04686984792351723,,,
28,70939,-0.04753795638680458,,,
28,70944,-0.0531521737575531,,,
28,70949,-0.03197825327515602,,,
28,70954,-0.03873928263783455,,,
28,70959,-0.025447014719247818,,,
28,70964,-0.03407440707087517,,,
28,70969,-0.04312831163406372,,,
28,70974,-0.03347992151975632,,,
28,70979,-0.04592841863632202,,,
28,70984,-0.042505618184804916,,,
28,70989,-0.023431897163391113,,,
28,70994,-0.04513581469655037,,,
28,70999,-0.040542200207710266,,,
28,71004,-0.04662283509969711,,,
28,71009,-0.04757408797740936,,,
28,71014,-0.04374118894338608,,,
28,71019,-0.0376792810857296,,,
28,71024,-0.04690982401371002,,,
28,71029,-0.042594537138938904,,,
28,71034,-0.042524825781583786,,,
28,71039,-0.02967109903693199,,,
28,71044,-0.038103844970464706,,,
28,71049,-0.041938915848731995,,,
28,71054,-0.050783541053533554,,,
28,71059,-0.05049075186252594,,,
28,71064,-0.044017430394887924,,,
28,71069,-0.037033144384622574,,,
28,71074,-0.05150921642780304,,,
28,71079,-0.00819068867713213,,,
28,71084,-0.038635723292827606,,,
28,71089,-0.03716496750712395,,,
28,71094,-0.04417624697089195,,,
28,71099,-0.04974600672721863,,,
28,71104,-0.03328778222203255,,,
28,71109,-0.03780064731836319,,,
28,71114,-0.04511439800262451,,,
28,71119,-0.03546634688973427,,,
28,71124,-0.04760048910975456,,,
28,71129,-0.04405095800757408,,,
28,71134,-0.032729607075452805,,,
28,71139,-0.04004346579313278,,,
28,71144,-0.03170276805758476,,,
28,71149,-0.05236794799566269,,,
28,71154,-0.03238564729690552,,,
28,71159,-0.041629672050476074,,,
28,71164,-0.018780721351504326,,,
28,71169,-0.03591294214129448,,,
28,71174,-0.04075333848595619,,,
28,71179,-0.03432977944612503,,,
28,71184,-0.03901379927992821,,,
28,71189,-0.03605635464191437,,,
28,71194,-0.032962873578071594,,,
28,71199,-0.03314090520143509,,,
28,71204,-0.042837657034397125,,,
28,71209,-0.03864892199635506,,,
28,71214,-0.04239696264266968,,,
28,71219,-0.03887318819761276,,,
28,71224,-0.04075624793767929,,,
28,71229,-0.04962576553225517,,,
28,71234,-0.03479384630918503,,,
28,71239,-0.00593897420912981,,,
28,71244,-0.04943345487117767,,,
28,71249,-0.011644990183413029,,,
28,71254,-0.03127846494317055,,,
28,71259,-0.04183870553970337,,,
28,71264,-0.033711910247802734,,,
28,71269,-0.045983992516994476,,,
28,71274,-0.038078874349594116,,,
28,71279,-0.040468864142894745,,,
28,71284,-0.041029807180166245,,,
28,71289,-0.028360148891806602,,,
28,71294,-0.028816280886530876,,,
28,71299,-0.04772637411952019,,,
28,71304,-0.017944345250725746,,,
28,71309,-0.0441410206258297,,,
28,71314,-0.03546692430973053,,,
28,71319,-0.03871200978755951,,,
28,71324,-0.03680165112018585,,,
28,71329,-0.0353870689868927,,,
28,71334,-0.05476083979010582,,,
28,71339,-0.021012265235185623,,,
28,71344,-0.023486915975809097,,,
28,71349,-0.04069144278764725,,,
28,71354,-0.026955921202898026,,,
28,71359,-0.0385919027030468,,,
28,71364,-0.05772874504327774,,,
28,71369,-0.03008662536740303,,,
28,71374,-0.03493304178118706,,,
28,71379,-0.035068150609731674,,,
28,71384,-0.041047144681215286,,,
28,71389,-0.010138042271137238,,,
28,71394,-0.014271320775151253,,,
28,71399,-0.03513867408037186,,,
28,71404,-0.03814644739031792,,,
28,71409,-0.03916894644498825,,,
28,71414,-0.05512332171201706,,,
28,71419,-0.03142443299293518,,,
28,71424,-0.048675358295440674,,,
28,71429,-0.039828844368457794,,,
28,71434,-0.055211324244737625,,,
28,71439,-0.04592674598097801,,,
28,71444,-0.04213733226060867,,,
28,71449,-0.03805631026625633,,,
28,71454,-0.03647102415561676,,,
28,71459,-0.006469938904047012,,,
28,71464,-0.031958721578121185,,,
28,71469,-0.024457694962620735,,,
28,71474,-0.03578287735581398,,,
28,71479,-0.047957852482795715,,,
28,71484,-0.044454239308834076,,,
28,71489,-0.03252876177430153,,,
28,71494,-0.046375375241041183,,,
28,71499,-0.04174129664897919,,,
28,71504,-0.03070474974811077,,,
28,71509,-0.019100133329629898,,,
28,71514,-0.05955977737903595,,,
28,71519,-0.035898130387067795,,,
28,71524,-0.01240989938378334,,,
28,71529,-0.052689049392938614,,,
28,71534,-0.039320919662714005,,,
28,71539,-0.04025563597679138,,,
28,71544,-0.040543537586927414,,,
28,71549,-0.033291157335042953,,,
28,71554,-0.011315949261188507,,,
28,71559,-0.03340718895196915,,,
28,71564,-0.044958021491765976,,,
28,71569,-0.037218015640974045,,,
28,71574,-0.04365018010139465,,,
28,71579,-0.039284251630306244,,,
28,71584,-0.049138858914375305,,,
28,71589,-0.05596109852194786,,,
28,71594,-0.024661000818014145,,,
28,71599,-0.028306584805250168,,,
28,71604,-0.048741038888692856,,,
28,71609,-0.04265644773840904,,,
28,71614,-0.04681022837758064,,,
28,71619,-0.030297229066491127,,,
28,71624,-0.044699959456920624,,,
28,71629,-0.028770968317985535,,,
28,71634,-0.024310950189828873,,,
28,71639,-0.04067882522940636,,,
28,71644,-0.04287712648510933,,,
28,71649,-0.042052123695611954,,,
28,71654,-0.04425015673041344,,,
28,71659,-0.04049327224493027,,,
28,71664,-0.02080976963043213,,,
28,71669,-0.04491299018263817,,,
28,71674,-0.0338178388774395,,,
28,71679,-0.047970738261938095,,,
28,71684,-0.033034034073352814,,,
28,71689,-0.0495634488761425,,,
28,71694,-0.025670910254120827,,,
28,71699,-0.045254338532686234,,,
28,71704,-0.035693444311618805,,,
28,71709,-0.028087925165891647,,,
28,71714,-0.03924543410539627,,,
28,71719,0.014676922932267189,,,
28,71724,-0.02506246604025364,,,
28,71729,-0.041500359773635864,,,
28,71734,-0.03670766204595566,,,
28,71739,-0.03723689168691635,,,
28,71744,-0.041767314076423645,,,
28,71749,-0.03671124577522278,,,
28,71754,-0.03742116689682007,,,
28,71759,-0.0347306914627552,,,
28,71764,-0.029396021738648415,,,
28,71769,-0.03040117584168911,,,
28,71774,-0.02042679861187935,,,
28,71779,-0.03560226410627365,,,
28,71784,-0.03795371949672699,,,
28,71789,-0.029665542766451836,,,
28,71794,-0.022565411403775215,,,
28,71799,-0.039801012724637985,,,
28,71804,-0.039575789123773575,,,
28,71809,-0.04300469532608986,,,
28,71814,-0.042590945959091187,,,
28,71819,-0.04337477311491966,,,
28,71824,-0.0426458865404129,,,
28,71829,-0.03940732032060623,,,
28,71834,-0.028786301612854004,,,
28,71839,-0.024753864854574203,,,
28,71844,-0.03154463320970535,,,
28,71849,-0.035801924765110016,,,
28,71854,-0.0397234745323658,,,
28,71859,-0.012576272711157799,,,
28,71864,-0.036018118262290955,,,
28,71869,-0.0538339763879776,,,
28,71874,-0.026037760078907013,,,
28,71879,-0.023079782724380493,,,
28,71884,-0.05500392988324165,,,
28,71889,-0.055978283286094666,,,
28,71894,-0.05437555909156799,,,
28,71899,-0.03850443661212921,,,
28,71904,-0.035976748913526535,,,
28,71909,-0.03335186094045639,,,
28,71914,-0.05984790623188019,,,
28,71919,-0.043645549565553665,,,
28,71924,-0.05272338539361954,,,
28,71929,-0.03253615275025368,,,
28,71934,-0.05438368022441864,,,
28,71939,-0.0527905598282814,,,
28,71944,-0.04045481979846954,,,
28,71949,-0.04614163190126419,,,
28,71954,-0.0309804268181324,,,
28,71959,-0.058017559349536896,,,
28,71964,-0.05365253984928131,,,
28,71969,-0.0512503944337368,,,
28,71974,-0.042619865387678146,,,
28,71979,-0.03114018216729164,,,
28,71984,-0.04072209820151329,,,
28,71989,-0.03201834484934807,,,
28,71994,-0.03142041712999344,,,
28,71999,-0.03938573598861694,,,
28,72004,-0.056867897510528564,,,
28,72009,-0.0335087887942791,,,
28,72014,-0.04426782950758934,,,
28,72019,-0.03823680803179741,,,
28,72024,-0.021192599087953568,,,
28,72029,-0.005286519881337881,,,
28,72034,-0.05060325562953949,,,
28,72039,-0.06972053647041321,,,
28,72044,-0.049533911049366,,,
28,72049,-0.051164187490940094,,,
28,72054,-0.04531379044055939,,,
28,72059,-0.04627964273095131,,,
28,72064,-0.03487686440348625,,,
28,72069,-0.03895629942417145,,,
28,72074,-0.01723656989634037,,,
28,72079,-0.0397174172103405,,,
28,72084,-0.032702818512916565,,,
28,72089,-0.04479583352804184,,,
28,72094,-0.04898325726389885,,,
28,72099,-0.0486331507563591,,,
28,72104,-0.02195175364613533,,,
28,72109,-0.04392623156309128,,,
28,72114,-0.021013746038079262,,,
28,72119,-0.055326662957668304,,,
28,72124,-0.04879942163825035,,,
28,72129,-0.04448110610246658,,,
28,72134,-0.028045764192938805,,,
28,72139,-0.04090700298547745,,,
28,72144,-0.03381261229515076,,,
28,72149,-0.030948886647820473,,,
28,72154,-0.05442015081644058,,,
28,72159,-0.057502444833517075,,,
28,72164,-0.006397697143256664,,,
28,72169,-0.04354018718004227,,,
28,72174,-0.03653118759393692,,,
28,72179,-0.03987829014658928,,,
28,72184,-0.03771346062421799,,,
28,72189,-0.02883540652692318,,,
28,72194,-0.05963335186243057,,,
28,72199,-0.043147794902324677,,,
28,72204,-0.049345552921295166,,,
28,72209,-0.04021279141306877,,,
28,72214,-0.039212632924318314,,,
28,72219,-0.03358520567417145,,,
28,72224,-0.043533410876989365,,,
28,72229,-0.038283705711364746,,,
28,72234,-0.020792627707123756,,,
28,72239,-0.025162875652313232,,,
28,72244,-0.027305593714118004,,,
28,72249,-0.05067386478185654,,,
28,72254,-0.054683905094861984,,,
28,72259,-0.05405768007040024,,,
28,72264,-0.0475180447101593,,,
28,72269,-0.03573739156126976,,,
28,72274,-0.039728403091430664,,,
28,72279,-0.039149727672338486,,,
28,72284,-0.024221058934926987,,,
28,72289,-0.03357392176985741,,,
28,72294,-0.03215953707695007,,,
28,72299,-0.04112142324447632,,,
28,72304,-0.04168242961168289,,,
28,72309,-0.03987450897693634,,,
28,72314,-0.044287391006946564,,,
28,72319,-0.042835965752601624,,,
28,72324,-0.04860110953450203,,,
28,72329,-0.02794085629284382,,,
28,72334,-0.040075886994600296,,,
28,72339,-0.03953218832612038,,,
28,72344,-0.047182273119688034,,,
28,72349,-0.039505019783973694,,,
28,72354,-0.04375565052032471,,,
28,72359,-0.04505164548754692,,,
28,72364,-0.0315999872982502,,,
28,72369,-0.036946095526218414,,,
28,72374,-0.028216203674674034,,,
28,72379,-0.040866199880838394,,,
28,72384,-0.027675285935401917,,,
28,72389,-0.016670623794198036,,,
28,72394,-0.03825817629694939,,,
28,72399,-0.02389158494770527,,,
28,72404,-0.04152488708496094,,,
28,72409,-0.05413687974214554,,,
28,72414,-0.04604184255003929,,,
28,72419,-0.04389859735965729,,,
28,72424,-0.04181670770049095,,,
28,72429,-0.02634778805077076,,,
28,72434,-0.04024221748113632,,,
28,72439,-0.03782759606838226,,,
28,72444,-0.020667996257543564,,,
28,72449,-0.03894129395484924,,,
28,72454,-0.04062630608677864,,,
28,72459,-0.04884517565369606,,,
28,72464,-0.043799083679914474,,,
28,72469,-0.024121910333633423,,,
28,72474,-0.04081377759575844,,,
28,72479,-0.032350774854421616,,,
28,72484,-0.03586158901453018,,,
28,72489,-0.04182577505707741,,,
28,72494,-0.012027403339743614,,,
28,72499,-0.03549642115831375,,,
28,72499,,-0.027991922572255135,0.29280000925064087,0.6066300272941589
29,72504,-0.045628488063812256,,,
29,72509,-0.047494836151599884,,,
29,72514,-0.039917316287755966,,,
29,72519,-0.04307084158062935,,,
29,72524,-0.04853988438844681,,,
29,72529,-0.0342998281121254,,,
29,72534,-0.041547320783138275,,,
29,72539,-0.036958642303943634,,,
29,72544,-0.051383163779973984,,,
29,72549,-0.02734481170773506,,,
29,72554,-0.045109640806913376,,,
29,72559,-0.047728531062603,,,
29,72564,-0.031478554010391235,,,
29,72569,-0.03603804484009743,,,
29,72574,-0.03704153746366501,,,
29,72579,-0.044879935681819916,,,
29,72584,-0.04546734318137169,,,
29,72589,-0.034622710198163986,,,
29,72594,-0.035720016807317734,,,
29,72599,-0.019035279750823975,,,
29,72604,-0.04428606852889061,,,
29,72609,-0.039850037544965744,,,
29,72614,-0.03385549783706665,,,
29,72619,-0.03505238518118858,,,
29,72624,-0.034343499690294266,,,
29,72629,-0.02268221601843834,,,
29,72634,-0.03979160636663437,,,
29,72639,-0.04183854162693024,,,
29,72644,-0.0465124286711216,,,
29,72649,-0.036297570914030075,,,
29,72654,-0.04811771959066391,,,
29,72659,-0.03435978665947914,,,
29,72664,-0.044942356646060944,,,
29,72669,-0.04682595282793045,,,
29,72674,-0.039273109287023544,,,
29,72679,-0.051963500678539276,,,
29,72684,-0.031315527856349945,,,
29,72689,-0.0227766465395689,,,
29,72694,-0.02226780354976654,,,
29,72699,-0.021012846380472183,,,
29,72704,-0.053050071001052856,,,
29,72709,-0.04350322484970093,,,
29,72714,-0.03444784879684448,,,
29,72719,-0.02954571321606636,,,
29,72724,-0.04914188012480736,,,
29,72729,-0.034607596695423126,,,
29,72734,-0.04917331412434578,,,
29,72739,-0.03586335480213165,,,
29,72744,-0.031405288726091385,,,
29,72749,-0.05007072538137436,,,
29,72754,-0.045367248356342316,,,
29,72759,-0.024161500856280327,,,
29,72764,-0.0325784832239151,,,
29,72769,-0.02328307554125786,,,
29,72774,-0.02189932018518448,,,
29,72779,-0.03418484330177307,,,
29,72784,-0.038806505501270294,,,
29,72789,-0.04100103676319122,,,
29,72794,-0.026947245001792908,,,
29,72799,-0.026448100805282593,,,
29,72804,-0.045594677329063416,,,
29,72809,-0.019095905125141144,,,
29,72814,-0.03916403651237488,,,
29,72819,-0.05266419053077698,,,
29,72824,-0.03894898295402527,,,
29,72829,-0.04226275160908699,,,
29,72834,-0.042959392070770264,,,
29,72839,-0.05804087594151497,,,
29,72844,-0.031356897205114365,,,
29,72849,-0.054892659187316895,,,
29,72854,-0.03910772502422333,,,
29,72859,-0.07211021333932877,,,
29,72864,-0.032896824181079865,,,
29,72869,-0.03457716107368469,,,
29,72874,-0.04094146937131882,,,
29,72879,-0.013648146763443947,,,
29,72884,-0.03541620075702667,,,
29,72889,-0.033957649022340775,,,
29,72894,-0.024775123223662376,,,
29,72899,-0.02835039608180523,,,
29,72904,-0.03858121857047081,,,
29,72909,-0.030670223757624626,,,
29,72914,-0.03640710562467575,,,
29,72919,-0.034375179558992386,,,
29,72924,-0.03746321052312851,,,
29,72929,-0.03262336924672127,,,
29,72934,-0.04857513681054115,,,
29,72939,-0.03489077463746071,,,
29,72944,-0.026196647435426712,,,
29,72949,-0.03773928061127663,,,
29,72954,-0.03192909434437752,,,
29,72959,-0.03568088263273239,,,
29,72964,-0.048920419067144394,,,
29,72969,-0.033981047570705414,,,
29,72974,-0.02645135298371315,,,
29,72979,-0.022667985409498215,,,
29,72984,-0.03773757070302963,,,
29,72989,-0.04980098828673363,,,
29,72994,-0.039022047072649,,,
29,72999,-0.03933800011873245,,,
29,73004,-0.04490046948194504,,,
29,73009,-0.045777127146720886,,,
29,73014,-0.040026161819696426,,,
29,73019,-0.04106910899281502,,,
29,73024,-0.05117078870534897,,,
29,73029,0.019239380955696106,,,
29,73034,-0.042858805507421494,,,
29,73039,-0.025873227044939995,,,
29,73044,-0.03798285871744156,,,
29,73049,-0.029952647164463997,,,
29,73054,-0.05511008948087692,,,
29,73059,-0.03420392423868179,,,
29,73064,-0.04263240844011307,,,
29,73069,-0.0340210497379303,,,
29,73074,-0.05344599485397339,,,
29,73079,-0.024856075644493103,,,
29,73084,-0.03920036926865578,,,
29,73089,-0.03762062266469002,,,
29,73094,-0.03740464895963669,,,
29,73099,-0.04981145262718201,,,
29,73104,-0.03881179913878441,,,
29,73109,-0.028738852590322495,,,
29,73114,-0.02865070477128029,,,
29,73119,-0.04515393450856209,,,
29,73124,-0.03627697005867958,,,
29,73129,-0.036814529448747635,,,
29,73134,-0.04214547947049141,,,
29,73139,-0.03047351725399494,,,
29,73144,-0.039721984416246414,,,
29,73149,-0.037143826484680176,,,
29,73154,-0.0473240464925766,,,
29,73159,-0.04350646212697029,,,
29,73164,-0.02302633412182331,,,
29,73169,-0.03230263292789459,,,
29,73174,-0.06103302165865898,,,
29,73179,-0.036439672112464905,,,
29,73184,-0.023468151688575745,,,
29,73189,-0.029473979026079178,,,
29,73194,-0.030326485633850098,,,
29,73199,-0.034408509731292725,,,
29,73204,-0.039578281342983246,,,
29,73209,-0.04162343218922615,,,
29,73214,-0.050209831446409225,,,
29,73219,-0.05108341947197914,,,
29,73224,-0.026302875950932503,,,
29,73229,-0.04079584404826164,,,
29,73234,-0.036841776221990585,,,
29,73239,-0.047491420060396194,,,
29,73244,-0.03061317466199398,,,
29,73249,-0.057118307799100876,,,
29,73254,-0.04753635823726654,,,
29,73259,-0.04718276113271713,,,
29,73264,-0.03455900028347969,,,
29,73269,-0.050204649567604065,,,
29,73274,-0.04344937577843666,,,
29,73279,-0.039207492023706436,,,
29,73284,-0.04018690437078476,,,
29,73289,-0.028250327333807945,,,
29,73294,-0.038568057119846344,,,
29,73299,-0.053135763853788376,,,
29,73304,-0.03344343602657318,,,
29,73309,-0.05149932950735092,,,
29,73314,-0.07514768093824387,,,
29,73319,-0.05140497535467148,,,
29,73324,-0.03737839311361313,,,
29,73329,-0.0438067652285099,,,
29,73334,-0.021381979808211327,,,
29,73339,-0.044714175164699554,,,
29,73344,-0.03137568384408951,,,
29,73349,-0.04388806223869324,,,
29,73354,-0.04327406734228134,,,
29,73359,-0.04412815347313881,,,
29,73364,-0.022356629371643066,,,
29,73369,-0.06504437327384949,,,
29,73374,-0.03634439408779144,,,
29,73379,-0.0452704131603241,,,
29,73384,-0.05406883731484413,,,
29,73389,-0.05136696994304657,,,
29,73394,-0.04587408900260925,,,
29,73399,-0.05161265283823013,,,
29,73404,-0.04233252629637718,,,
29,73409,-0.036630190908908844,,,
29,73414,-0.04649502784013748,,,
29,73419,-0.03602165728807449,,,
29,73424,-0.024079594761133194,,,
29,73429,-0.03309858217835426,,,
29,73434,-0.04850456118583679,,,
29,73439,-0.0326724573969841,,,
29,73444,-0.03048442117869854,,,
29,73449,-0.05421306565403938,,,
29,73454,-0.05029647797346115,,,
29,73459,-0.041466083377599716,,,
29,73464,-0.02747064083814621,,,
29,73469,-0.029019877314567566,,,
29,73474,-0.04576742649078369,,,
29,73479,-0.02905682846903801,,,
29,73484,-0.03433892875909805,,,
29,73489,-0.04798939451575279,,,
29,73494,-0.023180238902568817,,,
29,73499,-0.03612973168492317,,,
29,73504,-0.03502844274044037,,,
29,73509,-0.036987245082855225,,,
29,73514,-0.023181209340691566,,,
29,73519,-0.030253402888774872,,,
29,73524,-0.0089139798656106,,,
29,73529,-0.04798228666186333,,,
29,73534,-0.04933471605181694,,,
29,73539,-0.055776190012693405,,,
29,73544,-0.04576718434691429,,,
29,73549,-0.05674097687005997,,,
29,73554,-0.03402819111943245,,,
29,73559,-0.043606482446193695,,,
29,73564,-0.04411058872938156,,,
29,73569,-0.04162854701280594,,,
29,73574,-0.040153149515390396,,,
29,73579,-0.01840936951339245,,,
29,73584,-0.044565241783857346,,,
29,73589,-0.0367928221821785,,,
29,73594,-0.03194640949368477,,,
29,73599,-0.01576891355216503,,,
29,73604,-0.040729425847530365,,,
29,73609,-0.0221658144146204,,,
29,73614,-0.03965230658650398,,,
29,73619,-0.055647462606430054,,,
29,73624,-0.04020467773079872,,,
29,73629,-0.04231366887688637,,,
29,73634,-0.035347700119018555,,,
29,73639,-0.03825673088431358,,,
29,73644,-0.04444378241896629,,,
29,73649,-0.026865996420383453,,,
29,73654,-0.0388895682990551,,,
29,73659,-0.021416563540697098,,,
29,73664,-0.02648603916168213,,,
29,73669,-0.041126761585474014,,,
29,73674,-0.034990277141332626,,,
29,73679,-0.0327310673892498,,,
29,73684,-0.05059957876801491,,,
29,73689,-0.03396984562277794,,,
29,73694,-0.032826248556375504,,,
29,73699,-0.025970205664634705,,,
29,73704,-0.05314619094133377,,,
29,73709,-0.04259909689426422,,,
29,73714,-0.020957203581929207,,,
29,73719,-0.05130135267972946,,,
29,73724,-0.03755510598421097,,,
29,73729,-0.0477602556347847,,,
29,73734,-0.03151876851916313,,,
29,73739,-0.03164155036211014,,,
29,73744,-0.03418567776679993,,,
29,73749,-0.051564451307058334,,,
29,73754,-0.03719737380743027,,,
29,73759,-0.04695664718747139,,,
29,73764,-0.039458103477954865,,,
29,73769,-0.03397068381309509,,,
29,73774,-0.03783461079001427,,,
29,73779,-0.03938485309481621,,,
29,73784,-0.04168185591697693,,,
29,73789,-0.043744899332523346,,,
29,73794,-0.035832129418849945,,,
29,73799,-0.024028748273849487,,,
29,73804,-0.038963042199611664,,,
29,73809,-0.03350931406021118,,,
29,73814,-0.03984775394201279,,,
29,73819,-0.02697118930518627,,,
29,73824,-0.04491032287478447,,,
29,73829,-0.0343218557536602,,,
29,73834,-0.04046191647648811,,,
29,73839,-0.03985701501369476,,,
29,73844,-0.05207867920398712,,,
29,73849,-0.04687584564089775,,,
29,73854,-0.037130750715732574,,,
29,73859,-0.025963809341192245,,,
29,73864,-0.024197174236178398,,,
29,73869,-0.04356718808412552,,,
29,73874,-0.042082466185092926,,,
29,73879,-0.04222280532121658,,,
29,73884,-0.04963807761669159,,,
29,73889,-0.030343588441610336,,,
29,73894,-0.06248490512371063,,,
29,73899,-0.06699850410223007,,,
29,73904,-0.05210460349917412,,,
29,73909,-0.04077456519007683,,,
29,73914,-0.039714764803647995,,,
29,73919,-0.03433208167552948,,,
29,73924,-0.028104236349463463,,,
29,73929,-0.0171609316021204,,,
29,73934,-0.028441768139600754,,,
29,73939,-0.029690906405448914,,,
29,73944,-0.05578120797872543,,,
29,73949,-0.042885810136795044,,,
29,73954,-0.06841731071472168,,,
29,73959,-0.02839655801653862,,,
29,73964,0.013496596366167068,,,
29,73969,-0.025134459137916565,,,
29,73974,-0.030208900570869446,,,
29,73979,-0.034846652299165726,,,
29,73984,-0.03133693337440491,,,
29,73989,-0.06450871378183365,,,
29,73994,-0.043117184191942215,,,
29,73999,-0.043590299785137177,,,
29,74004,-0.05534110963344574,,,
29,74009,-0.029689548537135124,,,
29,74014,-0.05637809634208679,,,
29,74019,-0.021674567833542824,,,
29,74024,-0.043685197830200195,,,
29,74029,-0.03918963670730591,,,
29,74034,-0.04313918948173523,,,
29,74039,-0.0456073097884655,,,
29,74044,-0.030092719942331314,,,
29,74049,-0.05353735014796257,,,
29,74054,-0.024514492601156235,,,
29,74059,-0.04239587485790253,,,
29,74064,-0.03674778342247009,,,
29,74069,-0.034233368933200836,,,
29,74074,-0.037072453647851944,,,
29,74079,-0.04942238703370094,,,
29,74084,-0.04030657187104225,,,
29,74089,-0.038234442472457886,,,
29,74094,-0.0415668860077858,,,
29,74099,-0.04602174088358879,,,
29,74104,-0.026441402733325958,,,
29,74109,-0.040617458522319794,,,
29,74114,-0.049837157130241394,,,
29,74119,-0.034419551491737366,,,
29,74124,-0.016127251088619232,,,
29,74129,-0.0036130715161561966,,,
29,74134,-0.015430241823196411,,,
29,74139,-0.03629753738641739,,,
29,74144,-0.038554590195417404,,,
29,74149,-0.04099731519818306,,,
29,74154,-0.03710564225912094,,,
29,74159,-0.042043186724185944,,,
29,74164,-0.04099263623356819,,,
29,74169,-0.03802475705742836,,,
29,74174,-0.04200878366827965,,,
29,74179,-0.045652277767658234,,,
29,74184,-0.05468699336051941,,,
29,74189,-0.032259244471788406,,,
29,74194,-0.03204319626092911,,,
29,74199,-0.04494255408644676,,,
29,74204,-0.040529362857341766,,,
29,74209,-0.03862474858760834,,,
29,74214,-0.03451402485370636,,,
29,74219,-0.05449377000331879,,,
29,74224,-0.036412376910448074,,,
29,74229,-0.04965469241142273,,,
29,74234,-0.03078099526464939,,,
29,74239,-0.05054313316941261,,,
29,74244,-0.034661948680877686,,,
29,74249,-0.05240899696946144,,,
29,74254,-0.02972811833024025,,,
29,74259,-0.03263215348124504,,,
29,74264,-0.03860998898744583,,,
29,74269,-0.04351041838526726,,,
29,74274,-0.030903765931725502,,,
29,74279,-0.029995184391736984,,,
29,74284,-0.04214685410261154,,,
29,74289,-0.03682749718427658,,,
29,74294,-0.034626930952072144,,,
29,74299,-0.03818957135081291,,,
29,74304,-0.048773832619190216,,,
29,74309,-0.0414910651743412,,,
29,74314,-0.014305289834737778,,,
29,74319,-0.037635400891304016,,,
29,74324,-0.01845843344926834,,,
29,74329,-0.010777333751320839,,,
29,74334,-0.04290786013007164,,,
29,74339,-0.0628582015633583,,,
29,74344,-0.04068643972277641,,,
29,74349,-0.012294909916818142,,,
29,74354,-0.051991354674100876,,,
29,74359,-0.03475603088736534,,,
29,74364,-0.06732916086912155,,,
29,74369,-0.03279867023229599,,,
29,74374,-0.036113906651735306,,,
29,74379,-0.05017111077904701,,,
29,74384,-0.04154448211193085,,,
29,74389,-0.05846669524908066,,,
29,74394,-0.04344049096107483,,,
29,74399,-0.03398948907852173,,,
29,74404,-0.05018533766269684,,,
29,74409,-0.03996119648218155,,,
29,74414,-0.03836837410926819,,,
29,74419,-0.033882226794958115,,,
29,74424,-0.0445268452167511,,,
29,74429,-0.05694092810153961,,,
29,74434,-0.013077045790851116,,,
29,74439,-0.021429039537906647,,,
29,74444,-0.02882350981235504,,,
29,74449,-0.040069859474897385,,,
29,74454,-0.042725976556539536,,,
29,74459,-0.04230101406574249,,,
29,74464,-0.040649764239788055,,,
29,74469,-0.012798523530364037,,,
29,74474,-0.04319019615650177,,,
29,74479,-0.04169348627328873,,,
29,74484,-0.025182267650961876,,,
29,74489,-0.028585942462086678,,,
29,74494,-0.05108265578746796,,,
29,74499,-0.03003065288066864,,,
29,74504,-0.03649018332362175,,,
29,74509,-0.041275765746831894,,,
29,74514,-0.026459885761141777,,,
29,74519,-0.0412597730755806,,,
29,74524,-0.03728397935628891,,,
29,74529,-0.04648042470216751,,,
29,74534,-0.04740920290350914,,,
29,74539,-0.016245996579527855,,,
29,74544,-0.03942689299583435,,,
29,74549,-0.05095266178250313,,,
29,74554,-0.05224085971713066,,,
29,74559,-0.037486836314201355,,,
29,74564,-0.01967526786029339,,,
29,74569,-0.02534712851047516,,,
29,74574,-0.04443613067269325,,,
29,74579,-0.04688113182783127,,,
29,74584,-0.034996990114450455,,,
29,74589,-0.03754696995019913,,,
29,74594,-0.0466727688908577,,,
29,74599,-0.0069472044706344604,,,
29,74604,-0.03744339942932129,,,
29,74609,-0.038471899926662445,,,
29,74614,-0.025320909917354584,,,
29,74619,-0.04729876667261124,,,
29,74624,-0.048519402742385864,,,
29,74629,-0.01905249059200287,,,
29,74634,-0.04557119682431221,,,
29,74639,-0.0416480153799057,,,
29,74644,-0.03693518042564392,,,
29,74649,-0.03192491829395294,,,
29,74654,-0.04439213126897812,,,
29,74659,-0.053841620683670044,,,
29,74664,-0.05329342931509018,,,
29,74669,-0.03693743050098419,,,
29,74674,-0.03493713587522507,,,
29,74679,-0.023117000237107277,,,
29,74684,-0.056182730942964554,,,
29,74689,-0.04702693596482277,,,
29,74694,-0.03303991258144379,,,
29,74699,-0.03460240736603737,,,
29,74704,-0.04905538633465767,,,
29,74709,-0.04889988899230957,,,
29,74714,-0.03481009975075722,,,
29,74719,-0.041233256459236145,,,
29,74724,-0.04260175675153732,,,
29,74729,-0.04978937283158302,,,
29,74734,-0.06125694885849953,,,
29,74739,-0.03231678903102875,,,
29,74744,-0.02756727673113346,,,
29,74749,-0.03427501022815704,,,
29,74754,-0.016804704442620277,,,
29,74759,-0.03323068469762802,,,
29,74764,-0.021570168435573578,,,
29,74769,-0.04018779098987579,,,
29,74774,-0.0542818084359169,,,
29,74779,-0.02863597683608532,,,
29,74784,-0.03843365237116814,,,
29,74789,-0.054268933832645416,,,
29,74794,-0.04769422486424446,,,
29,74799,-0.029808979481458664,,,
29,74804,-0.04649336636066437,,,
29,74809,-0.0434098057448864,,,
29,74814,-0.024342628195881844,,,
29,74819,-0.03148472309112549,,,
29,74824,-0.048411305993795395,,,
29,74829,-0.04216376692056656,,,
29,74834,-0.038259584456682205,,,
29,74839,-0.037701983004808426,,,
29,74844,-0.028760917484760284,,,
29,74849,-0.04602466896176338,,,
29,74854,-0.042582105845212936,,,
29,74859,-0.052897848188877106,,,
29,74864,-0.04037610441446304,,,
29,74869,-0.045968540012836456,,,
29,74874,-0.03179381042718887,,,
29,74879,-0.03380073979496956,,,
29,74884,-0.022921137511730194,,,
29,74889,-0.02473444864153862,,,
29,74894,-0.026192378252744675,,,
29,74899,-0.04744719713926315,,,
29,74904,-0.03524061664938927,,,
29,74909,-0.049292486160993576,,,
29,74914,-0.04785521328449249,,,
29,74919,-0.041522782295942307,,,
29,74924,-0.033233392983675,,,
29,74929,-0.04385828599333763,,,
29,74934,-0.049358583986759186,,,
29,74939,-0.05004125460982323,,,
29,74944,-0.03455371409654617,,,
29,74949,-0.03354912996292114,,,
29,74954,-0.0391857735812664,,,
29,74959,-0.04157203435897827,,,
29,74964,-0.04142256826162338,,,
29,74969,-0.020621083676815033,,,
29,74974,-0.03950370103120804,,,
29,74979,-0.03551485016942024,,,
29,74984,-0.011017885990440845,,,
29,74989,-0.04559151455760002,,,
29,74994,-0.03202442452311516,,,
29,74999,-0.039632756263017654,,,
29,74999,,-0.02861061692237854,0.29739999771118164,0.5939697027206421
